kepid,koi_count,fits_product_count,fits_bytes,fits_set_sha256,raw_purged,raw_retention_reason,processing_rebuild_verified_at_run,constructed_qc_fail,constructed_qc_pass,hard_preprocessing_failure,invalid_source_product,no_archive_product,other_technical_failure,retrieval_failure
757450,1,17,7439040,8dbb8d0d0c18a13d9509df62e675ed072275bc31e31e6283ecf2a1f46a6a9df2,True,,True,0,1,0,0,0,0,0
892772,1,14,6312960,3495c92f817e4f1231a5edff0df8d5f24c8ce6f8d9fab37ec3acfba4c9b42c28,True,,False,0,1,0,0,0,0,0
1025986,1,17,7439040,e570a0c297b226cda5016ab8d29b6a97216d13c9059e67d69897a62c6fc03931,True,,False,0,1,0,0,0,0,0
1026032,1,17,7439040,0489f620c6a8e6ca68c1308656a1c22d9d025f1c8c032141f38dd4c165333c95,True,,False,0,1,0,0,0,0,0
1026957,1,17,7439040,4a471d305bfa08ca4c04bc8b043592c7e3f68be788e505d0e0d76f5160f9b6c7,True,,False,0,1,0,0,0,0,0
1161345,1,17,7439040,39fdeefeb628bdc2732800f1bdf498b364835ee9538fcb4661ea5f1fbefac26d,True,,False,0,1,0,0,0,0,0
1293031,1,17,7439040,e394b51368bd65014722de4692a0e5c996200a46b35b2d609837011dc26a0fdc,True,,False,1,0,0,0,0,0,0
1293046,1,17,7439040,a373fa5b852d7306a6257aa5740d67c47fdc39fa8f88c23a43ecd2751139d5c5,True,,False,0,1,0,0,0,0,0
1432214,1,16,7246080,22c44a93a62063456ba6f4453bc452ed63108eb90116a04d8b5fc85e0df20eb9,True,,False,0,1,0,0,0,0,0
1432789,1,17,7439040,59e2d6e8b22766917ca3d88c4284324a9f2d6c24bdc4f0617bec34ccaa9ad67f,True,,False,0,1,0,0,0,0,0
1433962,1,17,7439040,73b195cf21aabc547a6cb730532fdb8147ff540e2d9a5e777595f825acfe3c99,True,,True,0,1,0,0,0,0,0
1433980,1,8,3551040,d51d2d2360e0f6239a20f566d3e8342fe697437984236f08f4765a0d92a1ad87,True,,False,0,1,0,0,0,0,0
1434395,1,6,2589120,13f4810ba6afebe0a1737d83ef5d7068190f28d361452fc099ba578bfe5202cc,True,,False,1,0,0,0,0,0,0
1571511,1,17,7439040,49de828fb9aed4735cb93988ca160257e636c84f16d583c997e0ae628edfb8c0,True,,False,0,1,0,0,0,0,0
1572948,1,2,1013760,adaef9168c106ff974a3191c4268f0ba116b51a50264ce2fc89235bc2382e1fd,True,,False,1,0,0,0,0,0,0
1575690,1,14,6312960,1c196c02502ea0b631589777c14a776d5b4dfbaf2a2de2f2b1da63a08337e1c1,True,,False,0,1,0,0,0,0,0
1717722,1,16,7246080,c5d3701237bd76d658750f2244a139c16e40ce61fdd75c9fda21dc2a2d578710,True,,False,0,1,0,0,0,0,0
1718189,3,17,7439040,c6b51112fbdeebe250d3ee0a9d90ced5631314ad96371d3d1b7f3df778df4b63,True,,False,0,3,0,0,0,0,0
1718958,1,17,7439040,71c7d59d423c7e8f37cb842d207fde8dc1472cec3ecd4759f595eb4f48f01928,True,,False,0,1,0,0,0,0,0
1722276,1,17,7439040,5eea16407d785dc8c455bbb17d8c3405018d24dfd1b87ed8ceec3d40007373b7,True,,False,0,1,0,0,0,0,0
1724513,1,17,7439040,d09d232448ee59a0afe658003fb1eef42034ab6ee1bdb87aa17712ff6d35a171,True,,True,0,1,0,0,0,0,0
1724719,1,17,7439040,0c1d70c75ba002ae238ce1b306b5a68094f485a5008b6ebe57552002626c129c,True,,False,0,1,0,0,0,0,0
1725016,1,14,6312960,d16649a5dc61e7207936b55aa07580e6fbc3bee01749410e50ae1b703fa6c7eb,True,,False,0,1,0,0,0,0,0
1725193,1,8,3876480,b8ad9f806e8496b9650859f502c58b7bf52bcbd26701b9908fbdf209c0deecad,True,,False,0,1,0,0,0,0,0
1849702,1,17,7439040,dafa8e4c95b6a46b452b0797c4e84bb5a13cc8980ce9cbb4969a5710797f4616,True,,False,0,1,0,0,0,0,0
1865042,1,17,7439040,5cd139c5adf15f07449c9289009cd96d93bdf34730b6433df327ba0ae6935760,True,,False,0,1,0,0,0,0,0
1868404,1,17,7439040,5b0dcd8b06ee9fa616e308c6a45802a7d742302e127958a377e2f5dfe2080ebf,True,,False,0,1,0,0,0,0,0
1870398,1,17,7439040,d8d948414aa39d738d8b698b6b4e54bb4f71f562f99725aac823e8be04fb0bdf,True,,False,0,1,0,0,0,0,0
1871056,2,17,7439040,9c1501fbc242ed7b19824542e918a5d4f921b06dddf2feaa538f4195cc7aba7c,True,,False,0,2,0,0,0,0,0
1872821,1,17,7439040,25991991a4ebb546b2992949ed1fd03f2b8127c9834b6f41c606406c0137c8f8,True,,False,0,1,0,0,0,0,0
1873513,1,4,1650240,92a193f0158e043af7498e9662f406a5d8cad5d2f56ff4317aa622890dd31f60,True,,True,1,0,0,0,0,0,0
1995519,1,17,7439040,649b1d84db4fb23afdb0725910d674d35371337b7c515396478a600db5072336,True,,False,0,1,0,0,0,0,0
1995712,1,17,7439040,ae206c152e8c7b8e25263f5cc81621fdba2a2ff680101ce9f942085bd3805f08,True,,False,0,1,0,0,0,0,0
1995732,1,16,7246080,86b839d6f5c5692b41ad6bb0200376835cf20465b41f25e8ed120d006705780e,True,,False,0,1,0,0,0,0,0
1996180,1,17,7439040,d80fe9c8aca004afd12be9a6a0c2bfc3ece78b7241186cbd3f42a18644c2fc4b,True,,False,0,1,0,0,0,0,0
1996679,1,17,7439040,ab2e48cf21ef396f9417cf95d58f8bef44bc0bd10d0bca31416f657257646a80,True,,False,0,1,0,0,0,0,0
2010152,1,17,7439040,f7c908c9253dd5e444abdae00b74ff4a37e47276aca428fd8a46bf907ad35058,True,,False,0,1,0,0,0,0,0
2010191,1,17,7439040,3aa225c1c33a8bea1d788d200b96821a4305903b2f16e107104400869567855a,True,,False,0,1,0,0,0,0,0
2010607,1,17,7439040,e1e769f6c5c51d082ba6a75ef89b21afead3ec490b600dfd7c3ea0ab10190eb8,True,,False,0,1,0,0,0,0,0
2012722,1,17,7439040,1813eeaeeb3ff8fa2588d082df852e0c27d248d432a12ad34d14ce9c6756d546,True,,False,0,1,0,0,0,0,0
2013883,1,17,7439040,749204c6dc6ad631472f1cdae07bf44c9c8d148a7409f7794005c3e72deb3c34,True,,True,0,1,0,0,0,0,0
2014991,1,17,7439040,2065d6ad6ff979bdb64086d0e76f71bbba30783b8dcd70090e33e488d6bc4146,True,,False,0,1,0,0,0,0,0
2019076,1,15,6776640,e8d865cf9ef0a654f0b2205c16d0b628d8ca2b5faede7fcd19c420a1c9690e15,True,,False,0,1,0,0,0,0,0
2019477,1,17,7439040,7b0bd0e5de8af6717ef0fe886b3e502fded73c247c9a6699ebfa61081169e98c,True,,False,0,1,0,0,0,0,0
2021440,1,17,7439040,2b3d9923939b3847ed3d2f45383609fe2c470cb28d083ff0e431143a4a249f1c,True,,False,0,1,0,0,0,0,0
2140389,1,14,6312960,1812e22ee679b34139def3a183ffd31e5a93b996eed229b67f575410647032bf,True,,False,0,1,0,0,0,0,0
2141783,1,17,7439040,3e47592a957e439397a0140ff757b42c8b2e36becbbea695572919e466f2ad86,True,,False,0,1,0,0,0,0,0
2142522,1,17,7439040,8d61c67e9db43859d7e625e3c0362df366dcf77e4609e27fc10c51de126b0e5e,True,,False,0,1,0,0,0,0,0
2161536,1,17,7439040,91700c1161ef68ad7d49a67e4f933e6c88e37814229e6a82421121df5cb9ed8a,True,,False,0,1,0,0,0,0,0
2161623,1,2,1013760,51c7d225d512b7a48da1a7911280027339d204ffb182296a5daf79029a519bd5,True,,False,1,0,0,0,0,0,0
2162994,1,17,7439040,344f6c68f8c77125fa4ab569c533ad8c56ce23f1fda1dd9ea6bfee607ad3b112,True,,True,0,1,0,0,0,0,0
2164169,1,17,7439040,424b8a54c74a6a69c7bbbb55a693ceea7f3a22c347fa075549e14f2e13461253,True,,False,0,1,0,0,0,0,0
2165002,2,17,7439040,590c6ffaa675767678673db3c10a760eca78caa15f34325c6682a8947ab719e8,True,,False,0,2,0,0,0,0,0
2165352,1,17,7439040,0d6bf717b9a1b03f1d60da563e1095a135b808179a272642b4fa2dab09e4ad53,True,,False,0,1,0,0,0,0,0
2166200,1,8,3551040,f7eed5cd12bbb2d4c3186691f73056c259c60831652a9e68fdb1356e44d228d6,True,,False,0,1,0,0,0,0,0
2166206,1,17,7439040,0e87cd2a8aba3a4e19ca1da113af874d6fe9fa9fb901eaa2147645f768f0a471,True,,False,0,1,0,0,0,0,0
2167444,1,6,2836800,2c0d379e5820351affdd32500e7dcf137eb76a610dc6f77cd0bab8584d9d45d2,True,,False,1,0,0,0,0,0,0
2167890,1,4,1710720,8e0964f64c02c784794986f2d4e60fc7119df7753bb7af8afeac03ab370951d7,True,,False,1,0,0,0,0,0,0
2302548,2,17,7439040,886f35c2571a0c7d19d8346cb269fccbab5049458833a76cd97eac3b913bf6b9,True,,False,0,2,0,0,0,0,0
2302758,1,17,7439040,dab03a34b8975f728aef59e4d56915ef3b8a05e886fc242d06f61828f00fb56b,True,,False,0,1,0,0,0,0,0
2304320,1,17,7439040,24e09bad8f78b595ffffe648805f239fb4edc975a8ed9a8e6442c51ca28ccca2,True,,True,0,1,0,0,0,0,0
2305255,1,17,7439040,abf3acf4822cd8f2de890db6fc6b5947dff01729b9415ede3dd5744701b1d86a,True,,False,0,1,0,0,0,0,0
2305372,1,17,7439040,8e46239788e97d7c9c01d6dcb53cf565717a88da00cc2af47d18b889a6854d5e,True,,False,0,1,0,0,0,0,0
2305543,1,8,3876480,325c8ffcb6e6b8a8ab251dee574a683261dff169dab3fdf25d1ad9a1bc8be02e,True,,False,0,1,0,0,0,0,0
2306740,1,17,7439040,8559efbdef32e51e398d65f6eb55f576f863bec8bd7bcb7507fd18767d269067,True,,False,0,1,0,0,0,0,0
2307206,1,16,7246080,2eaea7a44452541dfc270fe809c7642ccdc7c606edb29d2e9701a37c28d340f8,True,,False,0,1,0,0,0,0,0
2307415,2,17,7439040,59f0c17addfb7286925f35cb74b93631ab351461ebce1585b1555bcdb47bc706,True,,False,0,2,0,0,0,0,0
2308411,1,17,7439040,59a373b156da04cc63b7b2451bd3f566d3e5e3cbb5020aba069b4bc47bb4acf6,True,,False,0,1,0,0,0,0,0
2308957,1,17,7439040,1142ccb118679db9048918f1a4b68b889684239358c57398759d3c81742d7702,True,,False,0,1,0,0,0,0,0
2309585,1,14,6312960,1ea428352f4122b336e2753b84f1db53c179ef118f87a0e0f21cd838c31f5f48,True,,False,0,1,0,0,0,0,0
2309587,1,17,7439040,f9d9ec2dc92167f1ea90643a57b159604f1a027afc2ff5bdbad5ba6473546837,True,,True,0,1,0,0,0,0,0
2309719,1,17,7439040,5279cd164bbfbdcd73c1d5cea020f97046315c8a2bda7131926bd8d446e42742,True,,False,0,1,0,0,0,0,0
2309910,1,14,6312960,224c0f3c2c36f31a431bea1ded8e297a59a5325c28132d14ad1d519c96d6004d,True,,False,1,0,0,0,0,0,0
2436378,1,10,4357440,592a6f641c00c5455782d8fa74a799129c9cb61413ccce4e1bc745e713dd8985,True,,False,0,1,0,0,0,0,0
2437060,1,6,2761920,2d28324b66266e07f27545bb135c058100ef5ad1148a6b5e138a7a3763cc07b6,True,,False,1,0,0,0,0,0,0
2437112,2,17,7439040,c25d804cb8ead1e496f998f641c1d642a0e086ee4e51846fc04dc10d0ddf3793,True,,False,0,2,0,0,0,0,0
2437149,1,6,2741760,c416cd0bd7e2af762fedb9a8367fca9498500bcd8bcdbdcb6139c3cba975577d,True,,False,1,0,0,0,0,0,0
2437209,1,15,6497280,6367134fb6fe63fd032293a2b1567f4c3c436879153f0fadb0262bc0dd8cc7d2,True,,False,0,1,0,0,0,0,0
2437452,1,17,7439040,c676cca6547cf0dfadaa1a38d5b51ff63428b0a8743cb1b21592ea12d16605cb,True,,False,0,1,0,0,0,0,0
2437488,1,17,7439040,bf112bdc0841f043b5c5e4992f245f04f56ba36545c88abc50319c1df5b9f4f8,True,,False,0,1,0,0,0,0,0
2437505,1,10,4357440,3f59792bb7483f4b1086510f16ae26c8ab982915e197f9b704f4cfb08ab5b7d6,True,,True,0,1,0,0,0,0,0
2437783,1,4,1800000,0ca828b37bbf961ba109cf9823b4ee5a17fedaccb4d3b5765d852dd1236d5a18,True,,False,1,0,0,0,0,0,0
2437804,1,17,7439040,3687104de4445fd6ad2fcf844ee642f05093dea2be3fe8cee243777b6bd15f0d,True,,False,0,1,0,0,0,0,0
2437897,1,17,7439040,f93369720a82e9ef1b1b2ff7388ed8f585c03f54937a5b00c0074a77482b528a,True,,False,0,1,0,0,0,0,0
2438061,1,12,5351040,7567b11441350068a5d89b3679865b663c725d95d8642f2aed4d4dc9213324b1,True,,False,0,1,0,0,0,0,0
2438062,1,4,1650240,b4cd58c3fa660abbc90f090c67290c44d32848b38ac05fd95081ba3549b93bce,True,,False,1,0,0,0,0,0,0
2438070,1,17,7439040,851922380555a0ffe7371b88b82c54cf10089c5a25cd35b51106af7e80616591,True,,False,0,1,0,0,0,0,0
2438264,2,17,7439040,eed9624c5664956bdd5ff3db536f1c4ed2a74b5b2cb1c51672f8725ad516ef8d,True,,False,0,2,0,0,0,0,0
2438406,1,8,3551040,550cb84b5a9e033c4b3ceb7bc406d8b485407cbc94231043f4209d5738acda97,True,,False,0,1,0,0,0,0,0
2438490,1,4,1800000,d237bc618e22a41d3e834bc6cde024dd090bf931e54ae934400f4e81551639de,True,,False,1,0,0,0,0,0,0
2438502,1,16,7246080,f47ce8ebdddd922b9f47e63dda6fea784ef2a1b89ead487ef242c5fb39f8a561,True,,True,0,1,0,0,0,0,0
2438513,2,17,7439040,c45491ba10cac68088f7f5ac76ad71779196f8e12789f7d9b0519125193625f9,True,,False,0,2,0,0,0,0,0
2438517,1,14,6312960,a2df98412da5a14bd4266729732117d2d9a7df6c8006515e97a08ca8c2e94743,True,,False,0,1,0,0,0,0,0
2439243,1,14,6312960,33c38c8a33c1a3e231f2b6ad1f365256c87341fa919e70743c094213c83493a2,True,,False,0,1,0,0,0,0,0
2440757,1,9,3781440,f95e808954be565c6b30500439ca1f6d8a672104d893f358f44c49a03e48472f,True,,False,0,1,0,0,0,0,0
2441151,1,17,7439040,0bc571777e63680b4c8abe76b03c6da35da1af66ac7bb107d125cf9babb5bc16,True,,False,0,1,0,0,0,0,0
2441161,1,8,3551040,14b7ea88e2691f7b5f94d1f30fcf6d5206c067b027e7398343ac99f8384afdab,True,,False,0,1,0,0,0,0,0
2441495,1,17,7439040,e145067bc3c6b8ef865b87bbed4272b3e9bc08e609efea7bc7306d909893244e,True,,False,0,1,0,0,0,0,0
2441728,1,17,7439040,4dcd693b317dfdd50c4da658c8e215d6ab704d79da54c979a76f53f7b0f9ad26,True,,False,0,1,0,0,0,0,0
2442084,1,17,7439040,579e3fb1bbf0127f24dda11fdac15490bb81817a20326dd21d782128a57e1cf4,True,,False,0,1,0,0,0,0,0
2442359,1,17,7439040,78c9f80a77063919dee1181b1f246607527de7a35584953d27e347720d54d6eb,True,,True,0,1,0,0,0,0,0
2442448,1,17,7439040,9eba0e58cdabb0475c9a0f1e8a365c550ccadfd370b6c2f678713b070a289030,True,,False,0,1,0,0,0,0,0
2444412,1,17,7439040,cce8f45e11c91652d426dd3f5e83f0170e85faa2f1ee0b2dfd9405b1a2e94ad0,True,,False,0,1,0,0,0,0,0
2445129,1,17,7439040,d508d578c66581d7a42c44d23e4ac3381646111ed6e729dee41a7b288d7ed330,True,,False,0,1,0,0,0,0,0
2445134,1,17,7439040,e0c167499158b1cb83c64b1343c4d6002df55ab25a8dbadd2280ca1b7e3f3ef1,True,,False,0,1,0,0,0,0,0
2445154,1,17,7439040,ad991d25da7716d1749d95b1f39aa3cbc07744464918ff4c6e78c159a16e90a7,True,,False,0,1,0,0,0,0,0
2445975,1,17,7439040,36e221469dad18e28c35c7126a6c0c778d2b9327ba37833883d5a10065a35df6,True,,False,0,1,0,0,0,0,0
2446113,1,17,7439040,8c97b241f775eb7d4113729f660d9e00a1547debe56253bb31d460b71b7e2dd6,True,,False,0,1,0,0,0,0,0
2446134,1,17,7439040,13233f0bbb3f2079bf0e5a01744f3ac88088d6c32826ff1afedf6da1530505bb,True,,False,0,1,0,0,0,0,0
2446623,1,16,7246080,3ce22038d7d1f4ecb1e2f6740f15189e6458ad1890fccd7f75b69b16cfd517d9,True,,False,0,1,0,0,0,0,0
2449053,1,17,7439040,746d9965acafdb79a61814a9419d07c2fb0baa8de3119517f703f6eaedd9ded4,True,,True,0,1,0,0,0,0,0
2449074,1,17,7439040,0d83e47285529fc1a13db2f93a66569c8a94c383d9f3929e7a30cc38b5b18163,True,,False,0,1,0,0,0,0,0
2449090,1,8,3551040,3fffbeb5676e466908cb1712418cbf2ff45d4783fdf77cccddbfc7436840a9d9,True,,False,0,1,0,0,0,0,0
2452440,1,8,3551040,9d8a886197bafb0c04fc4fd0eb8dd23ca0c8fd540e1ac30791dd6d4f00ea6872,True,,False,0,1,0,0,0,0,0
2452450,1,17,7439040,2bac0d4e1dcc03e1f3a8ef0dcdbb70f60919dfc9ffb4ff6bfb0ebb15fcf8de6b,True,,False,0,1,0,0,0,0,0
2556650,1,17,7439040,d119c83dcf1a3b02402704c0d87430f58182afcbcd5300e0368626feccb0043c,True,,False,0,1,0,0,0,0,0
2557430,1,17,7439040,352ac30fdebc479cd098e78f393cb187fb35ec89bfe85fd5ea87d655725fbbce,True,,False,0,1,0,0,0,0,0
2557816,1,17,7439040,3a6f82950fb4d48fba4564605dc85e01d1d2c294f0e843ee7797ea113c2775e7,True,,False,0,1,0,0,0,0,0
2558363,1,16,7246080,c894bfc2024357f7c4537a9810bb0d661d99df1b1f4129f2e83ae57780b2e2f2,True,,False,0,1,0,0,0,0,0
2558370,1,8,3551040,deabba88625daddf0e65cdf34c625e86653eca035e02b544a797f93a34512b8f,True,,False,0,1,0,0,0,0,0
2568971,1,17,7439040,515f201987a205c5be50fdc5806b9e36bcccc7f2ef369d9457b58f9e52e42c1c,True,,True,0,1,0,0,0,0,0
2569488,1,17,7439040,f4d0bcb2ce169df27d09d2efd75d81d40fe0d356154fc23978a9b3b3118911a1,True,,False,0,1,0,0,0,0,0
2569494,1,5,2286720,7ad1b8e9d5eb865c4e66b90cf97b81356d6fe7a04a19d8ab8273c20c41400bfb,True,,False,1,0,0,0,0,0,0
2569516,1,17,7439040,69c3f199b1574438e3b96f9e8a54af4e32b8ae5df877111037ad019f346461e3,True,,False,0,1,0,0,0,0,0
2569995,1,4,1650240,d2ff68b500ecb45eb2d1fcba5582d9a788e1f6b8fca0d49b551c9fbb3f86eb8b,True,,False,1,0,0,0,0,0,0
2570432,1,8,3551040,8823a3f3566c9cd04d8573613f4db8a0740240668012fad98667ee13b01ff41e,True,,False,0,1,0,0,0,0,0
2570505,1,17,7439040,70aae7c12d5531b3443c10f920b20137094ebecc7948d6cd02eaf2f90ea984ae,True,,False,0,1,0,0,0,0,0
2570767,1,17,7439040,6a1d42dac5d1443d969312257ac206dd14a14616f439a00a71ffc733557154cd,True,,False,0,1,0,0,0,0,0
2570773,1,8,3551040,12a4b0aa028f09adab26324cc678040f6b2675b8a1d180be4bc30daea97aa6a3,True,,False,0,1,0,0,0,0,0
2571238,1,17,7439040,fbd3b1938703f855902bdb84178ebf2c712284aabfa8726442871e023e46074b,True,,False,0,1,0,0,0,0,0
2573056,1,17,7439040,f57ecf9b4a2cf21b81fe60a70d275e125477ac02ed643d28b361c67fadc28e30,True,,True,0,1,0,0,0,0,0
2573108,1,17,7439040,d4aab8283d5d6a61c9cbb989e9a78df5a21a354d2a115fec2554c4fb67ce8667,True,,False,0,1,0,0,0,0,0
2574201,1,15,6612480,1e226a5d03f05260522371c79c767463b9cad69eb71e5cac1833bf71704d8ed1,True,,False,0,1,0,0,0,0,0
2574338,1,17,7439040,30c1a1eafc407d71a3ffd8d846414a9c473fbac42e409d6a149703b14c9d9678,True,,False,0,1,0,0,0,0,0
2574543,1,7,3096000,cb8cfedbeb0e954658a5d04695a237c734b71fce955f34a726ebc74d4722c969,True,,False,1,0,0,0,0,0,0
2576107,1,17,7439040,bf22e7cc215ef1e5fcaecf394a0a56c4fc02a03ac50924bd3ac914b5a1bd06c9,True,,False,0,1,0,0,0,0,0
2576197,1,17,7439040,2e7a50737ee6d74d180b0945edc7fa4101ddee2f2a76b72baa14199a82cee3a7,True,,False,0,1,0,0,0,0,0
2576692,1,17,7439040,97faa6b37de1fa314ca7ca64140d916832d665a0790fd51698b206ee9649b3d6,True,,False,0,1,0,0,0,0,0
2578017,1,14,6312960,eefd0d51e5038280416aadea2d31596c29e3f435094a39af4bfd7725599be71a,True,,False,0,1,0,0,0,0,0
2578811,1,17,7439040,218b5bd9e008b6afcb2a0f739bcf0c245be4ed767e96c159338fcc257ce0e59f,True,,False,0,1,0,0,0,0,0
2580872,1,17,7439040,c5816810433340287453a42579af36f5cbe87abe637f1daa916725481d9c7ec0,True,,True,0,1,0,0,0,0,0
2581191,1,17,7439040,ee1fe9777a5ea5bf6733066d21844db4b78ee4e5cfe93839a6a8bebacb230317,True,,False,0,1,0,0,0,0,0
2581316,2,17,7439040,4e573450fec2702926c944ea359eefd7244ac7b44b799251430c09d8fe9e7b65,True,,False,0,2,0,0,0,0,0
2581554,1,17,7439040,bf2291a2697362c34bd17d0608717535675bfa4c9c31a4964c7af09fe9591dbe,True,,False,0,1,0,0,0,0,0
2583777,1,17,7439040,76268e6ed317cb5e9c919b12bfd0503cccc755c49e4039d1c52a6499dc4f5d84,True,,False,0,1,0,0,0,0,0
2584163,1,17,7439040,083304fbdb15796d85afc919bcd4f795485f4a21155c7caa625da77215e39b84,True,,False,0,1,0,0,0,0,0
2692377,1,17,7439040,288f0365c5c117ad010659f3624b7650a58e1fc2dceceb1a74c869858c1d268b,True,,False,0,1,0,0,0,0,0
2693092,1,17,7439040,3b9c95b4d35c81865d728ff30575819b83af5ea77f5141848f0e87c289b89b9a,True,,False,0,1,0,0,0,0,0
2693736,1,17,7439040,be3aecb4c30712c3f332ff23f72d3963817d08204335159280e5fcf29979bed5,True,,False,0,1,0,0,0,0,0
2694632,1,17,7439040,27a2691a080ef9484442a485c64450de96f096363ef70202400d50033af6ef4a,True,,False,0,1,0,0,0,0,0
2695110,1,17,7439040,2d267a04861a53776affb1109e04668f4354375884ea6ee9b76fa1cd253d0058,True,,True,0,1,0,0,0,0,0
2696703,1,17,7439040,6b6eca725602216e35e22595760b1544b8854de5a8aceeff9b5569640d3daa98,True,,False,0,1,0,0,0,0,0
2697935,1,8,3657600,b0e65b216d2feed85248c64f5fb01f57fdc4f750d85793637a098c16def37eda,True,,False,0,1,0,0,0,0,0
2707097,1,2,907200,fe8baec9c16f839fde088d1846e47fab49c9da947ecc085c3f52ccad69787d48,True,,False,1,0,0,0,0,0,0
2707916,1,8,3551040,a7978deffbea9d45564f8e8302c26910762b9bb237ab03bfc240fed6b60afbf3,True,,False,0,1,0,0,0,0,0
2707985,1,17,7439040,da789585badbc34d5bdd7ea4041145b4e1bae8155eed7fccc21645fbe52e82a2,True,,False,0,1,0,0,0,0,0
2708156,1,17,7439040,a7bb29199f199ae4d9e241cbe37dd41a7ef6f8b8339fcbf432bf1444f1668f6e,True,,False,0,1,0,0,0,0,0
2708172,1,17,7439040,db8c1eb0796add7a24e6ff3a05f96e9878614831f4507ba70dffecdae4891527,True,,False,0,1,0,0,0,0,0
2708203,1,17,7439040,af7ee0cf2f9aff87321840d93e2559d42aee73d3cc07e13a223f4207cd1b494c,True,,False,0,1,0,0,0,0,0
2708221,1,8,3551040,5f533790d7cb53bd2c0367ba2ef664e253714f7c501b1c36564f93c181a06202,True,,False,0,1,0,0,0,0,0
2708270,1,16,7246080,24fdad8b816247539e2a00a0e629d87b8d1e79d248ae0df11422ba878bba919b,True,,True,0,1,0,0,0,0,0
2708278,1,17,7439040,d15e913c03c3ef4cb8cf21b3ae7f4a0b1de7c0085caafa30d04ab34d1fcc8db9,True,,False,0,1,0,0,0,0,0
2708286,1,17,7439040,eacf37097e219590aeccedc707e0ffd2b638979212507da3e368f785de294bb3,True,,False,0,1,0,0,0,0,0
2708343,1,17,7439040,8c36599f3fca2ee6a9f2f1b9d3c393512c78025624afb243271ccddf0d4fa648,True,,False,0,1,0,0,0,0,0
2708420,1,17,7439040,b6bd182d5011db5c6b76ea7559c99e13e57d6f35bb369a822cc2b3f5e8aea5a7,True,,False,0,1,0,0,0,0,0
2708445,1,17,7439040,a2431ba11f04c2b92fe7ba8c055304782c805dc809e8add7d2fe6e0239ac185e,True,,False,0,1,0,0,0,0,0
2708614,1,2,933120,523dc3ce40cfe1bc6ac1f79758bd736a157ca19bbb482beb959f2a035136d94a,True,,False,1,0,0,0,0,0,0
2708885,1,16,7246080,ef68ed35d3d98d2187597cb29338cc21c3106a9ed7261282ea12980709a7ba7a,True,,False,0,1,0,0,0,0,0
2710623,1,17,7439040,269a447d130df594b1d5f250a56e37deda08822a35d961c04065e6a927c3f122,True,,False,0,1,0,0,0,0,0
2711114,1,17,7439040,f7cb12a42cfedf312874ed1eae16fbea86b62128adb618b4b2ea48b9453d9930,True,,False,0,1,0,0,0,0,0
2711123,1,17,7439040,676d8f51e8da269bb93c45e6339c015f8f069fd2512771a1106efef3d3e83674,True,,True,0,1,0,0,0,0,0
2711131,1,17,7439040,814d9a8ef0d67b768beb3aadcc05a743b5256a00f56fa11c7ae5326efc55176b,True,,False,0,1,0,0,0,0,0
2711597,1,17,7439040,48cefe3a492f16a5cea0dbb2275a3093c23f4cc1ff4b2817e690bf6c8dcce6db,True,,False,0,1,0,0,0,0,0
2712825,1,17,7439040,b61c4f18e971f145038e7b612518730573a3be477bffc4582272816b2c14e722,True,,False,0,1,0,0,0,0,0
2713049,1,17,7439040,2099b6e1257494beed6a2ccf440d8b940e058199d02a5e5b76cd6d03ae039475,True,,False,0,1,0,0,0,0,0
2715135,1,17,7439040,187fdb477a6cfbb6cfccf6c20a97f569ed8e9af3a755d1ad8dfc245ee879b529,True,,False,0,1,0,0,0,0,0
2715695,1,15,6779520,7e5b3321902381c18232a553314139dce9698c4a3ac7647e988917dca7b38454,True,,False,0,1,0,0,0,0,0
2716801,1,16,7246080,2ae4db7d43f63dbcd785dcc1502e310c46abb8aedff9099f572bb5a75d22ebb0,True,,False,0,1,0,0,0,0,0
2716853,2,16,7246080,e58760474329b22e8dcb64218f58c3e4a73bc8b3fa82f907a61e4aa9855cb6c2,True,,False,0,2,0,0,0,0,0
2717158,1,17,7439040,2019f96be76c9f50b3e178b7f3fd2ac182a933496f27b4c5ad3362ade1332d6e,True,,False,0,1,0,0,0,0,0
2718778,1,14,6312960,d117b17a4ba4f006a533fde0465bf42e2c9cc0d47e8ac2ac39d821a87c42511c,True,,True,0,1,0,0,0,0,0
2719873,1,17,7439040,ae84cb0b2e37450ce25cc2416f72cf4b270bb0b660620a1427157057c32e8f2b,True,,False,0,1,0,0,0,0,0
2720354,1,17,7439040,8e3d94eb67e5771ca1b7876a1ca4eb922b8a562c99ce8dbf4f636352ce382868,True,,False,0,1,0,0,0,0,0
2720514,1,17,7439040,c219bf6989f479f5a35c8b5fae0ad2390951f6e327d7625aeaad907298a23f80,True,,False,0,1,0,0,0,0,0
2721030,1,17,7439040,2e09dd6455768486e965a4e1ea7be4b3f2389c015c073714c45f037c9412c7f3,True,,False,0,1,0,0,0,0,0
2830919,1,17,7439040,dedb66b114f168678ed7af66136299f2f0dc936929f40536d1396753fbf23d88,True,,False,0,1,0,0,0,0,0
2831055,1,17,7439040,64fe97feec423ecb840ea49c461993bc6bbcb0aa50c1ed61200468d33e46e35f,True,,False,0,1,0,0,0,0,0
2831251,1,17,7439040,171b615205d63ac8e5f8a98d97784c1b6e9572557ecc499263d130134947835b,True,,False,0,1,0,0,0,0,0
2832589,1,17,7439040,1a03cbbf931dfffeb2414f3e139d92970caf33684dca00026ccc7058b08236c4,True,,False,0,1,0,0,0,0,0
2837111,2,17,7439040,f4453fe09fe140b9c0d2a693261354bfa1c7fff578cd2d6d3a0daecb1f9c44c8,True,,False,0,2,0,0,0,0,0
2849805,1,17,7439040,4f292d5e1d91bb87db2149ee9543ef5b813399f774a0cca37bca3cd059136af9,True,,True,0,1,0,0,0,0,0
2850321,1,17,7439040,a1fede8a0f6bdb436f2bfe02962f549ce5d7780e60b5c41ceb0f8213a5120ef8,True,,False,0,1,0,0,0,0,0
2851100,1,17,7439040,33f8954cf5daa4e6fdcb59b912a41395a85dc3e17ed629833654d75578b0e1f9,True,,False,0,1,0,0,0,0,0
2852528,1,14,6312960,56dcb34698b1b644560e2249d32c5af79042577f63e1104cb83d64f2beaf06c7,True,,False,0,1,0,0,0,0,0
2852560,1,17,7439040,d605b5b5a71a2c2a8f6fa4b3162a3e9e4ce40cac177d0a531cd230ae8115180d,True,,False,0,1,0,0,0,0,0
2853093,1,17,7439040,70c40013d53bc6c8ce32964f09151e0ae16f2c2b05be220ce84935157d92c205,True,,False,0,1,0,0,0,0,0
2853828,1,17,7439040,395974f9c30ba6aa9e507469c981b7dd5ddab1286790139d8605ca152df84a51,True,,False,0,1,0,0,0,0,0
2854181,1,17,7439040,3953b6fdea2d01b6984e370991476ff9c52c350ee0134e6623248fbc440eea88,True,,False,0,1,0,0,0,0,0
2854698,2,17,7439040,c725ee168c3ac00075dbd3f887ccb1f9065b0055280b933b559d3cb195cf3987,True,,False,0,2,0,0,0,0,0
2854839,1,17,7439040,dca522aeeb0f480525eef655d88c1f15d653fadc33de42a12b2b6409eeae7ea6,True,,False,0,1,0,0,0,0,0
2854914,2,17,7439040,4b27d237201f63ca6b55bb5545f3fe057db3226188dee810cfbd98002bea14e7,True,,True,0,2,0,0,0,0,0
2854948,1,14,6312960,c1a2b3e623fbe53f944de6fb0038d5513ecc4f0f264403887b92f168b1251b5b,True,,False,0,1,0,0,0,0,0
2856960,1,17,7439040,1c85f158abce4e419e48d39c2a0e9bde5cd8601200f277ac2b19f4d9a9bb8690,True,,False,0,1,0,0,0,0,0
2857607,1,17,7439040,720dbfcdb074514bf922671b8b121012d112af1e431ca7f9f8a2327cf90897da,True,,False,0,1,0,0,0,0,0
2859299,1,17,7439040,731ee4ad85baa32e45a38633506645edb04ac5f846ec3d916cb5098cbf81862a,True,,False,0,1,0,0,0,0,0
2860114,1,17,7439040,f8e6ce24b90c0ecb9833821cfe99af15b237c388ea7cf3187d820645f96399b1,True,,False,0,1,0,0,0,0,0
2860594,1,17,7439040,76a744b02db3258e3464b8e4ec509ab040ff0f59336988d7ed3376df7bfbddf7,True,,False,0,1,0,0,0,0,0
2860788,1,17,7439040,6b2a4686f94d345835dba4c80e1ddf4c6133e54fddd7fc781eefc85421a0aaf4,True,,False,0,1,0,0,0,0,0
2860793,1,17,7439040,442608ce7399ac09d1f8948e3c8b8ac178ffafd5b3cafbeb4db7f654624c89f3,True,,False,0,1,0,0,0,0,0
2969638,1,17,7439040,e163c4f9a8ef56639d8b6b6d9bb4b250e06d7df92daf0aab9a4a348f7b5a60ee,True,,False,0,1,0,0,0,0,0
2970804,1,17,7439040,44d7a4d8ca97badff37f74a56204e6d79a2a2876e19a3d9ae268a7e2eb037720,True,,True,0,1,0,0,0,0,0
2973509,1,17,7439040,84517c321a11aaf5606078758bd40a608c7edebc4f289e53645f2c1f53b89709,True,,False,0,1,0,0,0,0,0
2975770,2,8,3657600,6e3740308512e9bd4ed250dd32318cfdf2d280daa50ae2f039d6f7e3c664adb8,True,,False,1,1,0,0,0,0,0
2985767,1,17,7439040,2fb371fa6ef1b1d808bf0198fc5826439127c71e52077f0fe40f6202f3d2f568,True,,False,0,1,0,0,0,0,0
2987027,1,17,7439040,a7b192072c025edf2f1487b1ff07c80ba78cf8a5d347a264c3c58471f12718d2,True,,False,0,1,0,0,0,0,0
2987433,1,17,7439040,0804c5f94e54009024359ace2157624f9f9dcb416867e5a7c7ab839bf4fd0279,True,,False,0,1,0,0,0,0,0
2989404,2,17,7439040,d668ded01f70a60f6b4fd12857fbf713aeff211d1758063c2d447291ffa984e6,True,,False,0,2,0,0,0,0,0
2989706,1,17,7439040,a437f7db3cbbb9d6d747e95f1e301798adcfb750bfc5d61016f0aff765b02145,True,,False,0,1,0,0,0,0,0
2990873,1,17,7439040,6a5be6ae90dc58f53e7663124e64d8e5662b2eb62a9d3bf8c027457435a277fc,True,,False,0,1,0,0,0,0,0
2995392,1,17,7439040,36ce2f92253209d5ed64d8e2841cb552a1e8a20b63d5cbc58400b932e45015b9,True,,False,0,1,0,0,0,0,0
2997178,1,17,7439040,3138d7141953bb8b0fadde1c5a4f0c698a94e22e2b741a383252b68bb1f70f8b,True,,True,0,1,0,0,0,0,0
2997455,1,17,7439040,550fd67a843a5f98aa8540fb750e1c80c8eab8eb3a31a24e72941aa68220eb1a,True,,False,0,1,0,0,0,0,0
2998124,1,17,7439040,c4f1162a6c94702f331ea20e890f2020f4772b3d23c84e634ae8aa2c56c18c6e,True,,False,0,1,0,0,0,0,0
3001885,1,11,4849920,44b0447d45e5d25bbfcd7a71a99852fb470d8a93ff902e0f7b56a07b1afef34d,True,,False,0,1,0,0,0,0,0
3003019,1,14,5976000,53c288b28b4b9e2dda65c00151e414630673fa39270e2043a2a89bcab413fd9a,True,,False,0,1,0,0,0,0,0
3003991,1,14,5976000,bfd10bd9d9a2d6318cf53031037a1c2cbc5f5ff0516c9c439fc8a56e2b39c15c,True,,False,0,1,0,0,0,0,0
3003992,2,14,5976000,9fde542928d35bb7b4743206ec58119f3f36a779407f9a17f67041aed3909776,True,,False,0,2,0,0,0,0,0
3097346,1,17,7439040,935dbe6354c4cfc172dff0791509bf1407f77ace1836051b54851bb93a0d1fdc,True,,False,0,1,0,0,0,0,0
3097352,1,8,3551040,1b397652efcc031d15f222121802be47faa2cd38cb1cd729893da62f5b3f89e2,True,,False,0,1,0,0,0,0,0
3098184,1,14,6312960,902bc23ebd13ecbb8b066295f749f2d3c640368939c17b72a24c48029af6ae07,True,,False,0,1,0,0,0,0,0
3098194,1,17,7439040,f12079582a6923aabd9d5f8235c638b7df1d562659324d29baf680bffcbf2260,True,,True,0,1,0,0,0,0,0
3098197,1,17,7439040,61afc7651ca00daee74d11f9a6917405200aa67306ef0c1b143863936a16115a,True,,False,0,1,0,0,0,0,0
3098810,1,17,7439040,132e2a9be2b58a95cb8f5fcf22ac9c3073ed2de09c398108f961f165b718d648,True,,False,0,1,0,0,0,0,0
3102000,1,17,7439040,9cac35d109441c7c7775e2798c30e3fab887eba6559af80f245205cdee1742a9,True,,False,0,1,0,0,0,0,0
3102024,1,17,7439040,963cc26782580b687045990a4b81872c474f73057b86b3b5811e4695061d211d,True,,False,0,1,0,0,0,0,0
3102309,1,17,7439040,732ce4636dfec0c2a107f58cb7b17ec29dbb3d9cf75776e12049c64e9bbf5a57,True,,False,0,1,0,0,0,0,0
3102384,1,17,7439040,43ba1b99ef2c9d8698424ccb59968541c77010e87773c9abdf6ce5445cc2d182,True,,False,0,1,0,0,0,0,0
3103227,1,17,7439040,0dc4886f1066f4278a9358ae48b5deb5bc91b5e8b9a6bced64853eff7462abc4,True,,False,0,1,0,0,0,0,0
3109930,1,17,7439040,aa7182c0f880d8b2f426800f5bbc19eebeb4875907d995b3f2483bc68b4a38c9,True,,False,0,1,0,0,0,0,0
3109937,1,14,6312960,0e615d6e8a8acf93c4c8eab86f44d7b1f6f78338b143660619159a1f0bb5361d,True,,False,0,1,0,0,0,0,0
3110937,1,17,7439040,22a2be372d42200d261cef923499d8ca5a78c5a45a5d42aa31909122185de21d,True,,True,0,1,0,0,0,0,0
3113266,1,17,7439040,d55bf32e2d7d1acb2b143b12d47c7f6db043409baabb541d6290828e851258c8,True,,False,0,1,0,0,0,0,0
3114167,1,17,7439040,a5312be8cfd65ab59cd22b759b11509c42addffced0a85167352bef52913b1d8,True,,False,0,1,0,0,0,0,0
3114661,1,16,7246080,8ffab3a18409112f09515a4c631624c462e80437093b938769bedfb0f0223f45,True,,False,0,1,0,0,0,0,0
3114667,1,8,3551040,9d543af12bd4927f7b9b739bceb581382b0572c10e5d30aeb6b126908f1b3d5f,True,,False,0,1,0,0,0,0,0
3114811,1,17,7439040,434e198ed95a03ef3aa1bb0ceb47cf7fa664ae63d5f7f5aa0a97e8d2589a182f,True,,False,0,1,0,0,0,0,0
3115480,1,17,7439040,2dd5f2f7ca4c9204691ac42cfa69c12599d5a1561567cc3152cc3cfb18a714c5,True,,False,0,1,0,0,0,0,0
3116412,1,17,7439040,9686a913cb12c0a87ed472cf7e72e60587d0b7e8f52babf2d0d91d1b0223ab8d,True,,False,0,1,0,0,0,0,0
3117046,1,17,7439040,633330bafedd15eacc75404d238238bc8623ed2d729508a78e5fddd148b989d6,True,,False,0,1,0,0,0,0,0
3118797,1,14,6312960,f3e480e8e284a3cca624adce46f5fc05f498c241ffc24f977d1ef03fb991c330,True,,False,0,1,0,0,0,0,0
3119256,1,17,7439040,67e71276592b8fc6de3536cfb44c1d1ba759dd5aeb169d56feaf663722b983f2,True,,True,0,1,0,0,0,0,0
3120276,1,17,7439040,7267aec1505278c1b1c3641c3a6989c480168118420441c832efeed3d393aad3,True,,False,0,1,0,0,0,0,0
3120308,1,17,7439040,7f291aaee97cc4940ebce1026324c578ca385f99e441f067845551112b6e5df0,True,,False,0,1,0,0,0,0,0
3120320,1,17,7439040,94e0fde394f43fe599070f9b017660e16cc3f7acb19c92f9783696d8d6a761c7,True,,False,0,1,0,0,0,0,0
3120355,1,17,7439040,c89143a487e07495d07648a0c7e10a73e24221b93fb3731bb7bf84c3093990ef,True,,False,0,1,0,0,0,0,0
3120397,1,17,7439040,238a807d4bd825441bc0121ed30c002243ae3e7643d1bf91b846cd4c4e32800b,True,,False,0,1,0,0,0,0,0
3120431,1,16,7246080,cfb4d3839d730c5f14cc294159097d62a89fd0039634f970b6e75eadc5a10354,True,,False,0,1,0,0,0,0,0
3120904,1,17,7439040,5b9d8c6609bdaf49a45342ae2d2d45a263e6d92e3e15075f21b16b611b6c5214,True,,False,0,1,0,0,0,0,0
3121340,1,17,7439040,7456e8faaa08fab10488a8141ad9eaf54fdab40e24a7f1b10110f4b5ae83063d,True,,False,0,1,0,0,0,0,0
3122913,1,17,7439040,a54a0b2f170aeddd5587394c46a9866086fbf6411f0ede7c258ceaaadd0a9f06,True,,False,0,1,0,0,0,0,0
3122985,1,17,7439040,4b4c9d414150f380e66e544135b4fca0979a5d62dbd6bb9f15c2b6a1154a0971,True,,True,0,1,0,0,0,0,0
3124412,1,17,7439040,f9992dd2feb0780503c7109b0f28355a94467cdf912517c22cfd3aa8796a8476,True,,False,0,1,0,0,0,0,0
3124420,1,8,3551040,8ac4f8789b3a2890585cf8be3db49dc7a2aaa1d8f8a22beb2db359466f6b2196,True,,False,0,1,0,0,0,0,0
3124598,1,17,7439040,aa314977660c5c323b192043074828f5f4d3edea4dcc7c26437ad7588e2a35bb,True,,False,0,1,0,0,0,0,0
3127817,1,14,5976000,f4d9f6a39872b1a15eb16c13a18141a5d5b97707447db2d7515969c21170fdbb,True,,False,0,1,0,0,0,0,0
3128552,3,14,5976000,e30ed574ea1736404772e40245f1627764e41ba7ca0d50be78510d4084c4b339,True,,False,0,3,0,0,0,0,0
3128793,1,14,5976000,7ad131f894415862578a9647eb5cf3ab266b50d55968d846939b8fab01b9b88e,True,,False,0,1,0,0,0,0,0
3130300,1,14,5976000,5940e5e84b946a8f4d5ce1a74b4ea7eff5790275a21719448dbead2d0163a403,True,,False,0,1,0,0,0,0,0
3130548,1,14,5976000,844bee283a879540c4aa5c14a83c5a69c6cfbcdf0c0fca2970c1410a1b37166a,True,,False,0,1,0,0,0,0,0
3217264,3,17,7439040,3592819e401f617e9f67337f7338c3501de22014501b511fa3474badf12996fe,True,,False,0,3,0,0,0,0,0
3218844,1,16,7246080,91d23f301b57d56de777033506b2756f99c5c57340704b0942a580e47836c4fa,True,,True,0,1,0,0,0,0,0
3218908,3,17,7439040,a0dfef82624d020bdd8b7a9443390267d1217d880843348ea0d2eefaf3abaa83,True,,False,0,3,0,0,0,0,0
3219643,1,17,7439040,0c455b1529e35554379aaffbcd144afd1d8012be760463698ca82c70111b54e1,True,,False,0,1,0,0,0,0,0
3219995,1,17,7439040,3cfaf1c7990ec032fc4a8c8143ffafed67716cfeab1ee7bfe46eb2eb3cd6a99a,True,,False,0,1,0,0,0,0,0
3222680,1,9,3919680,1c072ebfe311381e8a4c9f3e7341f616ac5c6baededab0bee8beb584bba9ecfe,True,,False,0,1,0,0,0,0,0
3228740,1,17,7439040,1bed356473845f8c5b3b4bff9876c55830acc697f9c498b84a5bcec438480e10,True,,False,0,1,0,0,0,0,0
3228804,1,17,7439040,a2b77a9daab51ea6a19295373fb4f31469193de9bb1968427a52ce874994de84,True,,False,0,1,0,0,0,0,0
3228824,1,14,6312960,b2c6f6344714296b9feb50082b18950f4ea49b7be28522263656c59d5e52a825,True,,False,0,1,0,0,0,0,0
3228825,1,17,7439040,ddd4447efba8fa478245648063bd434dee7de53b762cc2f39b5f8b4d26c44cf8,True,,False,0,1,0,0,0,0,0
3228945,1,14,6312960,ec1d7e02df34ad7e6333b274b1fcbd914455b8bc03db6097f2304c831df540c2,True,,False,0,1,0,0,0,0,0
3228959,1,17,7439040,5ad9b4626c3523d235963598a3c772fc7352eee98e41eaa1c4b62fb1b547f230,True,,True,0,1,0,0,0,0,0
3228986,1,17,7439040,b24db159b5fa562e81b9b622c12360e5a2ff5ae83ed433e22d363fdce396de75,True,,False,0,1,0,0,0,0,0
3228988,1,17,7439040,fb8ab790d36eb99b1dc8f2c2f0224a5fa8d199fee8dbb4bef93c6352b24d467f,True,,False,0,1,0,0,0,0,0
3229028,1,17,7439040,4753f45540f7559a2e3dca520b136082f5320d39f4dcc0b2aa949550cc10d468,True,,False,0,1,0,0,0,0,0
3229150,1,17,7439040,8d809f5bb73ba001d7f3b4bcec2649699ebc802d882fd7b7596c3389cbce3b9a,True,,False,0,1,0,0,0,0,0
3230095,1,17,7439040,ee46353a5b0122e2c7dca1edcae6cca77490ed2971a3c05375c6806865994f46,True,,False,0,1,0,0,0,0,0
3230206,1,17,7439040,f984e43298f7520607eafefc80e564e685378cbb3b8d15daabb8e2368f6a745e,True,,False,0,1,0,0,0,0,0
3230227,1,17,7439040,20fd86c9af91e2221109333e93040b926916e759c547e7f54e3d44d6783ff819,True,,False,0,1,0,0,0,0,0
3230578,1,17,7439040,f34a232b088997a84faec2dc2d81b0ad4f04b5c853fc85075bc4615e08957284,True,,False,0,1,0,0,0,0,0
3230753,1,17,7439040,eb20512638e18995a38f028a9adcf8d04c799aa1500c0e8ed486a6370c082121,True,,False,0,1,0,0,0,0,0
3230787,1,17,7439040,3deb1001e9d08a1a794cf40bb97e8e3d8825d58c803e303f061600cc15879a5f,True,,True,0,1,0,0,0,0,0
3231120,1,8,3551040,15cb4b20064e4302a8a2eb08590b3df72a2705b1012ad92147f677466cad140d,True,,False,0,1,0,0,0,0,0
3231137,1,17,7439040,ff5eb513dd56310d1dcdfc42591189d97cbe48d6d7c5e893a34961f7b229b493,True,,False,0,1,0,0,0,0,0
3231341,4,17,7439040,f2ad936457cd9a144d204011d455982673e1a02b97c3397b3d0f6d2bdbd18001,True,,False,0,4,0,0,0,0,0
3232859,1,17,7439040,c494cb156f112aef5c4de70bf74a363e7535bc1e2a89641bd1b20545fd98be3a,True,,False,0,1,0,0,0,0,0
3233043,1,17,7439040,fed0a8c43ba2e64d0413bd240ed2f8cb2542b502a82d564527435288d7a6dc8a,True,,False,0,1,0,0,0,0,0
3234598,2,17,7439040,6ae47e99a13c6402555d32f695fffea7a3958871b13f56f31641762aa639a76f,True,,False,0,2,0,0,0,0,0
3234843,2,14,6312960,b8e08c02a4cf8c574f19ae95b211c73e3d7f47ca408c3f9ebcda4eea697c052f,True,,False,0,2,0,0,0,0,0
3235282,1,17,7439040,ec81e667da93f3fea615197a17fd9f3e0f8b282cf8af21e72ab46dac9514af93,True,,False,0,1,0,0,0,0,0
3239636,1,17,7439040,5e774b62b209e33afc55777a647b5a0f3fdf008f12bf621ee4a9e7117680e4a2,True,,False,1,0,0,0,0,0,0
3239671,1,17,7439040,da13898b1c462de3aee925e8b6279b9dbde47f8751974693a4ef8afcd62b5fd0,True,,True,0,1,0,0,0,0,0
3239945,3,17,7439040,4846b8aa464695aa9df73052c8b17c7d4efe5fad7439612170071c876e277848,True,,False,0,3,0,0,0,0,0
3240049,1,17,7439040,b4ab378997008c16954ad48d375857ef6985a4aeff7bc934ff36ae56dfef664e,True,,False,0,1,0,0,0,0,0
3240158,2,17,7439040,a966ae27ddc3f3ea36142401d5b2ffb3095339994878d693545519ef30ba4412,True,,False,0,2,0,0,0,0,0
3240159,1,17,7439040,2f51a0a976b9f972416e56bc32dcfd005e4366b6b038d5a5bd108e97d77cb0ac,True,,False,0,1,0,0,0,0,0
3240406,1,17,7439040,aaa80bd4e1b686938d4006b10642053fe92c1ad32a03953f43a45b12bac21339,True,,False,0,1,0,0,0,0,0
3240706,1,17,7439040,0f47e7adf190992f95b83fd24f1a8f7fb0a6998fb2b93d8008b355d1cd57a584,True,,False,0,1,0,0,0,0,0
3241248,1,17,7439040,ad59078c5896f53e8d9431fca2800990b9e9552a06382a529b0d97ba34683163,True,,False,0,1,0,0,0,0,0
3241344,1,17,7439040,00f25aa48dcecef9412fa50af96853d9a50ee38b518df44668c6ccf93ab9d99b,True,,False,0,1,0,0,0,0,0
3241557,1,17,7439040,11fe3ebaabf958918818411003f16b155ea659dc0e48a7fd9e87c252706d7bfa,True,,False,0,1,0,0,0,0,0
3241604,1,14,6312960,2ae0c44809e3083d7d80660da0ef490d1660d13e8c2ae2ce23f01ae02894b4ea,True,,True,0,1,0,0,0,0,0
3241619,1,17,7439040,50a567682d518b6bca4d3fefc385441f6a75f935994504cf54922e6247a2c95f,True,,False,0,1,0,0,0,0,0
3241647,1,17,7439040,c0d33c170dd9d1110b79d1338936275eb6733272324c359e9d830a50562b1fe9,True,,False,0,1,0,0,0,0,0
3241662,1,17,7439040,81bc77bf917e9c8fcd6446da55d2bf48af926c44b874515c2010b22c642c70b6,True,,False,0,1,0,0,0,0,0
3244792,1,14,5976000,b71251380c73f90089ae53d8bff833c15e401b5418b4e529ee0ab927f87f8e38,True,,False,0,1,0,0,0,0,0
3245000,1,14,5976000,4f91cd2ab1397def7906fa5fd2714733f603233cb40daf1d372cd4c34fc276c4,True,,False,0,1,0,0,0,0,0
3245661,1,11,4849920,3a0cfbf3ded993992ba6ad96214acf13fd9b6ec421db4172f0f39f04f3f7d559,True,,False,0,1,0,0,0,0,0
3245969,1,14,5976000,7a316650cb6374f155e7a45a5b9ad0939dd347a53eec7c7be6e39d6c3198a180,True,,False,0,1,0,0,0,0,0
3247268,2,14,5976000,b5ff7186271876e2160f4c9ebe6411be339f91f657fb63d1e2dbeae6c009f6fb,True,,False,0,2,0,0,0,0,0
3247294,1,14,5976000,734bb364ddecc5808c185abb5be67f62ae06f4b897fbb4b7dcb2c205e0c6936a,True,,False,0,1,0,0,0,0,0
3247396,1,14,5976000,fade882db79f86409c04e2573c55d3b9e162f65db96c156a4848541410f1bed1,True,,True,0,1,0,0,0,0,0
3247404,1,6,2557440,93da02a4b0d82416a4434090c1ca846671cb36c662176a3aeb9c7f9d5973b95a,True,,False,1,0,0,0,0,0,0
3247503,1,14,5976000,cffa20ba73a14bb8014f8eec227290bc72e1abe25fb77f65c88c9a8e636381fe,True,,False,0,1,0,0,0,0,0
3248019,1,12,5316480,32017c01982cc7d577024b4ca283a960342e9d61a0e12d4dec5d08ab5062a691,True,,False,0,1,0,0,0,0,0
3248033,1,14,5976000,61ee8f47adb4f95551a0773eb16fb753eb72cc6f4a4360d49a54ffd57fe3589b,True,,False,0,1,0,0,0,0,0
3248332,1,14,5976000,e14bc15c8aa20a1bb34c9f3d1c5233f3c57a3392f8808724dd70366920c602eb,True,,False,0,1,0,0,0,0,0
3248696,1,14,5976000,7dc6a5d44006f77b41433fc03f49f688e25b3bcf2429b18bad03c6210af0fd62,True,,False,0,1,0,0,0,0,0
3323289,1,17,7439040,e6fc919e271c9f01feaa1687d564dc5b2e7180e3087d7f92ce1cc5da527aa2e4,True,,False,0,1,0,0,0,0,0
3324644,1,17,7439040,92d4678b4864d3c39834729088dd34aaf1649966e9f120c4d0e046bc07f43b52,True,,False,0,1,0,0,0,0,0
3324986,1,17,7439040,44dbfa724998d4d6e17115885a3ebbc787cf8d7796ef616deceec06fed1888b7,True,,False,0,1,0,0,0,0,0
3326377,2,17,7439040,8253b9e0a9b7f69aeb951bee116be32087636fede132a6ceb3fd8925e186a846,True,,True,0,2,0,0,0,0,0
3327980,1,17,7439040,d771d8577c753048e9030ef50b3b694681d019d57e268fe7d1f9c39610f9dc2a,True,,False,0,1,0,0,0,0,0
3327992,1,14,6312960,754ab49bf27edbba9689dbfa7bffbb833754f7b047e11a9180be0f26c91546d9,True,,False,0,1,0,0,0,0,0
3327993,1,17,7439040,180a4fb35fa52c5c21356d3056b60f1362afa391e35cf9f2296de60998894e7f,True,,False,0,1,0,0,0,0,0
3328026,1,17,7439040,f967933bc5ffe5a4255feae889ee989e5b8168401dad2e3bfb41081b1088fcfb,True,,False,0,1,0,0,0,0,0
3328027,1,16,7246080,444b711d061bab1a0bdb2c0b5d26144514215cdb0ddc5d1d46a71f7bcc350be0,True,,False,0,1,0,0,0,0,0
3328052,1,14,6312960,4d266c491994da749eacfcf12ef6443aff8d4d65ad922b46aa2baa7a13037bd3,True,,False,0,1,0,0,0,0,0
3328080,1,17,7439040,4f3a3f3f9c801c0d56e7ab1e694ecc014bc379f336d788fec17b9ecac4f3c9a4,True,,False,0,1,0,0,0,0,0
3329643,1,17,7439040,5980b22881ce5561fdf20afaf8a554ebddf73003d905884dae5a9b5273ee343a,True,,False,1,0,0,0,0,0,0
3330684,1,17,7439040,a759107c8aa6c7f87a4acfa9f54325e7a35ab835cd092aec1621ff9917fd3dcb,True,,False,0,1,0,0,0,0,0
3335813,1,17,7439040,3ac3be3605838263c31d6c6c61da3c75de1aedd8341895815e3e34333395b3fb,True,,True,0,1,0,0,0,0,0
3335816,1,17,7439040,ec21351fe445756efbe428814411ff623a25baa87e90f412d0e3c5ac8f4d57e3,True,,False,0,1,0,0,0,0,0
3336476,1,17,7439040,e88fe4da2b74ed2e0fff5d694538525e58cb4d26abb01a7d3a6a186880e82672,True,,False,0,1,0,0,0,0,0
3336765,1,17,7439040,39383b83b99a56cd430eaac8e6da86febd6136f13c1569ef52baf51bc466b0e4,True,,False,0,1,0,0,0,0,0
3336845,1,17,7439040,0661a741d0834c8019365c94d276ae117378d2071330275e35d768bc76520ade,True,,False,0,1,0,0,0,0,0
3337061,1,17,7439040,506b1073fba5b2febd7d30d4a875fc1c070744b4a77b27dca803899e33765658,True,,False,0,1,0,0,0,0,0
3337351,1,17,7439040,077d726641010898dd142daaedc9ce3e0ea0e0fc02b841969897c47eda06632b,True,,False,0,1,0,0,0,0,0
3337425,1,17,7439040,5798a5fa59fb0e26be76410f0d538d20a16193eff30f4e382f2587b6f43a152b,True,,False,0,1,0,0,0,0,0
3337432,1,17,7439040,0eafaa12697772274107d1ec5d977d314b33433da176fea5dde7e4a0c72cd090,True,,False,0,1,0,0,0,0,0
3337438,1,17,7439040,52815b7ff5eebf5f2d63f45ce97085a6495843651ee402ddf9a063efd556d4bb,True,,False,0,1,0,0,0,0,0
3337548,1,16,7246080,8666a2664356b69eb60ab66eaa45cd05ebf72294f2b9cd19a5d03f5f418801d2,True,,True,0,1,0,0,0,0,0
3338660,1,10,4415040,0fe642e49c56932b35a3f553ded40da711373621f0de1dfce341bfe36de9730e,True,,False,0,1,0,0,0,0,0
3338674,1,17,7439040,30f1ffc4ff6bb1a3d9e6312e857a784d2113cf774bba0b18ca78a92521805efb,True,,False,0,1,0,0,0,0,0
3338885,2,17,7439040,ee03a16aac01e97c5d8b97a9ac79dd75c4fb455f186384c912d7d299563a6ee2,True,,False,0,2,0,0,0,0,0
3339538,1,17,7439040,2515ca3a1d0498706e84efce392a39aae52f8192566bc5b6856ccfe14a05548a,True,,False,0,1,0,0,0,0,0
3340312,1,17,7439040,04bd9891083a2634879e2aac05b7a14d0ce3704130acb145eb0aa854fe8a7c2c,True,,False,0,1,0,0,0,0,0
3340313,1,8,3551040,6ad98cdd3ad7dd8a5a9e95ddf45914205a36a4e1ae8a31f94f907c1851704319,True,,False,0,1,0,0,0,0,0
3341760,1,17,7439040,04869d60a132db8c05928393bb9f9d328b39db13dc8646e5db90cdf411c9467c,True,,False,0,1,0,0,0,0,0
3341934,1,17,7439040,a174a3197dbafdcc7ee08a2d687235ea7276839dcc6964287649c74ba938b996,True,,False,0,1,0,0,0,0,0
3342467,1,17,7439040,c51cc6657748c24a9a97c92caf04b5a531ff4aee15ea3f66ed838661fc691dad,True,,False,0,1,0,0,0,0,0
3342592,1,17,7439040,9b76b871c1b030488a7d37de28cb27fd6741e71ded69e0c0c184e21ab1ae14c7,True,,True,0,1,0,0,0,0,0
3342794,2,17,7439040,d0c4895a706eacf16fcab8283a84ed33c7b2b6b093953654ead3ad8f4c31bd47,True,,False,0,2,0,0,0,0,0
3342952,1,17,7439040,41f0fc47fde0210894ad872c3e9fc6b4fd075a77d47bc82597f0aa9ba073ab14,True,,False,0,1,0,0,0,0,0
3342970,2,17,7439040,dadeeaac8c4ea9f3fd1b5cbb913b13d466c6931442be96313ea045376734de13,True,,False,0,2,0,0,0,0,0
3343281,1,17,7439040,e39f909562b34ca75c378b7b6323bbffceb2bba9518d4f9d89f15a6d37f78492,True,,False,0,1,0,0,0,0,0
3343866,1,17,7439040,427700b82bacf5a5588ed80e5c03a9d5c2e5b029e880b4b1fc309f1cc8820130,True,,False,0,1,0,0,0,0,0
3344419,1,17,7439040,47a23a7f9867d9916c089de1c8a6fe6eff44741a9a30e6978c69ab42474ca7dd,True,,False,0,1,0,0,0,0,0
3344427,1,8,3551040,5360821fde2a057bf8e83a985944ce76fb8a77cbb0f6d0f8d5118af2a2393b43,True,,False,0,1,0,0,0,0,0
3345675,1,17,7439040,8dff3162bc68300a2cccf726d80b69a7e41be81dff0875944dc47287a854a717,True,,False,0,1,0,0,0,0,0
3345973,1,17,7439040,0a28b42ebae2e9d0aa9cda088a541877516267d24886aa00893d60f3d545b4c6,True,,False,0,1,0,0,0,0,0
3346154,1,17,7439040,ef5bcfa6279270563a5153c2047c67a449ce54b48dcc72897ad8a56a5125e1b6,True,,True,0,1,0,0,0,0,0
3347485,1,17,7439040,0bca8e78cda5d4a9359f9c43c12ea55663e0554edb8bf00877773bc040299f66,True,,False,0,1,0,0,0,0,0
3347807,1,17,7439040,6cb345deadde9d8c642d03e7af6ef3d06aa7000449b3628e5a17deabb7916fb6,True,,False,0,1,0,0,0,0,0
3348082,3,17,7439040,2561c8a17dadd2f8da84d847db464fd8810288a86d04c9eb4321ee2202d4a527,True,,False,0,3,0,0,0,0,0
3348090,1,17,7439040,95d450ab0571e667f49d3aad866a1fdb30a25b3dec5e589f25e0b249d96c2fdd,True,,False,0,1,0,0,0,0,0
3348093,1,8,3551040,6ef1ad18c9e23062a65581831ecd6fb727948cc6597e9e606e788f52272b1752,True,,False,0,1,0,0,0,0,0
3348285,1,17,7439040,db61cce44d88bef01f954960d11a588b70f109f5ce03914d9af19746047f6c39,True,,False,0,1,0,0,0,0,0
3351888,1,14,5976000,a3cef46e18136931c8aca2431c91f43decd2cf4070f32e020cef3c147e5d59ac,True,,False,0,1,0,0,0,0,0
3352751,1,14,5976000,f2725737e764bd32a72aeefd7d3da71217539b45e07d1edecbcca393e225866b,True,,False,0,1,0,0,0,0,0
3353050,1,14,5976000,af1d5fc22fa54ad75e010d4ac61f0def888ed233bd1331746005546e1541fcd4,True,,False,0,1,0,0,0,0,0
3353454,1,1,192960,74a10093ec5c98b510bc990dc05e77477e58c85656ea6e9a449ab5300bf2a01d,True,,True,1,0,0,0,0,0,0
3354846,1,13,5783040,b4215de1377f5d3d81b1f7318ac8fb66b16fa08f89c2c1aac272bf9ec34cb626,True,,False,0,1,0,0,0,0,0
3355104,1,13,5783040,00e7f899ddaacec211d06ea79a530a51becce4fb7864ea8cda67ebdff26d7d60,True,,False,0,1,0,0,0,0,0
3426367,1,17,7439040,5cddf32e2311220e2714964cb153c5e41454f2eeb2fb201f9c89a822c8463bca,True,,False,0,1,0,0,0,0,0
3427776,1,17,7439040,cc189b882d3f469a48dbd44e40438f07dbef40bda6a65d4565c77df49a52526a,True,,False,0,1,0,0,0,0,0
3428468,1,17,7439040,31aa5eadaa966051b974a40082677af86c87040891485582c1ca9bd0dca548de,True,,False,0,1,0,0,0,0,0
3433668,1,17,7439040,fa33c8f1af28b68f7829d2af6dbf4aa871b013d42b21aa9f193074260f3e532a,True,,False,0,1,0,0,0,0,0
3437739,1,17,7439040,7008b55844ece599217991def876e89dadfdca8e52c25dc0fa32ed31a53893e0,True,,False,0,1,0,0,0,0,0
3437776,2,17,7439040,025b63208f35a80e6eb15a63d20782a426b9a6b97b15dfcaf5a0b095f82d92dd,True,,False,0,2,0,0,0,0,0
3438507,1,17,7439040,29bb80379d65b99db19cc60427616906993a21977ade6cf2b9a79e71f172fe09,True,,False,0,1,0,0,0,0,0
3438975,1,17,7439040,b7cc920c78a0f74b31d03438be327e21075286d11fce09ab190166c058c21268,True,,True,0,1,0,0,0,0,0
3438976,1,17,7439040,038fe0ed6a5bfe996040b82bd0beab378772e01161080149ad0e76a059498e78,True,,False,0,1,0,0,0,0,0
3439031,1,17,7439040,0ea9754871386d7e06b12e2d4672a679ab31086dff7b5ee721458e6a0dffb8d7,True,,False,0,1,0,0,0,0,0
3439096,1,14,6330240,187127fc35963c48290df158cdcb387aedb7263f51004d0eb0ac84cb77336c15,True,,False,0,1,0,0,0,0,0
3439126,1,17,7439040,c7d5a606888a76710d3181e66e6fe46a009d3d707c5b4236aaacee7c14c7b391,True,,False,0,1,0,0,0,0,0
3440118,1,17,7439040,4f53a812d83529084c3ea52d6c13c6fc687728edb1ef752008cb6b554320f950,True,,False,0,1,0,0,0,0,0
3440230,1,17,7439040,cb822f8861610841a4f224a12934068d51fa8aeccf5d731ff8c285bb35e5bd4d,True,,False,0,1,0,0,0,0,0
3441340,1,17,7439040,313e3171c7facdb2593debe71bc78d17522b34a1a51043ea2ee824f9fe9b108f,True,,False,0,1,0,0,0,0,0
3441784,1,17,7439040,ca8a54e8c916d32f657771af668c70c34f270e11b1b4b490b99aa56546283526,True,,False,0,1,0,0,0,0,0
3442054,1,17,7439040,1ddb322a545203e0624a359be38992c03af223e3b89555e7abdc950fed84efcd,True,,False,0,1,0,0,0,0,0
3442055,1,17,7439040,5df6de423a5050bb275bb72da7179352d7e993e264573430072b3f4937d49491,True,,True,0,1,0,0,0,0,0
3443582,1,10,4412160,85578deedc29930074d70147610a0dff8cdda4cea5cf2da68bdf7285764285d3,True,,False,1,0,0,0,0,0,0
3443790,1,17,7439040,c797087b589363479edff7094f9394bc5cade3d7fe67c95e356465dd16f397d0,True,,False,0,1,0,0,0,0,0
3444098,1,2,933120,8102e4d1c0f6e49c06e6bd77b127bd03cff91c94dacccd95b794c000ad3d6d80,True,,False,1,0,0,0,0,0,0
3444588,1,17,7439040,30d24db5af855e1a20267a7a9c6f5165b6e6fb5e08ff79ec0a405d634701a931,True,,False,0,1,0,0,0,0,0
3445812,1,17,7439040,8fdd2b6ff2d51b7cc962a97da1029481ef550a07374f2917b00308b4e249e78b,True,,False,0,1,0,0,0,0,0
3446451,1,17,7439040,fc0e818fd0855c5c55a22b3e489d74bcb7f81f97d8b7393e7c1c0978f84c4e11,True,,False,0,1,0,0,0,0,0
3446746,1,17,7439040,ca4172cfddef0b1a802945020ae26b1b7039cb42322fced997c4551d8e2f4856,True,,False,0,1,0,0,0,0,0
3447722,3,17,7439040,eb797af88e7fd322429e5f57497da849d44b664293007b0b8dba3fec0663254d,True,,False,0,3,0,0,0,0,0
3448130,1,17,7439040,3a1927666757ffdd6a648a27c1a565da6e4944482de2c28e58ddf349517893c4,True,,False,0,1,0,0,0,0,0
3448323,1,16,7246080,fdc0b86b34cca6876933e5bec8233ddafcc008f04945a34ae62b3106eb7337bc,True,,True,0,1,0,0,0,0,0
3448456,1,14,6312960,b4eaba878784d5ee5fac9a24b35f56784a7a4634e0a4b341519e474a2141e260,True,,False,0,1,0,0,0,0,0
3449540,1,17,7439040,b0838c8c1e641bceb07e133c5a080e29830511822928609b0b05f7986414ac86,True,,False,0,1,0,0,0,0,0
3458028,1,14,5976000,2daa3a468fb6fe20a46526b1e5c2afc885ac6df229f8c219d82eb013ab7f0ae4,True,,False,0,1,0,0,0,0,0
3458687,1,14,5976000,2efc8752b647ae080b6ecbed05f487820f575773e2cb33ef7a6dc5a963923a9f,True,,False,1,0,0,0,0,0,0
3458919,1,14,5976000,187c6a759f0ca60c9a9956d2a15830133a3742b9b691aa1357ca8e530dd76df3,True,,False,0,1,0,0,0,0,0
3459199,1,14,5976000,37ce60f9377f35063f93c1ce24ce02a482bd625730b0ad74e14ec98c0c81d7ee,True,,False,0,1,0,0,0,0,0
3526331,1,16,7246080,6664bae49cd980e65e28df110459ec055655825c3c544e8368873c8d2767d221,True,,False,0,1,0,0,0,0,0
3530668,1,16,7246080,3596f4e48de4fba885b11adc561d09d68221d58f7b31ec459152f43b30583a56,False,integrity_audit_evidence_retained_post_purge_writes,False,0,1,0,0,0,0,0
3531231,1,14,6312960,6c868554b035269388cfec01687267753dfe7f91060b5f88484fc409bcc19c38,True,,False,0,1,0,0,0,0,0
3531558,1,17,7439040,6401a703e10e426c1ca489d2bdda0f7d8bd4cc82799089fd6e894200d2102acb,True,,True,0,1,0,0,0,0,0
3532985,1,17,7439040,b76fa86c2891be36d9060fdb0c327ae7b820f5ffa86a44d5591924b8ded131f4,True,,False,0,1,0,0,0,0,0
3533469,1,14,6312960,2f4f72b5ffbe70cc46f53c06965f3cebefe60071f9eeed82b7bdf365e5e254e0,True,,False,0,1,0,0,0,0,0
3533483,1,14,6312960,10800887cdf73e192d48f87b1db8135efe2cdc4a4e71a6d368ba968a40a5c8be,True,,False,0,1,0,0,0,0,0
3534118,2,17,7439040,15ecbacf00f8959e5397cb816efaae1904fe26a7da54a95359f126855c749aad,True,,False,0,2,0,0,0,0,0
3541800,1,17,7439040,be9087660b8d550548452257a9569f515bd7eed6769a5035654be17434c5e2a7,True,,False,0,1,0,0,0,0,0
3541946,3,17,7439040,92de9aa85d8f00c2a3f3944ef493f9b6b927dc0ef7c618e1f9d3e051ce9ada89,True,,False,0,3,0,0,0,0,0
3542222,1,17,7439040,109061ff2d8a7a04afb6130e51ab77a5d05a60f58e1ec593b386ab62627ab158,True,,False,0,1,0,0,0,0,0
3542542,1,17,7439040,ee3325ecc9ae6c469c5bceb5b1f4cba065e119e9ed2fbf3e343e80de59c76829,True,,False,0,1,0,0,0,0,0
3542573,1,17,7439040,9efe4c283d777ede711025ffda94d8dcdd9b10ca8e551e86fcb17dacb25a2510,True,,False,0,1,0,0,0,0,0
3542574,1,8,3551040,81fb906f0d95e563b2af1117307034d6d7e24ca657ddb335d78ec8da7fb7d38a,True,,True,0,1,0,0,0,0,0
3542588,1,17,7439040,57e4af76cda1dbb5e5cab86790415501b2c71b0f2ad8bbace75d084f94bce7ac,True,,False,0,1,0,0,0,0,0
3543270,1,17,7439040,60433ec9f6ec7244208c726a0cce84018b611ed07ac66b60834a58de3a770472,True,,False,0,1,0,0,0,0,0
3544595,1,17,7439040,5c77ccbbba0dc6d0d4176e6b3b8a549e780afb8d0d150e0d70953eeb0a125e4b,True,,False,0,1,0,0,0,0,0
3544640,1,14,6312960,e513efa4ee67df5f7e240f3b5a352ff1167127e66bfd1d5ef83e8230e5b7deea,True,,False,0,1,0,0,0,0,0
3544678,1,17,7439040,fa951cd556bb30e66167628bfd6872ca14b319f17e9fa5796540497f440edeba,True,,False,0,1,0,0,0,0,0
3544689,1,17,7439040,b4170d3c8d37cbaaed4fd58dcc0f044098efb29ffcd739849103a9edd484a262,True,,False,0,1,0,0,0,0,0
3544694,1,8,3551040,fc79478bf680884543c197d31dd10428c8ca3898cb9979e7d5d3553846272274,True,,False,0,1,0,0,0,0,0
3545135,1,17,7439040,3b59745ed3a486906a13a5d487c63c98f63140364557bb86f999fa5969aa98e8,True,,False,0,1,0,0,0,0,0
3546060,1,14,6312960,86894dcb20be919e8ff957e015b7221e32dd785068c4939d7f5c8724b5e15dba,True,,False,0,1,0,0,0,0,0
3547091,1,16,7246080,e8dba58c89831ea03b6229605aa0dc73ea339b583a7ed229eaccd0af91d6a04d,True,,True,0,1,0,0,0,0,0
3547315,1,10,4415040,2cc3a1a6b3153af5a8d886ed6aa498d4dcd46d15d2b128fa966d6dbc2c881e91,True,,False,0,1,0,0,0,0,0
3548044,2,17,7439040,1e440f1987eab722b0dc952cf67d03fc20e4b24c2a65cbbc5e8b2875016e1035,True,,False,0,2,0,0,0,0,0
3548622,1,17,7439040,b5cb8ebe7231ad1078694430090ea55954791d0725e107429422c2beee925c27,True,,False,0,1,0,0,0,0,0
3548639,1,17,7439040,7f04b03f820edc7c8581c34bd935893313bb3acd4bdf9414079fc199366c4123,True,,False,0,1,0,0,0,0,0
3550434,1,17,7439040,dec650b89f63a13130e41d4bcb51859f7c49399a53f678a202e317d4a061ef94,True,,False,0,1,0,0,0,0,0
3554031,3,11,4849920,18f9178bdec6f0c23a7a6b4c522cd344f54de87d71338ac94b3869df98fce77d,True,,False,0,3,0,0,0,0,0
3554600,1,13,5783040,ac377ea438639091e13f13d05f14c2f6d8f175471679a4e395b61bd7693527fa,True,,False,0,1,0,0,0,0,0
3556220,1,14,5976000,aa5f615085fe62139763ee995911793eaa4a022b81c03442ca236be56f37ef51,True,,False,0,1,0,0,0,0,0
3556229,1,6,2557440,f40d747f53fe2e11e922af1455fc5813038ef68291badc1ed30464df5faa7af0,True,,False,1,0,0,0,0,0,0
3556742,1,14,5976000,c3d786387d99e8026974c614d85ccbea8639fe909ea6ca0b237fe51d1ff73897,True,,True,0,1,0,0,0,0,0
3557341,1,12,5316480,dacb34f9485e736ce7ec5fd2cc0dba391604c500872350d70abc5efaa63a7c3d,True,,False,0,1,0,0,0,0,0
3558803,1,11,4870080,8f59aa2d71045f0b1608b045ab39c67af9bc78f826ca865dfb613048e9b20915,True,,False,1,0,0,0,0,0,0
3558981,1,14,5976000,52073125e7d9360667d433499517de0278443073f3195e34bf4c8e90418e89ac,True,,False,0,1,0,0,0,0,0
3559860,1,13,5783040,de826e6abd0a87018407aeab30a8f3fb3e6bbafae3421de1e6bad20c2858a56f,True,,False,0,1,0,0,0,0,0
3559935,1,14,5976000,ff5fe401363177a353e78bfcb9f98d06116388f3ee73af532ec04a3857bf4ffd,True,,False,0,1,0,0,0,0,0
3560301,1,14,5976000,4e1c9fc0c807e66a0450c9d438ea39401b504b8ff5feba42f5a20d292c25fcaf,True,,False,0,1,0,0,0,0,0
3561464,1,14,5976000,7c38a63a6f0c6080de918628c2fa30f2f4919eaedbe233e966ca67fe130dff6f,True,,False,0,1,0,0,0,0,0
3629330,1,15,6477120,677e5e6f9392745b3998d8c23149243be60fb44dd8bedd067f78d181160154aa,True,,False,0,1,0,0,0,0,0
3629967,1,17,7439040,ea34d348562a6c06aea39e1c7bde386ea1decf86d5c303f79b4191a22faa990c,True,,False,0,1,0,0,0,0,0
3632089,2,17,7439040,208f42fc185f2b1b9476cb38dee0664acea508ba3fdd5c843dd002b32baa5767,True,,True,0,2,0,0,0,0,0
3632418,1,17,7439040,99792568d7467da43ab363211ad27080eccc67ff8753cb307d1cd64863b4c2b4,True,,False,0,1,0,0,0,0,0
3640905,2,17,7439040,aeb4b83d326c511b50c24c7958d2ec5922a437b24e3b8b9b6df78d4d8077e68b,True,,False,0,2,0,0,0,0,0
3641726,1,17,7439040,6ae2e9740ca6d78bf1211b93b67c8f64910929a1515d1f39a0221ad68e695fc4,True,,False,0,1,0,0,0,0,0
3642289,2,17,7439040,e911fb8fe137279b644144385c2e34372f6c11c83328ab7556ae2589d05bf1b2,True,,False,0,2,0,0,0,0,0
3642335,1,16,7246080,2cedeeee2f50b50d9d4caba4261c05b4b16434ad441da53cccd70284aa867ed2,True,,False,0,1,0,0,0,0,0
3644071,1,17,7439040,53686003a6b452c1e020144fd812455649c207aebcbb581cf5e6278c9307d5bb,True,,False,0,1,0,0,0,0,0
3644174,1,9,3562560,5bcaaf52923925a07ce76d8fcf82e24de41a61c1480b38bf432c50cf193e4e6e,True,,False,0,1,0,0,0,0,0
3644399,1,17,7439040,243a2e2b0aaae67a7994b5a18f353e11db82425ab2e6defe1e9532e0d9c9496b,True,,False,0,1,0,0,0,0,0
3644505,1,17,7439040,642da3d29a39c445e25f8f77ec232b3946bab8b3018979f7205cf093ac497cc9,True,,False,0,1,0,0,0,0,0
3644523,1,14,6312960,e56c761775a16aebb0ccd96177fd33c6588c1bb766633eae8e05387aad28e362,True,,True,0,1,0,0,0,0,0
3644542,1,17,7439040,7559c823576a75f460462bf582eece8026744f2b6e437de74a08cb0f611b34e8,True,,False,0,1,0,0,0,0,0
3644601,2,17,7439040,b5a03cdd82402f0ab031a97b12c22db357860d5c08149af4aebf3eef9faa4701,True,,False,0,2,0,0,0,0,0
3644602,1,17,7439040,97d63972a29325b756a6e25cce84e71bb113295ada39058327b80916fbdd6aaf,True,,False,0,1,0,0,0,0,0
3644631,1,17,7439040,cd95fc5d299a81a371d0ca69d202badb9337168e20b4e94b5dcab93a2bd272c1,True,,False,0,1,0,0,0,0,0
3644653,1,17,7439040,603500d8689b822786b807547b83d28e622cf9281bf8edd9498fd8b301469f4c,True,,False,0,1,0,0,0,0,0
3644738,1,17,7439040,21a84f8e56a79b79e9394d870c75e25d13b98c007a6d15019df0599f1d6f19ec,True,,False,0,1,0,0,0,0,0
3645282,1,17,7439040,6d12b87b43e11d89388bd4f6656dc7f76e9c6d727ec226e6309d5b505385fe5d,True,,False,0,1,0,0,0,0,0
3645438,2,14,6312960,31bec81adcbf3862ff7d43d43a1a88fae44c0b561f0041c9dd00e08757842d52,True,,False,0,2,0,0,0,0,0
3650049,1,17,7439040,567c4aef8680abbf9126daa917cc93fe368bb20eec1245bf276ea2afdace3e4a,True,,False,0,1,0,0,0,0,0
3654095,1,14,5976000,64c3d66adedc54bbd6be6f9847b4097c54ed667ceb90fa343c8b3871dcf18ac0,True,,True,0,1,0,0,0,0,0
3654719,1,14,5976000,88aa92726182b871847766d55fef9c2f06bff97e1e1687380ef923f795842b71,True,,False,0,1,0,0,0,0,0
3654950,1,11,4847040,5ea3e94f96a3afbff1d53210cbc44be16df30911dc21cff29c4a59952feb9e46,True,,False,0,1,0,0,0,0,0
3655326,1,14,5976000,fcda2b9f1aba47383707dda64d4edc067a7778f3f1b9aba34a5dc2195e67453e,True,,False,0,1,0,0,0,0,0
3655332,1,14,5976000,2e9badae7dcd9c10b4ca8bef22a5519a89152797200052c8af73629d576bc746,True,,False,0,1,0,0,0,0,0
3656121,2,14,5976000,a767f9e73480cefde09e1020c18fe4e504800b9db15e76e4e1fd8d9b8977ffdf,True,,False,0,2,0,0,0,0,0
3656322,1,14,5976000,7a08de369a12419353ae6f71c732e7df69a622dd22e56872d0dad82fbd088547,True,,False,0,1,0,0,0,0,0
3656700,1,14,5976000,f20612c5b771f866f1963a7ea9c1a004b498cecbe97d2d9139fb9c7bc6bf7908,True,,False,0,1,0,0,0,0,0
3657176,1,14,5976000,55ef70ee2e88fefb6b4d48326295a55a3a4b250bc124b6d945cc03e7dfbd1315,True,,False,0,1,0,0,0,0,0
3657758,2,11,4849920,433d8a9b9eb4c18af1a064426dddd075d407cad2acaa31de0dd7d558d18d9e8d,True,,False,1,1,0,0,0,0,0
3659940,1,14,5976000,908c365847422cdb9ca9b40e27c1810296b1d90b7bef66eae34a4b4c5271c9d7,True,,True,0,1,0,0,0,0,0
3660924,1,14,5976000,65f9a12e0ee8a3ce47be7b82d8917d3b63b9628b96b4d0fdcb91c27c70708931,True,,False,0,1,0,0,0,0,0
3661886,2,14,5976000,e1bcac9ca4846fab7b3a10032d82770500f322d18e569fe7e09f5bfb904638d0,True,,False,0,2,0,0,0,0,0
3662635,1,14,5976000,4a73eef1790803e682aed558737ae325341af2b38ffd1b9301b59d9d8a7cf8a5,True,,False,0,1,0,0,0,0,0
3662838,1,14,5976000,e384a151232fb64d1e73434064a6f8d164839e97def29e4f7fa1646d9b50e11e,True,,False,0,1,0,0,0,0,0
3663141,1,10,4080960,3eb73ef580d62f98702a00e8d3c132ec754a4ed230aadd10514de1d8c924428d,True,,False,0,1,0,0,0,0,0
3728432,1,17,7439040,9322492d8ea07685a36fa1bc3272f71f94cb40de3d4db80e4ae22bd3f7dc0159,True,,False,0,1,0,0,0,0,0
3728701,1,17,7439040,ea548133770e3ef3e7117143b6b016a83ce4979c63a2ea1f02f983e98e2aab7f,True,,False,0,1,0,0,0,0,0
3730335,1,17,7439040,d2c1d717a59cac95ed7e23102b711f6724e0ed83a3253b1a60efafedcd9ba1e0,True,,False,0,1,0,0,0,0,0
3732035,1,17,7439040,f4b2b193841b2a3ddf3e99fbb43261f0733b4d96e3689a21bfb3ec24223af8c9,True,,False,0,1,0,0,0,0,0
3732821,1,17,7439040,59061b12208975ef7130afb9d73e320790452bb34c9e7e48d026e454fc9b38d4,True,,True,0,1,0,0,0,0,0
3732894,1,17,7439040,56b9bcd421b12b0baea859624b3cdc56f7a9d9fa3784c96cb749c5d62713ea6c,True,,False,0,1,0,0,0,0,0
3732972,1,15,6802560,42fdbc7756a496a59ce0705169b45b5e8c8f668fcc367d428726bcc1039feb16,True,,False,0,1,0,0,0,0,0
3733628,1,17,7439040,e2b1a7d56d1516e4a11ff81b02ab950f8f271f095338e3aefc1f3a102d9d4521,True,,False,0,1,0,0,0,0,0
3734418,1,17,7439040,ea94f033b8ba485aad083393695f8e1d2be2a372573623d9f49c04d450473fe4,True,,False,0,1,0,0,0,0,0
3734501,1,10,4389120,85b183a3035db7c90eec1073ccace9bbaa3b45efd006e4894eee307034b19822,True,,False,0,1,0,0,0,0,0
3734868,1,15,6776640,d8c3da25748636c4749372e645cc43f736f5a7102897566d54482f2345a8ba37,True,,False,0,1,0,0,0,0,0
3735629,1,10,4415040,1b98eb4c7f3a6ba99f6d7df93fdebed7f10fb94dc5532600732e4da56fc47248,True,,False,0,1,0,0,0,0,0
3735634,1,17,7439040,a51aca04503403e9d4ced27a9e8560f30ca8176d490d28d29402ecf1d7aa0a95,True,,False,0,1,0,0,0,0,0
3742855,1,17,7439040,bd5a7c8412489e2aee67134f8bc2f2fc4713c00a39e46fcb748467afbcf047e9,True,,False,0,1,0,0,0,0,0
3745559,1,17,7439040,8fc6cb2a9a4cbe755b2ce9bcb1957ca4d64df37e6c4e0fc4e9031f26177b0a62,True,,True,0,1,0,0,0,0,0
3745690,3,17,7439040,f00f375da1be9bc8db8e2b1a6a967a1c8671afba08c8dd3ea37b975c6146dbcd,True,,False,0,3,0,0,0,0,0
3747262,1,17,7439040,6ae1a68570e601215e0357fbfb7c97b1a95b209f6b2a9624f68ba33d8c8a8993,True,,False,0,1,0,0,0,0,0
3747817,1,17,7439040,f1fcd88b4fc066dc81d0df9ff76cf3e46a53bc12eb50b27480b31b5000f847f8,True,,False,0,1,0,0,0,0,0
3749134,1,17,7439040,893a2320e2fcd5e03b867b7b7222cbc2f59474c1bb7b3ea517852c22c7cb8308,True,,False,0,1,0,0,0,0,0
3749365,1,16,7246080,519f06ebfbd446f8117ada94e9018253e4db1bb9d6e3ae127bbc8946aba63282,True,,False,0,1,0,0,0,0,0
3749508,2,17,7439040,d9a4e0362824e957434f848a420b71206cd8df45eff898b02ed30a2368b6a125,True,,False,0,2,0,0,0,0,0
3749978,1,16,7246080,1d258025d701fe77a98d17157f4754d85c97877cc6020f089a7e09b94b125f1f,True,,False,0,1,0,0,0,0,0
3750350,1,17,7439040,481a9a97c6421f6956ec8c7f48f336f810c2325f60bcc68078b3b72923fbd03b,True,,False,0,1,0,0,0,0,0
3751231,1,17,7439040,4727be7ed1668868676eba4cdc9055cbf3355e4dfc13d35d1f99fc62cda55dc8,True,,False,0,1,0,0,0,0,0
3755522,1,14,5976000,1a4a12ef024a8b11e51ef950b94f779ada95093953a4790f409a1395a9c9ec6e,True,,True,0,1,0,0,0,0,0
3756264,1,14,5976000,68220bb338cd879d452eb7e9ecce68c63b17dbda546a895a58293a4e0729c730,True,,False,0,1,0,0,0,0,0
3757407,1,14,5976000,04d75dbe71eab12c613dd80dabed0da7f13b44d946849d028a653b2eaefdc399,True,,False,0,1,0,0,0,0,0
3757588,1,14,5976000,66aee60221be9639c392d6f5f0e7dd2f3f1ce19ec3d3599a854797965b41e9ab,True,,False,0,1,0,0,0,0,0
3757778,1,11,4849920,3afc39620801675741d3ae5b76b9bd9b16a31421ccc53c38db5f8535d3f01983,True,,False,0,1,0,0,0,0,0
3762468,1,14,5976000,780c56e119e7d16d3e3a022ceb46719e6b67ba2d23a14ff797b0e663e9564e0b,True,,False,0,1,0,0,0,0,0
3764714,1,14,5976000,667185d54ba3b0b126b35c0692382bef916cfc38abdb3aaf420ed1ea9d9bafda,True,,False,0,1,0,0,0,0,0
3764879,1,14,5976000,fa4dd30903e2f468885117fb4014fa79d81fbcaf24a65111984fe1e5a0e200d3,True,,False,0,1,0,0,0,0,0
3765771,1,14,5976000,9fe99a4ab78952e70f7ce274b54890cc0c9df423c08716867950c538d945af97,True,,False,0,1,0,0,0,0,0
3766353,1,14,5976000,42f6f43d77ee1963117ae190ee36037dd1abb144dcd6236f364af8291e12b2a3,True,,False,0,1,0,0,0,0,0
3830820,1,17,7439040,ae385fb4fd0f1910173e29f622adf5221ae366300e5fd5f2da4a55c5a250e753,True,,True,0,1,0,0,0,0,0
3831053,1,17,7439040,9aec1fa8fcd891898b02b69dab6c450113a2e55aa5b7409251fc92e4d8be069a,True,,False,0,1,0,0,0,0,0
3831911,1,17,7439040,7441ebcab70a51fc74b452c12e3dc963ac1ff19ee0b83065615f8eb9b252bc29,True,,False,0,1,0,0,0,0,0
3832474,2,17,7439040,a5da364f34f928aabfc8d7dda08fe066a569b74bbbcc6c0cfeaa3dde48728e15,True,,False,0,2,0,0,0,0,0
3832716,1,17,7439040,f152860eed3420ab15f9450040521aa7403f51cd7362173c5bc1c956b034671b,True,,False,0,1,0,0,0,0,0
3833007,1,17,7439040,e539dcc7e4737f6ce5db7cecabbe295032b5be0a03c8aafb2f12cb11b8d73772,True,,False,0,1,0,0,0,0,0
3834317,1,17,7439040,cc6c8e922a591ff95f714242c1f0f90f830e3a5531adc40912b0fa8bbb4af74e,True,,False,0,1,0,0,0,0,0
3834322,1,17,7439040,c6ed69cc06f7d1d01ea7ff8839ef9e980a0cd00220ee0b4fcddb03d9923ca503,True,,False,0,1,0,0,0,0,0
3834360,1,17,7439040,9fe0607e898874194bcd2ba70e7dc8fd9637ab5cd38963b6aeca105ebf9daf94,True,,False,0,1,0,0,0,0,0
3834364,1,17,7439040,4447412167ef314a6e85311b1b8e19824271b4bf1aaeac2563ead8a2985f68b1,True,,False,0,1,0,0,0,0,0
3835670,1,17,7439040,5750332760cd042720ddb04a0610226ead9d2e45f9e1a79212e508a739bbd580,True,,True,0,1,0,0,0,0,0
3836375,1,16,7246080,9f3ead3b289a31d22b4e347b982007bcd8a2c9cb401fd2b732bd71124570769e,True,,False,0,1,0,0,0,0,0
3836399,1,17,7439040,387b12968aec675ae2acecca9a3abd4763a17502a9ade26f9edb23a26d13ac37,True,,False,0,1,0,0,0,0,0
3836413,1,17,7439040,229e5c0fc14f481826315fec4b02bfcd5e3b7fe7bf42529ebeb370daebe891e7,True,,False,0,1,0,0,0,0,0
3836439,1,17,7485120,e366bf8a309dd6e4524e240c1c41f392d2746c6b64da57f53dd7ddeb69b39fd9,True,,False,0,1,0,0,0,0,0
3836450,1,17,7439040,8b9f05d8ce95f93a1b5312143a56df87b4d607a0f93e799adb57fd3b7254ce7b,True,,False,0,1,0,0,0,0,0
3836453,1,17,7439040,624b9c0bc830118efd38258b458125a2ebb062c608ad3d91c8fb6a435bcab33e,True,,False,0,1,0,0,0,0,0
3836509,1,16,6969600,d7a23562b7b8c67cf8bcdd2306feab13c4480995e7944a036ab27e48e6d820e8,True,,False,0,1,0,0,0,0,0
3836522,1,17,7439040,daa1ffadf38a8723080fc057c9629aeaf41d45776840896cb7ce32a987ffcd30,True,,False,0,1,0,0,0,0,0
3836558,1,17,7439040,07e6523a44799cab9b36e82de7496abe928824bfca3cb35c5d019958455ca30f,True,,False,0,1,0,0,0,0,0
3838004,1,17,7439040,c2d2ed4ff36f1c08b60f8c164b3dcc5e46a9de3688cea4ed8876dd1882cb9eb1,True,,True,0,1,0,0,0,0,0
3838486,1,17,7439040,c04f8bc084a8db319bcfb1fd6efb05394e671d3036d35ae329c6c96bafd09b93,True,,False,0,1,0,0,0,0,0
3838496,1,8,3551040,ea47ebb77807a3d860f9221c4729d8331fb7524f4345d387c755b4836e0d9944,True,,False,0,1,0,0,0,0,0
3839294,1,17,7439040,a0f6f17dd8ef595d0cf7f3b883bd326275fad2cc1bb6c49ea8c78d33ea057ccd,True,,False,0,1,0,0,0,0,0
3839488,1,17,7439040,59f1307d03779d47172255348be17fd644b5b71999d5ab78f50b046803fd726e,True,,False,0,1,0,0,0,0,0
3846515,1,4,1929600,d3a351979f2c5f03e38267138b80ed69c8e9f2265848ffbcdf8fcbef0c3b65d0,True,,False,1,0,0,0,0,0,0
3847138,1,17,7439040,042c947a8b89fcddf22e56b478dd4b734c38636c78267ba15725473214a76020,True,,False,0,1,0,0,0,0,0
3847708,1,17,7439040,b049ca075048d655adcc7444824d8a366ffff1f38f2db7b3e49e2c8ac02ce59a,True,,False,0,1,0,0,0,0,0
3847907,1,17,7439040,487c8238bdb610a7784af25d08fef1b54e397dbe0c5e9849a27d0e581fff918c,True,,False,0,1,0,0,0,0,0
3848275,1,16,7246080,70c5f1e7ddb3f4f862942553887455e9d184b7a4c316f6f02480021e7b5a2057,True,,False,0,1,0,0,0,0,0
3848665,1,12,5351040,5a421e41b70b2234cb226fb11a73bf96c294dcd39bdbaaced1e08baa24183843,True,,True,0,1,0,0,0,0,0
3848919,1,17,7439040,ef3e7a75cb76b6f0e9b3373ed75797171ade5efcdd9c9ce0ba573dfb0ce8737f,True,,False,0,1,0,0,0,0,0
3848972,1,17,7439040,518b43eb76225fa2da9027752c3591578fc412b6c7cefb15c51eb57ccbfd631d,True,,False,0,1,0,0,0,0,0
3849155,1,17,7439040,4ad7ebb7c3d30c33bfc06bd24c35a661c3b9c53f470547238edbeb981d7512f3,True,,False,0,1,0,0,0,0,0
3851130,1,17,7439040,2129db569c865ddff9116c2826b5df20a70632aa08e0d0a4e295ab9d67e89d07,True,,False,0,1,0,0,0,0,0
3851134,1,17,7439040,379c7fbfca3f762fd24ff0834e58dd293f6c270d28bc15233c7644a5616a17a0,True,,False,0,1,0,0,0,0,0
3851193,1,17,7439040,ce10f353ea80d651e559832285c5d3d2dea25e288fc193460b5db1524d7e83ab,True,,False,0,1,0,0,0,0,0
3851194,1,17,7439040,d40ba7d2eb2021c1d41185e8d5039c1ee8c119227f8a2fbfbf30395b4b979717,True,,False,0,1,0,0,0,0,0
3851949,1,17,7439040,411db72f84f7437b0262f00c8f13ed88e14e1fbb4392d11795da10c6856ce2da,True,,False,0,1,0,0,0,0,0
3852258,1,17,7439040,ea275fac499563a99e637fcdf0eca2d9c5ffbfe09715b43c027f826d249ae419,True,,False,0,1,0,0,0,0,0
3852476,1,17,7439040,514b9011f8a3316994073f932664c09d33a20c66c25e5e4d25609880ef16cc95,True,,True,0,1,0,0,0,0,0
3852655,1,17,7439040,ded5eef3737b05404d9465081db1180668932bc011160a477d243c4c450d94ad,True,,False,0,1,0,0,0,0,0
3853673,1,17,7439040,8b1f294bbd514f92348f32f0cdfc1257a898979f26181fbe9854be91dd288ec5,True,,False,0,1,0,0,0,0,0
3854101,1,14,6312960,869fdb0b1592389bdce6d3beab49d45ccae6894515dcf2dff35a93fe5b6ef0de,True,,False,0,1,0,0,0,0,0
3857860,1,14,5976000,b40ef30737c08afc7ba50d81cb69b65022820f2b32c02ba0bd25515501bcfa90,True,,False,0,1,0,0,0,0,0
3858704,1,14,5976000,deeac23f3dc52fd21e3d3558b65da35399fddfd033cf9dc967bdf6bd3a849800,True,,False,0,1,0,0,0,0,0
3858804,1,14,5976000,bd279d6c4ee2559724d68735620a108718e8e60dd270420e691c547fd1c5e5bd,True,,False,0,1,0,0,0,0,0
3858824,1,14,5976000,cb74f845f298ff351cff067f7b803305b0dfc9dfd4cc76338170fcf43058e77a,True,,False,0,1,0,0,0,0,0
3858851,1,11,4849920,ee0af3f761766b766eed7666ee19f4a2d3e8db18ecfb2901f9a400eb07b27e16,True,,False,0,1,0,0,0,0,0
3858879,1,14,5976000,bc58d72b175503c29e04aee2cce5b8367e2a4b74b3999115e19da2b757434058,True,,False,0,1,0,0,0,0,0
3858884,1,14,5976000,5c5938aab12f57ba2c24fdcb31c631aada770a97b0a4858f1de08c7cad51e0ce,True,,True,0,1,0,0,0,0,0
3858917,1,14,5976000,8b3752ac4ecab09e959d26176de693c33986820d74abeba298be67d62c58da2c,True,,False,0,1,0,0,0,0,0
3858919,1,11,4849920,6923928c16ced911137b4f1c820d7f6095756549fb5c74eaa776d82bf6983de5,True,,False,0,1,0,0,0,0,0
3858943,1,14,5976000,7c9ff79143db4efd27ae559bf0c8c5c8be43014a2b6d825bedfc15ccc02afa04,True,,False,0,1,0,0,0,0,0
3858949,1,14,5976000,4917a5553d394ef06055a31745c7b8afce6c8edf8c9283c17e4288caedd499a4,True,,False,0,1,0,0,0,0,0
3858988,1,14,5976000,51f88a0f55a12078a408542842fee976ebab59d6b329b96283383823b6a6dd07,True,,False,0,1,0,0,0,0,0
3859042,1,11,4849920,63679b021cc8834e4f98ccb3cd66baf19d0ab0f23ac7ce5863d0f1530e8117df,True,,False,0,1,0,0,0,0,0
3859079,1,14,5976000,49a5cb549d410dfa1302eacbd866a4c3d37d83029d7acd1e1f3661efbd03df29,True,,False,0,1,0,0,0,0,0
3859151,1,14,5976000,29758677e5e664087f572f4e27c9646da2a503ff5636260c544123d187978b93,True,,False,0,1,0,0,0,0,0
3859363,1,14,5976000,7b388a273c4404cd9e0ba13862a99af9f633f7dceb7a9296c8b584ffce5fff74,True,,False,0,1,0,0,0,0,0
3859628,1,11,4849920,81ca3d371bb1bfd53ba7455302bc6d4c9018f09a8e0c50f0e69210e705081046,True,,True,0,1,0,0,0,0,0
3859890,1,14,5976000,eb18279214fb8c8314f7b6c95c51d8bdbfe1bfef8a6e59c3fb0f3dccd8ad75e7,True,,False,0,1,0,0,0,0,0
3860441,1,14,5976000,171e47221c34775a88c33fccf7b7e3201aac5166bb96183364315a8571d91704,True,,False,0,1,0,0,0,0,0
3861595,1,14,5976000,84a21ac57cd5242dc6333fcc7799e535f0326b1080d34cb3d426eadb0a5ff5b1,True,,False,0,1,0,0,0,0,0
3861611,1,11,4849920,c7986fca2ac24404bc4d85ffc7dfc1cfa6ce287abb5d3a612407f54c9663b2fd,True,,False,0,1,0,0,0,0,0
3862246,1,14,5976000,1c1a4aa8f06cbf64254a844ed8d61a1caf9697e9fd9c9461319d96918b081682,True,,False,0,1,0,0,0,0,0
3865567,1,14,5976000,ede1e7272768457ef83dd665890478f387894d2d3ad2d93ef43b22e22973b03b,True,,False,0,1,0,0,0,0,0
3865595,1,14,5976000,fd642ec2fcca8649cd6c5734da32b765442b2a129992d5f6101936c60e9b2587,True,,False,0,1,0,0,0,0,0
3866536,1,14,5976000,1419d09325b2714e1e2f3b67418241eebca4f888238bf6017a14288fa3eb6a8a,True,,False,1,0,0,0,0,0,0
3867593,1,14,5976000,4783bbe164f78c875d18684bb2e120d5e19ab0e305d9886dd32127d21202d5a9,True,,False,0,1,0,0,0,0,0
3867615,2,14,5976000,799ead67d8a123f9a0a74a2c5b1367076b48eb6364c73a62e402443e7e44a0ca,True,,True,0,2,0,0,0,0,0
3869014,1,14,5976000,9dc37d900475200756e93f7d4aa0c56dff3f0255d8bb58fc7a5b853ab4ca5415,True,,False,0,1,0,0,0,0,0
3869326,1,14,5976000,20e2d0b4c5212a74afb4ddcfeb9c6740067b5ec6cbdd7728cdaa380cde27780f,True,,False,0,1,0,0,0,0,0
3869825,1,14,5976000,c96e7cd33a0e6b8cd2f7c74ba4c16fa336edb09958b565a9a378ff5c4aad781d,True,,False,0,1,0,0,0,0,0
3935914,1,15,6776640,15cc7a2fa97ac3aa4e07e17db80f753377900cf36dad64216542e537e021914a,True,,False,0,1,0,0,0,0,0
3937519,2,17,7439040,05b8656ce99ef14411b9f7e65bdd5d7e21d7622e2185a5b22b183ccd82134e52,True,,False,0,2,0,0,0,0,0
3937814,1,17,7439040,9a18411ff272a650e9168d8e9369545d4a8d3985d1ba2101d48f53490e2b514c,True,,False,0,1,0,0,0,0,0
3938073,1,17,7439040,d9ffe6f7ca82a671a26bd11bc9f67f55b26f5628becf06f858666262e99a2695,True,,False,0,1,0,0,0,0,0
3939150,2,17,7439040,7d4dca91dc69ea8041e250d7a5cf037d3d8405cac71610253832271502cb4675,True,,False,0,2,0,0,0,0,0
3940418,1,17,7439040,79e613304e81abc9a8fb116d0c77772d4692a22121639b1c1d2facfe3d05774d,True,,False,0,1,0,0,0,0,0
3942670,2,17,7439040,39296e743960fb5d228b970c3ceace11f2ee11c62f77d54bd5fe56b3a785f127,True,,True,0,2,0,0,0,0,0
3945802,1,14,6312960,4bcf4c4fa12ab478cf3aaba6552f858e571e85496e3afbaf7d2e14b1ccb98d32,True,,False,0,1,0,0,0,0,0
3946023,1,17,7439040,7e39fc295859bf27022beef5b2ff5b32e3d916c157a17a4d45503b7eb7ef5e86,True,,False,0,1,0,0,0,0,0
3952651,1,16,7246080,8781705e3f15fdf34784ae536a9cfd2d0bd1c3a6436334a08fc1a51ca9972978,True,,False,0,1,0,0,0,0,0
3953106,1,1,506880,8518d819dc5f38169f8b5b7ebf8f14dde08983588f7aa0086cd7df8c392b6f56,True,,False,1,0,0,0,0,0,0
3953173,1,17,7439040,0fb0f02443272e865a0e93968ed386b55759bd7d66bc773b5e5ba07d16ead7d5,True,,False,0,1,0,0,0,0,0
3954211,1,16,7246080,de90871d39289d85274ed14967aaf73b01ff11c067a4e501328019367b129456,True,,False,0,1,0,0,0,0,0
3955817,1,17,7439040,9c273023aaa25aa96e854c2bb6c4ff1712cbe51202bc8055d6abe8c186351fd0,True,,False,0,1,0,0,0,0,0
3955867,1,17,7439040,774ffd6d811790ad7a3005c43a4fa2172458f8adad329a90fdda358e0e6a5ccf,True,,False,0,1,0,0,0,0,0
3957082,1,17,7439040,bc3b4eaae53ba59519d3a3e9d9c9c5bfa8f0cb098bb306a639a3b89807cc5f0c,True,,False,0,1,0,0,0,0,0
3958301,1,16,7246080,b861fcfc392d4e16310ee6960570af9ccc86301eced4e7f52b32a1a90c789011,True,,True,0,1,0,0,0,0,0
3962243,3,14,5976000,c267ada881cf930378df70a8dc7f75dcbb60b6b1a4590fa84277c2098007d61b,True,,False,0,3,0,0,0,0,0
3962357,1,14,5976000,d0bfb8af69e6ee447929073ec8edbdbb1478ea6536b44d94fb1dd93f36255c86,True,,False,0,1,0,0,0,0,0
3962684,1,14,5976000,3884cf898501dcf20877ef9902008409e9a2ec14ca40e240c4e56c9b6c60a973,True,,False,0,1,0,0,0,0,0
3962728,1,14,5976000,555a7c7324b7f33a9a199a33e27a530309a91507dd7a350a09b71a60ab82013a,True,,False,0,1,0,0,0,0,0
3962872,1,14,5976000,df3a85fec2ee79979e2b086379eaf55136e02787df5de0aef4c07cc3348fdca0,True,,False,0,1,0,0,0,0,0
3964109,1,14,5976000,ecd7437af82b39ad55c1958e461ca640d6bac418f721e49743b5c74e59aa575c,True,,False,0,1,0,0,0,0,0
3964545,1,12,5316480,6a67e52ab7f3f92705024392cd5d7507800cf5b8581472092d9ed428d877bc0a,True,,False,0,1,0,0,0,0,0
3964562,1,14,5976000,f89baebcade65fe27e2894c71c7adeac9d2d16701ef7ea72734c45fd1c0c134a,True,,False,0,1,0,0,0,0,0
3966262,1,14,5976000,cd71c9d5dd2e514af80ef7443d02415140934f98b04f75e4c681d567aa37024f,True,,False,0,1,0,0,0,0,0
3966801,1,14,5976000,e3811601fb7f6bd7fe5b256eeedcd2a0e9979b7ba0545545027e42c5271ed699,True,,True,0,1,0,0,0,0,0
3966912,1,14,5976000,dcf7753a6cc4da0e310570446e3352d48ae74ce1c260c2333fc72c47a5ad1bfc,True,,False,0,1,0,0,0,0,0
3967326,1,11,4849920,9190b7bb02bc9258d80ec735642e9f2f0c843f34cc1fcc54a02563705d73e42e,True,,False,0,1,0,0,0,0,0
3967501,1,14,5976000,8fd666a457f5568068da1e5d4028958a351a910f7c919ee3c83a9a15b1836046,True,,False,0,1,0,0,0,0,0
3967760,2,14,5976000,f6696debb9bfcefa098fae29d27d158392a74dc371f3183f8ed7bad04ee73d85,True,,False,0,2,0,0,0,0,0
3969687,1,14,5976000,bcfb93aa2ad6edcc9bcd49e1cd22c54db7a42946db66fda86148bc4cc6b5659b,True,,False,0,1,0,0,0,0,0
3970117,1,14,5976000,f1177fc2bdaee4f5c13e14aae8999b7aefb8faeb23bfd35da2e79070411dc847,True,,False,0,1,0,0,0,0,0
3970233,1,14,5976000,6de2e7d7d8dc49ecf0c8ee37a9304044bb3347bb6fd1b6996c134f0a8cbd9c1b,True,,False,0,1,0,0,0,0,0
3971315,1,14,5976000,4a8e21a100091f31112ad42df71aaa3566d56ef33b7918d9a1dbccf595582b54,True,,False,0,1,0,0,0,0,0
3973002,1,14,5976000,7e7f1a67d23d76c56f973988d2fab69fc90d82bef7e128970de5362c92cc9e6a,True,,False,0,1,0,0,0,0,0
3973504,1,13,5783040,82124360c91ed3d39ef44a8c25491e901c986c6ccd15c42f0db1fc6a2d2ac399,True,,True,0,1,0,0,0,0,0
3973549,1,14,5976000,fdc58b50850927d29f9ceb0fc4e5edbf4a9964920fb02ea57e0a786a05120f9e,True,,False,0,1,0,0,0,0,0
4035640,1,17,7439040,6e888da17d17eefbeab8c5f33eb8660b36f4ec2d1fd0fc134ecad1c3e0590c54,True,,False,0,1,0,0,0,0,0
4035667,1,17,7439040,a7728931c4f5e29fba51946b0c97322cdd8d2d0d5af9e51c20f53a1d6796d08f,True,,False,0,1,0,0,0,0,0
4035675,1,17,7439040,d27ddadefcb1f30d84971220cf67301c72fe8084a24c28141cbaebf965fed04b,True,,False,0,1,0,0,0,0,0
4037163,1,8,3551040,b2750fa26e1b45521f17f73beb49efad10f08a0e3d56c64b3b2ef9e849590e58,True,,False,0,1,0,0,0,0,0
4037164,1,17,7439040,deaedc5b1557b24ffadea8e6f818bc50cd79a4af3c1779f0ec743344393d019b,True,,False,0,1,0,0,0,0,0
4037428,1,17,7439040,9167a9b7b603b9150a4103e3ce900b8c099e10f2d1ffa892476b69babe6f36d2,True,,False,0,1,0,0,0,0,0
4042026,1,17,7439040,8774aa59ff47b068081dc3caabab8ec124f8d1fe45285d69bbb1a10d6fb58085,True,,False,0,1,0,0,0,0,0
4043190,1,17,7439040,11f0c28cc2e5fd0ba8a040999185088131df534e8cb00ba27b567cb851e87d9c,True,,False,0,1,0,0,0,0,0
4043443,1,17,7439040,39ddbfcbc211b7d2be380791b5162c6a2b2851636b234e44697896d98a44d78d,True,,True,0,1,0,0,0,0,0
4044005,1,17,7439040,574b53ac0c4bc90cb34606f5de00a5a94e76641c39b5d1412d27ef0fad3891fc,True,,False,0,1,0,0,0,0,0
4049108,1,17,7439040,f24373ea00f3c35bdaa9acfb1285e51c66ea26010ec8becf16d1a1f7c9a3c4c0,True,,False,0,1,0,0,0,0,0
4049124,1,17,7439040,440d435fcff16f33cab2bbf35aeae11c0f633e70199e1d409dc3fe6f38492070,True,,False,0,1,0,0,0,0,0
4049131,1,17,7439040,8a55a2c2e1bbeeca797ed87aba841d0a707b6771d11bbd99c1847554a0e08881,True,,False,0,1,0,0,0,0,0
4055092,1,17,7439040,9c619979df52806b1f78ddf69e160b3334bd33f1e894e17ad1b0779435374692,True,,False,0,1,0,0,0,0,0
4055304,1,17,7439040,9fff1cd25732cc45a12d659e965a1b83f7039f919de4a4cb3395d81d0627dc86,True,,False,0,1,0,0,0,0,0
4055774,1,16,7246080,1dba1cd5252c378276cf4012eb3e7b8db298e2b24f968d0cd6e206fde1663d5f,True,,False,0,1,0,0,0,0,0
4056579,1,17,7439040,3b1ae68719d281d5ad16ce54b469873a05746c8a9991a5e74f4adc10cd4b9924,True,,False,0,1,0,0,0,0,0
4056616,1,17,7439040,ec803126dcaa7b6e72802a5fe0041942cdb98c7c4becc6e184adf3fdad055510,True,,False,0,1,0,0,0,0,0
4058169,1,17,7439040,284eaaa10d0d56f36878b078e2ab4a27b494a33e0aeb79b9fbcf5e7cd9294992,True,,True,0,1,0,0,0,0,0
4058881,1,17,7439040,3e7a25b789270fb5320bdd04e11a259278edd85661167171f77b2795003e3fd3,True,,False,0,1,0,0,0,0,0
4059887,1,17,7439040,311f87aa270a89f9bae438985bd4063f3e4ddf76733acb4cfed55ac8fa67915f,True,,False,0,1,0,0,0,0,0
4061149,1,17,7439040,ded47efccb3c09cb2e0660ded6673e6dc25384448d293807a78aecd5fd9e3012,True,,False,0,1,0,0,0,0,0
4067110,1,14,5976000,a91e1b135c07e222bd20d57ff3fc6b3a284fecc5b79ecfcf89665404ee5d78b2,True,,False,0,1,0,0,0,0,0
4067549,1,14,5976000,6d4a23441de373dcd760bb840a8b59f710deb6db3258bfe32fe0f211197502f1,True,,False,0,1,0,0,0,0,0
4067925,1,13,5783040,c94a4a3d9eb908780af0eb5fbe9a91b4796d4675ffeda2551e5f65199995d26c,True,,False,0,1,0,0,0,0,0
4069213,1,14,5976000,4257eb82bf97b38aebb9fab4ab2123a751ddbf7508bf06b16589658071fbc6d8,True,,False,0,1,0,0,0,0,0
4070376,1,14,5976000,c3486a869c3900529fb9a387d24879a84790ca07e1b983623a30af4da50bf02f,True,,False,0,1,0,0,0,0,0
4072333,1,14,5976000,9563f832ea761892e0a6672147f81b21254bf7206f474f51cefed13dc00551b9,True,,False,0,1,0,0,0,0,0
4072526,1,14,5976000,2f6a9288858c442f60cbbc68dc546dc3a2d5ded551ee1e43e64de29a83e0afef,True,,True,0,1,0,0,0,0,0
4073089,1,2,956160,bad7a7dd1ad3659c868a7c664293aeace6929d13eedc349683e3a5742ef6fe57,True,,False,1,0,0,0,0,0,0
4073707,1,11,4849920,79e3ba79490a5e0de199ee3875fe082fc0716f1e86ffc3912e70b73e9715f538,True,,False,0,1,0,0,0,0,0
4073730,1,14,5976000,8a3a16f3ffac8016c5c6291968a27cc5b1889d08086d2602ceb33501dd7538b3,True,,False,0,1,0,0,0,0,0
4074294,1,14,5976000,d075e82cafd5512f540d89f42c552a6a78b2d8f5a7f8aba73a3505e0a58cae01,True,,False,0,1,0,0,0,0,0
4075015,1,14,5976000,643c3ab0e1095e00a9e7e872a0f37873f186e9b50e709bdbc59d58f07d9a34f5,True,,False,0,1,0,0,0,0,0
4075064,1,14,5976000,1a4b3a65247c10faa515bb070b1efafa13a3dbe3202ccb29a42c62b3367b911d,True,,False,0,1,0,0,0,0,0
4075067,1,14,5976000,82e7e35d535fb1c9889cbbf109af36f204f0c4cfe1229c8b235099393c9d62c7,True,,False,0,1,0,0,0,0,0
4076098,1,11,4849920,5c5770aa787416b83ee5a3604f5281d7487e8874551d5094d907a44c2a381ae9,True,,False,0,1,0,0,0,0,0
4076952,1,14,5976000,79de1e4df02676c480fd700d60a99ca3c91bf050f13487a15b7878e870dbb39d,True,,False,0,1,0,0,0,0,0
4076976,1,14,5976000,95bea14015896e46b8f6578d96cbfb7c7ffdac50bdfa21599c15c0a840502677,True,,True,0,1,0,0,0,0,0
4077252,1,14,5976000,f5157f76af29be113c678fce791ed6cb60a36f5993dd4d511aee1a2ce3cbef42,True,,False,0,1,0,0,0,0,0
4077526,4,14,5976000,ead8603fe982d5e707de218688a4a6f173b3cf455fc426059e0de2254bd55a4f,True,,False,0,4,0,0,0,0,0
4077901,1,14,5976000,0fe88b17cfb1f78fba5f90a4d38e82aab6fa9aa2b95c6d6992b4bbde2da5a898,True,,False,0,1,0,0,0,0,0
4078157,1,11,4849920,b6ccf79b2323d605f47f63d0573e61e6038d793742cee08e32f42d35c158895d,True,,False,0,1,0,0,0,0,0
4078311,1,14,5976000,33a294c3391baf7b7413cc227367342f1188326b589254641905a70bb9312e06,True,,False,0,1,0,0,0,0,0
4078693,1,14,5976000,dc7d40663769c7f2ad3e4896bde6cfdbde3dec2afa46d14e1620ecdf332daac3,True,,False,0,1,0,0,0,0,0
4079530,1,6,2557440,4c2c7b7402051b3411de78e0a63ea4229a3ed5fa4880034d3864335c8b413488,True,,False,1,0,0,0,0,0,0
4079535,1,11,4849920,4df2e82443ec06f512cb830873bd1b454ad4d409b6afa1070c81f1a740e2f11b,True,,False,0,1,0,0,0,0,0
4135665,1,17,7439040,a4701acbb1be6073bf340064a6fc36c74a99cc2d633686716ddf01b356330659,True,,False,0,1,0,0,0,0,0
4136466,1,17,7439040,5e733e938fceb346d4580c5180c4a137d24df326ab9715d5f3970a196683b768,True,,True,0,1,0,0,0,0,0
4136659,1,17,7439040,ce553788206b36597603cccbdee7792b5bebaed1e46c29a83aacd71e04ab192c,True,,False,0,1,0,0,0,0,0
4138008,1,17,7439040,4c757c107367a904b4ec2f0fb799bfb796e2235e984ca9f95b2d726e152243cf,True,,False,0,1,0,0,0,0,0
4138557,1,17,7439040,e3e6a79ed306d6a73668a59520163c7c772f06eb691b974cd2eb9c11aed515ae,True,,False,0,1,0,0,0,0,0
4138951,1,17,7439040,9436377a8be374b36c917e0357c7436f5e84d22cd2e74ddba151501dde899aa7,True,,False,0,1,0,0,0,0,0
4139816,4,17,7439040,943be84ced7358acdf1f14ff44b78292d207431dd619a49c8905c00ccd35a98f,True,,False,0,4,0,0,0,0,0
4140813,1,17,7439040,728ee377d375ac5aca0cbdccb1a8a181dc8cdd8e41fdf4f5c4f116e2a91c9384,True,,False,0,1,0,0,0,0,0
4141376,1,17,7439040,a4a5dac4cebdc1c718333c5e1c4427160eebb1c0af1e8f45523537f75149070a,True,,False,0,1,0,0,0,0,0
4141587,1,17,7439040,6b9a197e112fbd3aa0803274a05d991be9990484cfd69590bf222d54190603b9,True,,False,0,1,0,0,0,0,0
4142768,1,17,7439040,a05d3b4d2e7b40146683259a1cb62552003c65a22deac8885457fb12bc7abc01,True,,False,0,1,0,0,0,0,0
4142847,2,17,7439040,3bff4112992debde0b8e77317feefbe9beaa13e82d3f089bafdb3881a611e5d5,True,,True,0,2,0,0,0,0,0
4143755,1,17,7439040,1c1e2c9b2a00b355eb78545704b93850ca69d77ad1296072b453ae3e1ec86792,True,,False,0,1,0,0,0,0,0
4144231,1,14,6312960,e9f6cb2aed63c31abff975d931c01bde6428ab677dfff3ef3c6e1eafada4903a,True,,False,0,1,0,0,0,0,0
4144236,1,17,7439040,6fe253f0aa478e7f96cdbeba07f3f218d1bb2f3297e7066aa716076ff3d81dba,True,,False,0,1,0,0,0,0,0
4144238,1,17,7439040,f6f201fcfaf39a09e0d9126aefe0ad672195d22d669d70cd00017be827721edd,True,,False,0,1,0,0,0,0,0
4144576,1,17,7439040,37732bf3d926c49a1eb68c00b107c4c8de796ac44bf2d2d98933340e39f3de6d,True,,False,0,1,0,0,0,0,0
4144873,1,5,2082240,472b9ea1201c56ba015ae3019a9563b6a84d01d8e1ff538a0eb8ef9d73f27ac9,True,,False,1,0,0,0,0,0,0
4147444,1,17,7439040,99dc8ec5dccbad5929afe216c1838de22aa3bb93f2421c627fa452ef6b8c5771,True,,False,0,1,0,0,0,0,0
4149450,1,17,7439040,2aadde5e5d4f1335cbca003cf0ea735478893e23f34d885e7b002621958d5c8f,True,,False,0,1,0,0,0,0,0
4149684,1,16,7246080,653142b408af2837b63e26161c9aef287bffe6caf7475cf7fdd886999865389d,True,,False,0,1,0,0,0,0,0
4150390,1,14,6312960,45624638a33b8395512aa3144b9c3c1f61c8537fe60a6a9a6ff6ce63ab5bf9b1,True,,True,0,1,0,0,0,0,0
4150496,2,16,7246080,e90b49610687e6de7e4f56a4f8c0a3cd6a7e123c64cc91840ebbf9c900138720,True,,False,0,2,0,0,0,0,0
4150539,2,17,7439040,ab2bbb6e07a4cdf0abef8f7c456bbae38a225d6ae3ee6f97a1c4f5694f6f1595,True,,False,0,2,0,0,0,0,0
4150611,3,17,7447680,c82c3a41099fe688763eecc2d26d9f524f70a6c341f80ba2ff215bc3e27026f2,True,,False,0,3,0,0,0,0,0
4150624,2,17,7439040,0c5be4ac6d580971e65042db11d7f815da9b24aa32a616120bbb7d34953460c1,True,,False,0,2,0,0,0,0,0
4150701,1,14,6312960,b38b4f02d7ffc597166dbb53825845ae76da13d203d8dcee1f461f5242435297,True,,False,0,1,0,0,0,0,0
4150703,1,17,7439040,516e6818392a85cf25d001e393924e29a84a243b34f33c76a098f0999c85c7d7,True,,False,0,1,0,0,0,0,0
4150804,1,17,7439040,01b43b868f7fafc212648432b776d246fa47194e48baed7d9c49a491ad8106dd,True,,False,0,1,0,0,0,0,0
4155328,1,17,7439040,906f95af7f87b7943adb61bf46bf660a53582c3e37ba0dd91f6a17fa48dd5635,True,,False,0,1,0,0,0,0,0
4157052,1,16,7246080,52e5debfd5d98b2162aa765bbd0a1580a55d42683c087ac7d6e55c6f038121e0,True,,False,0,1,0,0,0,0,0
4157325,4,14,6312960,1f551986543931b48e6562258ce13fde763cfd5060113bdd5628f36c0cb5b7b9,True,,True,0,4,0,0,0,0,0
4157488,1,17,7439040,acb676fe65fe9b55d7f90025f5558e61f4ffd4afca9b1ec160bf2cb5289af550,True,,False,0,1,0,0,0,0,0
4159347,1,17,7439040,71158267c86c650fe2a2f51478e0666bf43e767d26ac8ecd7c9c1d6efa66d7f6,True,,False,0,1,0,0,0,0,0
4160006,1,2,1013760,1876e01d662be21db9dfba5ac9393df4a2d71f21e152c316dc0e70d92b5ab7d1,True,,False,1,0,0,0,0,0,0
4160669,1,16,7246080,29c8ec87c2551afc38e245e1a0a36b4bb5f2686e15bb8e5bccf555fe9112d592,True,,False,0,1,0,0,0,0,0
4164393,1,14,5976000,33e5151ecea9942fd8b743405b09b5bbe145905bbb5dbe4daccfd7716c9bcc08,True,,False,0,1,0,0,0,0,0
4164922,1,14,5976000,ef0244d86d535f0b822a88666d8a03f132d12a17d0659784f38efe5f54d27bad,True,,False,0,1,0,0,0,0,0
4164994,1,11,4849920,bd0ef90ad1dce0e07672780bac94cc05bf2a56795e50506497c1ecae8ea22cd2,True,,False,0,1,0,0,0,0,0
4165473,1,14,5976000,0b308ba5c8ddbf86c31bb1cf03d57834de6e4d5ece4042f2d04a3bc55e475bae,True,,False,0,1,0,0,0,0,0
4165960,1,14,5976000,f9f9abe0af675271961e3ea2e903d514ace0a3f3a2a28e5f2a68d20b554499c8,True,,False,0,1,0,0,0,0,0
4169315,1,14,5976000,473e7a932dd059482fb98faedf55f047a0172210842f0ce4f2899e8af9324526,True,,True,0,1,0,0,0,0,0
4173026,2,14,5976000,8d14680228c473327ca66cbfcadb48c9046795aba5986ca15a9092f48dbc9812,True,,False,0,2,0,0,0,0,0
4174507,1,14,5976000,e4b61ac6d9199f7535552664fc8110e557397d21a57dbe784d8b8dce3ae6c738,True,,False,0,1,0,0,0,0,0
4175105,1,14,5976000,8ecc9c68acc2329fbd5f0f7c48a10f45881706f5b53361019309be640cb43eba,True,,False,0,1,0,0,0,0,0
4175630,1,13,5783040,d613ae2f4596d9f768f959901a872aac9e1f4caba45beb5d33aae6cc48b15f49,True,,False,0,1,0,0,0,0,0
4178389,1,14,5976000,3c78e1a5281e452609e936c935cffc4a5099c3db9fb7ece51d26e3f81e9fad73,True,,False,0,1,0,0,0,0,0
4178606,1,14,5976000,02fda7263d9d59bb33d1fbd402d7816366b74b4657cb4b87898f31e88ed210f4,True,,False,0,1,0,0,0,0,0
4180280,1,14,5976000,86483ebde282565f28f5a255dd035ae061ee6736ea01504522a2ed72a917af84,True,,False,0,1,0,0,0,0,0
4180396,1,14,5976000,82ecb0038a7db69deedbd03a2d71a32a7c182be506fc45eddfa8e23aa68626c4,True,,False,0,1,0,0,0,0,0
4180401,1,11,4849920,1a6105148dc20e8584dad3b8ae19007845d80104b0406a36a5496d719b560e72,True,,False,0,1,0,0,0,0,0
4242692,1,17,7439040,8d974393e60d589eed93382eec9912f911b34658e110c871b4b35db05c791b64,True,,True,0,1,0,0,0,0,0
4243911,1,17,7439040,585dc37a99d7770048b73893944768bc0e9888922e3b2d85c5dd144b1b49747c,True,,False,0,1,0,0,0,0,0
4245861,1,14,6312960,3a49695dcd350f4554cbcad36c80bf19497e65fc326d71dd11f61b29696d7f7d,True,,False,0,1,0,0,0,0,0
4245897,1,17,7439040,ba775927d61b3a75a3aff825c47a3a716075d39f3db818640fa0ef8011892589,True,,False,0,1,0,0,0,0,0
4245933,1,17,7439040,291f66d3e5b95dfbfcf59d4fb883e9b99c9926545a641e8773ecdbf16cae41b1,True,,False,0,1,0,0,0,0,0
4247092,1,17,7439040,e9fe1747de351c67659432e081397533646ed0b4fb8a9d59dd675bd941c50323,True,,False,0,1,0,0,0,0,0
4247791,1,17,7439040,75278caa880ec681b30ef7304210668be6e4f45d2502e1326dba5b10dc7f9345,True,,False,0,1,0,0,0,0,0
4247807,1,14,6312960,113ae25ec91e5d85994847951c5fa85cbf069838e62a8700355e7c709d2aa539,True,,False,0,1,0,0,0,0,0
4247811,1,17,7439040,bc1e78e4e7c18d0e7ab7a9f0eb9faf4ce7fc944488ad77f1af6d2f98086f5454,True,,False,0,1,0,0,0,0,0
4247991,1,13,5509440,b50ac92b712c0bded316ecf0bdb5d95b1cca858867bd3230f78caaf0a9f0b157,True,,False,0,1,0,0,0,0,0
4248120,1,17,7439040,40370aa8b59ea2c179f88fdc0e2a603723b068c3d6cce2ff0011e5c0167e6d34,True,,True,0,1,0,0,0,0,0
4249725,2,17,7439040,6470b664460902b9002e7fb8c768b0e187d79f2be4914004f38169bcde78b0db,True,,False,0,2,0,0,0,0,0
4252226,1,17,7439040,5cd582d26c9d625b30cf92f9150ae542858a1de82cce7259eca6f903f730b10e,True,,False,0,1,0,0,0,0,0
4253860,1,17,7439040,5ee34de2d8c1228c652f85e51f52e3e2c7942e10d253dbf5672aed91992b16ae,True,,False,0,1,0,0,0,0,0
4254466,1,17,7439040,1a8ea7cb1983e23c3050ccb1a853050c305e581e47bebcaa13eea1a8273765f8,True,,False,0,1,0,0,0,0,0
4255422,1,17,7439040,65138d9f06d0865ae472e6c7c09f9b9a57a3b92bccf7caa1fbdd166a29a89c9d,True,,False,0,1,0,0,0,0,0
4261960,1,14,6312960,42918b4b8d5625691fd47b2b5edfc8398e1e75b49c120ed7b1311c7c1b2e492f,True,,False,1,0,0,0,0,0,0
4262581,1,17,7439040,0493b623585e9b4f0f59d6dbac41841a62d6314719867d6de26833ac53dc2a9c,True,,False,0,1,0,0,0,0,0
4263293,2,17,7439040,e0f81391d6bfa6ddd01a4979c644231fa68d07614b02bda73154c2b4f94cc708,True,,False,0,2,0,0,0,0,0
4269252,1,14,5976000,737fdd0651b3ddb3a1b86801d56fa7817222ccb5dccf257e58902e540afcc451,True,,False,0,1,0,0,0,0,0
4270253,2,14,5976000,9585f88b51de42ae73c7ad079796319b13f0b0e931e8152c41a65e13d1bf1003,True,,True,0,2,0,0,0,0,0
4270565,1,14,5976000,668687135a6abdcc0225756ee7248ed3cde46ff1b1774248bc29742ac524290e,True,,False,0,1,0,0,0,0,0
4271474,1,14,5976000,0ec68b6677929dfec28405451afac10cf03aacb309f4632db2213e14f381bae2,True,,False,0,1,0,0,0,0,0
4275117,1,14,5976000,a8e89cf9d747a466cf2af52b42881f92ea2c4cc98b782261dc6984b1fef17d70,True,,False,0,1,0,0,0,0,0
4275191,1,14,5976000,c570954ddadfd6fd0ca0d37c659a03ccfb319f3b41c044e7e89b58e69f90765b,True,,False,0,1,0,0,0,0,0
4275328,1,14,5976000,af32aa5650a99ad0d6297a5bd51cb59769817eab0b3b7f08f971bfd470d13e94,True,,False,1,0,0,0,0,0,0
4275721,2,14,5976000,b023b78831b0a3d6d31630effd5d548c3c71ee88d3563ed19d2462d812aa48dd,True,,False,0,2,0,0,0,0,0
4275739,1,11,4849920,63dea0ede26a87cf23e0f36cf55f77d3c16922bb36a7d8570d2ec0602c5e830e,True,,False,0,1,0,0,0,0,0
4276114,1,13,5783040,f80c9a929df92ce19d246993dfe0a259bb529772e5c5ee5495f06cb5f74d51ab,True,,False,0,1,0,0,0,0,0
4276445,1,14,5976000,a2079f5bd123971d47332a63336d50dbd74bc694c05dbac1960ae5132ec0487e,True,,False,0,1,0,0,0,0,0
4278221,1,14,5976000,133f7ea3912efe978cc07b3d91eb2cd2aaeb9d6affa6ff70db0da3c9c1eaa767,True,,True,0,1,0,0,0,0,0
4281068,1,14,5976000,d2852809d44f8e4b8385abf12e52a01ebfbdda489eda0e7ec763b2526ca526d2,True,,False,0,1,0,0,0,0,0
4281895,1,14,5976000,64a8633112630bf6015a08533eacd1cea77bdd19f2741572488d01111dc53285,True,,False,0,1,0,0,0,0,0
4282191,1,14,5976000,183f4f955809f7e8952f9908c438b18e62cc91053911cfb70e39208d37bebda9,True,,False,0,1,0,0,0,0,0
4282872,1,14,5976000,df5e1d90e5ddb93a6202ddb36226ddf8bbf2ba084a6fd94e028e90dbde815f5c,True,,False,0,1,0,0,0,0,0
4284147,1,11,4849920,e683def260a089ac6227eeb431fb6e09fbd119da81107ba171c62df5739304e2,True,,False,0,1,0,0,0,0,0
4284980,1,13,5783040,c2bf88fe99116a7cb6dfe5488a7bcc3d2e9c965d76d02423744427e4292c6e1a,True,,False,0,1,0,0,0,0,0
4285087,1,14,5976000,53a11656fa02efada96b3eaa80acef4fabe2ad714dde6c0f962db02994c0cb5f,True,,False,0,1,0,0,0,0,0
4285107,1,14,5976000,54b2a339aa3c888703ac21afc50b59cd102fcba0e6917347e1cae3125780c87d,True,,False,0,1,0,0,0,0,0
4346178,1,17,7439040,29b4a89cce08bc1e9471c700bfe9e0e3e04421a511f70ac05a80d73ab2e0d98d,True,,False,0,1,0,0,0,0,0
4346875,1,17,7439040,0f6f6abc20ea1a8fe652cd29ecb85e12f8ca8e5499ea42e31b02a91dd798923f,True,,True,0,1,0,0,0,0,0
4349442,2,17,7439040,a867f82c152d2bd3a63357dc4abf2d0505a3bbf7d74174aa33edaf3d02199aa1,True,,False,0,2,0,0,0,0,0
4349452,2,17,7439040,a1174729740116c4e96420cfd4cbf81f5f10400a2f3bd75afc90eb72aa16647a,True,,False,0,2,0,0,0,0,0
4349935,1,17,7439040,f5e6e08c5e675e0926595f0951037a7a8dbf5390c7bd47578f8d9510af2fa70e,True,,False,0,1,0,0,0,0,0
4352168,1,17,7439040,957fa8afc883290c1b053c46786b2465085854b1eb78ece598f253ecfd3b0c59,True,,False,0,1,0,0,0,0,0
4355503,1,17,7439040,db0358f9850e08e91a281e4c6155000500a802f21307a4e5c0f0f447016c93d4,True,,False,0,1,0,0,0,0,0
4356621,1,17,7439040,f92515bbc3994400f5125e10560e9ca110f3a32f9a9090fa58ceb9bc3c64139f,True,,False,0,1,0,0,0,0,0
4356766,1,14,6312960,903f676bfdeae57106e3d414c29648b67dbb9eb8920e58e805b8b3f3fd227682,True,,False,0,1,0,0,0,0,0
4357985,1,17,7439040,439c80d8e4689ee79d41f4eb9b203b625af0e582a12453880e103decd7f98f0d,True,,False,0,1,0,0,0,0,0
4365442,1,17,7439040,c17136315d0281d2052089e70c21cdc412106e67ec70b285ca0f5fc3bd9872fc,True,,False,0,1,0,0,0,0,0
4365461,1,17,7439040,a07d76fed1bb9a10880ca0590939fa46c0f14d345ac6b9a01664e76972f462e6,True,,True,0,1,0,0,0,0,0
4365645,1,17,7439040,9b289af59447bb90b2cf3e83436a844a44e9e06363cb60bbcb5c0e2967bd5531,True,,False,0,1,0,0,0,0,0
4366923,1,17,7439040,dfed2b6c98e9b1f3749909fc3fa3b11207ee5634de04dbc43602b4b456db9eaf,True,,False,0,1,0,0,0,0,0
4367544,1,1,506880,5c4ead5da50bf97b5a6b723a234201b92018a6765575ffff981e25d34fba43ca,True,,False,1,0,0,0,0,0,0
4367854,2,11,4576320,f9c609930bc3dac2ebc9cea5b9584c299608ec872ff34567f029aefa25265690,True,,False,0,2,0,0,0,0,0
4370527,1,14,5976000,80c7a8dc8ad587123ecfa72dfe78c75a950cc4ba92b258cde1cf348cb1ff6f28,True,,False,0,1,0,0,0,0,0
4371172,1,14,5976000,d3eaa1faf6b17d24ad1a307c221dda1760067e273677116ecb8d0384429fede2,True,,False,0,1,0,0,0,0,0
4372410,1,14,5976000,f6195a0563dba1f0e4ac6006b1d18cd1903cea2489f9657e90bbf93a833624db,True,,False,0,1,0,0,0,0,0
4372765,1,6,2557440,fda419e3705519af137e4f60733d1f5d555b6eb72822bbdd55b77750063bf392,True,,False,1,0,0,0,0,0,0
4372768,1,11,4849920,60b98b926f0207df62175a58a0fa0b16113b5a2c7f88b75a2d7accc283024b42,True,,False,0,1,0,0,0,0,0
4372961,1,14,5976000,8377029099c9ee55e8bdb412a9e63dc4294da120bbd942a08978af4ec0edd231,True,,True,0,1,0,0,0,0,0
4373195,1,14,5976000,3443ee0f139f266c9c955ff57736ed260117e4342d443e59d200dd8329380612,True,,False,0,1,0,0,0,0,0
4374339,1,14,5976000,20c4af5e7f4b512c35b92e887c399cbb11f3ff3b79ce91cc53423f6175064cad,True,,False,0,1,0,0,0,0,0
4374610,1,14,5976000,1dc1f8adc05269c360ed2ed37fc52ed5f7bba28fb4d274041f3236099df5ba6f,True,,False,0,1,0,0,0,0,0
4375101,1,14,5976000,236269d48b97b37b7645dbf555f8ef5a61057c06c5918148aa0f66cd436d8270,True,,False,0,1,0,0,0,0,0
4376629,1,14,5976000,422a8f94b3cdce7ac38d5a3074f9aa5ef5fbef930d454b182af68674c465acc2,True,,False,0,1,0,0,0,0,0
4376644,1,14,5976000,be8e69ddcca3e73a09dacbd1704f8dcce318a6f505712e4848f0fa28fb48822c,True,,False,0,1,0,0,0,0,0
4380283,1,14,5976000,72b1d54c7f23b86bdec8345e1045f81d12c3f0de8ccd9677bf4894fa8473b1c1,True,,False,0,1,0,0,0,0,0
4380560,1,11,4849920,4a03992ef599866fdc49ca9ee2e33d8770079d3a26ed4aa83856983b13e43867,True,,False,0,1,0,0,0,0,0
4381282,1,14,5976000,0910efe27a0dd6facaea3f7064e0d9efe9804a3e825ed4686613b45ddf0bbf62,True,,False,0,1,0,0,0,0,0
4381429,1,13,5783040,4caeb126539349b57b989cca1c542c5299032d8b9a520f71f2429b54c5e718ed,True,,True,0,1,0,0,0,0,0
4385148,1,11,4849920,65a91998db3cac298b0001ec74ca922b09c6d1eddf27203eadb45521b5c438b2,True,,False,0,1,0,0,0,0,0
4386047,1,6,2557440,e20ab9b2d5c4ad5b7d3ddecbdfbdf35feacbfb0fb1157fabc04507fc6354e995,True,,False,1,0,0,0,0,0,0
4386059,1,13,5783040,42ee4cc3be7c14ec842744fd03a1f155faaddac9952c5dca4ff7814d588bac38,True,,False,0,1,0,0,0,0,0
4386607,1,11,4849920,8754b55ad1990a01f592d47b394c047e8101f1bbd97324cdc9a6749759277529,True,,False,0,1,0,0,0,0,0
4390912,1,14,6333120,d55cba8c4d186b36ddaa3d32dabdd16975b9c20e8cbfc464090c17df571fcc83,True,,False,0,1,0,0,0,0,0
4391348,1,14,6312960,cf03ed0709e0a768376414a8e5e923ba21eb61731b5379872ca2ba841fcbd504,True,,False,0,1,0,0,0,0,0
4445630,1,17,7439040,dfeae283f79ecae30707e1ff4178f5d05490adf17f99c001ec8c8077a2791219,True,,False,0,1,0,0,0,0,0
4446411,1,17,7439040,3eb550014aee533406ca5559d129c6cd045f1fc62b8c4fcb764cb99d0cbc84a5,True,,False,0,1,0,0,0,0,0
4454219,1,1,187200,2770de4e1940ad8d410cebb7d734efbd20c5d7e4ac149ea73ea9716991df059c,True,,False,1,0,0,0,0,0,0
4454752,1,17,7439040,bc811ef7f3e7ce731bff47e58c5206dac5698d8c7fd5117763f84f7e61f76aa6,True,,True,0,1,0,0,0,0,0
4454934,1,17,7439040,adf2c1beb959163764f710cb9ac32bb91fc17a8e8d8b728b3650c1f2cdfc0cc3,True,,False,0,1,0,0,0,0,0
4455231,3,14,6312960,50a01e4fd29de9837acb078370845b720b633398c4844d439dc2a4771c1a3fd9,True,,False,0,3,0,0,0,0,0
4455763,1,15,6776640,a50e79bc6c8544a1372b16d7e3434df0aa5f990a6e2c59b3268c5132637aca00,True,,False,0,1,0,0,0,0,0
4456622,1,16,7246080,480526ad43dcc29d40d59250febed8dbfff34ab7463362487c9e4f996a6fb629,True,,False,0,1,0,0,0,0,0
4458082,2,16,7246080,c3c4ba518c5beff840efdb188fa7583c9ed31a6454f7dd51142882d7e278b27f,True,,False,0,2,0,0,0,0,0
4459068,1,17,7439040,a369c1637711d160994dc14bdfd7121f25e7a49a86a84f08b0c87cb6d63a0b12,True,,False,0,1,0,0,0,0,0
4459924,1,17,7439040,9f9cef890aaed7d41ea28db49e352cd8067100a6d8a8c0ff57827934edfc2183,True,,False,0,1,0,0,0,0,0
4466356,1,17,7439040,2ddd0a695dc6ab4956b9b6f5892308d99d5e34cd29209b163757277a6844dbee,True,,False,0,1,0,0,0,0,0
4466677,1,17,7439040,d740f449b1cbcbed53f69ffa1b3752901f3d6581000486c503ea9ea950b1ce30,True,,False,0,1,0,0,0,0,0
4472143,1,14,5976000,a6ba6ce5720c64621e49ee2ecde6fc09c24a1b9ee3b4d656b6c9959047860747,True,,True,0,1,0,0,0,0,0
4472818,1,14,5976000,a5d0306e1b4cc11fc75697727ea8aafb4ae1c939ad4d8418b0deb86612f79cc4,True,,False,0,1,0,0,0,0,0
4473226,1,8,3490560,10c11a5df2b616769ee09549e22bdb0de86f6427a7b7d09b1e45e31b065e5d42,True,,False,0,1,0,0,0,0,0
4473613,1,14,5976000,9f3407813d5c976ef93ebc3f2787d2447c354be8dd41c7d206665e7336f6877f,True,,False,0,1,0,0,0,0,0
4474637,1,8,3421440,b2439cc0c82f3d4f5fbbff0b23881c92f23c07c8b66ff5c104bc305e0f5676eb,True,,False,0,1,0,0,0,0,0
4474645,1,14,5976000,dd49b60a64a10efa1a9b98b87782346e41d79189852638a3b0894f88809aa97a,True,,False,0,1,0,0,0,0,0
4476123,1,14,5976000,f4390650ba9507cde350996bb75b0b190e2f590c700c99ce97d5bf4cddecc1e5,True,,False,0,1,0,0,0,0,0
4478168,1,14,5976000,549ee26e29e88012efd72b9d23a59212a761bbaae53f2f28736ce82a9fef9b62,True,,False,0,1,0,0,0,0,0
4479633,1,14,5976000,fc18d8cceab8fde2419d78c76cd5249c920f56d40dc99d68c24d39a224abed58,True,,False,0,1,0,0,0,0,0
4480676,1,14,5976000,7c76acc74f3d39daf41990130f19ed0d0cd7b9211a7d2d8d6ba5d01a5730a89a,True,,False,0,1,0,0,0,0,0
4482738,1,13,5788800,7565cdb4cc71cc7e0800f96977af5db582941da32b93ae2b355deda606f1d747,True,,True,0,1,0,0,0,0,0
4483138,1,11,4849920,e618b27ce9e34aea7f5e0bbeaaaa9c3a8953c344fefeb75b0e15fa053a329ce2,True,,False,0,1,0,0,0,0,0
4483235,1,14,5976000,6a9223d86a11c792fc31c0746ff78697e9fa557aa1b6e74466b094750220bd10,True,,False,0,1,0,0,0,0,0
4484312,1,14,5976000,37f29acf4988f0813836d26e15e17855f690942616eecad26f20e5dbffc54fcf,True,,False,0,1,0,0,0,0,0
4484336,1,14,5976000,8cfc6a5cd98037491c8258eafeba4004487833ad979e56b8992936859d9bac23,True,,False,0,1,0,0,0,0,0
4484356,1,14,5976000,73b1726e14fdd60e6a56f46c11c5da5526372c76298a79c2e30a75d95d7289ac,True,,False,0,1,0,0,0,0,0
4489844,1,17,7439040,7da37f4c14a20ff54f5bf21595941e455b51eb335b0e9db7d0c0b70dd5984408,True,,False,0,1,0,0,0,0,0
4540632,1,13,5780160,25b98171793dbe24a3e44ee71032c602a6313195d6dd4c72be49669292ab7834,True,,False,0,1,0,0,0,0,0
4544571,1,14,6312960,402633e8a3585bade6fba35189cdba0b13744299fb42ef21f9560457a5aeb901,True,,False,0,1,0,0,0,0,0
4544572,1,16,7246080,8e2a0fdaa1cfbf2d65bc19ac269aa4b9894326886772ca376c405f8dcca9ccb5,True,,False,0,1,0,0,0,0,0
4544620,1,16,7246080,ddab55963d1cb9bdf7fbd2d3bd567392e48171f36813d0687b7bdd814650d051,True,,True,0,1,0,0,0,0,0
4544623,1,14,6312960,e9f0c7903a95b200c0b2bacfc1bc68b8e03d0c50b4cf5dea3648a792f4729a8f,True,,False,0,1,0,0,0,0,0
4544628,1,17,7439040,a41a123857697ff7f120eea150c0edbc744d11b7aa20c2afb577c9404db296d9,True,,False,0,1,0,0,0,0,0
4544684,1,17,7439040,c62e01ec9edfe198979e015e95bb2e1b6bb21e593d22ec6e0ac6d6a16a58ac9d,True,,False,0,1,0,0,0,0,0
4544907,1,17,7439040,3803cba73804a1d5d2a8269536178c804e26f4f453855e772a6c3b1b99926496,True,,False,0,1,0,0,0,0,0
4545187,2,17,7439040,68211fc5f5a71e84614c281c2c0f59e9fab479bce8e05fa4cf15782599e56122,True,,False,0,2,0,0,0,0,0
4545570,1,17,7439040,85134ca22d9c0866ae8e8cc893e4f67ef46becf33aa01b3139611fe5528d6c31,True,,False,0,1,0,0,0,0,0
4545926,1,17,7439040,4553b723ee9434e5ac2d8d7dd44537747db8f0fb1035ff2fc7b341e14d39e5e5,True,,False,0,1,0,0,0,0,0
4547480,1,17,7439040,e31f0a48ef8fb11becbfd1fb7dd8c22d8d6c73c93c343793dfe707366f690698,True,,False,0,1,0,0,0,0,0
4548011,1,17,7439040,aacde42ea4df1bb9ace637e14f25a3fd008532eae59b0ae55ea36bb3def3cf49,True,,False,0,1,0,0,0,0,0
4548098,1,17,7439040,161571595615187a9fbc4b4b8303bb9b4cd4c510cdf1ae4c83208b4b924818c7,True,,True,0,1,0,0,0,0,0
4551328,1,17,7439040,e8d123960bc7f4e4f71cd5f67ebf9c50a961d19fa10b039e6a47eca0260f33f1,True,,False,0,1,0,0,0,0,0
4551663,1,17,7439040,743e3ee7f44c5f0fa7aaeba20596658b9df816761e87c825227289ed465f53f3,True,,False,0,1,0,0,0,0,0
4556468,1,17,7439040,4bb5a64ea1fa443e2ceb7ca2c7a969c2906161a484a97dface19b2fb610ed3b7,True,,False,0,1,0,0,0,0,0
4557341,1,17,7439040,dcaf70461f99cc8abdfa66ca916082a666c9f0753df4483fe6a34983b40f41a4,True,,False,0,1,0,0,0,0,0
4563268,2,17,7439040,2010a82516396c4397e9afc832888c148ff38df4aa5bbb054e47a044031521fb,True,,False,0,2,0,0,0,0,0
4565985,1,14,5976000,b8ed99b26d70300dcc7881608677cd1645f4756828e4bac54140c4d6b207cbd0,True,,False,0,1,0,0,0,0,0
4566999,1,14,5976000,c19859bec7f59c95cf1bc2b170ee0e7787c1d2cc1af9955497534f25adc118b9,True,,False,0,1,0,0,0,0,0
4568117,1,14,5976000,e724aa002a9a4782240c3c071b24e705c5a2247a6c4ad0321b12e2dabcf005dd,True,,False,0,1,0,0,0,0,0
4568298,1,14,5976000,515dd00f6beeda62d089a84450c3f943f7bf34aecdb88fb63ce53a50fbf10627,True,,False,0,1,0,0,0,0,0
4569590,1,14,5976000,0b6bbc49d2236bf0c119192c84d4b1beabf27892a96e01e93eff5573673f76a8,True,,True,0,1,0,0,0,0,0
4569942,1,11,4849920,60d5362715e5d7797c59a27c66a7874cda9a910effafb983c0dcad3df045c215,True,,False,0,1,0,0,0,0,0
4570555,1,14,5976000,20c244bc0f9a7446df51c28348a560b69c97213653e097a22500d78d6b6077cf,True,,False,0,1,0,0,0,0,0
4570931,1,14,5976000,ed4c2eb10470f6e4b05640f1d6f1abd4904e8ed23571d8217362914a71e75199,True,,False,0,1,0,0,0,0,0
4570949,1,14,5976000,ce718f1dfdd2c7cabfcf3b588dc93ce95800f72fc4b4c1d5fac01ce7cd26ad97,True,,False,0,1,0,0,0,0,0
4571536,1,11,4849920,8baaf65d6cd7c33c5f8a777c7a109976d25097474e2a93da5e323a6f2779fdb3,True,,False,0,1,0,0,0,0,0
4574310,1,14,5976000,f7b1bb0333f71f732204c46097e963bdda5320897c0d308828aa03d0b20c4743,True,,False,0,1,0,0,0,0,0
4574319,1,11,4849920,e4e867be4ba8ee44d1cae6533d551d79fb57d9943f5d2d04f15fb9883e42a462,True,,False,0,1,0,0,0,0,0
4578594,1,11,4849920,7ea2e3ecf0a161322a7ea6768673dd342a7b21533f8610efad9648da99a86959,True,,False,0,1,0,0,0,0,0
4579313,1,14,5976000,d6e63fe4f1624e7f4ea6be15c602fd8ae6a2603f543a01f5a45676ebd0104fc0,True,,False,0,1,0,0,0,0,0
4579321,1,8,3421440,fd6b24cec3e2150cc923cea8a3271c1ec517888d767d1dc0312a5da4e6e8ee0b,True,,True,0,1,0,0,0,0,0
4579598,1,14,5976000,7e909697ead6e0d30f5e4d0427e4f8e2dd5f63377c1e9d1f940660ee9143a098,True,,False,0,1,0,0,0,0,0
4586482,1,17,7439040,30092f9421b423391fd450a2126ef5ae1aa1a4ca9b6bcc5cea6541e2aeed1dfb,True,,False,0,1,0,0,0,0,0
4587448,1,17,7439040,3ec8d36349ece1966a9a519e7a66a76cfd65e673eca4dfa577e33157f1ad5a19,True,,False,0,1,0,0,0,0,0
4633434,1,13,5780160,a52f3732a6b1722b2d54c3d540d4bb57eb9604bed28e2ec22a08783d8f7f0dd0,True,,False,0,1,0,0,0,0,0
4633570,2,13,5780160,e10ec4ed34326bf2d060a8b1a470e448e7fdfc4ed0ceb0612977256568e91dd8,True,,False,0,2,0,0,0,0,0
4634135,1,13,5780160,fe9ef91967927059c9d57ae22edd55588fcffe6ea19aa9ccaaff381ef2b491f0,True,,False,0,1,0,0,0,0,0
4636565,1,17,7439040,7820d67292320b03deb46f809e284b7c08d63d443466e652e313ce92020d4656,True,,False,0,1,0,0,0,0,0
4636578,3,17,7439040,30d56f524419c136f9f11955ca3c34d14d9d77c7523a1f26791f1dd8e8bc1ca4,True,,False,0,3,0,0,0,0,0
4639868,1,17,7439040,ae725656bb7e62402ae882a165dd842102fbc9fd7e9dee202d8f38d95e890a6c,True,,False,0,1,0,0,0,0,0
4644604,1,17,7439040,b47d78c822aff9139a70ce0292cf2ce983fb9832733638e6dada68ab23480c4c,True,,True,0,1,0,0,0,0,0
4644952,3,17,7439040,f194272824e4bac9b5d88acfe98b2e635a2477272e868280194481039a642a96,True,,False,0,3,0,0,0,0,0
4645174,1,17,7439040,bfa9a3046bff896b72c7518b79ff6d191c7fc22fabdb64784fc2983a7cf38fe6,True,,False,0,1,0,0,0,0,0
4645492,1,17,7439040,775c81140fdfcc6b9d1f9f16af7b48a97e5710d0853bf51d7a9ef674ec4cbc76,True,,False,0,1,0,0,0,0,0
4645833,1,17,7439040,d3cb02b349ddca2df5ab282315c094a219865eb2ed2256d942be95015e65f1b6,True,,False,0,1,0,0,0,0,0
4647662,1,17,7439040,7ac11b4c437316d7d108cce065b257fff0ad405c56a7c9fa3b3a981b977c1865,True,,False,0,1,0,0,0,0,0
4649440,1,17,7439040,ac08f8db091b4fef1eb5780330d552236c41b6a0977b846912427372ec26f7b0,True,,False,0,1,0,0,0,0,0
4650674,1,17,7439040,b241d11fa2233b8d7640e95ff86403eb56f2b2674adba82479da299304b46d6c,True,,False,0,1,0,0,0,0,0
4650733,1,17,7439040,0a5732138b786a7481933ceb470eb064eb9311d88052873a24e6b80ed52776dd,True,,False,0,1,0,0,0,0,0
4651399,1,16,7246080,f386b9424da176ead288a98354eada040e56fe6bc5cdacdd337755a1c069d53e,True,,False,0,1,0,0,0,0,0
4656049,1,17,7439040,2a7fc186c19a2a998fc6a00f099545ce37c45aacc618cda65d535095696566d0,True,,True,0,1,0,0,0,0,0
4659255,1,13,5783040,797d711b0fc914f3d1a3232becfcd06c38e098458db2234cc4f8467821245606,True,,False,0,1,0,0,0,0,0
4659405,1,14,5976000,ad63d564524396ee19dc1056167d55139300c7b7ae7011393248972d4133b54b,True,,False,0,1,0,0,0,0,0
4661634,1,14,5976000,b411d17842e4c84a1f5075cf6ec089bb61e5835b974250facafd58cee425cbbd,True,,False,0,1,0,0,0,0,0
4663185,1,14,5976000,e346930bcbcdff71629327909ed3e3d1ddc185892d6f616e04955e2295473c66,True,,False,0,1,0,0,0,0,0
4663658,1,14,5976000,6339bd57311fa743084f1ade74d688cef3cc643d019b61dcec25ec373d1ebef3,True,,False,0,1,0,0,0,0,0
4664046,1,14,5976000,b2247d4f46cfc29ce1891e7060fad95b9cbeaa65cf6c0228edf4a9f138db02ab,True,,False,0,1,0,0,0,0,0
4664743,1,14,5976000,5933126ede80df8cf59cb29ce374012c3527c5070d0790819e4e05f3750b5c82,True,,False,0,1,0,0,0,0,0
4664847,1,13,5783040,5d14082f094cf797633ad0ee3c349bfb427d59496c7e39d98c8e8fca1950f1b9,True,,False,0,1,0,0,0,0,0
4665571,2,14,5976000,b3c1b69e8acda1d48896f8e8b484278ec53829a646f5d8bbfc2403d03f52c6fd,True,,False,0,2,0,0,0,0,0
4665989,1,14,5976000,b9a16bad4e91fbadeff0dff197b93d66794fa19da911595b2c77aadb120c4f09,True,,True,0,1,0,0,0,0,0
4665991,1,14,5976000,7b6e0bb93d39456d3509d5366670525adf0077d280787887389855dc6f3a493b,True,,False,0,1,0,0,0,0,0
4666008,1,14,5976000,f01ce865fa6be4fd091439890db83839ec82c9884755f76118f68f63307ed6f5,True,,False,0,1,0,0,0,0,0
4669402,1,14,5976000,04a6f9a4bc6bf157191e7dd01268f4178a5d536752fd6ec3f83a1bdfee0a03b8,True,,False,0,1,0,0,0,0,0
4670267,1,14,5976000,04b0553ee477461e627363926d891aa9ea3d1692350ce8cd2c6f44b9445501b2,True,,False,0,1,0,0,0,0,0
4671584,1,14,5976000,5b2a180777ff99d09d991d0f7e67a8c342afd6e639dc6e1ea7a5bc1cf635a753,True,,False,0,1,0,0,0,0,0
4673628,1,14,5976000,b9554a3bf4e2374be0415288ec6ccd2feb78deb2c7711ecf8e27875e853e3730,True,,False,0,1,0,0,0,0,0
4677282,1,17,7439040,657c3e33277f59ddd3979b09f1a2f5a64480ef5042d8abcef1f332f34b526c91,True,,False,0,1,0,0,0,0,0
4678171,1,17,7439040,c99b5898b75a2dc38dd22828c8806c8efe1e9092ffabb6f371e71a04b7b42e0c,True,,False,0,1,0,0,0,0,0
4678873,1,17,7439040,81d5dd93d22a16514973038457dcc2c424373b3736c04ca077877d06486c3f90,True,,False,0,1,0,0,0,0,0
4678875,1,17,7439040,350ba0f507e8462ee5ede9d7451f0eaf3976e6d9d4e8e061502598d559c227e2,True,,True,0,1,0,0,0,0,0
4678919,1,17,7439040,d5c004634e878a5b8b435ad4c6ad4afd63fdec21b7d2a2f1ed1e16932e4db1e1,True,,False,0,1,0,0,0,0,0
4679314,1,17,7439040,dac595b9a198055d69856b8fef79943e3fc184d02f74a0347cf8dd9243a8d397,True,,False,0,1,0,0,0,0,0
4679687,1,14,6312960,374e62bdced9026ba673834a42413160435ea5134648a17d10c57f83cc373b1f,True,,False,0,1,0,0,0,0,0
4680772,1,17,7439040,4410112b50c700bd860da5b87946705c0edb3f614b44d7aeb30de45c6540ec42,True,,False,0,1,0,0,0,0,0
4681152,1,17,7439040,e3613327bcf16941fdc075ae7e35317b290703ef0c11cdc2b2338bf307271cde,True,,False,0,1,0,0,0,0,0
4725292,1,13,5780160,0eb70d54c244f315513a3e85532e8401494453865e2276ed2aa5423f6af44ce9,True,,False,0,1,0,0,0,0,0
4725681,2,13,5780160,53db3e0fc8c679f2c281a0f352116688f3e2da9dff5ea7145af2b67061735f94,True,,False,0,2,0,0,0,0,0
4729553,1,17,7439040,a373f40d057348ed91a03f3a67b993cb360adba089061a8bd924768901f480e6,True,,False,0,1,0,0,0,0,0
4730442,1,17,7439040,0487c243c6d202823881072401bb0069593057193cfc69def0c59a273721cbc2,True,,False,0,1,0,0,0,0,0
4732015,1,17,7439040,3c2993d814d159a12a6c78da5108fce39e09f2df7ad392d3f0fce1d2d657d875,True,,True,0,1,0,0,0,0,0
4735826,1,17,7439040,ec0aec261d60e6854f77556abf1dbabd646b782c7031eb0517ed0f53be7b4ded,True,,False,0,1,0,0,0,0,0
4736208,1,17,7439040,b414ddcf5262dd4e1e7492e1510ae42768ce5c6492a80ba9ace2bc56ec7bb5a4,True,,False,0,1,0,0,0,0,0
4736569,1,14,6312960,46319e1583058e1a4f0b998157e16ff818449371281a17e56ef2df1404f23c70,True,,False,0,1,0,0,0,0,0
4736644,1,17,7439040,402e37df2d7ba5dcf0cf8550759ea9d078e54516ae7adf428e7e3fb97a6ff6e0,True,,False,0,1,0,0,0,0,0
4737267,1,17,7439040,d37032edb901082a4b4f8b70dd5aec9854b766981c356f4e993c06775152ceb8,True,,False,0,1,0,0,0,0,0
4737302,1,17,7439040,b07a8a061239da7e2acd2320c1f6a9c5e83482176a5b30122770da7c1dadd2b7,True,,False,0,1,0,0,0,0,0
4738095,1,17,7439040,328abe3d7aad99a7323810b5c4ed1493a1683f690b8e9b63792426f292aeed55,True,,False,0,1,0,0,0,0,0
4739194,1,17,7439040,3f19169a13ea6079c41c177887991745e86cdbad897e9845b49bc69c33525b49,True,,False,0,1,0,0,0,0,0
4739565,1,17,7439040,30be2ddd72af78eef1d50442ca13242e54e15b2f38963b9eec606402ad1062ef,True,,False,0,1,0,0,0,0,0
4740676,1,17,7439040,0219be2fa5d2d3ea10ca77d3fc1c0b991b04ef4f81209b50927ce00c03ae471a,True,,True,0,1,0,0,0,0,0
4740688,1,17,7439040,2b0d08351a1c2161bb23fab940548794f0985c7d6f0ed2b5c4b9f29a72a7b6f5,True,,False,0,1,0,0,0,0,0
4741126,2,17,7439040,a13f46301933b4b19230830777e109bb6fa2af0604c71784f091a247e6e7e948,True,,False,0,2,0,0,0,0,0
4742414,1,17,7439040,9b463be24f2183fb2871febffd6cb19add77447d3fcd1b799f7c3e237920227c,True,,False,0,1,0,0,0,0,0
4743513,1,17,7439040,f9f1ba836966d603dcd3e80dbdcc95cb46527eefc6dbe58116e80a85b7edc8b4,True,,False,0,1,0,0,0,0,0
4750341,1,14,5976000,eb06f21fc8526bac856067aff17883e7d2b031ca55055f133e15bb4669276a30,True,,False,0,1,0,0,0,0,0
4751083,1,6,2557440,15d0cd7b7ce30714cf371c85351fe1b6ed8144addf4d256802833892d808036b,True,,False,1,0,0,0,0,0,0
4752451,1,14,5976000,1eccdb418c4334abe1a8fd5118b5abbec366ce5d407011f9b6c4b71a261247fe,True,,False,0,1,0,0,0,0,0
4753561,1,14,5976000,09666c3d67f1449c41db9106cb9641e49b69905034e475d4146dee315d8064a3,True,,False,1,0,0,0,0,0,0
4753988,1,14,5976000,f6e6da963ac791f02f1bd613902fd05c4085b002458e26466b4555ec070ecaa2,True,,False,0,1,0,0,0,0,0
4757331,1,14,5976000,64a99e0e888fab1869efa4116b45af13e279430dc70b288fa0a8ded7ad9c7ba6,True,,True,0,1,0,0,0,0,0
4757437,2,14,5976000,b41323b1fa85d52292783631e4dc679e3afab6cd4b9241c8d6cde4b20b29f11f,True,,False,0,2,0,0,0,0,0
4758350,1,14,5976000,207e0717e3f8fb849eb8bb00a2c87a2c609732fbd3c4553d904fd562bb3ba148,True,,False,1,0,0,0,0,0,0
4758368,1,14,5976000,13bc8dab94455c3761c0313b2bffbea8bd866b2aa559a65684593f99dd9ccf35,True,,False,0,1,0,0,0,0,0
4760478,1,11,4849920,036894916a087e01d4e2e7c8d5c9e7a6c170f0d80ee4c450fd567928755491a5,True,,False,0,1,0,0,0,0,0
4760746,1,11,4849920,d68b774fec916d1b854cc75f9151b391f045504f938465a769d7e5a6d6c59251,True,,False,0,1,0,0,0,0,0
4761060,1,14,5976000,bb30a8b083b705b4436e936e312a119966da311ff732fc2dee5d9e082d7fe659,True,,False,0,1,0,0,0,0,0
4763020,1,14,5976000,060a1d18f36845b8efdec080d652dfc2530677f74883f94fc73a5101d774771d,True,,False,0,1,0,0,0,0,0
4764774,1,14,5976000,fe06077eed51bfffe8b5b088fe4407609f4c45214ff9bf9181d6508c878619fd,True,,False,0,1,0,0,0,0,0
4768756,1,17,7439040,c3397b11ad1effd2ff5b0d18d53d43e194fbbe35e3018fc9eec7c792730243c1,True,,False,0,1,0,0,0,0,0
4768846,1,17,7439040,642caba188822e07fa49a27697ff3fc360a5be01796b6d96bae2c6323eb4d02c,True,,True,0,1,0,0,0,0,0
4769799,1,17,7439040,9907156b73d4541600d26312e099ed80f61f107069fe963f8c442c5088a64407,True,,False,0,1,0,0,0,0,0
4769824,1,14,6312960,5b08f349d1f18276119dc55e29b4d9888cc453016b66cffb651535497c8b7ee8,True,,False,0,1,0,0,0,0,0
4769931,1,17,7439040,72818337b49228c581b01396cbcd35a00ab4cff1fa82a831d7700c2ee9100410,True,,False,0,1,0,0,0,0,0
4770365,3,15,6779520,be8fcbf3898fcb76a773ff15daf4cf1dec12bc5202360483c53a089a06f05077,True,,False,0,3,0,0,0,0,0
4770617,2,17,7439040,ef1a2a5483b566f35fc8660e9ca2bfd2995f20e98438fde630d1fc56e92e9c56,True,,False,0,2,0,0,0,0,0
4772095,1,17,7439040,2c14cf11c0b788eed0552124573302eb1cc522d3221e5a9dc7056ffcf844d9a7,True,,False,0,1,0,0,0,0,0
4773155,1,17,7439040,86e96c0401bf7ecc8eac29e7978277b91ef5dfb52894639882314689ccad538c,True,,False,0,1,0,0,0,0,0
4774646,1,17,7439040,1135068a5a0a625d150aaaa9307ec608a163d1cebc8fbafd907e21bf5458a28f,True,,False,0,1,0,0,0,0,0
4813563,1,13,5780160,af7eff903382e9285c353565c7f6592d91eedcc045b3a2b4c46cd7c1b44ed27e,True,,False,0,1,0,0,0,0,0
4814502,1,13,5780160,5d7691d5e1078f8a16a7cf2708439228c85d7efceb0ddeed43b11914f6037221,True,,True,0,1,0,0,0,0,0
4815520,1,13,5780160,78d6e4d418b50aacd09c32ffb82b10ee0a39621097cbf0f5dd833a7ee3b29782,True,,False,0,1,0,0,0,0,0
4815612,1,2,1013760,d4a49dde3f817fca1a751f00b45f71c87a734ded45a3f8fbd67153ce4e70dfc2,True,,False,1,0,0,0,0,0,0
4824268,1,17,7439040,62f227686f7360acd0575319e52c2d92f698a33e9ebed93d654606c911656199,True,,False,0,1,0,0,0,0,0
4826110,1,17,7439040,0cc59bcbf134ef0c0ef7be35733ae1312c77a89219def09556f05bef0402425b,True,,False,0,1,0,0,0,0,0
4826439,1,17,7439040,14352f2c725871b546f459bf88c0e4e4a3519ffcc41db4adba97aaf1353d984d,True,,False,0,1,0,0,0,0,0
4827723,1,17,7439040,1afb985d11bf1225b9e05a95a7f39c5c04567dfa30890de64b99fed67744f6ee,True,,False,0,1,0,0,0,0,0
4828341,1,14,6312960,08577df7ba2a3d7799fac42615ae4ae2ee8aa22682ba27bd344616359b3cb613,True,,False,0,1,0,0,0,0,0
4829935,1,17,7439040,d062f413c243dd32770902a3c85b7defb2ba7e4b0bfa3ecbdd1a41ea7dccf817,True,,False,0,1,0,0,0,0,0
4831728,1,17,7439040,19e8a74926d7f15420f174e4ff4441174ef46c86cea04c4c34581106d85e83a8,True,,False,0,1,0,0,0,0,0
4832175,1,14,6312960,b84a3ababda23ad96711a8a69f5a3ee013beb46cf746ac189511b30992173a49,True,,True,0,1,0,0,0,0,0
4832197,1,17,7439040,37c4a446d93c9f39339a3d7a9c85fc1cffd20ddb0f3e4d7ac577218f42c8f84b,True,,False,0,1,0,0,0,0,0
4832225,1,17,7439040,513ca7c64bde627693fa74183772cbeb35baf778b43bbe9ed5acce26ce30b4fb,True,,False,0,1,0,0,0,0,0
4832837,1,17,7439040,f2899b185753f241bbe63108f0d98c39b2e4cdb5146b1c7d3a4b4378e7e225f9,True,,False,0,1,0,0,0,0,0
4833421,5,17,7439040,262458ded433e8d03dea47448e7773ec011df2b40e6d38aa7e131b9ee20b9b6d,True,,False,0,5,0,0,0,0,0
4839180,1,14,5976000,85fca48e385df332170e4368fe016427e5ae7aeb7b90962afc71b7464448a99a,True,,False,0,1,0,0,0,0,0
4840156,1,14,5976000,427e42834e28414c9ef6ad51309447610b7b96213d919bedebbc5c6374c2cfef,True,,False,0,1,0,0,0,0,0
4840263,1,14,5976000,f580e57df2a561a28c4f032f518d309f89f2d4b64031bbda2e353d67411cb16c,True,,False,0,1,0,0,0,0,0
4840327,1,14,5976000,0c1e2e5868e65e4389c5846c0f16d070ffbbe9cc873efde5aa14a7b1281c6b4d,True,,False,0,1,0,0,0,0,0
4840818,1,14,5976000,6a6a253a2ccfa8836efbc5d447cb403fb99fce28f898b7592aeee583238fd0e5,True,,False,0,1,0,0,0,0,0
4841374,1,14,5976000,fffd259cf1cc1a12732670ec61a88784bbee8c1aab2dd28bb6e34d9b22906d2f,True,,True,0,1,0,0,0,0,0
4843592,1,14,5976000,456da8f9407993cbfa4b4bf89b5fd521f4cee0fa165a8c55247f3a59a140ce44,True,,False,0,1,0,0,0,0,0
4844004,1,14,5976000,b7d01e037bfe50ac62ebd72b52cc66369e085b1220380949b027c7c811366744,True,,False,0,1,0,0,0,0,0
4845862,1,14,5976000,0572dcd7503047d16bde710fd2a4bcaef317314f11e36014ec8c1c21c31f572b,True,,False,0,1,0,0,0,0,0
4847534,1,14,5976000,e09f6e44afd97479744ec006f8114adc87332c94747f232c876ca472319b8dbf,True,,False,0,1,0,0,0,0,0
4847782,1,14,5976000,5d35c3365e2b050f0657b4e5b46447e0816e75e7f00e4184209cb9a4e00f5822,True,,False,0,1,0,0,0,0,0
4847801,1,14,5976000,4d8c83727c65ebcc102b70c7c05be9cf81be4b0d7f9cbf30155a9aa40667ba13,True,,False,0,1,0,0,0,0,0
4847832,1,14,5976000,8d1910cc95082c31e247be358a0122e858b6257b7cb2f77fe73b198ea34fbf89,True,,False,0,1,0,0,0,0,0
4847843,1,14,5976000,53f0d8033442be754cd71f0d4c939e9fc2126dc777f5b0953eb9fab7b0d5ab69,True,,False,0,1,0,0,0,0,0
4848115,1,14,5976000,2d2b3b7ff314e3c5d0df0995457f02108c25ef0dfc82a9fe93f00c1e08ea0c64,True,,False,0,1,0,0,0,0,0
4848321,1,14,5976000,39981e635b070c267e149a55000cebe08d7fc55c462d90314d46169ec9fadfcb,True,,True,0,1,0,0,0,0,0
4848423,1,6,2721600,3a5cd160f2207abe287100a5bb1ccb564669c94b0783d347d53ab78252ba8419,True,,False,1,0,0,0,0,0,0
4848424,1,14,5976000,82199579712f41d486dd0104debf20aace85e3d9f45a0056dbc9de788d6954f6,True,,False,0,1,0,0,0,0,0
4850961,1,14,5976000,ade2b098c326c413da743fc5d0d74165ddbaf786f341a3b7c3ea468844efd8a0,True,,False,0,1,0,0,0,0,0
4851145,1,14,5976000,23d2058b966aac84dd1fa846f7b61513fa02f1518424abf77b27f7cad11db963,True,,False,0,1,0,0,0,0,0
4851217,1,14,5976000,b3fc91c2a76e871b240f7a9727f51743871f90538cb344a474657d0f3f3759db,True,,False,0,1,0,0,0,0,0
4851239,1,14,5976000,ec973a913e824fe4ea0c4bbed40192bae7e0e9321eebe3adafd7d76e3600d81a,True,,False,0,1,0,0,0,0,0
4851283,1,6,2557440,602a512639fa5eea0b32c0e44fe55a15e43a6188fc7759b8f430f6ccc9525846,True,,False,1,0,0,0,0,0,0
4851338,1,14,5976000,c45d85e440ef94f635dc517252743166ba17652feaf409d2e6eff5387382b623,True,,False,0,1,0,0,0,0,0
4851356,1,14,5976000,2aca4c445fa13cf2a10c2ab17d3a5408c897bcea7beb99fb83048b5ef219b6fa,True,,False,0,1,0,0,0,0,0
4851464,1,11,4849920,ffac3de5aa756c85802e1300fb74b517e42cc8adf92fc785fa527415e40229fd,True,,True,0,1,0,0,0,0,0
4851530,1,11,4849920,dd38761d724c6c9a5246d5e9e44a06b1c43933d730c851fa9593832de01f692b,True,,False,0,1,0,0,0,0,0
4852297,1,14,5976000,72836c8239112a18a97e2a3943defe870d4c2e694251145a18f0728c7c1bb0f7,True,,False,0,1,0,0,0,0,0
4852528,5,14,5976000,592dcd959c37c62573b98e3a14c599f2a4270cbe15ac0c9b2687847790474b75,True,,False,0,5,0,0,0,0,0
4857058,2,17,7439040,57cd3a51e824f513590a1284e7d3d5d9ca2a68dd57a9c21f8c503bfe3a32f2ef,True,,False,0,2,0,0,0,0,0
4857213,1,17,7439040,32beac4331eb11e318e36fdfb064d93d6058d54c47373cd6b550f1244e2f2bba,True,,False,0,1,0,0,0,0,0
4858610,1,17,7439040,28cfb5060e4deb75f8ed0933b0e1beb9067a2d84205f43605e6d02cada079953,True,,False,0,1,0,0,0,0,0
4860678,1,17,7439040,25e108e4c435b043295f06b3756373406dcb5bc4bd8d9a6e11192c6b3b815ef2,True,,False,0,1,0,0,0,0,0
4860932,1,17,7439040,922f2d8849d6e3b30258a580992b8140997ab3f577e492b63ca7cc30f4188023,True,,False,0,1,0,0,0,0,0
4861527,1,17,7439040,89505917158db98d4e9fc9029e3c2776969346ff314f167967f41c99778eec13,True,,False,0,1,0,0,0,0,0
4861736,1,17,7439040,2f9f8a57640209fb8936b5c27b8a489db1102736364310214c21d68048dad2a3,True,,True,0,1,0,0,0,0,0
4861784,1,14,6312960,145ba1f6b43608a0e3d5b972aec22a05148620b312ec19c1aa576c2a77325060,True,,False,0,1,0,0,0,0,0
4861791,1,14,6312960,ac49f52f2e44d161860397c3c44e99bdb9be586d3749fc63ee94c497c18efeed,True,,False,0,1,0,0,0,0,0
4862332,1,6,2589120,cbf27de241b4fc974353b370f5bb09ffa51f9caebc9914549f8c5402a234e211,True,,False,1,0,0,0,0,0,0
4862625,2,17,7439040,2faf154726cfc4913ea9505ec3f51254d4336e208340ed27030a4e2f545d116a,True,,False,0,2,0,0,0,0,0
4863260,1,17,7439040,ba5aa22fc78b47a72e276b52d3ca0cfb1694238ed8d244e903db2fc230ad9932,True,,False,0,1,0,0,0,0,0
4863369,1,17,7439040,a799829e44ebbbd29a70e4934bc936f8356fd82f5313f87718b7e62d4d247be9,True,,False,0,1,0,0,0,0,0
4863753,1,17,7439040,33edd9942c5a3571c47773aa8bdd58c32d0187778d4b639d6f37428e2d70bfe4,True,,False,0,1,0,0,0,0,0
4864734,1,4,1946880,ccddb67ffba8aa1acab2d796e0e7254a184ba908b9aca2b74d02eea4d8d8cc49,True,,False,1,0,0,0,0,0,0
4902030,1,13,5780160,58b0433fc4813b79e3c2fa1a34694987e1d97ec18d460f1500cebc162c72ba94,True,,False,0,1,0,0,0,0,0
4902202,1,13,5780160,141b4c5a652e6facaf6d90ebf83a7626c4ed9edf0ad063a8596ace07d6339306,True,,True,0,1,0,0,0,0,0
4908495,1,17,7439040,594008a3bd2de49ea33eeff571744c85316614afb0348cab8150943da22e0bda,True,,False,0,1,0,0,0,0,0
4909707,1,17,7439040,63ddebed9d6f32600177682d9d31c463d8f3037c6b8a138123b14d8cb20d0de9,True,,False,1,0,0,0,0,0,0
4912589,1,17,7439040,99ea99723b215d6c586b066bb14d1079be9c6eb5237af2b80da4ed998b4da255,True,,False,0,1,0,0,0,0,0
4912991,1,17,7439040,d221f24c5ace355c54d4f8f19bc597e1232fc17c35624135617205a668478cb7,True,,False,0,1,0,0,0,0,0
4913000,1,17,7439040,e78ac2b8811eea5301644a77a12d35d958b82dc53c21f599f0a4e5ecf3839cd7,True,,False,0,1,0,0,0,0,0
4913852,1,17,7439040,d3bbdb361deea2c5591dcb7171ca8ab0ce8848271524d18b16933a91f4676d48,True,,False,0,1,0,0,0,0,0
4914399,1,2,1013760,e8c1c2551fef9dbf64d5a07781138fa2c6ab60eaa2ed926ce4c4b6eba083765f,True,,False,1,0,0,0,0,0,0
4914423,2,17,7439040,d9722108705eeac0e93b1f482f60c9cbaf364007117bbf539ff66955f162edfe,True,,False,0,2,0,0,0,0,0
4914566,1,17,7439040,f140e074c8010ece211872609cfc851564a7d935ba52ee9ab7f53142680d2368,True,,False,0,1,0,0,0,0,0
4914709,1,17,7439040,adfd02be8f9d9d24caee78f432d89de3d176e823e13581325ff36c87a46fc46e,True,,True,0,1,0,0,0,0,0
4914737,1,17,7439040,e9759d5acccfc5cb2b9e249d5f515f7421f480c03a833f752f18503eac3c915d,True,,False,0,1,0,0,0,0,0
4915638,1,16,7246080,b53892c8f0032ae0061bb94c3071e170db179c3e0917caac870715ea0c56bb22,True,,False,0,1,0,0,0,0,0
4917014,1,17,7439040,8bd8adee66d9003e4231844cd0d47000770e2bfbf751515b6c4a35778face603,True,,False,0,1,0,0,0,0,0
4917596,1,17,7439040,aca48bd7e807ea3013ffdd38389c5ce1dc8994f646d9cba9363f16017ce7544d,True,,False,0,1,0,0,0,0,0
4927315,1,14,5976000,bd33fc832442c8ff27fb904a11727d91c62b32f1b339154752a8cf2bea1d428d,True,,False,0,1,0,0,0,0,0
4927734,1,14,5976000,58da1fd64d86c13329864e5c71db83e380e1f977619d2952ce0042b029352711,True,,False,0,1,0,0,0,0,0
4928119,1,11,4849920,1da595db479b2ead3e8783d3430cd40e670514f14de10183c63a329bb21952bb,True,,False,0,1,0,0,0,0,0
4929299,1,11,4849920,637930bdca77d1e9490faabcd80b87647147c2a6068c0f4db761359fa6eeb2f9,True,,False,0,1,0,0,0,0,0
4931073,1,14,5976000,5bce5a8239365ed90ac6c59e547d4242ea387f82aad0ade3b482e07b356cc64b,True,,False,0,1,0,0,0,0,0
4932348,1,14,5976000,722797c498b42541e012487e96f0718ef3e048654909122db16f3e3ffe1f09b4,True,,True,0,1,0,0,0,0,0
4932442,1,14,5976000,0e8ab4cf005f343e08794b7700d04d243c2428a09f5151a94c0152ff066a79dd,True,,False,0,1,0,0,0,0,0
4932689,1,11,4849920,185665678f87b667b22994ce1f20866ef05db16de1be267e10f6889852c74191,True,,False,0,1,0,0,0,0,0
4932691,1,14,5976000,1c95891296eab505323adfa50b1a58a46fe79a0409cf46343fecf807e25ba5d4,True,,False,0,1,0,0,0,0,0
4933476,1,14,5976000,ad06397e9d23510b31794e9ae9715ffdf203b165c78247407e5bd6fe6ca0ff61,True,,False,0,1,0,0,0,0,0
4935914,1,3,1330560,8890afd3b357510f64ffac5a071919ba065476f61a7fad6e6c83f6206b2d2511,True,,False,1,0,0,0,0,0,0
4936180,1,14,5976000,2fde49f1d792bb17771cf9bae95596e9adfa877534368c74d4af0ff79d0133df,True,,False,0,1,0,0,0,0,0
4936990,1,11,4849920,2c6c2fb0a44d2361683b527b7dae6a244324ca413344287f4d30f90cdddbf02d,True,,False,0,1,0,0,0,0,0
4937143,1,3,1330560,4d12a7eb202774e17a98658c47720363588e573e239349f1aff581d833b7a009,True,,False,1,0,0,0,0,0,0
4939346,2,13,5783040,34728904d6af4166b8de5167e37314062de44950f489390cda4a9114016da5f5,True,,False,0,2,0,0,0,0,0
4940201,1,14,5976000,66841eda54222421e9fb8ef88c65b0d56ba475d380f2e570fffa17bc379ccb22,True,,True,0,1,0,0,0,0,0
4940438,1,12,5313600,cc124c185edac80cb55b8d68a354b0b7bfd53f29c0cd046da466b7149e3b3709,True,,False,0,1,0,0,0,0,0
4945035,1,17,7439040,57097e81a5b932cad2e7604c6676fa5f5681bcde9dfede1717d22bf45ea37885,True,,False,0,1,0,0,0,0,0
4946049,1,17,7439040,2390acbb1584985caaa74f313674878a8c76c9759bf87d49257aca220830ccd1,True,,False,0,1,0,0,0,0,0
4946581,1,17,7439040,daa8fad08b76e2208ccba01d455844f0831a41c0290cdd3b27d0339013485e9f,True,,False,0,1,0,0,0,0,0
4946584,1,17,7439040,a7c39c3cd126f2a3319addaf0e72ac4d3b36fe532a59a2907bd47cb039486947,True,,False,0,1,0,0,0,0,0
4946680,1,17,7439040,df74d2e53afbffc04c2f5953370e912d84d29aa92ae57d4cd3145e28a81fd51f,True,,False,0,1,0,0,0,0,0
4947556,2,17,7439040,3273c3db44b9d4181e069b9cbfb86b568acdadef6cbc760242e7dff88da4fd3e,True,,False,0,2,0,0,0,0,0
4947726,1,17,7439040,04e70dbce0518a2762a0595b827f88b6bb60a96c3f72fdb8122a42f23d719304,True,,False,0,1,0,0,0,0,0
4948730,1,17,7439040,975fc0f42b8d8d5734c7b51fde4dfa1592aad75c0331fba12b5fb55b4b757809,True,,False,0,1,0,0,0,0,0
4948863,1,17,7439040,a5603f6190713d396392e0ea6c4064bd06bf31bfd144c856e3429e9c82b72ffa,True,,True,0,1,0,0,0,0,0
4949214,1,17,7439040,9170348734b75642bdc394b19bd6d5ed7f62e5e60baebbae0e67c8b8aef3bfbe,True,,False,0,1,0,0,0,0,0
4949524,1,17,7439040,3dd3496a01d3e538faa5d504ef6b1835564df7af55e2e990801edde45210a545,True,,False,1,0,0,0,0,0,0
4949751,1,17,7439040,a00aa9dca171cf8e12a31ee0d3e2b83570435057eab06c78372a1c68d575e97e,True,,False,0,1,0,0,0,0,0
4950232,1,14,6312960,6f4b61654a13076bb10992c7db588f53c161709ef2d080258a0c98dfbe7de719,True,,False,0,1,0,0,0,0,0
4950557,1,17,7439040,0316206b4a4b71b9601723258a42d8ff8501186f75b745c311e3838a0e01f95b,True,,False,0,1,0,0,0,0,0
4951249,1,17,7439040,d3dafe1de4543b30bc8794abd18710e53d688e70c9a7fb0d25fd8afbe54d7a30,True,,False,0,1,0,0,0,0,0
4952341,1,17,7439040,bbf63cc57edb0c9cb6bb72d83df610e676e43e4650ad94dfd402f7fe3253db32,True,,False,0,1,0,0,0,0,0
4953173,1,17,7439040,c106ff1906b9eeee2a3f21f92e6c495f93eaded82153e598c87fa04a90650fd0,True,,False,0,1,0,0,0,0,0
4953262,1,17,7439040,f8b9d7965fe26cf344e744d37ba00e16c59111df01328828fc4d01f54d90747e,True,,False,0,1,0,0,0,0,0
4989057,1,13,5780160,148b9ab86e297b9be33f411d9816f11d95a9333e2eff5b604b28a746b2c150f2,True,,True,0,1,0,0,0,0,0
4990977,1,13,5780160,071af6661e1158e20efda4dc14cf3b5c2934253aa5f37b368527fbee765d190c,True,,False,0,1,0,0,0,0,0
4991208,1,13,5780160,26f8bdc9325f1e17cea6082211fdce8bb9200cec86b34858758dd8cce80e0130,True,,False,0,1,0,0,0,0,0
4996558,1,16,7246080,625180b178c4c425f2f030767a125aef03b7fdef5b2ad7b6f6bffdf142d7aa07,True,,False,0,1,0,0,0,0,0
5000179,1,17,7439040,3f2873676fa6fd34d45252e8d0b80d5ddd801f8fbf32d7436b384ae9eb21fe22,True,,False,0,1,0,0,0,0,0
5003117,1,17,7439040,c8f419106fa96a3069168986b99d035764a7fd5b6e0dcc21d930720e4d6257bf,True,,False,0,1,0,0,0,0,0
5003670,1,17,7439040,0d264e78c631e8417b177a67a1e29080505dd38472ca082e42feab0a4e9f4d2c,True,,False,0,1,0,0,0,0,0
5004909,1,17,7439040,106723d155acaafff2d35e651982d6e5a6697731d65090e8f9cabeccf605a9e0,True,,False,0,1,0,0,0,0,0
5005121,1,17,7439040,3c8db56425ef128c4850691931742fcae8e5a64c335dbf8b492f17395e6ac062,True,,False,0,1,0,0,0,0,0
5006817,1,17,7439040,f01ebbc30bb59410806361724fc87f3c121dd775bf1f00a6e8ad5f40c842d169,True,,False,0,1,0,0,0,0,0
5007345,1,17,7439040,49213198aabcbc532496422c5363ea5034e314d16ce3733302bf94e10dfb37f7,True,,True,0,1,0,0,0,0,0
5008501,1,17,7439040,b00fd5d1681c8368896d821c9581e459f3ca6e72905ae28dd878978beaeec4bc,True,,False,0,1,0,0,0,0,0
5009189,1,17,7439040,5f57eac5147f6006330d94d25f91e02fccb6f893d5396fdb52fb1d8eadde8077,True,,False,0,1,0,0,0,0,0
5009688,1,17,7439040,9c82f649aa060180f7278c2908d4f4507f110d715b3912c8240d2f233fccb650,True,,False,0,1,0,0,0,0,0
5009743,1,17,7439040,fe2066e35ffc5df644a0b6df5bf6763f9ac2fa5af7ebe505481bb8c999b3b537,True,,False,0,1,0,0,0,0,0
5014753,1,14,5976000,7f8022bff51fec0092160899f886ad17a33ae2cb35a228f86384d18e0f0a293c,True,,False,0,1,0,0,0,0,0
5014903,1,13,5783040,e8830091a31f5e4574439ea01affcc2bab2e8eabafb814a235cd02d99f80ff3a,True,,False,0,1,0,0,0,0,0
5015459,1,14,5976000,070bdf66825c102ba5993c2f8ab22e5d74a9164bcb3778403b5311326f5b990b,True,,False,0,1,0,0,0,0,0
5015913,1,14,5976000,d2707c4404a33ba9c37711e2c58ad5b7369e577a382cacd4b36d94d886155f55,True,,False,0,1,0,0,0,0,0
5016163,1,14,5976000,444ab67c85cec5fd8534e9d23fd8bbed25df5c158041432cab0edda974c6d6aa,True,,False,0,1,0,0,0,0,0
5017058,1,14,5976000,20f8c9f7e310c0b1e5b38295a1bbe2702dd1b709ab5dd74fd088c46d4632a195,True,,True,0,1,0,0,0,0,0
5018787,1,14,5976000,3c474e7549a9f6519e6bd55a1974c1dee9fd13cc80aa062ace17f7477a1c8a6c,True,,False,0,1,0,0,0,0,0
5020034,1,8,3421440,e825cdd05b40aa38fe81e8db879cca9d6aa86558845a8d738961707f7e86cb74,True,,False,0,1,0,0,0,0,0
5020044,1,14,5976000,848f67f8f1d84bcdb2c239f0cceb60b11990682c56a8fe991a76c39013457f7b,True,,False,0,1,0,0,0,0,0
5020319,1,14,5976000,484b8727432cdf4d1d5b7c38ddac132f12ffbc11a170e17745ee91a0a9803bac,True,,False,0,1,0,0,0,0,0
5021174,1,6,2557440,d9b4adc01467e677a1fe3d6f8a04cd8b1bb2a8f8961c18425f7a606adb2c591c,True,,False,1,0,0,0,0,0,0
5021176,1,14,5976000,a9a37a9a01fa443e61f19f5283d309a5212ae77f095d5048ec76866116142f95,True,,False,0,1,0,0,0,0,0
5021732,1,14,5976000,73a7802b0ad6887f8dc4a249db11438794ab860fd1f62f73857c6d223f824a02,True,,False,0,1,0,0,0,0,0
5021737,1,14,5976000,129998bb8c1855e608788b9aa6a8db82825f93dfae03628a223274cea9394136,True,,False,0,1,0,0,0,0,0
5021899,1,12,5313600,6de467ae93c49db47626f32b22cfa9cc35f80c0f225eba64eb04ad138cf86539,True,,False,0,1,0,0,0,0,0
5022440,1,14,5976000,0ac9894df8ece088022df56be9784aa081726a71194bfe67438f35b348a1f84d,True,,True,0,1,0,0,0,0,0
5022828,1,14,5976000,f34f2a0f7a7f4965fbf5c2886ee8e962a3e6eb7f28d2d53f01cf4fad7b373d4c,True,,False,0,1,0,0,0,0,0
5022900,1,11,4849920,98b4be59cb4e6126f016c069c0fdf2c6c596793448263e7f85edb71529d34e70,True,,False,0,1,0,0,0,0,0
5023948,1,9,3888000,ae3734ff76d6a3c05eab7b9bea48e84c42e03cbe24d30b56c13d69f3777e4644,True,,False,0,1,0,0,0,0,0
5023956,1,14,5976000,a8651a1577a0a0d04199110c65e1197b6a70ccd642dd63d4c42de859b7a2a5cd,True,,False,0,1,0,0,0,0,0
5024126,1,11,4849920,4d88727f9d10d8d5acb840498008f916779169bcb1378f21375a5403a6d1a583,True,,False,0,1,0,0,0,0,0
5024138,1,14,5976000,66584ca57a4993b1bbd5e091d8e7758c6641e64b614538014d8460253bd62d68,True,,False,0,1,0,0,0,0,0
5024177,1,14,5976000,2e75acd84f990e9e5c48c081833c3ee00fa5ea20dda4a38df3a2ca4d92f5fae7,True,,False,0,1,0,0,0,0,0
5024292,1,4,1765440,9bf5b9eb30c688fb7db840447fadd9de94e1b15db6b8e7a362766fb45bc030df,True,,False,1,0,0,0,0,0,0
5024414,1,14,5976000,3393ebb51dfcae2d7adfc36b5508019e3fe72ec8af860dfc60fe6642c954f2e3,True,,False,0,1,0,0,0,0,0
5024429,1,11,4849920,7e7ccff18ba1dc91a5b47edeb720201f7dd1ef85c98827dd429c8fff78e05050,True,,True,0,1,0,0,0,0,0
5024450,1,11,4849920,4b48fae1d896bfc597634ae0073691547d893f2f866aefdc42961bc0fd743ec4,True,,False,0,1,0,0,0,0,0
5024482,1,14,5976000,d1f2bb4cd5bd7c7b6edc4fb5fe4c350117d52e24dd9931eaf95eb65dea5b21b8,True,,False,0,1,0,0,0,0,0
5025217,1,14,5976000,d9dea7d1cab34ed41356ce3c1af2ff50a016cb8ad1aa72eb08119a685f4e204c,True,,False,0,1,0,0,0,0,0
5025294,1,14,5976000,d2cf033582139dafff479ae0f55056111237b9e9cdb85ce2ecae9db0eec797b4,True,,False,0,1,0,0,0,0,0
5026023,1,14,5976000,e36599c8395d6f5679bca9953d0814b4e60ac51b6a3169d440f0caa63d49d36a,True,,False,0,1,0,0,0,0,0
5026187,1,14,5976000,98ce5f013fa602a73b5f3368185cf789c6273a2f8d3d54fbfbf53a37b2082e53,True,,False,0,1,0,0,0,0,0
5026326,1,11,4849920,b67bbc9a2d720bf8a808bfb3d6caf462953fef3999b829f4b94452701c76b08d,True,,False,0,1,0,0,0,0,0
5031857,1,17,7439040,439836726a877214c09f4d54fb9b69286235d23986348cf8526d505fc8e7a89e,True,,False,0,1,0,0,0,0,0
5031882,1,17,7439040,cbcac4ac5361e938cacac4932f4cc80a9c9478d77b9469079a801527e101a2a8,True,,False,0,1,0,0,0,0,0
5034333,1,17,7439040,cd01ce7a3d84e47493fe07ef3f67c4a1026b63e8ca40ca52e73a53bf4b71d9e1,True,,True,0,1,0,0,0,0,0
5035972,1,17,7439040,aeafbc1a7463818130752ec8cbf8c2fdef4224b1dbfbed3575c567daaad02d52,True,,False,0,1,0,0,0,0,0
5036480,1,17,7439040,9f067a4014e70fe479e4dac1ac64602910bb8ac163ab4655bce05ac35943bef9,True,,False,0,1,0,0,0,0,0
5036516,1,1,506880,e280b5885f5f99222e0c82061a374cc44633288c0936a39ac814f5db4e55e0d4,True,,False,1,0,0,0,0,0,0
5036530,1,17,7439040,775f747a79c46a9a975b67af92fbfea5aa5bef09170fdee6428bee895bcbf1f2,True,,False,0,1,0,0,0,0,0
5036537,1,14,6312960,6b6000ea79c72c1e2e154a92db055ca16299e98fa598cc8a0150eabffe76d100,True,,False,0,1,0,0,0,0,0
5036538,1,17,7439040,4cf7d8263186e38db0708f100575ef008db2cc49a47ccc64a0d026e358fd6687,True,,False,0,1,0,0,0,0,0
5036705,1,17,7439040,43a4277e5c990ace1d44af0953849ddd4371203e8db23ef94e23abdc519ee520,True,,False,0,1,0,0,0,0,0
5036966,1,2,1013760,cf284c48cc60bb06eaadd9583cd8e56a6efe67983155be72471320d79577e2fd,True,,False,1,0,0,0,0,0,0
5039053,1,17,7439040,b2861d2cdb3e2051bd385dee15bd45dd2926a93b99f33b49e1163eef563f8d59,True,,False,0,1,0,0,0,0,0
5039129,1,17,7439040,bc3838243030507ca7622a600ddc2f69ebd2dc8072781a24f171eb9e89b8a4a9,True,,True,0,1,0,0,0,0,0
5039441,1,17,7439040,bb177c575e42e7dbaa2afa0ae36e1edc4d1da67d599562f2011f980430b213a0,True,,False,0,1,0,0,0,0,0
5040223,1,17,7439040,98296eb5152787a619b37ca8f38b1ee66aaab60a9d0177b1194495af000205ea,True,,False,0,1,0,0,0,0,0
5041569,1,14,6312960,9125f3e644fa0f0c09c62ffd0d1a613d3360d26ef232dd56d8f596b4bb40b050,True,,False,0,1,0,0,0,0,0
5041847,1,17,7439040,31b540a2e2792047254b535e59febe0cd94b250bc56fadfc1e5fd76e123e329a,True,,False,0,1,0,0,0,0,0
5042210,1,17,7439040,dda3f885dd70ceed3633fa7bbcb213b29c1362631eccef70850c7dda2d792d19,True,,False,0,1,0,0,0,0,0
5042785,1,17,7439040,bf24bb4a2c1f67e9458fbf106e0f61185ace69776b2907611968f7695dcb8ae2,True,,False,0,1,0,0,0,0,0
5077629,1,13,5780160,b1dd84454c4f160d421536eecd55cdbb27db84fa28d3aab821e13ac103366a24,True,,False,0,1,0,0,0,0,0
5078025,2,13,5780160,35ee59c85694a311866dfb0ba988032312668f554a0b3e9cbccd2255c8cf084d,True,,False,0,2,0,0,0,0,0
5078879,1,13,5780160,dc61e28ac2bbe9a3ca195f9981edc3cc6db7f79ec83ffb4304b7d709c951b457,True,,False,0,1,0,0,0,0,0
5078939,1,12,5587200,19334e48a37f76137ecf4b15ab7b151b92d6899cf6a15e1d0ec52371807f179e,True,,True,0,1,0,0,0,0,0
5080346,1,13,5780160,dd6699c8c771cc775df7d5fb859badeeac044198998970aeeebbd84fa9a8dd7c,True,,False,0,1,0,0,0,0,0
5080636,1,13,5780160,7d5537767fa6e69dd2df2d4edc2ac38446dec96b5cbd62645884b63a6fe0a395,True,,False,0,1,0,0,0,0,0
5080652,1,13,5780160,4fda0b57b1b1b76217f4e4e56f40e372ce38aff7ec4fadd2d216b3f5673f9c8f,True,,False,0,1,0,0,0,0,0
5083252,1,17,7439040,3f8d11c7bc33700aea85910037dbd015c81f1ecf9d9f78a3a4a17ae4fa320c61,True,,False,0,1,0,0,0,0,0
5084171,1,16,7246080,29850a0c0d2904a4a63f72ad2f3ed100af529deac1aa930f38481db8d7ec8b1d,True,,False,0,1,0,0,0,0,0
5084942,1,17,7439040,d5b41c2ba1eabd2984ff68eabc1be248c3078118cd764742a327516af8875e63,True,,False,0,1,0,0,0,0,0
5088400,1,14,6312960,6bce7748aa0bad21ee4daea4ae0d90e8ac5328e4a6663bf34dd50654e9db0586,True,,False,0,1,0,0,0,0,0
5088536,3,17,7439040,9be71c5b0d140831bec58c9fe46c2de99e11fb6d2557b2450b19185c249bacb9,True,,False,0,3,0,0,0,0,0
5088591,1,17,7439040,3f3703b6499fd83fbbe1838d374b41324947918668ca838f5eb51e2bd4b7f4df,True,,False,0,1,0,0,0,0,0
5090690,1,17,7439040,fc629ff62df5c60af600f738daae1a9541880f27919ac89e0f0f92b547aa6aa7,True,,True,0,1,0,0,0,0,0
5091016,1,16,6969600,9da1d2bf2a8ec5a9175e06cedd8720d909907417fcdbd1d6b5b835b9287c4945,True,,False,0,1,0,0,0,0,0
5091614,1,17,7439040,e9a31860a6091467f1e84c8400e35a26a0aab1f1a2ef549aae05be2205bab9be,True,,False,0,1,0,0,0,0,0
5092266,1,14,6312960,a5b8e140566411470865385709b015a579fa927e0d7ceaaf21127689854c36e0,True,,False,0,1,0,0,0,0,0
5094412,1,17,7439040,b62434afe0d7be5d8322b17094728dbd36d9a5dd298492bd4ba9f34384e79b9c,True,,False,0,1,0,0,0,0,0
5094751,2,17,7439040,8857e9b38c82df4498c0b89e0c7062a56bb4ff9623e71173ce22696b9ba90c45,True,,False,0,2,0,0,0,0,0
5095082,1,17,7439040,e6fbcda39bc8d442798b7b701e879e904c3e8cf37b9d169631b59b396661b5a1,True,,False,0,1,0,0,0,0,0
5095269,1,17,7439040,638713e27f32d0a5b6d5efb4ca10cbfbe7d0a542d363705956fe7258206cfb38,True,,False,0,1,0,0,0,0,0
5096590,1,17,7439040,16a6df76f62719d3ca5d83a40fe6b43374d68c07b5722f7c0402c444801fd6da,True,,False,0,1,0,0,0,0,0
5097454,1,14,6312960,58bc50f7115e0a2d9f17b5074e552d60c8de4a5f626f92300e0be4f0023ac287,True,,False,0,1,0,0,0,0,0
5097470,1,17,7439040,4c3d612c8491d19eba8380dffd74e4e6c77a422ef1bb0cf4f8885e567778cfa5,True,,True,0,1,0,0,0,0,0
5098444,1,17,7439040,97d238652e3851b8b434c667242f0bf9b133c40500252beaf216b01bfce2064a,True,,False,0,1,0,0,0,0,0
5103942,1,14,5976000,b487fed66fa802b2650ac7629d65fa605da2267a358676f08e7402d7b145c08e,True,,False,0,1,0,0,0,0,0
5103998,1,14,5976000,62678478a9fcba03cfce1eab8b5e64a1bdb6aff7380481394948414c59cf5d32,True,,False,0,1,0,0,0,0,0
5106313,1,14,5976000,f4887034539017a3eb26954e2c0e8ea15bca849f7943a4cbc49e5740cafebd50,True,,False,0,1,0,0,0,0,0
5108946,1,14,5976000,ad5fae76b6eb95a52a9ee55b18c2096ebef65b9c34fcb2e776fac99b3dcf1303,True,,False,0,1,0,0,0,0,0
5110423,1,13,5783040,513e0f9ffcf802ace30dbd8344adb2df0d1d832edf94146cd1eed172ebe19f2f,True,,False,0,1,0,0,0,0,0
5111801,1,14,5976000,7ea600a10eab97886a22ff49d4830de475a36857d72b8bec9102b0ee5151397b,True,,False,0,1,0,0,0,0,0
5112198,1,14,5976000,8a4f25425612a599cd0e0c4b106eedeeedfc092c57d190a50c3f27acafa98d1b,True,,False,0,1,0,0,0,0,0
5112567,1,14,5976000,5e1e8d12d0a5354a54473c12f18841382a4c15a844e4f208e1a0f7b6fd83d5b1,True,,False,0,1,0,0,0,0,0
5113053,1,4,1765440,b9deecc0976c02ac3d6c7c18737c61ff56a948ca45c1352ac7c61f046b46daf0,True,,True,1,0,0,0,0,0,0
5113146,1,3,1143360,e4258503a38dc907a7e7e0771a0459eab97a9aa5825ec74bb62cc049b7ddd6fc,True,,False,1,0,0,0,0,0,0
5113809,1,14,5976000,735a44f11e8b8a96175c6c90ea5532e16aa40eb9ff9772db4fbe969f505fe2eb,True,,False,1,0,0,0,0,0,0
5113822,2,14,5976000,9122b687cdb1fe1940d32c2124209b88d7f6cca3f4c3d416c324c9d320000941,True,,False,0,2,0,0,0,0,0
5115178,1,14,5976000,dfbb29dbebdab37347adec2b58fdc4685a2a97c5b7a1f472ec72b5f882779e42,True,,False,0,1,0,0,0,0,0
5119619,1,17,7439040,e66df397135fbdb7da969adcbfd5b8901c84970b2f8f909da890a11af750054a,True,,False,0,1,0,0,0,0,0
5120087,1,17,7439040,c7d87ac8acad61b8927a2a1e5ad4364dbb00b139ca96642d799d4700fb21e5d4,True,,False,0,1,0,0,0,0,0
5120225,1,17,7439040,8076ebd9a2a8802f9dba7d8c59e9c2d239aa9dbf81b7b41649a526dbfbc01d2d,True,,False,0,1,0,0,0,0,0
5121173,1,17,7439040,84d873d77d78379cd4841e954cbe6d2c745d44229887314c4b0996396da6aa36,True,,False,0,1,0,0,0,0,0
5121511,1,17,7439040,212c04171eeb6ae59b8e27f4b9b72a805ad7d750a0b12fc2fb40469997385f1d,True,,False,0,1,0,0,0,0,0
5122112,1,17,7439040,f759412d820d16ef0125db62a64a292ce3b1735051505045aaa236f6b05f21b1,True,,True,0,1,0,0,0,0,0
5124254,1,17,7439040,53e9e176f53316777b7022b85470148eb4904c3ca6e4966b6ea76ef30308e6f7,True,,False,0,1,0,0,0,0,0
5124667,1,17,7439040,57aab8189bc83db03a3e7982323788860d2c2c38b661b75d58391baabb74b325,True,,False,0,1,0,0,0,0,0
5125048,1,17,7439040,71c93fb494016375cc84db07c551eb3988cbea9c0466f8d6f166e4cd10a4c0b0,True,,False,0,1,0,0,0,0,0
5125347,1,17,7439040,66f75bae68c61331422decf6ed9b2ed03df09202cad941d6b15f08adb73d9ae8,True,,False,0,1,0,0,0,0,0
5126627,1,16,7246080,d2286fa6f89c79021e37a4e1b8c28437d32aa7da7b71e1f8e2f6042f592a008d,True,,False,0,1,0,0,0,0,0
5126932,1,17,7439040,9ae22ef1d60bc98899ca50946365a1676d11a9ac6e5c01572abfc17fd6c4a2e7,True,,False,0,1,0,0,0,0,0
5128673,1,17,7439040,7a3119761be419cc3d65fc904e93ad4fc09b0865b3bd197cf5ab6e9ff7ba6131,True,,False,0,1,0,0,0,0,0
5128966,1,14,6312960,f260d91b810cb6922dd3fde7344e6de3feb39f760b6ae1d794e4a13f6a5b2a9a,True,,False,1,0,0,0,0,0,0
5130369,1,17,7439040,6c309bfc70c71da9a76b463179baf0e978f3e1a33880a736204ea83ec1eb8252,True,,False,0,1,0,0,0,0,0
5130380,1,8,3551040,eb41b980a799308564670801bfeafd39f7fbef9ae34b65c54a259dfd287d271b,True,,True,0,1,0,0,0,0,0
5130563,1,16,7246080,134e7e01fc44a6765fd295ecb70652b7d8e5e8a07e2f53a8cf7339b947b9cea5,True,,False,0,1,0,0,0,0,0
5130740,1,17,7439040,e6cd443dd19605753a0b88ec2b003e0bd7b2eb1c3f47de3ff66ac000d7e1d1b7,True,,False,0,1,0,0,0,0,0
5130983,1,17,7439040,1428186b62723207489f2dba3d448432e52d87dbf5e23dee452d51e5b1fbf439,True,,False,0,1,0,0,0,0,0
5164255,1,9,4181760,f1702e95636f6c62d89c894e083bddfb99247b8b2abdad23b614d9e02b42502d,True,,False,0,1,0,0,0,0,0
5164794,1,13,5780160,8b1e56f5677c2e353a631996a8baf1e54e9177c6ff435764fba837983f138f82,True,,False,0,1,0,0,0,0,0
5168498,1,13,5780160,1d3f2463567368ad8d742109519dbbf57a4c3c65a7be91bb2a21dff37253b885,True,,False,0,1,0,0,0,0,0
5172274,1,17,7439040,c395af1526c3777a73d91878494c4fca1fcf44a164aa4689ce066dd47499381a,True,,False,0,1,0,0,0,0,0
5174492,1,17,7439040,3a0236caa15ac4c829314f9af3ddaae2b754e29a57b38955809a7d05a807893e,True,,False,0,1,0,0,0,0,0
5174677,1,2,979200,33a611929e520235f6fa96ee46d99f9e9582346db142bbe17dc59fa33441a911,True,,False,1,0,0,0,0,0,0
5174858,1,17,7439040,209bc76526777533d7cd445ef6ebfa282b7e5c59a753dbcc9fdf49fd9ab4190c,True,,True,0,1,0,0,0,0,0
5174920,1,17,7439040,424d75bd96616ddbc0636185d84d23da641ff97fd35ebec9c916c311dc77c21c,True,,False,0,1,0,0,0,0,0
5175024,1,17,7439040,f59385f2c562e707d16425855db5e4dc8183dd071153e9d37eee50363c50372f,True,,False,0,1,0,0,0,0,0
5177104,1,17,7439040,fc38f959ebebcc60838c1ba0303867a3cec6be823f520537c8140ff7b582130c,True,,False,0,1,0,0,0,0,0
5181455,1,17,7439040,19aed27544a0c821b3f3e248be2d2193386021e7d04241e7ba85572488623682,True,,False,0,1,0,0,0,0,0
5181804,1,8,3551040,cf01afa0e42157edb374c4d093f1309fba02b10369aca6273038ad1a9a7f37d7,True,,False,0,1,0,0,0,0,0
5181817,1,17,7439040,f193e0fd5d9097775966adedfa1d82823b481215ab43ada890b93c3284526be8,True,,False,0,1,0,0,0,0,0
5183357,1,17,7439040,fe300892aa58eccdc06275ced90fb4a5dc36c8d47364a36db12cf8a5b3bdbf68,True,,False,0,1,0,0,0,0,0
5184584,1,17,7439040,67186c4fc38b628803c11a17c1db8b2b2ed7a05ce16f7d5d56fc5437dc04885f,True,,False,0,1,0,0,0,0,0
5184709,1,17,7439040,aa6329b3491db5bb19e6dd2724e9df7abd34060f4a357a42cb5367be2634b0bc,True,,False,0,1,0,0,0,0,0
5184911,1,17,7439040,4269b85e4e9ca7b41ce5c74b22e7d7f20dad938f56a54e0a45a6f0cfccb1e717,True,,True,0,1,0,0,0,0,0
5185765,1,17,7439040,bfe5a9bc397c9581c94f279444449456f6f041ff8b45df55a4c3bf5e879b94da,True,,False,0,1,0,0,0,0,0
5185897,3,17,7439040,cc385497beb996f64e447c7c4fe1a788b5a4851fb3a79ab0e5cb62c44f8627ec,True,,False,0,3,0,0,0,0,0
5193077,1,14,5976000,0acc6e2f662b6ee7d1f4ea88ef0a15bec78b5b7433c10bc9caae93d3c6d159eb,True,,False,0,1,0,0,0,0,0
5193384,1,6,2557440,2d462ebfa0b7e87c2f6fbbfaa1f7e1ebc8c5107724219374b1884d229f28fb5a,True,,False,1,0,0,0,0,0,0
5193386,1,14,5976000,2bdbf562b5daab0b71f9f826e2687adfe027bc8df459d9359bd578a26cc5f4b0,True,,False,0,1,0,0,0,0,0
5193400,1,14,5976000,f86cdabee0744e018e33e08df198a1b2bf61f30f27bdc9b56c0c3329e072f381,True,,False,0,1,0,0,0,0,0
5195172,1,14,5976000,84d112cf06d27575a331e75545cfc42421cf659ddb04c7b96270c2517a8fe76a,True,,False,0,1,0,0,0,0,0
5195945,1,12,5339520,c0f3c8e549db99f42c96a4121a0654c49894bc5db9acc7ed5713692e498c8cd6,True,,False,0,1,0,0,0,0,0
5199426,1,14,5976000,cef0c1485534a7173f2afca34e9e00dc287bcf09eeded0d22935dcc63331f031,True,,False,0,1,0,0,0,0,0
5199978,1,13,5788800,354a8cdc9d0e0172067d4852439a234e5202779695e2cc0c39e045a631d2563c,True,,True,0,1,0,0,0,0,0
5200084,1,14,5976000,3d2a5083c8a2ffab9f41791cba0c8d30b9b9594b0831ad1dfb11dda44776a77e,True,,False,0,1,0,0,0,0,0
5201115,1,14,5976000,fca4e0ce9ab4dc92d45865ee213178e2936563d7f7a611d96c80d6ff53b14a96,True,,False,0,1,0,0,0,0,0
5201593,1,14,5976000,82d43b4b62fff60fcfc0ebd969c728df004efab9db4082bdb7edc5b437b4aa36,True,,False,0,1,0,0,0,0,0
5202905,2,14,5976000,757eb072b925d740b9506d5cdb0b51ef2918626131f9afac898c317784403ae3,True,,False,0,2,0,0,0,0,0
5206233,1,14,6312960,6e46520d4beda6da32622ade95dfa31829ab3c3ca76cc98d5d7cccc13a1b54d6,True,,False,0,1,0,0,0,0,0
5209845,1,14,6312960,b3cc37570927cd92b3c6d3f41a0d7975cebd1c9f95f2fb68fa8787e7c3dbfaf4,True,,False,0,1,0,0,0,0,0
5210475,1,14,6312960,bf04d9d985d6754c1ca08ddc5c0ea07b7ea2fe820be6cf51d5ec140ca867e28d,True,,False,0,1,0,0,0,0,0
5211199,1,17,7439040,110a9dd071d3b35ae547cb26984641aab6c73dec7014872f0541034cb56a8bb0,True,,False,0,1,0,0,0,0,0
5211470,2,16,7246080,5cf66599f8272560d9720939e8bef70209feb888cc8bf7d103a8c4a1f958343e,True,,False,0,2,0,0,0,0,0
5211922,1,17,7439040,3032f33457b08d994cfdfb381c44c8c82f30ddb5154765e3921ed9c72f0c9d8d,True,,True,0,1,0,0,0,0,0
5212220,1,17,7439040,7e516a6bbe4b7f8659043746935961928c5266291bb451df070579cbcb8f537a,True,,False,0,1,0,0,0,0,0
5213230,1,17,7439040,bb2b8f85362a08575e2495e61b499eb378efb9e6a6b773d97aef3337dea92f2c,True,,False,0,1,0,0,0,0,0
5213404,1,17,7439040,d53cb43c201d63a4806f778cf69cdf2a79120a6802d00cd3285a1834e87ef75c,True,,False,0,1,0,0,0,0,0
5213902,1,17,7439040,c2ed31f4811ab1a0bc9ac332cecc98d5377e1aa19b7b25454f3ca234113a116d,True,,False,0,1,0,0,0,0,0
5215251,1,14,6312960,bdd2558ba2c2b9dad38e9ec019fb177634ad51f66d3f3448feb2c6bccff8bae5,True,,False,0,1,0,0,0,0,0
5215700,1,14,6312960,1ff1b5cbc18998bbacfee0d11b5c29861a3c219d09c535dbd4891d148c6210bb,True,,False,0,1,0,0,0,0,0
5215980,1,14,6312960,1af891e92c0fe2d3b5b59b7ae3c45cd6f6db94030d4768690bafb8c63cac3e62,True,,False,0,1,0,0,0,0,0
5216727,1,17,7439040,918cf9fc604c76135688e4cee54021899eea666829e8eba4402fd6a79c814a17,True,,False,0,1,0,0,0,0,0
5217574,1,14,6312960,14183e14d621339f4446ab7e75d7902584d5d3377426ac8e366446f006203912,True,,False,0,1,0,0,0,0,0
5217586,1,17,7439040,52b9257dd7bb3d5081c40a59a033625155a1d4be6f4fc2d69fed0239b96ff9c1,True,,True,0,1,0,0,0,0,0
5217733,1,14,6353280,ecb4de5f626bacebdee521307bb1f6b56af5783c406f5c79427b7fb6071d5dc5,True,,False,0,1,0,0,0,0,0
5217891,1,17,7439040,2c370fe8c59ea864ceb43b117d692e7bd05a4666500f90333aa917b638d3fc7d,True,,False,0,1,0,0,0,0,0
5218014,1,17,7439040,2236c977b488d890f9bd87f83d2925a8d4632221d601a202584ea92cd3357ba4,True,,False,0,1,0,0,0,0,0
5218441,1,17,7439040,370068cc469d354dce274493f628ff740601bef2c2b97b04e720dd6c5bb2f9f1,True,,False,0,1,0,0,0,0,0
5219234,4,14,6312960,b8cdbdcc02cfbc47e140f6dfe765b88facc2045c59fa2dd9a6eb82af9cacb27b,True,,False,0,4,0,0,0,0,0
5252423,2,13,5780160,ffe45dbc634748c6d034e39907d9b004115a5d6804ed07913188295b7159d691,True,,False,0,2,0,0,0,0,0
5254230,1,13,5780160,610afba93eb2f2aea4ae19af72a4427ddfbbf3ecfc3a73cf1f9bb3b40943960c,True,,False,0,1,0,0,0,0,0
5255552,1,13,5780160,180a5a96650ca16e160aa03c4a18b6623b3bd870d21424c0ac1dec23e23dd5a2,True,,False,0,1,0,0,0,0,0
5263802,1,17,7439040,4cb014b70be731f201acd36962a458d8f3edb739a3ea5ce0ce0221802ca3f1e3,True,,False,0,1,0,0,0,0,0
5264304,1,14,6312960,96033520d218f818764d760de6f180b9474c18dde7ffd9425e75b07f42f6d02b,True,,True,0,1,0,0,0,0,0
5266937,1,17,7439040,acbc761bfd373f7135a1d7bc7617c94d2efe53397e027fe447ad31c0caefcca6,True,,False,0,1,0,0,0,0,0
5268955,1,17,7439040,da921aef01995d3d820717a9c695acd753dab4f2603c4df05361a32ec3475d96,True,,False,0,1,0,0,0,0,0
5269407,1,17,7439040,d485c68b35a9e3c7fce0a98f7ef49353d5df472a9cf77dba921159ae007139fe,True,,False,0,1,0,0,0,0,0
5269467,1,17,7439040,87e4a02c996e1defd7fa793211ca6249c905726f28f6494e5d84c5fe437b316b,True,,False,0,1,0,0,0,0,0
5270698,1,17,7439040,2932981d02de29942bb5cd300c487aa4accad82482a9604d53ec719177b2ea04,True,,False,0,1,0,0,0,0,0
5271608,1,14,6312960,b900a0e067f65b2176e8ac1a46b17af50e6d803597312c0f54d4e38998bf992e,True,,False,0,1,0,0,0,0,0
5272233,2,17,7439040,2b0f76bf6beb4c497de9d2e25b4820f462c561de9f27776b7073cd01b0446f69,True,,False,0,2,0,0,0,0,0
5272571,1,17,7439040,fb62c87b36d91f84a4a57ecbca552dd3611cda0821a6b8268d32739746260ad6,True,,False,0,1,0,0,0,0,0
5272878,1,17,7439040,d033e5ef1b04aa6ee69ff61577bad949bfa87d3caf3f16255b344d36f1a8ca9f,True,,False,0,1,0,0,0,0,0
5273713,1,17,7439040,3472dccec8445ee9d3b3f47d67d6b7c8525136aad8c46822df2451693dbd14c4,True,,True,0,1,0,0,0,0,0
5276332,1,17,7439040,ff79259aaa50d38adc2394a19f80156fabc44bb949c33a5f3fd8c3e7f2733ca8,True,,False,0,1,0,0,0,0,0
5280587,1,14,5976000,d52db53100ec07bd27f602bd8d81efd9937fba201dbdddd7959ad74f9802e55a,True,,False,0,1,0,0,0,0,0
5281113,1,14,5976000,27566a74363940de664f27d2acb47145ca36025acd8ad830520bbac949545310,True,,False,0,1,0,0,0,0,0
5282049,1,11,4849920,0d05acc64ff9cea3d2b6fdaf03f3c08b49637d6847ecaebca5265b85e7136ae1,True,,False,0,1,0,0,0,0,0
5282051,1,14,5976000,3f0dc36fdc4fe42d828b3427f5c8c441be05fe25d2e2ec2790173edf4ab8c12b,True,,False,0,1,0,0,0,0,0
5282477,1,11,4849920,486bb1fea3835703cb40627ec6b008ce1604fb7ecde050278e076d98663f2273,True,,False,0,1,0,0,0,0,0
5282656,1,14,5976000,36e58ddf80d20ef20195db42ffc56616c3d20f9032b81dbf7f2b51c6f09ed6ca,True,,False,0,1,0,0,0,0,0
5283542,1,14,5976000,291acd1e5bb97cb6f0f49cc61da8815a0f1b718c06f925def02133fb07528108,True,,False,0,1,0,0,0,0,0
5284133,1,14,5976000,20a1d241269fbd419365a762773b0db8be0d7684edcfe63fa092aa41be9dbedb,True,,False,0,1,0,0,0,0,0
5285607,1,14,5976000,7a7e29351416cf1dac41eb83c5947c05cbe8d69a8b28e63fdf15bbcf76f99443,True,,True,0,1,0,0,0,0,0
5286786,1,14,5976000,9aea332176ce6d2b6c09953dee74635b6a1faace182b9637626d3c9687961ee8,True,,False,0,1,0,0,0,0,0
5287983,1,13,5783040,2c7d6b96e3e1938bb90076ee843fa682fa5f019418185c9e825aef771e481cd4,True,,False,0,1,0,0,0,0,0
5288543,1,14,5976000,c00140162c3b13ee61a1eca33f10bf8f194b08c8c08c690dd4e01e40ad954c14,True,,False,0,1,0,0,0,0,0
5288570,1,14,5976000,afbae5c4df9ba3d56cd4a4e8edfa11db1ab4ed9b1381a8928cef717d9cffdc44,True,,False,0,1,0,0,0,0,0
5288577,1,14,5976000,020ee09759505a949cda39f135f9ea88eafa1eea321b817b3a17b412e2c690f9,True,,False,0,1,0,0,0,0,0
5288744,1,14,5976000,f91c409a91cb93ec3ee6a9db1d72271a55844ddfd8b35d26e8e415adaa607857,True,,False,0,1,0,0,0,0,0
5289854,2,13,5783040,fa2ccba5ce5e4b2c73bb6a7d1c3937e143956d2d98d683e560a60da54200fc5e,True,,False,0,2,0,0,0,0,0
5294739,1,17,7439040,da7642e0d8600959822d4fa21a9068f2b5e290c7d6a3ad4a73e21d5a44a5c3bf,True,,False,0,1,0,0,0,0,0
5298620,1,16,7246080,326c35eb443fb43902e61b56923c11ea509036adef56d392d7c4ea49d57fb375,True,,False,0,1,0,0,0,0,0
5299459,2,17,7439040,1b6534e9fe27f28f6843b967b8a69d0c6e55e0183fd3160bb3ccb39a4c7f64ab,True,,True,0,2,0,0,0,0,0
5300878,1,17,7439040,cdce0bc93173cec0db6c950ce4075a1dbf1f287776f24658cd3018ce1f47a638,True,,False,0,1,0,0,0,0,0
5301093,1,14,6312960,5783cc0d3cbc2cc7a5a211fd439806b1df5128bbab3f7731ed29b979a1f344d3,True,,False,0,1,0,0,0,0,0
5301750,5,17,7439040,76bfd2eaee7ffdba57523307514a6f9e1a2c4bdf27512aec3a9160e049d7dba6,True,,False,0,5,0,0,0,0,0
5302006,1,17,7439040,edb690aa6a9e448b059445c2e1cad01f6ff16627276d79509f33f5a6c5e55ed0,True,,False,0,1,0,0,0,0,0
5302643,1,17,7439040,a760e49cf65ffafbd39e0c0c399088c4f2b8e36b3836cfec5bfc6a17599747ff,True,,False,0,1,0,0,0,0,0
5303346,1,17,7439040,c5f117c36a2e5902827ebe850b482cbfac155665328cc35bddb2992788d2a987,True,,False,0,1,0,0,0,0,0
5303551,1,17,7439040,dd10a130ce8c8057722c039e3c3ea9432ba210ee777bab0d8f5ac672023cdcf9,True,,False,0,1,0,0,0,0,0
5303557,1,8,3551040,b19bf06ed17776e6565b0f18fed20b97b758b60faf4531680f8e42863dc43239,True,,False,0,1,0,0,0,0,0
5305225,1,17,7439040,bb20333bafcd148e2f053352c26018f901fed5c1b145c665dd152211ecff8242,True,,False,0,1,0,0,0,0,0
5305240,1,17,7439040,865885423af1409eaf63c38ae6f00e443589b30318d7f0d0d8adb8f59cb59687,True,,True,0,1,0,0,0,0,0
5305399,1,17,7439040,8a1d590dcb3c339a1285ab73b17f5b9c2415820bfdbccf42afa3f07447838384,True,,False,0,1,0,0,0,0,0
5305404,1,17,7439040,47c85a0f3f3df1e6d67219e3d199277657b8629d1963d542e04a70c798c33457,True,,False,0,1,0,0,0,0,0
5305451,1,14,6312960,6a2edf7082f536cb4770a182412e13aa0f7692616a2bee7695025b970adba0bd,True,,False,0,1,0,0,0,0,0
5305471,1,17,7439040,42b968117ccba1b97ef4bb8cd9ec29521170659476f6db61e7947324d5aff965,True,,False,0,1,0,0,0,0,0
5306383,1,17,7439040,f5d85ee84313bc104a008d3d42c8d2536b0df774d6d78d8acb1f96c6dc3f6153,True,,False,0,1,0,0,0,0,0
5306720,1,14,6312960,78ea6c5eb153e3da0f15708b10c8256d1358a728ab7a56ed2c85a1c0f35317b1,True,,False,0,1,0,0,0,0,0
5306862,1,17,7439040,244089102eeccef9ab66e6a415685912f7e41f3e7d2b6e9d5a5fb65d922e54ea,True,,False,0,1,0,0,0,0,0
5307568,1,17,7439040,e9146452e5d2fafa30474ebe8571e5bac96917fb4872f39f64e5eb0313225387,True,,False,0,1,0,0,0,0,0
5307858,1,14,6312960,fb2b0d232b8f23e8e74bc761ecf82b56a8d37a05457a513b2dde18c42b1609bb,True,,False,0,1,0,0,0,0,0
5307990,1,17,7439040,b14fbfe16e1dd84e47ae9dab1942424c4caf902cb0b0fa98759fb3339632e0d8,True,,True,0,1,0,0,0,0,0
5308387,1,17,7439040,0f03e913c8f47c972a5e31cc69819250e0ffcd92355a22a5f2824a56293eeade,True,,False,0,1,0,0,0,0,0
5308419,1,17,7439040,9e5dc6526d21bc14f840433391afde641029c58efc410a88b281dc5c565d9b17,True,,False,0,1,0,0,0,0,0
5308537,1,17,7439040,fbc44975156b250972c8569b24f098850150f44ecef0b3d44a1a13faeb50e1cc,True,,False,0,1,0,0,0,0,0
5308663,1,14,6312960,c13fd0d281c37ee12f148ff87c71d3c778bd03eb0fd973d6652b81f5a58dea84,True,,False,0,1,0,0,0,0,0
5308666,1,16,7246080,42c20cbc49effeee2f893320e50b92436c6cded6c8a12f6b7e38a6771ea778f0,True,,False,0,1,0,0,0,0,0
5308777,1,16,6969600,21cadc60a2c19ed8f6792c33b4571775f07771e9c26719289c0a9dd6b4909747,True,,False,0,1,0,0,0,0,0
5308778,1,13,5860800,1331cf0940d09e437666133cb19c2c9b6925f481435be7c284cfff5db6d97ddd,True,,False,0,1,0,0,0,0,0
5309353,1,16,7246080,9c229488f058f8e378c85eb421e95afa0f3f5466d39d5ee970dd74026740e62a,True,,False,0,1,0,0,0,0,0
5310435,1,17,7439040,e354109b66a14e34597e91d27ff028c2ee29be9d39fc6989daa2daecfc6fb78b,True,,False,0,1,0,0,0,0,0
5339567,1,13,5780160,dc624eb38fdba56e1941638ac4b8d5a9a262db78241e649466c1934a11af99e0,True,,True,0,1,0,0,0,0,0
5340644,1,13,5780160,a489df9c7ba5fd1c9578e84e16d9e13312941f2aaa2925764b3afebe14b01a8c,True,,False,0,1,0,0,0,0,0
5342473,1,13,5780160,1353e0edd381c92840469a9486a26453935050c112a50eb79e7713c42efa2597,True,,False,0,1,0,0,0,0,0
5343976,1,13,5780160,f8c2f653c449391aee273e93b6734491de245664d708817530074b86e2801cf4,True,,False,0,1,0,0,0,0,0
5347537,1,9,3781440,6be6891a418799deb0abbe01a54338024df69931ba2b153d91264371574880cc,True,,False,1,0,0,0,0,0,0
5347784,1,17,7439040,2b418ea116e3f376f577b6218e8fc590ecc9a3f3209c824e46d4395c1b9b1183,True,,False,0,1,0,0,0,0,0
5350244,1,17,7439040,4b31edc89505822d2b5c66590500277e45da59004284e1391e2828365a61ff0b,True,,False,0,1,0,0,0,0,0
5350447,1,17,7439040,93cb5a9a77db4843344b54a0dfbd0ee481607bdd2b3b11f289570736c46712c5,True,,False,0,1,0,0,0,0,0
5351250,5,17,7439040,bd8b11c76b11e2e301cd1ca7e51cad7e24c7cd2b84a3d9a3040572fd48ca2360,True,,False,0,5,0,0,0,0,0
5356593,1,17,7439040,890d619b53d4b139f9f00e1a14dd44ae0c778bc9f47430cf5b37fbbbd0ae87b7,True,,False,0,1,0,0,0,0,0
5357470,1,17,7439040,bd3378fd7fa08e548617fed3225c506449855973c7b01bfd867ee97d1c4e1017,True,,True,0,1,0,0,0,0,0
5357545,1,17,7439040,c2f4257c8fcdf89cd362c9e5c27503cebdbfde207eaf2798cc3f73bf760a1221,True,,False,0,1,0,0,0,0,0
5357901,1,17,7439040,cac6daa596e85a6763ac8cdaf6f678312c7f421dad0c4d155177acfaebd1de46,True,,False,0,1,0,0,0,0,0
5358241,3,17,7439040,28bb287d45b560f4be51e8a9798e54db222fa118ef16e68780b84772458f7d2b,True,,False,0,3,0,0,0,0,0
5358624,1,17,7439040,ad22663fb150a3ee3085995263701a31dc282d76c8dce68072c9426a44ae8a2f,True,,False,0,1,0,0,0,0,0
5359678,1,17,7439040,cb9d747a2ac5c5882018d90f19cf1912b03e9a3df061f81d48cbfb81fa96dd9c,True,,False,0,1,0,0,0,0,0
5360082,1,17,7439040,37b7667319c0b4c02eb77403719cd1551de4d0fdeb842ab53251dc54cd200169,True,,False,0,1,0,0,0,0,0
5360974,1,14,6312960,71ac87eaee3da00a0b18ba2793ae4035268daa16f350107d6e1d06625c190283,True,,False,0,1,0,0,0,0,0
5364071,4,17,7439040,0b5372383becd14f1d7f7c8a98142f76aea0c7e96f5ce7a5e11d83305867af03,True,,False,0,4,0,0,0,0,0
5369827,1,14,5976000,a728e4436e86f8c8803c131d7a56e691c7ff0022805ad292329b5a830c9fcf2a,True,,False,0,1,0,0,0,0,0
5370302,1,14,5976000,59bf9344ffdac53fc510e805d28618456564ae1cb9a8f228719c7ed5e181184c,True,,True,0,1,0,0,0,0,0
5371776,4,14,5976000,10d61a7531a1cf2bd14fdeb8ebaa1488f6b9f8e54b2410862a7460ddd6519962,True,,False,0,4,0,0,0,0,0
5371777,1,14,5976000,5e9f2ccf541a827aa0ced7f851b18767db936fff180db992e17b0608ee74f735,True,,False,0,1,0,0,0,0,0
5372966,1,14,5976000,067fc42f936c6ceaf1cf0063a76120beb2af52e3f65fa33803bed69fb91baff1,True,,False,0,1,0,0,0,0,0
5374403,1,14,5976000,e01e3a4982a76784fd724340fbba4ae3b9e29110344454923becc78719d22609,True,,False,0,1,0,0,0,0,0
5374854,2,14,5976000,19232c2f63d9db650510202676d7688fca91f0082ec3ef4a76c953c828f4ea03,True,,False,0,2,0,0,0,0,0
5375194,1,14,5976000,6f2a251259b976422b1c7d0f8f3b1f1c3dce3acd60e9ce704e6a5ca13a8b022f,True,,False,0,1,0,0,0,0,0
5376067,1,14,5976000,6e3ed700f0aeb139329a0fb7478fd63bae7a79cab9f2b3f4cdd96364d69481d9,True,,False,0,1,0,0,0,0,0
5383248,1,17,7439040,31dedf233932ad54233bfaa0a413d3c3004b1070c888d88961a0297201f73afd,True,,False,0,1,0,0,0,0,0
5384079,2,17,7439040,993e8e1edaf35ad513c6fe2df59f2a7d464c44e513e8276228d374e6359d6959,True,,False,0,2,0,0,0,0,0
5384713,2,17,7439040,38a032841683f999caa57fc6bab2c665a3b6102390d3d0579d729d32e86553d5,True,,True,0,2,0,0,0,0,0
5384802,1,17,7439040,f5bbccf46aa1e7f85baa77e2fed7428a692b4c1d333460eb0c5f989d06370d1c,True,,False,0,1,0,0,0,0,0
5385139,1,14,6312960,1123c3a3be991fdf5f66ad229e7161d4e9cefe141565099a61d133e6d4b9d548,True,,False,0,1,0,0,0,0,0
5385150,1,14,6312960,4bc9e37ccb8a4ec59efa0eab0466acee6c5a913eb9d5e88f773f5325a045bd98,True,,False,0,1,0,0,0,0,0
5385269,1,17,7439040,286f811b0d687f38514ff213809291397fbe35224b3695657331b59ccc665a3c,True,,False,0,1,0,0,0,0,0
5385410,1,17,7439040,b2f79ae915c1a54854c096fd90bc7a14fb7130005014338c8b5d921dec6df786,True,,False,0,1,0,0,0,0,0
5385439,1,17,7439040,388f68ab7947d2b3abacb5b993e251aaaa382c6782695e4f87f5e9f8dafc74fa,True,,False,0,1,0,0,0,0,0
5385469,1,17,7439040,f6ad989ccfb8996ed8fbad37eac9cc51794cc1e0170d8f162b1a01a1c74765da,True,,False,0,1,0,0,0,0,0
5385471,1,17,7439040,9bc50c1e2d4e289beb87ffd626586d71dd19a8f51aded133883db92f7d0ffd08,True,,False,0,1,0,0,0,0,0
5385491,1,17,7439040,229c85e2cad2bc0544a2aefdfe544174b75ece4038a64660866d524ef0f14daf,True,,False,0,1,0,0,0,0,0
5385509,1,16,7246080,223d8688a2e99e93455b8fced368e213e69b18012cb628e6f3a109184088b29b,True,,True,0,1,0,0,0,0,0
5385548,1,17,7439040,50b87b9706f97f298145495de82e9f0778018c24202549ae53972db72321141b,True,,False,0,1,0,0,0,0,0
5385566,1,14,6312960,488530c40f256b6f93e7684b06e892688ee23a3cdf49e89b0d53d3c0877f6f4a,True,,False,0,1,0,0,0,0,0
5385575,1,17,7439040,12fbaea7fef3527cc915027d8193faa9d8588e35b7eb219021b8a5331353b750,True,,False,0,1,0,0,0,0,0
5385667,1,17,7439040,d319793d562ef35f379274bcc6b2c33d9d0920979648a636779b26e75cc0ef1c,True,,False,0,1,0,0,0,0,0
5385697,2,17,7439040,27d70c8ef3d6defa461ed12afd5d6589dd1d88c6e012e010abe690a08193383e,True,,False,0,2,0,0,0,0,0
5385773,1,17,7439040,a58e080d3420e8e27a919a6af6bed44e59ac8e59dd98802c5fa1b36a9842f5b4,True,,False,0,1,0,0,0,0,0
5385778,1,17,7439040,1468fef9fd6bee4b9b779d88cd46f63abae16f2250903c3ba85d6559028a2ea0,True,,False,0,1,0,0,0,0,0
5386163,1,17,7439040,3349c1572ef5c595b305a56dc8437e99a57cd45829bf265e45a13add7a8d5120,True,,False,0,1,0,0,0,0,0
5386264,1,17,7439040,c1965dd160fd73bd77ff5e16ba9fff64736744bd9c2a4be465a9417ee93058f9,True,,False,0,1,0,0,0,0,0
5387843,1,17,7439040,8cfdd631e205a138fb2f24809e2c31657bf9f0fccf1ff79c979c1e5b23c90afa,True,,True,0,1,0,0,0,0,0
5389184,1,17,7439040,c38667156de72a87740ad1c05d820a046d05bd82f194d9c3fdf8f636643c7cb6,True,,False,0,1,0,0,0,0,0
5389540,1,16,7246080,114b78a8b84792f73f20ecff9197a78c40bd69406c2404c13d479630560f9e89,True,,False,0,1,0,0,0,0,0
5389632,1,14,6312960,4b5ed0647f05b49c19cea505f88b26af05351e171415a2a20e29ec88c9a5eb72,True,,False,0,1,0,0,0,0,0
5391407,1,1,486720,7edb40e8790d31b80d43cc946bcb40083950f09f82d77a474f5c53f7aee83e7f,True,,False,1,0,0,0,0,0,0
5392702,1,17,7439040,9cf3796321ecda09ad09db3cb1a587684835b715a7338dfbbfaabe19603a9829,True,,False,0,1,0,0,0,0,0
5392871,1,17,7439040,44edb167be19176875b8eb12256cb191de9a214e95a820edbfc1aa6c9e7db638,True,,False,0,1,0,0,0,0,0
5392897,1,14,6312960,1e8d78b9c8633aabdd7df8216bab30079305ec13ae451a2960c49e4b0f8673ec,True,,False,0,1,0,0,0,0,0
5393558,1,17,7439040,d0331e1e837ab20d6479ede49dea23e0aff3e96e3bbf71d203a2a27d8f0279b4,True,,False,0,1,0,0,0,0,0
5396122,1,14,6312960,0d3613a270cb8c421224dba4b8f7fb796bf7ed81de44d3e690bf8463e14a1ce1,True,,False,0,1,0,0,0,0,0
5397905,1,17,7439040,a72cbc5efc192e1219d024f390bb78e7ff1eba422aec99a54f902b5ec564d06c,True,,True,0,1,0,0,0,0,0
5398002,1,17,7439040,ae02e619ada7f406be985f8dbe1af432600cd86a7e23e45353b36e7be28289be,True,,False,0,1,0,0,0,0,0
5428471,1,2,933120,59b3edf8721a676871b00d88c31c33b042f8b30e04c35313868f8f5b3ad07e12,True,,False,1,0,0,0,0,0,0
5428668,1,12,5587200,436ddade9e981c6e3d250a4e33acac056e3283dd821b260fc607036ed2fbb16e,True,,False,0,1,0,0,0,0,0
5435816,1,16,7246080,14cb6f1a2c150fc622f5e7843688f66986f8449868ae692c3f6438a7b872a89a,True,,False,0,1,0,0,0,0,0
5436013,1,17,7439040,f4f7c93f05e245526c15156cd7bfc0cb5d95127ed992f89196145bd24b069fb4,True,,False,0,1,0,0,0,0,0
5436338,1,16,7246080,d4d8a064dde8bbcbdf5377767ac4c098945f916eedf94a7ee9ec27333bf2b825,True,,False,0,1,0,0,0,0,0
5436502,5,17,7439040,ddb98ae893fd4071568c9632cde55663aa92d94fea7282449684a095e02e77a8,True,,False,0,5,0,0,0,0,0
5437945,1,17,7439040,2cffc6e59064d90414b539305d2d7fb9f6793565473b1280cee0d12bcfcec1b7,True,,False,0,1,0,0,0,0,0
5438099,4,14,6312960,f6a4b2347a6e3a472f1e1939a4147daedf1b98449eec92e31b848bb65b4015b3,True,,False,0,4,0,0,0,0,0
5438757,2,17,7439040,8de7e0092d5cc26a45fd852f70ac64d1d0ff18e9b97d566e43708a2544ada692,True,,True,0,2,0,0,0,0,0
5440317,1,17,7439040,f70d76ada2ed90331e9518cfedda72930a9f61db822a68fa8406367e94034877,True,,False,0,1,0,0,0,0,0
5443604,1,17,7439040,9da8cd25342964ce4b61c1b1850132412b665ead513f5c39997e6207a46a6b13,True,,False,0,1,0,0,0,0,0
5443775,1,17,7439040,5ca951ab7d2a5599444f6b4670db4db801d7b255c4ab2bd969a96d5b5747dad9,True,,False,0,1,0,0,0,0,0
5444334,1,17,7439040,1d5e439131bb6d19140685f1fd2ee2b274188b144e910257ebd39366b928af77,True,,False,0,1,0,0,0,0,0
5444384,1,14,6312960,6f70be147f4439adad6aa5f2345bdbc83dbefc616baee9eaa244d46c7ee872d2,True,,False,0,1,0,0,0,0,0
5444392,1,17,7439040,ec41404675d80820675294843920519bfda6fdb580daa21e6cedb41fdcf63328,True,,False,0,1,0,0,0,0,0
5444491,1,17,7439040,3d7e33165a773b367d7f241aa0a1bfe065f1460627fdf122b97ad9aba8199bbf,True,,False,0,1,0,0,0,0,0
5444548,1,17,7439040,36e12828497237662e703d6e67b0ec571b23a63143e4e8e4341d8839434bb3d1,True,,False,0,1,0,0,0,0,0
5444549,1,14,6312960,fdb8a8f0f571914df0e2a485fb96fb8036a89c1788e2e727037ad24b5ff0c065,True,,False,0,1,0,0,0,0,0
5445681,1,17,7439040,5a1152f25571cb08919f4c5ccbef7deaa67c2022cd1124452271ba2ea8c48d88,True,,True,0,1,0,0,0,0,0
5449777,1,17,7439040,18a8e369653d22c68269612e0db07c13ab9fa38174d6096a63a2f151b680109c,True,,False,0,1,0,0,0,0,0
5450814,1,17,7439040,83c4d2fb56e81d265cdcadb06cf27490d4e6c8732c2901eafb7cb2c03233c0ec,True,,False,0,1,0,0,0,0,0
5450893,1,17,7439040,29b3fc7bac2bdafe02f4287539b8528a3291ee248ad3a0266864ef666b72d227,True,,False,0,1,0,0,0,0,0
5456023,1,14,5976000,732c94dc52060d4fb702b9947525dac86cec37e47aebf5c2b5c66efe670f4c81,True,,False,0,1,0,0,0,0,0
5456319,1,14,5976000,e08c23d0d28a17e5797a2dc0438276ba24c2b5f365e0c07194bb3056355d7b3b,True,,False,0,1,0,0,0,0,0
5456651,2,14,5976000,db2093d101ddaecae0cd73e45615e422d3dc46809a0d6d2e7fa8a9e9aa422605,True,,False,0,2,0,0,0,0,0
5460434,1,14,5976000,f28a9d15496278375551128e500b84a3b0b4fba6fcb12bc4b86ae6d637afa9da,True,,False,0,1,0,0,0,0,0
5460835,1,14,5976000,ce093b509fed74b0cced1ee119915dedfcd14872d35c27cd996c33a56e3aee12,True,,False,0,1,0,0,0,0,0
5461440,1,14,5976000,c9850aa393eb35a33b836170146a32d2064ce9dc4094d76e8d686f9719e13154,True,,False,0,1,0,0,0,0,0
5462901,1,13,5783040,6af73885815661b5b6a709f9dd3da1823bae765b9c95d4a5dacb5f7594cfda4e,True,,True,0,1,0,0,0,0,0
5467102,1,14,6312960,1915019b8d95f1dd209715864bbb2678a82d6deb66e622c73f7d99cc22ecfb58,True,,False,0,1,0,0,0,0,0
5467113,1,10,4415040,7f911d323695a161bbe934c18acd7ff27a26340340c0661e96f755ade19c35fc,True,,False,0,1,0,0,0,0,0
5467124,1,17,7439040,09abad1a0876d51cbc8b936266a85fe858124019741a71da242a83c95f3ed985,True,,False,0,1,0,0,0,0,0
5467126,1,17,7439040,4e460adf20031772f26052b4e0f8571ba323501347e84f7a980ee6b3e81b2c3f,True,,False,0,1,0,0,0,0,0
5468555,1,17,7439040,b09bb5e14ca8bd60ef8f4f9c96a092e863f2025b26880809b2a11d100ed651b4,True,,False,0,1,0,0,0,0,0
5470739,1,17,7439040,6a1088e243784b8595ddd7cbf006c249d18b32e988bb078e39f47559e85c58ca,True,,False,0,1,0,0,0,0,0
5470851,1,16,7246080,ec27f3e3abfe086fbac2e3c2a2c1d297e655affb87c190bc3b4cdef25697abe1,True,,False,0,1,0,0,0,0,0
5470960,1,16,7246080,b93aad0c9c81afb981808fd0e4bb73e9bcfa68994e3561f991323dac8665cb6d,True,,False,0,1,0,0,0,0,0
5471010,1,16,7246080,9feb72d7205a4f0ec55bf29abcc05f7101ef3beecb3d4e5e1f5af50ce9430b38,True,,False,0,1,0,0,0,0,0
5471059,2,17,7439040,228e8b91af2b4a525c788d2b8d4829c63f6dbe52f6734714fa2fb318e04ad057,True,,True,0,2,0,0,0,0,0
5471068,1,17,7439040,2da1a3a858826e20c9624b6227f72751b36ccb244c291e1090be9d822ae36699,True,,False,0,1,0,0,0,0,0
5471108,1,17,7439040,e4bc40faefbb5700b5679862179ae91a8f8ed4c88c343c3f0e6dca2a72c32194,True,,False,0,1,0,0,0,0,0
5471158,1,16,7246080,06577f23d8d77d82f967f09253a2e1aef386fa0e2497f856fa22e52b31d94fd5,True,,False,0,1,0,0,0,0,0
5471192,1,17,7439040,af2edf06bcd099df8159b7e9faf3f7b8a4f59d6ecc73f6c1acf03d66cbd61459,True,,False,0,1,0,0,0,0,0
5471202,1,17,7439040,b6a06d2bb69598c991d0be09b97b4a341846f149ad3ce1bc0c7e1163d2a5d0c2,True,,False,0,1,0,0,0,0,0
5471217,1,17,7439040,08ca800fe14e23934ed14d5762632406b352c3333d928c3749b8cf6460d43124,True,,False,0,1,0,0,0,0,0
5471271,1,17,7439040,bb32ba668d271990b69314af09336355b4d38e082053e529019eb08a514fd00a,True,,False,0,1,0,0,0,0,0
5471289,1,17,7439040,861fc3e1f1d47c5a8ec14b3a406ee9ceccea72bffa59cd1fc369980eb9f2a299,True,,False,0,1,0,0,0,0,0
5471415,1,17,7439040,79371fbc40039e245fb78eea470f363bfcb63caa05f2ad4cade4a65cd3013d92,True,,False,0,1,0,0,0,0,0
5471480,1,17,7439040,19b8b38fba278ea4d053a1dab745346bcbf7bda11067ca4aeaecc1c7be2cb371,True,,True,0,1,0,0,0,0,0
5471489,1,17,7439040,b4e7eb96d37be02834d4d581bc5c35dab465394231e33273b51f28470584aff2,True,,False,0,1,0,0,0,0,0
5471496,1,17,7439040,d7586c7361b85bd2a1f5d4715281335cbb37eb5ff4da74a2ca19b461128fc4fe,True,,False,0,1,0,0,0,0,0
5471566,1,17,7439040,8dcca8017440f9979a8132ce6b8e442e8e50392fdd77949c570936141a26493e,True,,False,0,1,0,0,0,0,0
5471574,1,17,7439040,6720ac50453d10f1a42c893a84cfc6ad6f11c50735c85eda7c83e54d610bb564,True,,False,0,1,0,0,0,0,0
5471606,1,17,7439040,a6b44703ade4233d4c863fb24a61267abe4c9a25cde2b8e48246464235c571f0,True,,False,0,1,0,0,0,0,0
5471675,1,17,7439040,b4387ba3110fdc944cb2c90b75a27b18949b7fcfe848a46c6f145c9e59182efb,True,,False,0,1,0,0,0,0,0
5471688,1,14,6312960,3b41843d2bdbdc065faeda6d10ab1a176f29b643d6932ae8604a85b70e8fdc4d,True,,False,0,1,0,0,0,0,0
5471690,1,17,7439040,76acf30ba2dd8d9c80719c0cee7bd6d9240602b309569af9bc7b12159c9499f9,True,,False,0,1,0,0,0,0,0
5471769,1,17,7439040,650d6f8aa5e4dc9639810ba41f2bd2a186625f5f8da91a39ff4d119f7c647040,True,,False,0,1,0,0,0,0,0
5471770,1,17,7439040,4494e13e96b9db9299eb63332931e2090e2c3e6ea704ea80df5b91c24db30674,True,,True,0,1,0,0,0,0,0
5471792,1,17,7439040,7a342f3039ce279aaba470bd1c10afb37ee128e230f21657b56e72035883e68d,True,,False,0,1,0,0,0,0,0
5473535,1,17,7439040,911f5aa635da26c9dce62cd3131215d98d167f08a911a099f5093f52f784496a,True,,False,0,1,0,0,0,0,0
5473556,1,17,7439040,473d3aff9261400708c82b85060eac39b774f339b4cd7dfa552f3b77ea654652,True,,False,0,1,0,0,0,0,0
5474613,2,17,7439040,932b76f7731c3da5d8c2f12afc00205f02101f8d45ef8ec88e0b4b1d4dc915c7,True,,False,0,2,0,0,0,0,0
5474733,1,17,7439040,2517565ab2c51382205dc3548d41f9f4f770b3cdc4cda5ce5edb2a6781abc500,True,,False,0,1,0,0,0,0,0
5475494,1,17,7439040,51c4650f8ec9a9040f968abe9d8d0755f5233e9ed882e3f8289fd07fef910f30,True,,False,0,1,0,0,0,0,0
5475641,1,17,7439040,373450c5551c8c4ada824ea55c76415b371fde9c50d1b5631b17dd4b36cf0afa,True,,False,0,1,0,0,0,0,0
5475712,1,17,7439040,c5b44b0d7522ae2d47ca8c48dc696189d6137dc083f31f580cf264ab4d854133,True,,False,0,1,0,0,0,0,0
5475735,1,17,7439040,42487f432443701309e5ead4655f48b586f7c8b4512822aab3090995c91c67b6,True,,False,0,1,0,0,0,0,0
5475736,1,17,7439040,272d664fd095fc439bfa889bb3e484c605831f55026c6c15ce01e66a07e10bb0,True,,True,0,1,0,0,0,0,0
5476671,2,17,7439040,5661444b9f4c7796faeb017eb80f94d366aab4dd475c74dda3f7b362bdef0bda,True,,False,0,2,0,0,0,0,0
5477805,1,17,7439040,ec9ef3edc0d57700261033205441f33df4dd707f5de766a464ed6009c497c7d3,True,,False,0,1,0,0,0,0,0
5478055,1,17,7439040,bc0fa510f4a0648a4cd001765d62edcb385c065ecd34d75f2d755fd4650de5a4,True,,False,0,1,0,0,0,0,0
5478083,1,8,3551040,f170ad41b405a14c393723d54bca0318e3aa0b74787e8f606a9b94056ecea439,True,,False,0,1,0,0,0,0,0
5479717,1,14,6312960,02e77911f21a0df31fe20fb00cb15c84158cd74306fe5e60348ea8fc32cecc1b,True,,False,0,1,0,0,0,0,0
5479802,1,14,6312960,9798044ea452a160a2c2934f56d054b8b318efe568003e4e044484954ae34568,True,,False,0,1,0,0,0,0,0
5479973,1,17,7439040,31858519abe348062f3a338325fbf5ecd6cba35310e3aac8480fde134ec41dd3,True,,False,0,1,0,0,0,0,0
5480640,3,17,7439040,77b5b8d2c1b1895bf1a5e5957e7fb65fbd7cdbee536d9f0bc0c95a4e57f439d2,True,,False,0,3,0,0,0,0,0
5480736,1,17,7439040,9c75366757bb22cbe738a350ce327592cc3c413ead7939bcbb1326f37d3777ce,True,,False,0,1,0,0,0,0,0
5480884,1,16,7246080,539cdef855f6030e75cab415264040d901dfe2aef0d33bd15d9c4df463f1fbeb,True,,True,0,1,0,0,0,0,0
5481148,1,17,7439040,d28ce02bc0e8152f8a984eafe2850b3d0235cb5e641b1599aab473954ae3721b,True,,False,0,1,0,0,0,0,0
5481416,1,16,7246080,0898ecbf2a68e820f9ddd6af7865a3eb83663f270e6f09e926e20c6a238efb4f,True,,False,0,1,0,0,0,0,0
5481426,1,8,3551040,87efd18797999ab3825ed6c4e546b6cfa75826bad01dcf299a2558f1a1acd883,True,,False,0,1,0,0,0,0,0
5482603,1,17,7439040,35a93d63e709842de2fa4abbd1ca968286a13e23f823a63b68ae51cfcde352ec,True,,False,0,1,0,0,0,0,0
5511081,4,13,5780160,660be4a82096534e5a1afab30eaadc0bdc4ebf402b8844fb384bddf608adfb96,True,,False,0,4,0,0,0,0,0
5512513,1,13,5780160,f483cd4e0265f1095feaafb405a265df952cfb5fa6e29a3da134d5b4398c4ddf,True,,False,0,1,0,0,0,0,0
5513012,1,13,5780160,1c0f8df0392550412005da103d851cc3c87a6a05b272abd80675e5d67614cde7,True,,False,0,1,0,0,0,0,0
5513833,1,13,5780160,4e505292ff8c50d498e1f6c29632640605910013c4000542066fd3256fbefec0,True,,False,0,1,0,0,0,0,0
5513857,1,13,5780160,b8bdf385654033a73641ce8a554646cf09d5ef958f2ee439c5c4485ccbd28a9b,True,,False,0,1,0,0,0,0,0
5513861,1,13,5780160,1dea4976841ed7b5c8dc9aab7ba4a7341998fb5b37130c55fc31aed7a0202d56,True,,True,0,1,0,0,0,0,0
5513866,1,13,5780160,93bc788577cdb7e1982e6c257b8056386bb357ff8c98533a8c2558af9b764026,True,,False,0,1,0,0,0,0,0
5513893,1,13,5780160,184070cb7a920bdc506458369cbb848641a09e6dbd94ab3478125b0ff7f868ef,True,,False,0,1,0,0,0,0,0
5513897,1,13,5780160,9a88401564ba9d1952f29a6f097c9bf73207e78ea511366d9ff4710bb991d945,True,,False,0,1,0,0,0,0,0
5514383,1,13,5780160,5b454d88842fb97a12c3e50ca4ff174265e7d0c511c9e8f397e34eba8c5b97ef,True,,False,0,1,0,0,0,0,0
5520547,1,17,7439040,4a8bf8398c8f36a53f870c104079bd4c07149d3090a10b4e3395ccf4695c6349,True,,False,0,1,0,0,0,0,0
5521300,1,17,7439040,5fc045cd4c1cb04b54b50e11c23f9c1e4558c2db792cf60c57c712a13f4dea96,True,,False,0,1,0,0,0,0,0
5524881,1,14,6312960,d5fc691d0970f98502fb0bf2fac6130c3bd4d35cf8dff5d71acf01552dcbdd42,True,,False,0,1,0,0,0,0,0
5526527,1,17,7439040,eddd8a928227b65d411355eb08bebbf12490a0759aa7b359f076bfd1944f6d1f,True,,False,0,1,0,0,0,0,0
5526717,1,17,7439040,2b214236f138c3a6fd9d78afbe4cf7954028d0b83ff150f85449d80184b0d9a4,True,,False,0,1,0,0,0,0,0
5527172,1,8,3657600,aa1fc75a767c064307d070a7a412af98fda6c8aa49528dabf8cbbe985ab1d800,True,,True,0,1,0,0,0,0,0
5529501,1,17,7439040,041d2df27c0c0231c83954ba2b3b654f140de6be07244d2279decb029b56a3ca,True,,False,0,1,0,0,0,0,0
5529552,1,17,7439040,41a8fae6ed60a9f2fc8183741e905d9201042050943db9d54f0535dfb5888af6,True,,False,0,1,0,0,0,0,0
5529560,1,14,6312960,49b75167aa97a4efb2d8ef9082542688f03ac12f5fa89723bb28cdb4c892254e,True,,False,0,1,0,0,0,0,0
5529643,1,17,7439040,4bd0dc6993252e72673afbff850d80f0d6cac43cf6952463a0ef0dcd71d605a5,True,,False,0,1,0,0,0,0,0
5529738,1,17,7439040,4ccc96bbc76801f77c1fa2464c3415439f8458d6fc8a8669b961bfab9480e154,True,,False,0,1,0,0,0,0,0
5530112,1,1,486720,5a0300241c22b292ca1ea8e73aeb559837b400b9e99b936e1873fbcbc9e22ead,True,,False,1,0,0,0,0,0,0
5530881,1,17,7439040,d01e6e7089903b89d5a84c86d87284e8cc00cb0f1e2e18a63187d3aa95ea854a,True,,False,0,1,0,0,0,0,0
5530882,1,17,7439040,ef695a954d43dad50e6bdb06ee8cc9a7c0f9fda6318d5bbac8422b38bd6b6fb3,True,,False,0,1,0,0,0,0,0
5531576,2,17,7439040,f2b57721eb1f8229fba5779299539d6a1468fcbc3a1861d69d60e4387d8d9fe5,True,,False,0,2,0,0,0,0,0
5531694,1,17,7439040,a3616f948072ec19608d9138b0e579ad3496a0c655d8b5abef2c9ec5d1efedcf,True,,True,0,1,0,0,0,0,0
5534476,1,17,7439040,0dc507b6bbc3386876e6c2e45e65297ce228b4b48e50cc93962d584c7d9706e7,True,,False,0,1,0,0,0,0,0
5534702,1,17,7439040,3bb284e5903def60dc5cd8effc6ae82c4afb44a80414b49bf20299c6cd679162,True,,False,0,1,0,0,0,0,0
5534814,1,17,7439040,1047055c81e77837834d210a9b7b8255336c1eface5498bf13d6065806c3673c,True,,False,0,1,0,0,0,0,0
5534941,1,17,7439040,ed3d856a16404bf023a2a77daeddfe04a335d8767a1e4cd3a5720584112a4454,True,,False,0,1,0,0,0,0,0
5534965,1,17,7439040,51f568d7ce815889b9223b73b2a509bee337e8f19fb3bfdb1cfef08dbbf91ae3,True,,False,0,1,0,0,0,0,0
5535280,1,17,7439040,bebf200b0f3233c2fa5de798c2b5e175242687507a7b4aac61f86cbef7737d85,True,,False,0,1,0,0,0,0,0
5535890,1,17,7439040,3278377fb839f4f00704c8722501f4694b182684571101f65321230581d3cc2d,True,,False,0,1,0,0,0,0,0
5542466,1,13,5783040,8ae3dd5f8847cb6405423afb16732b873eeab292ee6fcc52fd538aad57df1dca,True,,False,0,1,0,0,0,0,0
5542983,1,14,5976000,d8fff1ba985860fdbb938aca17acf358fe0076d50d50e83d9c95cc139ec23f2e,True,,False,0,1,0,0,0,0,0
5544903,1,7,2983680,e5e08c59f5b01c2c9fc518442267178ba5fe55a0513b9722e78779690093c10e,True,,True,1,0,0,0,0,0,0
5545815,1,14,5976000,b3f4c59540395b0fe3cfddca2458bf91b50eec842b03e6ba7f558eadeb2993d0,True,,False,0,1,0,0,0,0,0
5546277,1,14,5976000,71d95b27241d062fdf59fe714565452e2cfd106bf2ce006b0dff6a7a33db5018,True,,False,0,1,0,0,0,0,0
5546691,1,14,5976000,419b613b0bc4b99fb4951ef16a26583631624cddf09bbd3323db4f1e80b57639,True,,False,0,1,0,0,0,0,0
5546761,1,14,5976000,7584ae5318d36408f8dfaa894fe42a2de21868ba998df8ad63ec04c6c7f2f680,True,,False,0,1,0,0,0,0,0
5547480,1,14,5976000,884b3c26178cec61f3d2b9581eb2ea2f9a6a38f23eaa75ba51e0ddaba96c24c2,True,,False,0,1,0,0,0,0,0
5551228,1,16,7246080,824e5a291f903d39df6d9284501cff8fe85c5fad2d79bb74f444816135bf37ed,True,,False,0,1,0,0,0,0,0
5551240,1,17,7439040,49c624a2cb80aa9780f413e7a15b1f82c18273f20036e76b617ff975a2054d9e,True,,False,0,1,0,0,0,0,0
5551504,1,17,7439040,c362ec59f2a26a43dfccd807730404990f69d246eb061f530e3522fb1327794b,True,,False,0,1,0,0,0,0,0
5553624,1,17,7439040,46381ae82936a7998e8ed18b235c0c69ff18d9f825c9aaac96d2e1f389bbd555,True,,False,0,1,0,0,0,0,0
5553652,1,17,7439040,01056cc037da22a24d3ccc21924cfea536874f089cfb2c7a307ee43aab071fbe,True,,True,0,1,0,0,0,0,0
5556726,1,17,7439040,c5c4543b32e43e3869e1dfb4f6c22ebceb40ef74993a687b0c02649307372fcf,True,,False,0,1,0,0,0,0,0
5556804,1,14,6312960,3bfa83825fa0bb123cd6fe7672a97b48067e686806d19c9a7efef230feaa3583,True,,False,0,1,0,0,0,0,0
5557821,1,14,6312960,28341abb0caf18528e3c7d2a4d7257788650b29d2b53dd94b47c26b5828b3d8b,True,,False,0,1,0,0,0,0,0
5559651,1,17,7439040,68c823ee3cbb238d1241a9cd403a9b57267d19574f8336d94c50309e2f37e5e3,True,,False,0,1,0,0,0,0,0
5560830,1,17,7439040,720578829f841565110db02e0e2d3e426911511813875f46ccdfc93050492136,True,,False,0,1,0,0,0,0,0
5560831,1,10,4415040,0865e21e9be46f2c68e061a3b2912e3303655394002de6fa05eda902e48d352c,True,,False,0,1,0,0,0,0,0
5561278,1,17,7439040,cb2a72ba6be16d42b8fd3ada12fbf4f133f55cd21d8036427e3937f0f5653632,True,,False,0,1,0,0,0,0,0
5562090,1,16,7246080,eaf1203eabf85b7e1e3ab628aaaaaa01bd0204d9c6cac466c7841bdb491420d3,True,,False,0,1,0,0,0,0,0
5562784,1,17,7439040,3fe29dad21835e2ef2044a266b03e0234783161794a4fb57225277e05d50e0e4,True,,False,0,1,0,0,0,0,0
5563080,1,17,7439040,d584a9826d11bd22ad19b2397b38eff1fe2f410e73ef1500480954a34c6e0fed,True,,True,0,1,0,0,0,0,0
5563937,1,14,6312960,f9c9a793e0b5d3a69e7a4a264fa397f29c552de24b25f8b37f51b53030d6b887,True,,False,0,1,0,0,0,0,0
5564247,1,14,6312960,3e5bd48638ee902855f09e31d79d8b3ca9845493a76f161b6e1472c3b6d20ad1,True,,False,0,1,0,0,0,0,0
5565261,1,17,7439040,cb4e6ff282ee6a1ed96c7b721a2c8ba4da84c424af24792c4c49bacc93f57652,True,,False,0,1,0,0,0,0,0
5565486,1,14,6312960,cc07e926a9173648199d6f961767e0eecaaeb25eea3e296b0f977145cf3b7945,True,,False,0,1,0,0,0,0,0
5565497,1,17,7439040,b220fd076849cc19f09977c8a1aaf3a980fed9e2c26e85dfc29ac10eb055ad46,True,,False,0,1,0,0,0,0,0
5565707,1,17,7439040,255717e41e7698edb51e0ae0164ff3866702a8e97179f48d5a98a6e11be2a387,True,,False,0,1,0,0,0,0,0
5596440,1,13,5780160,c2769009621476b1b28df3d8ddffbe1f84d1ebdd755008ecd54e183e62ff8127,True,,False,0,1,0,0,0,0,0
5597970,1,13,5780160,3bb53eee1a2fbec392e3e3278336ef758224b352918e0a6d22311b356c25e69f,True,,False,0,1,0,0,0,0,0
5598216,1,13,5780160,12307a88c07399ee854519d845d888f7763fbf42b0244e38e81a5d62a276e431,True,,False,1,0,0,0,0,0,0
5598595,1,12,5310720,3751a626c000d8145e57646673c68456beeb38bcf87611ed5bcd141286d8903b,True,,True,0,1,0,0,0,0,0
5598639,1,13,5780160,64367c688852ad8bdbaaf0370e3c4c0cc1bee041a582e66901db32fed9c112b7,True,,False,0,1,0,0,0,0,0
5598645,1,13,5780160,79eac444fcd71741fda30d52165863d4962d84eadcb25813a7e324e451c69667,True,,False,0,1,0,0,0,0,0
5599774,1,13,5780160,ccadec62245da3b7d2c5f968ff917d4e1dd9022dfcfdabe057e2a335b73aa2aa,True,,False,0,1,0,0,0,0,0
5601258,1,13,5780160,9c73b1604cd3fac5824cbc502f2db3723902b7fbca74d953824b5b7efc6c3222,True,,False,0,1,0,0,0,0,0
5602588,1,12,5587200,79e9198ce62ed10bad74fbdac8e2f89d8b8930acccfea62409b5883b399c9739,True,,False,0,1,0,0,0,0,0
5607631,1,17,7439040,36c0ab9a2f9aa9c20718bcafe9e132f5c615f81b68d1664964ff7d2b1a0cde6a,True,,False,0,1,0,0,0,0,0
5608566,1,17,7439040,1c945144debda7887934ad8c0a34198234b6aca40573fd8ca1d1c003702f09e8,True,,False,0,1,0,0,0,0,0
5609593,1,16,7246080,446a90e230ed05ec9fb734c8bfb1bc6ed3d8537de4899277f740224a064f8acf,True,,False,0,1,0,0,0,0,0
5610698,1,17,7439040,fccb8de90d52be8bb3a45108e2ebac4bf3766e16c513a0f4eddf9988d6a7d865,True,,False,0,1,0,0,0,0,0
5613330,1,17,7439040,8ca70e7a736d5e382cd7175d88d54c60ccf5ec50982674ae688a19bdc60652a1,True,,True,0,1,0,0,0,0,0
5617259,1,17,7439040,3f8ac1a1c60bef1529a2c111385b52ee81d8a03d9a3b55f344992564299bb284,True,,False,0,1,0,0,0,0,0
5617854,1,17,7439040,06fc1ee0a7bf6094fd7a10c1aa592a10e6241e4b069c86c6c16785f24d1939bd,True,,False,0,1,0,0,0,0,0
5621125,1,17,7439040,e7d68efce1e4f0665bcc87021e0019b8a06aa078f266be56f4eb8070807f9def,True,,False,0,1,0,0,0,0,0
5621294,1,17,7439040,5714d77299e56fb7c60956f061af96e7412839bc127a28b4ce9665d9cc6166d4,True,,False,0,1,0,0,0,0,0
5621299,1,17,7439040,e738441fc7f00e43710928c86153a42d0a4cda56a7500bc11f60582d6f3a3861,True,,False,0,1,0,0,0,0,0
5621586,1,14,6312960,40581bd78b6eb05dbe13b1a48d308c34602aa6cc7134061cffca2ae4a6f04e74,True,,False,0,1,0,0,0,0,0
5622250,1,17,7439040,c20185f6752556054b87cd1f62ef4652eda9e00115dffb928eb8649b1720ad99,True,,False,0,1,0,0,0,0,0
5629353,1,2,956160,35b7d86c72a484296d129c13605fcd9709eeb47f825a99167ebb53dd9d21a4fb,True,,False,1,0,0,0,0,0,0
5629538,1,14,5976000,a9cf47298076c1a9ac22746bb8149ff767cfec4bb80ab30a6321e5a283a0ef7f,True,,False,0,1,0,0,0,0,0
5629985,1,14,5976000,c126b29933e0efefba6c430b5bb8827a26dd2ba7ac173fb4fb239e60825d8179,True,,True,0,1,0,0,0,0,0
5631630,1,14,5976000,bf929c7db546a617846ea14cadaf64f493509cc970823eeab24e9419165596df,True,,False,0,1,0,0,0,0,0
5632701,1,14,5976000,f29de621953219d24311c2a9f05279aa890a45c52e47187268490aec42c6e61f,True,,False,0,1,0,0,0,0,0
5632781,1,14,5976000,5a0c88534855c4b9a88bd52d3cb23a777a2950ab941be02fa91322dcd49bd10d,True,,False,0,1,0,0,0,0,0
5636642,1,8,3551040,b7acdb3b46e849930eeeefe4cba384f5cd5cf114d02d0e969670cec27195ab5b,True,,False,0,1,0,0,0,0,0
5636648,1,17,7439040,2830d6545e4e41af24219e475a1c8ffd502b640117e59029cc3365b790f52324,True,,False,0,1,0,0,0,0,0
5637036,1,9,3919680,e34155ff690d787a8e9c9127c807311a39c0f4a8f1ab92c6f253779c5fe21bfd,True,,False,0,1,0,0,0,0,0
5638699,1,17,7439040,3c3efd6642aa4e666e30f101d604944853b103b377070e0c11ac93cfb082f53b,True,,False,0,1,0,0,0,0,0
5640085,1,17,7439040,20b0e07ce023c930ea0d07b90e01541320b89a30f7daac925eb491b8d6e76d97,True,,False,0,1,0,0,0,0,0
5642620,2,11,4832640,092c28cfb14b6fde720cb4a45589c362cc0b684faf2fe60923cefc817d80f742,True,,False,0,2,0,0,0,0,0
5643492,1,17,7439040,9d7483b6d3a375e768eb291937a0921d45b16f5a959e4a806748747f91723b2f,True,,True,0,1,0,0,0,0,0
5644412,1,14,6312960,5267c0ffc5724a45fac03baed169778019b96b3d339ad033360c7457cdeeab3e,True,,False,0,1,0,0,0,0,0
5647008,1,17,7439040,0ba95f164ce4e6f46991e36de545e89c94456000bee9b327b473134ac113a451,True,,False,0,1,0,0,0,0,0
5647638,1,17,7439040,24a38ae004ea252c1935a82f26041b75e644d18641538149dda1942f08cdf1cf,True,,False,0,1,0,0,0,0,0
5648449,1,17,7439040,5a2fa4555060c3e5699318e005924ec8ae50c6285dedeb0488f7272035bcae30,True,,False,0,1,0,0,0,0,0
5649206,1,8,3551040,570a43a744e88754149d7f45e17cfec0221f16306605e53fde8e5b5fd7a74a0f,True,,False,0,1,0,0,0,0,0
5649215,1,17,7439040,240c00f0adac8c87ad6f87a64dff5490a2a0a7de1a9ae719737d2bbb45414e8d,True,,False,0,1,0,0,0,0,0
5649325,1,17,7439040,af36af1a04f3206db8c747743b5360f3fbb499589f0d7226afd74953fa518c2c,True,,False,0,1,0,0,0,0,0
5649833,1,17,7439040,a82e90fb1072aeeaf2926d1ba02abed82d0bfc2ff569f05eb7b464c615ea5c0c,True,,False,0,1,0,0,0,0,0
5649836,1,10,4415040,22f4e0c060975e06bee4507866d7bdc96cd39911b2431c493bfd925c46107824,True,,False,0,1,0,0,0,0,0
5649837,1,17,7439040,390d1d34655659fb8620eed261e6f75b853e0059e3faa0e29f6a662200a93288,True,,True,0,1,0,0,0,0,0
5649956,1,16,7246080,63b4bf84a09f31e821635625b4d03f3686acc122b6785108cdc2168633cb0e7e,True,,False,0,1,0,0,0,0,0
5650314,1,14,6312960,ea3746c9859af813882782c8fa0672ffcd802a35a326f887b6e1fb08ab6424c1,True,,False,0,1,0,0,0,0,0
5650420,1,16,6969600,333cadd21a21192eecf00114f869018fbff53013eab004102767fd4fa1cf17ac,True,,False,0,1,0,0,0,0,0
5651104,1,17,7439040,d225906008f20f1ba188b835b6a549c208a7f486c18fe071b3c4abffd91406fc,True,,False,0,1,0,0,0,0,0
5652237,1,17,7439040,85ca30d5f91da091c404ba5df9cd9c71b03605d2f2e3db75ac5318428e430ab3,True,,False,0,1,0,0,0,0,0
5652260,1,8,3551040,80debaebd706b5e48c079102ce59f7becba498cd8c5afb3d72f324d4cc5c3e30,True,,False,0,1,0,0,0,0,0
5652893,1,17,7439040,6a90671878c8af172d44f34c08b24e33a82b7dacb480fd495c118d94f8eb9404,True,,False,0,1,0,0,0,0,0
5652983,1,17,7439040,7da012a597d18f20fc25036a25a19b75ed1588065d2324e38ad6d7de8861b215,True,,False,0,1,0,0,0,0,0
5653126,2,17,7439040,35b591516ed8efab5db21d2f3446e95419fc0f68edadac365f980e5ff09f7e65,True,,False,0,2,0,0,0,0,0
5653152,1,16,7246080,805745ea83bb19294ba0d704267e25a72ef0da28535fcd3b89bed545fabc0dd4,True,,True,0,1,0,0,0,0,0
5653163,1,8,3551040,be77ad0f5d42014eca3fc2c330a9de1930b3b8e16ba58efa124cbab08bdc4bc1,True,,False,0,1,0,0,0,0,0
5653795,1,17,7439040,3a0651115bd3be4430b379bd59999c9bad1015be732953b1bb13fb121941f7dd,True,,False,0,1,0,0,0,0,0
5653849,1,17,7439040,4cd38f4ae874a93ad962c9652b591e21891d74153f8d3777c28452a7ce33243a,True,,False,0,1,0,0,0,0,0
5683743,1,13,5780160,d700108c5e19e3d232d8a63dc68ab0cafbee47fbcff11cc5a27ca353b85c2059,True,,False,0,1,0,0,0,0,0
5686174,1,13,5780160,48f9c68ef3aab386f2d0572e5e74e3f51aff83608945f58132c12d5ce3162e5b,True,,False,0,1,0,0,0,0,0
5686974,1,13,5780160,0c671b4af8411c9c3aceb853ee7f3ef719640595fb85ba320094a66fffe79d90,True,,False,0,1,0,0,0,0,0
5688683,2,13,5780160,ad80f3e9d181471a6e81c0fa4dac6ffdf17476fbc163541c159ae57a146e7d16,True,,False,0,2,0,0,0,0,0
5688790,1,5,2367360,f803f3a49766d44435a4ee5a241ba9d7dc1d8156c881bcf4ab2e4ef534924c8c,True,,False,1,0,0,0,0,0,0
5688910,1,7,3024000,9e15e6da419825e188368d86e4d8cef2c62a3bfdfaf066c64cbaabbd362d044d,True,,False,1,0,0,0,0,0,0
5688997,1,1,486720,060a2c635f95604b2ffb0030c77bf04ee0fd4331dda57a5798078562594bdca8,True,,True,1,0,0,0,0,0,0
5689351,5,13,5780160,72a461b717e6e19e4bee5560559b27769ec08aa9571bc11bd40e093837d446af,True,,False,0,5,0,0,0,0,0
5695396,2,17,7439040,2bf1d2d5f2bc9488cc1088eb4c02063f70f00ea1d3125a12bd4ee6d0cb8ca161,True,,False,0,2,0,0,0,0,0
5695524,1,17,7439040,5bba015b5d3e6e5ffecef2c01ddef16879d8dc1eb6e8ccf461b0dcc6a66612a5,True,,False,0,1,0,0,0,0,0
5695904,1,17,7439040,0aa2617cf31f9385f534e53060721aebb1062cfd1572cddef01f74fe6db91ff1,True,,False,0,1,0,0,0,0,0
5696909,1,17,7439040,7ab0238de87925aa634f654f3c96f108292d8f5716609d2cd081b37f7bc086e9,True,,False,0,1,0,0,0,0,0
5696918,1,17,7439040,7e9d9b3a8631a7e985fdd3ef674186657499252206670ba98c7022a08bf676b0,True,,False,0,1,0,0,0,0,0
5700330,1,17,7439040,e50026289ecc3caf8295163ed119b7d989e79d24455aad3b73ae83ded7253c36,True,,False,0,1,0,0,0,0,0
5700900,1,16,7246080,1a57e6a9196a26320df0eb784fba909bcc76f8be7ce74c1f4d5e38b225fa6424,True,,False,0,1,0,0,0,0,0
5702939,1,17,7439040,8f990abdc6c88613f16daa298f67594ea494c72308274135ebe5f867f8cbe76f,True,,False,0,1,0,0,0,0,0
5705819,1,17,7439040,7c45bcb39648cb409cda9e0b9726b5e8dac620bb6cd988ed8a16cc4d12fa5a06,True,,True,0,1,0,0,0,0,0
5706595,3,17,7439040,6153e20b0bfc39cdccf7f88d9c4f4182edd18bb1a1da5e73cd4d85a0b60ed11e,True,,False,0,3,0,0,0,0,0
5706966,2,17,7439040,5c4b941750547af9c9e2ffe39aa03375dfe8f9ab0d334405e961dc39b3cb2004,True,,False,0,2,0,0,0,0,0
5709103,1,17,7439040,3b9bb42229e697f06b6d2abc93d7c847ee771d0eece744cb379415df70288e71,True,,False,0,1,0,0,0,0,0
5709226,1,17,7439040,bf52b68694413f1c255423aa16d8a918781eac7bd83663808d5aebc77993ec14,True,,False,0,1,0,0,0,0,0
5709725,2,17,7439040,71ca4b23ba5bf6841e7e55837e17e9d2de8e2e12f1611b197a9128274f7ce5ea,True,,False,0,2,0,0,0,0,0
5716508,1,3,1330560,581d84af2cc7d2385cc35a112020683760c732bf04cbc3cee8adef8cc8ae836a,True,,False,1,0,0,0,0,0,0
5716763,1,14,5976000,f227daa6f29036f3e278e194f44e491345d16fb89414ccbf30b7ccd164ab05e6,True,,False,0,1,0,0,0,0,0
5716932,1,14,5976000,9aa00a588a26a1f368e12800de3568e1a1690795a386f9897ab8079f1811abc8,True,,False,0,1,0,0,0,0,0
5717567,1,14,5976000,3624cae9edb037192a90d414667b6ebbdd3ff96cb1366ef8aeb585e5902f9b0e,True,,False,0,1,0,0,0,0,0
5725087,1,17,7439040,cf0579be6c556ec755d7108c4f90bcf9d26323236e8d54204c5f19adf4431695,True,,True,0,1,0,0,0,0,0
5725851,1,17,7439040,d9c900884f47fd7a6a4307682861823b3e3a40757095f0a8b3d070ceb7e326fd,True,,False,0,1,0,0,0,0,0
5728139,1,17,7439040,2a04660d5ac404c7fd56c29f199914492e9e9d82ea31af479c557cb81aa537d0,True,,False,0,1,0,0,0,0,0
5728283,1,16,7246080,4d5dcb02c50dd30f585ccfb408fa07613193b2a851fe1fe9a547504ea2dedb8c,True,,False,0,1,0,0,0,0,0
5730380,1,17,7439040,f3f340bd95b4dc0519de2a5a7e6ac3bb8bf7c768a5ab02b1f49376a095dbc53b,True,,False,0,1,0,0,0,0,0
5730389,1,17,7439040,d96d4c58114ffcfb5aabaddf8e0adf497f17c6ca37ac62958bab1e7818f5604f,True,,False,0,1,0,0,0,0,0
5730394,1,10,4415040,499a9954f8f1c14fccde657a96f8296f7c88faf90afc6f5e024758bc067b0341,True,,False,0,1,0,0,0,0,0
5731312,1,17,7439040,2e09e146259be5fe8ed9cd1a2d713bd6aa472a3be26d859eaa2f898c3b895a68,True,,False,0,1,0,0,0,0,0
5734702,1,17,7439040,f8026e3597b83984cae5c5c2a045eecc60d149ab08711a65dc690e31e4ea3f1d,True,,False,0,1,0,0,0,0,0
5735762,3,17,7439040,1b4efe09174bb78434c72ca2180dbe9d8b08ad177b7f5d5c255454392224a39a,True,,False,0,3,0,0,0,0,0
5735878,1,17,7439040,f45fada644b1c3b8be97568821b18e18e9ef8bb77beb2001a295bed11e835ae4,True,,True,0,1,0,0,0,0,0
5736461,1,16,7246080,97f5b97ecb7a694ab3236394604003b89ee494014084c159b9b88b33180c1d6d,True,,False,0,1,0,0,0,0,0
5736801,1,14,6312960,fba4a543a1756d2df852e14cbe5bf7517bded5be74d099169dda56e726766a8e,True,,False,0,1,0,0,0,0,0
5737869,1,17,7439040,12e3caba46f81ceae86c69c86379711d11b8a6ce7eed491de2732398cf666dc9,True,,False,0,1,0,0,0,0,0
5738346,1,14,6312960,68ef646a6833de5dcfb3c46b25fca6b818c820f85edd05ba2c939cc7714849d2,True,,False,0,1,0,0,0,0,0
5738496,1,17,7439040,11fd6dd6e98e0afc2c15bd3214d445620bc0e0c463160b89bc62b6c15174de9f,True,,False,0,1,0,0,0,0,0
5738506,1,8,3551040,eff3f870134ff14ed0bc82304d1eff0c9004a2306bf094619e2423f67e78e2ad,True,,False,1,0,0,0,0,0,0
5738634,1,17,7439040,81c1b0dd3622a54e322a5a4c4479aeb2a222e7ec6b4ba7662fee2c4573211946,True,,False,0,1,0,0,0,0,0
5738698,1,17,7439040,cc3aec0f4a10c74dd5e4fe9871872c4a4183c993c01bdbb17a7957567e1b971e,True,,False,0,1,0,0,0,0,0
5768816,1,13,5780160,ab64b2f349a4d972b9db3758aa23a0bde5ea0c85ec1b9585c1cbeeaa0dd9ea71,True,,False,0,1,0,0,0,0,0
5768927,1,13,5780160,3244a1e6e0b6ca3b82e5206d68fd0eba62a391094e3257d0d30068b8c2f2ac77,True,,True,0,1,0,0,0,0,0
5769810,1,13,5780160,94521694231b6a66d740d82380e9f9c009b77f51a5712e6feb9b2f4f406a0fdf,True,,False,0,1,0,0,0,0,0
5769943,1,1,469440,9043e9eb20c0e666d4d2d546c020082d6a51130579519349d7658dc9ed7d8745,True,,False,1,0,0,0,0,0,0
5770074,1,13,5780160,188ab3c0c786d9b0a06528f606ce3c48ba16e9986cc71755754a0adc82f78eea,True,,False,0,1,0,0,0,0,0
5771589,1,13,5780160,c42d9646f3370a121e78f4d207ecbc79b61de15a4e682c451cdd02b5b217cbeb,True,,False,0,1,0,0,0,0,0
5771719,1,13,5780160,1c4aacb0cc6b817b61546e42f32706993e04301030b9e1bd1827005b0280283e,True,,False,0,1,0,0,0,0,0
5773121,1,13,5780160,66f002d646840a4920f4b97a1802e9ad47890aa73aa3b16d52112f67c73cf7b6,True,,False,0,1,0,0,0,0,0
5774349,1,13,5780160,90389bcc270592e9d5d44eaba79fae4558f1e104517929ba2cbf16878d8bad5b,True,,False,0,1,0,0,0,0,0
5774375,1,13,5780160,57f3885685ec70681d93cd4e4c527498b9a74e808d90d185342202a05a147628,True,,False,0,1,0,0,0,0,0
5775090,1,13,5780160,591e22c32ef539dbb79c93501aec95ec9287dfa6383487d9bc9ae775aa995c75,True,,False,0,1,0,0,0,0,0
5775129,1,13,5780160,5304174734a866f3fefe54c16f3a922da45f8506b88bce274a14583c1ceec45c,True,,True,0,1,0,0,0,0,0
5779852,1,17,7439040,74dc866c1eeeae73e84a2e96d49ff5d751a26b65b594a8434e3d377ef7489282,True,,False,0,1,0,0,0,0,0
5780460,1,16,7246080,7fd66bcf89c8854db78f091fd6610d8531fb9f85525d8735ca74a9b530c7c51e,True,,False,0,1,0,0,0,0,0
5780885,1,17,7439040,75dba5218a82764d62759f8766fd0ddc6e7df8d53b5863884316d8267d556955,True,,False,0,1,0,0,0,0,0
5780930,1,17,7439040,1a2a5712cf1821abb52ca17b201a1a9bfd5981a6f6a51d874123a9f48370e8be,True,,False,0,1,0,0,0,0,0
5781192,1,17,7439040,e95b00a17c1c34e5d7525cafe4d134be649593c8ba7326f7e5631289d030be1b,True,,False,0,1,0,0,0,0,0
5784777,1,17,7439040,f9260fd9fbf6a03c4d47cd992ba733424c5d8907879d08a5f47cd010d878a493,True,,False,0,1,0,0,0,0,0
5786676,1,17,7439040,c40bbdd2be981248ed2ebb8206876e43e0c545f749d0def7b11136e457a88f1b,True,,False,0,1,0,0,0,0,0
5790807,1,17,7439040,52a343eb09b02f0e80b707eae4d651dd11755189198616ef5a72faf42a1f1891,True,,False,0,1,0,0,0,0,0
5791705,1,17,7439040,8444c9e1bf3d5b91123930ce32cb1e042d822729ee51e78e3552d5349a21ba4a,True,,False,0,1,0,0,0,0,0
5791986,2,17,7439040,4063608e02040ea10cab97a35a2a6ac3c07840f8d265840243a27b504831caf9,True,,True,0,2,0,0,0,0,0
5792202,5,17,7439040,7426c27ca3103a010604e8b2e15f61ac6edea06a60c882fc104af962f8ae8425,True,,False,0,5,0,0,0,0,0
5794240,1,17,7439040,78a6a87852e468eb32c85efb6f92fa45b7c084936c0e48ce8e4ef58ea68ec6d9,True,,False,0,1,0,0,0,0,0
5794379,2,17,7439040,6e3db3c45e6d497270176a981100e536b014b6d7da21052bfcd10066bda9ad8d,True,,False,0,2,0,0,0,0,0
5794570,2,17,7439040,e8f127d2905913b4a5ed0fe88adef7594f152142afd7df483882b814c3528922,True,,False,0,2,0,0,0,0,0
5796185,1,14,6312960,cadc672a87fb6f1cb12bd8aaf7d74f63603fc70ddd8b5755687deedec422923b,True,,False,0,1,0,0,0,0,0
5796186,1,17,7439040,878fd438a488d3e4f8dab3011fe8fefef9ea72d842acb34261f093014469d772,True,,False,0,1,0,0,0,0,0
5796675,1,17,7439040,391ae66c99b6f3edb87bf74eb362b17bf88b3ae243bf41c6688f9d1ebef041ae,True,,False,0,1,0,0,0,0,0
5801571,1,13,5506560,3c7ac9e3eae9a04c3a7bf1c32096bd22f9b9d1e37345ff14822717f536ad10bb,True,,False,0,1,0,0,0,0,0
5802246,1,14,5976000,4b01be4b66f9d41ef93bd9ce17eb9f78a762aab6d3a7a316cc51ec7a5c63f6d4,True,,False,0,1,0,0,0,0,0
5802285,1,14,5976000,a30a3c98141d0310d843026046823eca3f63501e4f278d08e3ee1acbcc8cffba,True,,True,0,1,0,0,0,0,0
5802292,1,11,4849920,ea7758dda2942ee736d03190c3893b6adff81489500def09b7a8418130eed3f4,True,,False,0,1,0,0,0,0,0
5802470,1,14,5976000,d61034337887c6bffeb7931146ff85d220a59521148b65f04995c80680de8cb2,True,,False,0,1,0,0,0,0,0
5802478,1,14,5976000,b085d3f1d816805cb84b6d7a6a187e1942af02c9796c85a19fc522917a9c3ccc,True,,False,0,1,0,0,0,0,0
5802486,1,13,5783040,a42961e1eeb7ad76e18e99515543c102da0fda8170e2f1532ca7c31f1694f87c,True,,False,0,1,0,0,0,0,0
5806800,1,17,7439040,fbf3db2424e453be3063c8f8ea46ca153e15decc5acac0494eb2957b7c5ca94e,True,,False,0,1,0,0,0,0,0
5807579,1,17,7439040,dcccd9f0ecebce5c7add30470cc4ea0a91e5cae0334c44867a805f62dc67444e,True,,False,0,1,0,0,0,0,0
5807769,1,17,7439040,802824288249c666f2ff8801913e081258cf8dd74a5aeb7208c6fd0d543be884,True,,False,0,1,0,0,0,0,0
5809890,2,17,7439040,e1c0a4c092b0c264e808507b1bb66a749985aa9a0d47e1107327b620fcb1cc6e,True,,False,0,2,0,0,0,0,0
5809954,1,17,7439040,9c0185723a44ef676284b306d0446079708a7394f3682ed0c1af2730ce28414d,True,,False,0,1,0,0,0,0,0
5812648,1,17,7439040,f44eb45bbf58a73c529f61ce305dab4d6a1dd884abc30726370e85adcbcbe3c8,True,,True,0,1,0,0,0,0,0
5812701,1,17,7439040,f81ec9c33084f7cec0bdd201fb7647b0ea4e9589b699d664816dab69ea76826e,True,,False,0,1,0,0,0,0,0
5812960,1,17,7439040,015723d367007bc1bc4795c558cd26d209779f0e7fdf59f912550123e9611b94,True,,False,0,1,0,0,0,0,0
5814013,1,14,6312960,f712297f1220ffd5baf5b53bf4d21b8eb40ba5cd7da3b61fe82bec44e7367e66,True,,False,0,1,0,0,0,0,0
5814635,1,17,7439040,6d106ebb6ebfb50fc8dc6f3064cea110efab68b2afc56fbfd9a4e87679ffaace,True,,False,0,1,0,0,0,0,0
5816144,1,17,7439040,25643773969154c3a4fc73fac2f837c49be0fb28dd0d65f848c31e539a82abc9,True,,False,0,1,0,0,0,0,0
5816165,1,14,6312960,4b581ae0a3db8ec6cd92785451423e818cb4016f1821cc92be3f5b9d9f43ae93,True,,False,0,1,0,0,0,0,0
5816806,1,10,4415040,7f4fb5f0dfbbabe5ac64d3ad40fe48b514a0d4a7ede30491c48809a79eb0d042,True,,False,0,1,0,0,0,0,0
5816811,1,17,7439040,80336b3eb82bb51fc41212648b8d62810beb6f346b18fc373725ed80d0d58966,True,,False,0,1,0,0,0,0,0
5817533,1,17,7439040,01bbee0b921c949be950f6fc4964a48b721c902408c01511be54ad539a0d6228,True,,False,0,1,0,0,0,0,0
5817553,1,17,7439040,610b997536f53d7e55930eb796ed0dbc3e267acb2350306f7ba17218f2ab9091,True,,True,0,1,0,0,0,0,0
5817566,1,17,7439040,636a159bfb28df1e7cdb328e2b7bb33fc46900bda4b5cbbe81b7725e81808f3a,True,,False,0,1,0,0,0,0,0
5817613,1,14,6312960,2916bf32dab08dd2baa01909d217406d8233b02699be4f00a49abb991a913483,True,,False,0,1,0,0,0,0,0
5817685,1,17,7439040,267d4c0b09e8920d2f2afcb905cce765bfd1b1ddf9c8ad4427ab84b374ae7288,True,,False,0,1,0,0,0,0,0
5817712,1,14,6312960,5062d2aaa7d875a334956216f5e5af624327f030341fc45756d34b121ed5c7f7,True,,False,0,1,0,0,0,0,0
5817957,1,17,7439040,f1e9296c11b143ac2655f867a9b7c674de87e4eb25b95ee72b1f9a547d692740,True,,False,0,1,0,0,0,0,0
5817986,1,17,7439040,7332dfa56ca8045b12c017df9117e91c5f857a0088f17f31b53b99256bdb5d71,True,,False,0,1,0,0,0,0,0
5818068,1,14,6312960,31d17e93a790b0f8298fbf009c189699830199a346c7ddbbcc75082cd835a082,True,,False,0,1,0,0,0,0,0
5820218,1,17,7439040,79a4d57a58b616d2c2bb418089135ef1632e9af34cca15567ed31e596f46c024,True,,False,0,1,0,0,0,0,0
5823557,1,17,7439040,b4d56b4015e3d3b9f6ad17ce4816de0cc80bb4659a55ebfe581cb2ea835b671c,True,,False,0,1,0,0,0,0,0
5856571,1,13,5780160,e3ba87bf3d30136c74b8d001b5362510c01d7e22367a0bea37285bb4a222ded8,True,,True,0,1,0,0,0,0,0
5857540,1,10,4654080,fd0cbad7ba0e6d060fa906030db2bf6f1175e1d79f270ad075ca5c782ea94cc6,True,,False,0,1,0,0,0,0,0
5858519,1,2,1013760,4726f25cf8dd720813694b569bfbe4c28c6f9ca194e699f2d5792ad918b94ff8,True,,False,1,0,0,0,0,0,0
5860968,1,13,5780160,55645fdc39f510b384d824f33f6a04068031c478ef48510abdec77ccbbced2cb,True,,False,0,1,0,0,0,0,0
5864975,1,11,4665600,f62b4c577bcf3a6a93915b5f29c5662c71b8b726f88a9558d5aea03b6e3f6a5f,True,,False,0,1,0,0,0,0,0
5865654,1,17,7439040,55a5287966279c9a74ceb4f875244948599bdcdcce86aa9a998e3a8b48fd78f0,True,,False,0,1,0,0,0,0,0
5866099,1,17,7439040,ccb3696f781678c4ca25c9cad489e67e18ed920d13590c0c695007c8b9a0e8df,True,,False,0,1,0,0,0,0,0
5866104,1,8,3551040,01417873e65ba8837aa0bd1ecdfbf482bbfa56178f2bda62532b766f7c2cca56,True,,False,0,1,0,0,0,0,0
5866724,3,17,7439040,c2e5c934c031939dd70622f57eea7aa0d4e641350ce995931d457bcd3401c8a4,True,,False,0,3,0,0,0,0,0
5868793,1,4,1800000,1f74bf98ace34a95f0a46fdf6bd617c08e1ed3e400bc11f27955c45392696871,True,,False,1,0,0,0,0,0,0
5871116,1,17,7439040,be44a82aef6604664b667d08535ab5af6c9be146d23e08c4fe1356817c281b4f,True,,True,0,1,0,0,0,0,0
5871918,1,17,7439040,3fd6e891f1da9a414eb38aed9252e9581fca3d22dd1cd89c74ec9f96cab85018,True,,False,0,1,0,0,0,0,0
5871985,1,17,7439040,43d3372587772f2c7c1d5fe669dc42e65c3efd5b461702d10da76876f39fec51,True,,False,0,1,0,0,0,0,0
5872139,1,14,6312960,f05aa9157ee508d6fb227fcba4473b61f06b34c06b22584f8ef12e797f97333b,True,,False,0,1,0,0,0,0,0
5872150,2,17,7439040,4c0b85b2693d05583f90fe7a7779ba97dc2abcf3276c768e73b4a4cec5db3f33,True,,False,0,2,0,0,0,0,0
5876360,1,8,3551040,e708dbfbda1488cd857de72f8342bface784f03e7ee3ca023094d6c9154343da,True,,False,0,1,0,0,0,0,0
5876368,1,17,7439040,8762f6a8326e2bbe2b7f5c1b70dd39ddaadd43887e4b4e5822bb2adc49ad50b3,True,,False,0,1,0,0,0,0,0
5876805,1,14,6312960,6d42081dcaa2c1a41965b89bd45b10ddfc2189f5a6078991a2729d01da723ce2,True,,False,0,1,0,0,0,0,0
5879448,1,17,7439040,b110e51c2e655b79eb308048033cf17f7b9b1aa9fd520dce24b9e6dbccbf65df,True,,False,0,1,0,0,0,0,0
5880320,4,17,7439040,1015ca5b62970a8e860f97276a6c9817abed9388efec49d56973aa1ac860693a,True,,False,0,4,0,0,0,0,0
5881120,1,17,7439040,8e3178356f0947ac2a1728169651b400f48c8a01c2ac5c93e5d6b7cfede53b37,True,,True,0,1,0,0,0,0,0
5881688,1,17,7439040,945a3a6e9bf21241016b03f16cba74dc850c4248516c0eb1df9f9b4d8919232c,True,,False,0,1,0,0,0,0,0
5881813,1,17,7439040,334e07fa6a640ccb957bab1a80114b7b6303b70839c511abd223d2c4794fe4fe,True,,False,0,1,0,0,0,0,0
5887316,1,14,5976000,3952c539a6cbaafff1a6e234c23427fba5fbfffc869decfbb845506628f54ae8,True,,False,0,1,0,0,0,0,0
5887393,1,14,5976000,e4763a3fdea569c7472d226fe8766faf2f5cb7fb51a9145a2db758925e764784,True,,False,0,1,0,0,0,0,0
5893123,1,17,7439040,8c6b79bc050f85297d1488d7561211531ed619970889f272a8f57f99f3d9be4d,True,,False,0,1,0,0,0,0,0
5894073,1,17,7439040,01c1aa6791701d113ff9167014258653ba564a565d61e70473700ae2ff510507,True,,False,0,1,0,0,0,0,0
5894825,1,17,7439040,5544597ee1f25cfb68a3f41489e7a608007d2402089afef115553c7bbab8c139,True,,False,0,1,0,0,0,0,0
5894972,1,17,7439040,6fd9af023c1e5016894b5a262baa4a758a8fce65a6f8a125ab91b2162a109e27,True,,False,0,1,0,0,0,0,0
5895083,1,17,7439040,669919a37d84f9c3cecbd7c2701bbc281046f7ac382af9049e4050d57a227adf,True,,False,0,1,0,0,0,0,0
5895158,1,17,7439040,13c27ef595d730ee670b507a00cb985548b504c9b47ba659832591b92ec74b85,True,,True,0,1,0,0,0,0,0
5895588,1,14,6312960,1f9708a5a3cf770cce2c7de39773b78dca4473a8f48e77b53fbed33ec8dae54d,True,,False,0,1,0,0,0,0,0
5898983,1,17,7439040,e3ac79084e69db85c99985c6379ae71cc5824752522b6dca4ce8eed6c32406fb,True,,False,0,1,0,0,0,0,0
5899544,1,14,6312960,c138d85cd41974eb38642c9af02834d89554e80d359fbb03dc49a6b1eb31aba3,True,,False,0,1,0,0,0,0,0
5900235,1,17,7439040,3764c01a2d67049b66044417bfe8b9bc358798d523cc06f03588b9cbc822379c,True,,False,0,1,0,0,0,0,0
5900390,1,17,7439040,548fae3ceb0db2441fc96b4fbcfcdcc5a8e5e973f65c175cb5344cbe50f9b996,True,,False,0,1,0,0,0,0,0
5903312,1,17,7439040,12f8f2689eebc8ea782328edfb9cd1743dd21962ec90ad53ab0736c2ce5e3e16,True,,False,0,1,0,0,0,0,0
5905728,1,17,7439040,250b9f158d9067e716583d3b242177416f134953f8a6b9318bcfe6c55b68f278,True,,False,0,1,0,0,0,0,0
5905822,1,17,7439040,c293a86ee3e3b6c4fb35092c94ade72d455a06c678b7f84575b866b1905e575a,True,,False,0,1,0,0,0,0,0
5906694,1,17,7439040,4bfa17ec9ec5f00ba42767e26f59e4a0d1c76721e51eff7af6d435ee665c7659,True,,False,0,1,0,0,0,0,0
5908086,1,17,7439040,c64a5933dccda66df366b1d8375527573292b62f000c4f4324f8acbefd9b29cc,True,,True,0,1,0,0,0,0,0
5938970,1,13,5780160,65ef7000bea225e3bdb7066ba96669042e0cd8cb11da015db06b608e324c43b6,True,,False,0,1,0,0,0,0,0
5940165,1,13,5780160,f8ff472126dfe40db8129b324ad16eec7323659c3aa2a564cb20ded098107a35,True,,False,0,1,0,0,0,0,0
5941160,2,13,5780160,5cac8e3ee3f43e35b6d3fe9ee8e2fb4b13e48deb1260aa73bb035a11d84826d8,True,,False,0,2,0,0,0,0,0
5942808,2,10,4654080,2439ad6b4a35d9333a9a20fb22fb1847f9c70f56c873b5478a0ed0b3af0609ce,True,,False,0,2,0,0,0,0,0
5942949,1,13,5780160,c71da49969fcf9e371ce573b9fdfa7576c23a556e3332e577dbd9d0900ea5151,True,,False,0,1,0,0,0,0,0
5952309,1,17,7439040,f2a9dee470210c791dc9d7807e45de5e05745c37151a1e8bab7b2b1bbe8c0c6e,True,,False,0,1,0,0,0,0,0
5952366,2,17,7439040,ddec7509d6626b36ba9bba7187814e3f0184bd9ce3d642484590f5be2b544c44,True,,False,0,2,0,0,0,0,0
5952403,1,8,3545280,f3dc9de4b2976ddd979c3bd19ba705656551a998df0922c48e5563d5c2671d24,True,,False,0,1,0,0,0,0,0
5952448,1,17,7439040,2e15118d4a89fe8ce85a06b7632df8019e19826853a06a4d68048abd41e8c109,True,,False,0,1,0,0,0,0,0
5952457,1,17,7439040,624ca8c60432d11989b7a7444678ea682e7f9da4aa95fbd8bfcf2797e043157c,True,,True,0,1,0,0,0,0,0
5953297,1,17,7439040,499408dc51850da952a8fcf6f7ad092b52a22a8596fa457309908b685cc90b16,True,,False,0,1,0,0,0,0,0
5955321,1,17,7439040,d9fe655d9324e604bdb05e19dd27703071b53d42ed2a863ba465443ae1fa77a2,True,,False,0,1,0,0,0,0,0
5955427,1,17,7439040,d4f36e81a31a38634d96456874875108840947b0d6428d29d3d8e4e572389187,True,,False,0,1,0,0,0,0,0
5955621,1,17,7439040,767662378bf758c7e8537d829e945057748490e4d8fe09b8d3f8d2313eeeb014,True,,False,0,1,0,0,0,0,0
5956342,4,17,7439040,147ead55ae43f9478a40aa480a0b3afd0cfaa8448f5f9a94f2c3f3184a360e19,True,,False,0,4,0,0,0,0,0
5956354,1,17,7439040,d8d6e87f9926afd7e79519ac28b0b25cb4cce2ec6822abbf3010953017b51b16,True,,False,0,1,0,0,0,0,0
5956656,1,17,7439040,f0d6cb142cc44f6f3d07632389072a64988fc5415840888fca3286c93d0c105e,True,,False,0,1,0,0,0,0,0
5956776,1,10,4415040,4bb064becb25e095ab0b6ef081bff1ca6e7eaa8da0594cf2825d2457692279dc,True,,False,0,1,0,0,0,0,0
5956787,1,7,2750400,82c5a84bd08d358c7b35ed34507ed2f6fc65309fbbbb7105c3f8858cfb0fa11d,True,,False,1,0,0,0,0,0,0
5956977,1,17,7439040,47702e1c10df2fad88389a6da28099064c59082d41870feea2607f067778caa1,True,,True,0,1,0,0,0,0,0
5959719,2,17,7439040,5adaf4ee6c129702ed00bebd53bf0b25649c753f48cf96bb01f2d1b4685fc3d2,True,,False,0,2,0,0,0,0,0
5959753,1,17,7439040,205f2e010544c61f63224b66454703eb29edb7c09e03efbdc4f897328499a94b,True,,False,0,1,0,0,0,0,0
5961350,1,17,7439040,27c6295a6b12f310a754bbca904ea6cf424185d3d2e4b41bdce739c0690bb96f,True,,False,0,1,0,0,0,0,0
5962262,1,17,7439040,cbf49d2942d32b44341366f9018c973d05c3b529ffdd9e5b7a646bfd3ed2fb14,True,,False,0,1,0,0,0,0,0
5962509,1,17,7439040,6a8c64d47e292642588540167cbcb7901671f409c10f1990ec955b8cdc862290,True,,False,0,1,0,0,0,0,0
5962514,1,2,1013760,ce4396c0db379a7a1e9ae7006b3cd73402fccbaf4ec828194bfa251e27d2f846,True,,False,1,0,0,0,0,0,0
5962716,1,17,7439040,ad3b30c312736c11f4db45e3fdd4a4d048bd2549afd44588c723ebed6b01cccc,True,,False,0,1,0,0,0,0,0
5963222,1,17,7439040,9b2592599cbf5e57584c79dd15bf25a197539956ccaf17090d93c54cabaff3d6,True,,False,0,1,0,0,0,0,0
5963582,1,17,7439040,eae0acf9e63704aaa396c1ef726e76d6be300e46f1f9e4bf92fd8b07b0a175ca,True,,False,0,1,0,0,0,0,0
5963591,1,17,7439040,7d230a0e797054e48b1114ad3e4f509f96e93dbe29ff3dabaa18eb9b9e721172,True,,True,0,1,0,0,0,0,0
5965819,3,17,7439040,27daa3b15e0400b34351b3ef988d64b35326f4ac30adbe4e6ccbc2b459bf8707,True,,False,0,3,0,0,0,0,0
5966154,2,17,7439040,6ebf3e2ab7d38c8717f8a0ed429aabaf67dfc12e7ff44853947001a3cee2000f,True,,False,0,2,0,0,0,0,0
5966322,1,17,7439040,f95d258285e50dd888b8088c537c57840c64abc620ed3c0a9996fefc945eb22f,True,,False,0,1,0,0,0,0,0
5966660,1,17,7439040,5cc1abfbb7c17176b037334ba30d1813c0d8d23d94e85607a020b9c94949b020,True,,False,0,1,0,0,0,0,0
5972334,2,14,5976000,b3018beb81df32796b37abd1f1a11435c60d9d2b8a9bebf08b4e28ed27477447,True,,False,0,2,0,0,0,0,0
5977470,1,17,7439040,6daac2e25f468eda5df71eb4a62cc77cfd7755e439f82ae0088ca59136ae79c3,True,,False,0,1,0,0,0,0,0
5977541,1,17,7439040,bcbd87a385d1c0ee9bc38908cfb322698d8bbd77a5889fff57e075da17330d8f,True,,False,0,1,0,0,0,0,0
5978170,1,17,7439040,d509de8295b9c4a0d5b4a6c19cd8c12e43f28b3199d4e21c32762a0a805f4055,True,,False,0,1,0,0,0,0,0
5978361,1,17,7439040,76ce04d7d762bda463bdfb50e7642f6aeb5999162ac6a1249d0e5d3be744ec30,True,,False,0,1,0,0,0,0,0
5978559,1,17,7439040,edaf019a794c2d31c080066658c7dfc80247edc999522fb15fcdb18afe517a59,True,,True,0,1,0,0,0,0,0
5979863,1,17,7439040,59b915307648dd293d758cdb04ff8384192d61d659160d76fca72d1a4dc7f03d,True,,False,0,1,0,0,0,0,0
5980061,1,17,7439040,426c1b1d7b4e478af3ba90ab180b0274b49ad87b5bf9f7e26e9841a1a2be307b,True,,False,0,1,0,0,0,0,0
5980208,1,17,7439040,ad197544b9e860e056cfb7150333188ce762bd5f64bdf176d0d93d88e591ddbf,True,,False,0,1,0,0,0,0,0
5980354,1,17,7439040,09514f683d278199e5b71c31c583a3af1e18efe53cb82d673c2a9505e75a62d7,True,,False,1,0,0,0,0,0,0
5980783,1,14,6312960,c0dcd678f4e56afb721e41fa8a55f60161548fbdbc3dd2c15f24fed9644bcd14,True,,False,0,1,0,0,0,0,0
5981058,1,17,7439040,104fc4d0989bb6e0c740f924b5a65fb34f8eaf1c8edb8bef28d29e007bf737a6,True,,False,0,1,0,0,0,0,0
5982353,1,17,7439040,cc1d372f72acd2b86e166c2972d657aeb30728b687ac056b02620cf8b7451b46,True,,False,0,1,0,0,0,0,0
5982368,1,14,6312960,66225454bb5c76cb3acf51f89883dc82d5329c8f51d75b6b529c63ada1bb712d,True,,False,0,1,0,0,0,0,0
5983348,1,17,7439040,e5576319575d3d22f838da1926b59c6f8af254d464f836a868e7b721a19b86ee,True,,False,0,1,0,0,0,0,0
5986209,1,14,6312960,56d304a0649395270f951b81fb42d87ddd5a6d7c44d4c2710be34f33cf033d94,True,,True,0,1,0,0,0,0,0
5988031,1,17,7439040,8dc67b39ec48dab1a2e40aa6db739c562fecb8d2c6c8e9a948efa4a939858d7f,True,,False,0,1,0,0,0,0,0
5990753,1,17,7439040,dc5180257b47db1cec9deae1374d78ad889165c9c64e530a24af5d95e61af57f,True,,False,0,1,0,0,0,0,0
5991070,1,17,7439040,602275afa66cd36bb81db46b247fc7e6a67895b5d0a662a5cabb544c358fb4ca,True,,False,0,1,0,0,0,0,0
5991765,1,17,7439040,0d4cf6b39dfd362fe1e479fa14e491cd8ca957a2cacfd8dc172f8d4d57a32032,True,,False,0,1,0,0,0,0,0
5992210,1,9,3562560,37f0ff06d7143c0968e94c83f4ddee7b5042d8d74d2028a73792fecf0a447d10,True,,False,0,1,0,0,0,0,0
6019872,1,13,5780160,d455f9830991853dda1c6ddefb3f28d6f608f29505ce8358967f3437b0201106,True,,False,0,1,0,0,0,0,0
6020753,2,13,5780160,0636c8514516c38f209f6987c9442dea2c70c693311a8c874b13d437bd2bf266,True,,False,0,2,0,0,0,0,0
6021193,3,13,5780160,c3576140902b0e6766b593706ba5f02cfc12f7175c6702e89c440e156ed0a721,True,,False,0,3,0,0,0,0,0
6021275,4,13,5780160,b16561a88aada7a1d0ff9056a93bf3fb71d688aed28a878793ec0144884dcd06,True,,False,0,4,0,0,0,0,0
6022556,1,13,5780160,7ad6445c8253adaf0d1340b9e98ec44ee9b1a9b48a68fb83259cbe316c9e434e,True,,True,0,1,0,0,0,0,0
6023859,1,8,3657600,92550c559e08bf5cb751b869b06984140671eeb6536b1aabcbe6cb5f8658ea7e,True,,False,0,1,0,0,0,0,0
6025124,1,13,5780160,5c156b38c719a4f1bb6f7c782c3630d7614776eaf921e1b492eba6ab79aadef4,True,,False,0,1,0,0,0,0,0
6026438,2,13,5780160,38d387b1ce7b90790625fb0bace6dad3c4f8d2902c7d87cb2e0ea13180f71fba,True,,False,0,2,0,0,0,0,0
6026924,1,13,5780160,e0c4b72869a0a1b508b39b97b526f8c83d6f7b90aeec9dc1c9dec5a8481d6878,True,,False,0,1,0,0,0,0,0
6028860,1,15,6612480,c554e8704fd81c9c73c1106005793197f9f5a5878e98d5712fa28c6741e54cba,True,,False,0,1,0,0,0,0,0
6029130,1,17,7439040,7a0f7206403ff9a3bff3a40390bd481123727463675cd80213be42197f51b064,True,,False,0,1,0,0,0,0,0
6029239,1,17,7439040,e61b9edd05c3e90fc7b9a0459303e51587b8561fd801d88ed6505dde787ab498,True,,False,0,1,0,0,0,0,0
6032318,1,17,7439040,4de14ab4a783a940cb1d8e6151978bf2fb122986688ce441f2ae11712bc2c3d9,True,,False,0,1,0,0,0,0,0
6032497,1,17,7439040,d882780c5d73d0032df2ccc7b2a05a412a86b65f4d305033625c0fe1261d67ea,True,,False,0,1,0,0,0,0,0
6032517,1,17,7439040,7e629e8cadda70c9fcee4a31d3269da7f08ce3e71c966a966004091228478206,True,,True,0,1,0,0,0,0,0
6032920,1,17,7439040,156b9bb13e89e7f71b69d5fbb0e96160fd6b2fb065cb0004674c98c2d49f0329,True,,False,0,1,0,0,0,0,0
6034945,1,17,7439040,e5eb993145aa5da1085ff9a8db4502e8e18be44c36325da6ad681606c5298532,True,,False,0,1,0,0,0,0,0
6035124,1,17,7439040,b3cea9c8933c628fa602c8e03c72e80d4af25d531c18e78784e559d2703595e7,True,,False,0,1,0,0,0,0,0
6037187,1,17,7439040,94a3272481bc22d30110d409deea4c14b53fa519e77c043f6dbf3e8af61f166e,True,,False,0,1,0,0,0,0,0
6037581,3,17,7439040,d020c4c53a65eb035b831c749fa6b20ac5b649c9caa78be265993428339e4777,True,,False,0,3,0,0,0,0,0
6041511,1,17,7439040,f269cb54cdd700bee9d6d1d167fed475b52f9b7a3f8cc5408b5718052e84ce99,True,,False,0,1,0,0,0,0,0
6041734,2,14,6312960,9cf4fc5a3309839d0dafbbbb0e7326d89203d96d6267e883b8cc43f2eee8b07d,True,,False,0,2,0,0,0,0,0
6042031,1,17,7439040,d4ace761d8690ef9d61b1ca23096b3bde02bc3f71a2c1fc12c50946763f679c1,True,,False,0,1,0,0,0,0,0
6042116,1,17,7439040,a2b506e45afc021fe0301795d20073446be85228fab6d09a2cb28ab8afbae658,True,,False,0,1,0,0,0,0,0
6042214,1,17,7439040,692a43a2786fb94343c76095caf7a903e2b412974f5ecb48a3dd1acf9c1efabf,True,,True,0,1,0,0,0,0,0
6042663,1,17,7439040,13036d26b41bd6cd91d157e71b3689ce964e2fba62966b57082c7071d741057d,True,,False,0,1,0,0,0,0,0
6043574,1,17,7439040,ccbb3d1c9e63a80ef110192aaf12709dce531eb925820e4fbd4fdf337f68b9f1,True,,False,0,1,0,0,0,0,0
6044064,1,17,7439040,62a0f3c2c6bab9d8c5cbcf8b66d340a34a23504c7882c785cc40800d4d9800e6,True,,False,0,1,0,0,0,0,0
6044553,1,17,7439040,f13aecbf9979dd0334cb6ae90b2414f0ef1d491f37d4c1c43c1a34dfb0a7b54f,True,,False,0,1,0,0,0,0,0
6045250,1,17,7439040,8b097e4d22448793a5a8dc9f876c58a9e992c56c90f5d5e5671ddb12b63f8de8,True,,False,0,1,0,0,0,0,0
6046311,1,17,7439040,de0be33b18a0cac4714be3ac90cad8b21c9d48f3fdacf480ac7b48a329e89717,True,,False,0,1,0,0,0,0,0
6046540,1,17,7439040,24dc2639d46db58a6c6972951773dfc6222f2df95acf4001e2f3ec1e26739e90,True,,False,0,1,0,0,0,0,0
6047072,1,17,7439040,d6ed8007a84bf311cee2f70e1a7274f030bacc50a991cdc084f5c4b1996063e8,True,,False,0,1,0,0,0,0,0
6047498,1,17,7439040,2550b8dd1764c5b4df726b56da50b3ebd57cb12bcd780b507737e5092fa37dc8,True,,False,0,1,0,0,0,0,0
6048024,1,17,7439040,3fa7a2d2ba4ee037100d6717453ba70063d4cf1cfa2e1f448377d26b2fb16f7a,True,,True,0,1,0,0,0,0,0
6048106,1,2,1013760,cddb5af305f48df936465268c04847050843206eee051d23e765cd4285b6dc2b,True,,False,1,0,0,0,0,0,0
6048255,1,17,7439040,90569c25a418388498c875e2d29b7a796d9c81f4c0a695c589ca469708ced6e3,True,,False,0,1,0,0,0,0,0
6049190,1,17,7439040,e18b0a96f1189aca132251d3a9f0ab67a249a315bdfed9ed932044256cef0418,True,,False,0,1,0,0,0,0,0
6049470,1,17,7439040,6d37b101dde5bab826215f338caba5886346ee5b7534368085d69cca4f678935,True,,False,0,1,0,0,0,0,0
6056992,1,16,6972480,aa1a86ad1205c3bbca8d2104799fcfd44a209ff29f7f5319bf8f00c69ebd817a,True,,False,0,1,0,0,0,0,0
6057684,1,17,7439040,b9e7510c3d10a1619e2a241a534c80767180bc1013df24d3e8d2d00d89cf3f6f,True,,False,0,1,0,0,0,0,0
6057750,1,17,7439040,9565bb62b45098ae846e6573bf02ac286be174b465c5b3d70164957f7fbe9e75,True,,False,0,1,0,0,0,0,0
6058614,1,16,7246080,e5a5c18acd7f29a144893bd42b6311be7dee680d7c8392a1b67d0eb1aa4a9db9,True,,False,0,1,0,0,0,0,0
6058816,1,17,7439040,9b3c0eccfd4d2e5f84e0171c625eb816d41203ea31974bb001ef8948670796c7,True,,False,0,1,0,0,0,0,0
6058875,1,14,6312960,b8ac12ccfb229d4c37722ae9d86cc41d0330633215fb61c656798eb98b05a07d,True,,True,0,1,0,0,0,0,0
6058896,1,17,7439040,e3a688632bf684e539c121572bb030a7fcd6a477b1a9e6233ae6c5885d6c43e4,True,,False,0,1,0,0,0,0,0
6060203,1,17,7439040,e6a7d3cf84ab91d5d7d60104b9f57553b139299465bff282b7e83ffed8e0637a,True,,False,0,1,0,0,0,0,0
6060580,1,17,7439040,bc8dff78c12f703e5ba135d105d89859f2460a6ec43c087590a16e9db2f866fe,True,,False,0,1,0,0,0,0,0
6061119,1,17,7439040,c24c741f81804fbe90a1ebc8571ad822c32fd288950718de29dcef601157b175,True,,False,0,1,0,0,0,0,0
6061773,1,17,7439040,41b22c588227410677656e9fd9f963481b375ae7dac0d5c9d6544bc04220301e,True,,False,0,1,0,0,0,0,0
6062088,3,17,7439040,adb5a7be5cc989048b338dcb311279ba81a4cf406a46329eab63fc96cdc6a539,True,,False,0,3,0,0,0,0,0
6062929,1,17,7439040,259cfe2fdaa1c5d980ee41f589eeaff2126601f5b43b7a07ffd88d940fcbafc1,True,,False,0,1,0,0,0,0,0
6063220,1,17,7439040,d519c24f6f50724aaa3b98859deff3f0bbc43ddec4017e79f825691b070c296d,True,,False,0,1,0,0,0,0,0
6063448,1,17,7439040,df7128ea22518cedbb4b6289b2ec964ca7d5aaece9b5a06924c2d4ac37e16c28,True,,False,0,1,0,0,0,0,0
6066379,1,8,3551040,fe73247aea29584cb82aa867bbd1998d037c48aef52f4bbb3d99f40e171fc08a,True,,True,0,1,0,0,0,0,0
6066403,1,17,7439040,ad88e902b87ef0fe8fc8c8793f9f99b76bb9a24bb18d6507241e987535b7f88f,True,,False,0,1,0,0,0,0,0
6066416,1,17,7439040,58431a0b9294675f5f356782a6d95ebb8756abf48cecffeed36f934aabb67720,True,,False,0,1,0,0,0,0,0
6067545,1,17,7439040,b30bc0341cfbaa73de5ee82fb49cc10a91dd438b4b27bb3f702fd73ab8711919,True,,False,0,1,0,0,0,0,0
6069674,1,17,7439040,e480c9578f15c1f2fcaf62302d1f3c74a28862d2e0d2ca5830a7d6f87a35aa6e,True,,False,0,1,0,0,0,0,0
6071903,1,17,7439040,1131f798644ede33ebe7bec9e72846bdd651c6379cbc17ba95c56d7294d23abb,True,,False,0,1,0,0,0,0,0
6072593,1,17,7439040,ba0db2edbe51c17f35279afea7d59204dc26366adc16401c6bf6b0ac6a16a452,True,,False,0,1,0,0,0,0,0
6103049,1,13,5780160,3746ae1b69f3b08182c0914e71adf1eeea093ed96901642b79f1af2067b2df49,True,,False,0,1,0,0,0,0,0
6103377,1,5,1903680,0555a69adcfe168c5f755254265a1fb0a26f5ce03a483601fa573e6c618fba4b,True,,False,1,0,0,0,0,0,0
6105359,1,13,5780160,0df84c00a675d2bdefd162aca14d1b8e46316fd4ce4a96ae021bef9e27bb9d69,True,,False,0,1,0,0,0,0,0
6105462,2,13,5780160,fb9b4681e26743e92de2fde61ea4fc298da39c78845aea74eee10159438f98e0,True,,True,0,2,0,0,0,0,0
6106282,1,13,5780160,f60574da6254cbf19a37cd5132e576ccf18d47c9b3d7697e625c9191f4bee8a8,True,,False,0,1,0,0,0,0,0
6109688,1,17,7439040,966a1c72436337e870a2e7e121366ba6d7a6da608823ecf8928376cdaadc79e7,True,,False,0,1,0,0,0,0,0
6111011,1,17,7439040,2b4f4a9857a44c2373d0e39a8d35185bb8db6f7b8d2a037a22e0b40916a505c2,True,,False,0,1,0,0,0,0,0
6113752,1,17,7439040,f862c904cf0516ff0a91b514eb4e3a3731feb3505128aa9f1322f3a45160b64a,True,,False,0,1,0,0,0,0,0
6114140,1,17,7439040,1b63f928e643b11302a0a62f2742ead9a4450805a48df748a93235286e582258,True,,False,0,1,0,0,0,0,0
6115516,1,14,6312960,9d0310812189c85dd7b350f3d1b7ed5b14e324787a0ab3f765285665ab0b7175,True,,False,0,1,0,0,0,0,0
6117415,1,17,7439040,7d9941814d286f53df0753dc81bf89dade6e127576f5d7214d9844ad21df54aa,True,,False,0,1,0,0,0,0,0
6118370,1,14,6312960,a63006a82e0e1ec4be3452fc72cb10f024129a23c78b31a0cfab1ff4feffed92,True,,False,0,1,0,0,0,0,0
6119141,1,17,7439040,31528e102a43ea7621632df4485f43dbf65a09a9e796566e4723f41e1417e93b,True,,False,0,1,0,0,0,0,0
6119605,1,17,7439040,e9705f51bddfa119a0382f67c365173258c414aa0dc1b06817f465ab1a2cbbef,True,,True,0,1,0,0,0,0,0
6124512,1,17,7439040,067bd5327056eafc52279a304832e0b04452ec50a099756d2fd5b604322b606c,True,,False,0,1,0,0,0,0,0
6125481,1,17,7439040,36a24f7a455dba3ea21d3c81a84cecd299dcaa38855fcb16c3c6d24606f2ca04,True,,False,0,1,0,0,0,0,0
6126076,1,17,7439040,2e5f2096efcf8cecaa096fd47f80ae3970619295cd50065de7356d2b633ed011,True,,False,0,1,0,0,0,0,0
6128027,1,17,7439040,ee51d5fc8167f7c026e3bda9c84419b1673f25bae86c2758c958fbeab50c90fa,True,,False,1,0,0,0,0,0,0
6128141,1,17,7439040,43ffed16004cbf9c2d436044a09a5c1bcc0badeca2328dd26ae7a56491c68fbd,True,,False,0,1,0,0,0,0,0
6129524,1,14,6312960,29d22431c336e960024c259dd1b18ec7677c3e601f646854c0caaf69d77694d0,True,,False,0,1,0,0,0,0,0
6129694,1,17,7439040,28c555af4d7ff5f50568837b2a78d1b2aaae1e3b4ffa05805aa8015bdaef3f35,True,,False,0,1,0,0,0,0,0
6131236,1,17,7439040,3a1c8bdde3d424241692ce3bcbc169960054b9b35e54f0c67fb598c421963d5b,True,,False,0,1,0,0,0,0,0
6131659,1,17,7439040,5b75f5c9fe31977177c7f14bf1cbfe8b9529a791e9464c6cf97f3fd32cf83d97,True,,False,0,1,0,0,0,0,0
6137681,1,14,6312960,86d8ee7659b295b3f2940b3436796a4b6e881ca2f6c13ab262457ac44cb25a24,True,,True,0,1,0,0,0,0,0
6137704,1,17,7439040,f1f4075bfe513bd3f2ca49106f264477acb361eb72f390cfca6e21dd70bb98ac,True,,False,0,1,0,0,0,0,0
6139220,1,17,7439040,2f5b71e95208c6a8e6a6dd4485bb5a33ff9ae019478f841b8d46c7497a0ecc80,True,,False,0,1,0,0,0,0,0
6142862,1,17,7439040,b51e30eb14bef69634a0b8e3611a86d42ee2d75540364e113a7b6c27ca25bf10,True,,False,0,1,0,0,0,0,0
6145939,1,8,3876480,ac89096b58ca46a77ecf7f6c3e3d0de77276110fd06e1f00c9cb03c139033342,True,,False,0,1,0,0,0,0,0
6146418,1,17,7439040,9998270f06881d9da2095ad240988af08b32f618a01bc08d57b5fa913c0ac3d0,True,,False,0,1,0,0,0,0,0
6146838,1,17,7439040,dc1d84cca444d71e36dbe7754cc7af01308bfa58f8927ce112ae0da16d8123e4,True,,False,0,1,0,0,0,0,0
6147122,1,17,7439040,cf13fa8209d100abb7bb4d2c8894359011e72b49ddea36466f9b6bfa803abd7b,True,,False,0,1,0,0,0,0,0
6147573,1,17,7439040,8b09231d87139a62800e098bbddc5294088e4f5e7206e430c16501e159bfedb0,True,,False,0,1,0,0,0,0,0
6147851,1,17,7439040,f6f6615202628ba76c4c4d8ecb55b47e633bede93a4e7bf1aa0a83e12c7348c1,True,,False,0,1,0,0,0,0,0
6148271,1,1,486720,3adc14a8dfe033a892d95e24c04e227140324885cf161132ecf135cf16e5960b,True,,True,1,0,0,0,0,0,0
6149910,1,17,7439040,953b4d323edd0282530c103fef6409564010572e3ad04c08fe9fc0618daa0de4,True,,False,0,1,0,0,0,0,0
6150977,1,16,7246080,f63f909158ac2896d437244e1c3c3b4953d766b0b55e4539c4ffb3cf246b4945,True,,False,0,1,0,0,0,0,0
6152521,1,4,1929600,7c28f6d8ce96ac0e0106eecf7a66f9e3534178cc7edbd5b656978a65a946b9b5,True,,False,1,0,0,0,0,0,0
6152974,2,17,7439040,e674afca9558dc40ca7c49517ef348157d128e0c4f48207d43fbe574ab6256ac,True,,False,0,2,0,0,0,0,0
6153407,1,17,7439040,7991a7fafb87f4c06750ca289d6b255d9486a44300ab0508d0c3798c472812e2,True,,False,0,1,0,0,0,0,0
6153672,1,17,7439040,a49c8a83bb8d95549013ca868411cd26ed88086b0b0427a666010fb5bef9155b,True,,False,0,1,0,0,0,0,0
6182019,1,11,5117760,7c6530171613ce9483f0bb02a2808a125ee1ec510720673e60cec02f65fa2307,True,,False,0,1,0,0,0,0,0
6182508,1,10,4654080,b3415e56ab43940629ee40addc3893bb526d2fd25d8262649f441c587763a3ed,True,,False,0,1,0,0,0,0,0
6182846,1,13,5780160,aea1d75ed1f8b48cf09ac679e1906559bf865d5fbafeac75df1bb46c7843b1a1,True,,False,0,1,0,0,0,0,0
6182849,1,13,5780160,8620aef6f781c717487b742354280416433ea9f13607848469c4b632a5650e41,True,,True,0,1,0,0,0,0,0
6183511,1,13,5780160,826dabf6e59e6f5015b94e55d31bae88d73f9694a73149739f69b3faf061c751,True,,False,0,1,0,0,0,0,0
6184894,1,13,5780160,5e6200dae3ce248bfcfdd57574da79313f9f3fb2ec23add35144d73927eaec2c,True,,False,0,1,0,0,0,0,0
6185331,1,13,5780160,d05e4575b8744d3b3131b9dc2779231334ac898b6d60552c429fc1555a431dc7,True,,False,0,1,0,0,0,0,0
6185496,1,13,5780160,b4eb42ed67a1a90bbfda546f8d667b509c912d9baa7849e45b385db84e49eaf5,True,,False,0,1,0,0,0,0,0
6185711,1,13,5780160,ba2bc1ff68bb8390dc8a37753c62a801641592dd58d1a8dfe2b3baa89b9303b8,True,,False,0,1,0,0,0,0,0
6185717,1,13,5780160,1ebeac4af1fd0d486fa340ee71f8a1a205b01f98218814dcbb4e58484a98fa2c,True,,False,0,1,0,0,0,0,0
6186964,1,10,4654080,74e23d120e59cd68b30aae721d8a7f12f20ec27f9da086ab7edfff9274207986,True,,False,0,1,0,0,0,0,0
6187888,1,13,5780160,9bc8cffabb6b08a8b106594dd262a45cb1a170c4ee46f274afc0e5991b6e5b8e,True,,False,0,1,0,0,0,0,0
6190535,1,14,6312960,8c8834c622c9eb2cc438bdfda809852c136826cd5c9b353bacae619da0785c63,True,,False,0,1,0,0,0,0,0
6191521,1,17,7439040,a86c3ab2724ec65c0f51b2b574595a86d0fad315e198fd0e77b12e2d6a462f1d,True,,True,0,1,0,0,0,0,0
6191945,1,1,506880,beb704746891eba61deac88623d022735047cc32549dadd495930597cf7f143a,True,,False,1,0,0,0,0,0,0
6195669,1,17,7439040,4f8bcfb840e617467e483a9e1237578d066162c6cd0478361132a050d129794a,True,,False,0,1,0,0,0,0,0
6196457,2,17,7439040,8d2edd2fcc4da1afc6d04663dd2478838f619d708b523eb56b8d12116f8882c4,True,,False,0,2,0,0,0,0,0
6197038,1,17,7439040,b0e9cc664afbf015f927f593566b1e4401343a55eea33a5f7a76ad146df8e960,True,,False,0,1,0,0,0,0,0
6197215,1,17,7439040,07429bfd55cf07ba633d436331c8c181f72822868014a4b24d58d44fadaa38a0,True,,False,0,1,0,0,0,0,0
6198182,1,17,7439040,d51d326f0b754a00fd3ce0077065cbaf39f8fae567f1507fc4861f729e5bb3a8,True,,False,0,1,0,0,0,0,0
6198256,1,17,7439040,be4c6199e83109bf9783851700ec944fc983f7e7e2782e264c10c447965c359a,True,,False,0,1,0,0,0,0,0
6198999,1,17,7439040,f38a80a8b5702221da504dfc290054636efd8de26fc1173e8efeb8461644e3d6,True,,False,0,1,0,0,0,0,0
6199702,1,17,7439040,36b90598f8e5733db9a53add016e101459e0144d18e66f9bf6c2f75bf697d97f,True,,False,0,1,0,0,0,0,0
6199716,1,14,6312960,9cd5586a26a94cea7328235591424de80d0638f2503147da43f6a89e6c070377,True,,True,0,1,0,0,0,0,0
6200235,1,17,7439040,2ef93b7f1ee6ab48505371650506ad0b84691e9cd8f1299da5244288daabc462,True,,False,0,1,0,0,0,0,0
6200709,1,8,3551040,bc4eb45225ff081c04c58f913fa63c56be36aad6fe2924882d1693e8997b7fa9,True,,False,0,1,0,0,0,0,0
6200715,1,17,7439040,6fa910e4740f691a0ad29f70f32d2b1482404c4dde61610015c230e1f6784c38,True,,False,0,1,0,0,0,0,0
6205228,1,17,7439040,86b8a805f37ef04b67b6199d6ec244470bd9058dcf05ffe7698b99d0a3e78665,True,,False,0,1,0,0,0,0,0
6205384,1,17,7439040,f30e8738832b75beae6e13e10adb6835bf6ecb7174ae2aa7e8854d61be779399,True,,False,0,1,0,0,0,0,0
6205405,1,17,7439040,66879c606d83b256844cdf5659fc9d67bf43a4479063e8d11e971cefb5221d95,True,,False,0,1,0,0,0,0,0
6205460,1,17,7439040,cdfa401b45680482109c42e28f00ed266712d0f1265b08b52ac3fc4935f14f4e,True,,False,0,1,0,0,0,0,0
6205468,1,16,7246080,032645ec32458e0cda274e29300a314fe0fabc439c21cef7ed162f2ce65cd611,True,,False,0,1,0,0,0,0,0
6205566,1,17,7439040,8c6d040fcf763b1e7fea2b33dbe7d65147ff643a02e2f76890ac1ceba2c47c5f,True,,False,0,1,0,0,0,0,0
6205897,1,17,7439040,1948049c8c0372a4282b9d73e28744e89e703ad92c7ee002649cb7e05abd27c6,True,,True,0,1,0,0,0,0,0
6206214,1,17,7439040,e2ce6837aac83bc808042cb8397267e4f8663886258868af23bed62f1b1e2151,True,,False,0,1,0,0,0,0,0
6206470,1,17,7439040,23417074b625b6e76674e3400391189aff35767b0903144c08d05b767e8f3122,True,,False,0,1,0,0,0,0,0
6206559,1,17,7439040,4217acd937c1c86d28091e970240a420bacfffb5438926a4aecf10af394336c2,True,,False,0,1,0,0,0,0,0
6206751,1,17,7439040,48a5aeb5673fb0bf56b2cd93746e173cb1ec18b17274d76bae3c8fc6c4962dcd,True,,False,0,1,0,0,0,0,0
6207053,1,17,7439040,7d7679f8c87cac3ff2d378d0fa2ed5633ebb95f3577eee7974f4c987c8ad9981,True,,False,0,1,0,0,0,0,0
6209347,1,8,3876480,fab22e3fd680387f2f56ed84a536da7e4329d0b9f74ac03b609983f2c4ac46e7,True,,False,0,1,0,0,0,0,0
6209677,1,17,7439040,3d1bbff8dd80e46d5f303a71730b84d516f8beaa232eeafb1fd3c4f0e34f443e,True,,False,0,1,0,0,0,0,0
6209798,1,17,7439040,efb87f73d67b534b3d26796919e22d7502dd6977ddcb833a7ca16b58389c0fdc,True,,False,0,1,0,0,0,0,0
6211812,1,16,7246080,7e9f8cc3f67a9343f851635f46746606953088741eb89e45bedc201515ff3b6f,True,,False,0,1,0,0,0,0,0
6220470,1,17,7439040,3cfdff2d9f0cb09b014338d9c6d4aab38398d1ba84576e11fe86c4fe25596aaa,True,,True,0,1,0,0,0,0,0
6221385,2,2,1013760,a718944bb1071a05e2ec3bd672ee17a9923c946e30dfb1bdf031b8078b67a8eb,True,,False,2,0,0,0,0,0,0
6222898,1,17,7439040,55a80684a0271f02e125769c9d6bd2db2713b61eb896e761270a490aad236d77,True,,False,0,1,0,0,0,0,0
6226290,1,16,7246080,a16d91134c0379afcf8f00b0a2e169f35e17c5bf308370e4554985a0831f6842,True,,False,0,1,0,0,0,0,0
6227560,1,14,6312960,40defea4c54ba087d44ba0dbdc1558c7edd81b52d9c312cd63b2fa6c93d494ba,True,,False,0,1,0,0,0,0,0
6228703,1,17,7439040,cf6f22597e15cb8488250c8add31214844b13ebfc0297637fd9ceb81ca87951d,True,,False,0,1,0,0,0,0,0
6230649,1,17,7439040,3d177969d49fcea2cf620619eb6e0f01c32bcfab35339b07db25a86730bcc89c,True,,False,0,1,0,0,0,0,0
6231401,1,17,7439040,fe9587e8dee29b2fc4338192e0b1cd23bd927be292c2157f7b638b0f6fda6bf1,True,,False,0,1,0,0,0,0,0
6233466,1,10,4415040,618ade84114c50f6f30a1a9b617ad5e97b9f2137f953de91e9ec299fac04a060,True,,False,0,1,0,0,0,0,0
6233483,1,17,7439040,31f11da6624eda86d36352a1256d2784dcd326f3a44209836f9060ac6d695f47,True,,False,0,1,0,0,0,0,0
6233573,1,17,7439040,4eb8e3c46775a5c87c4c20eaca46be99159f548a9102d33c6e05556c683b07a5,True,,True,0,1,0,0,0,0,0
6233890,1,17,7439040,f51538ca1b53b9d51245bad2e8e3b2ece331c0e949d9df74e8a4f58f5b783a0b,True,,False,0,1,0,0,0,0,0
6233903,1,10,4415040,6625b374bd6125e13b6096dacbe6fc759f65905be989a62ddb25ce3df3b3224c,True,,False,0,1,0,0,0,0,0
6263593,1,13,5780160,13f8a0dab19235e5560c018631dbfd9abdf0a68a748a8e50c8aff869aa1c281c,True,,False,0,1,0,0,0,0,0
6265665,1,13,5780160,d56372f5c03a40afcfb56c778d4a89ad4036931624f843191b63075a4ca67737,True,,False,0,1,0,0,0,0,0
6265792,1,13,5780160,250e4e4f4d3a18fabeb6190e9597a83df29534daf5e310293bd94075ea3e3aef,True,,False,0,1,0,0,0,0,0
6266741,2,13,5780160,6b951d78dbc5597c0cca8e2c172805548d42d889acfa52bf775aa8f9e6871904,True,,False,0,2,0,0,0,0,0
6267425,1,12,5587200,7962e47cb8764891aec1313d41f35d11fcb7283065196c925d5963ac6503a935,True,,False,0,1,0,0,0,0,0
6267535,1,13,5780160,aa4568b67c0672c91247338650cd34a622d2180ac98d98e40c0284f9dde47430,True,,False,0,1,0,0,0,0,0
6268648,1,13,5780160,d83d4f5708c9030f118c332a8285703286d548f5e61f76c97ec037fec2382f82,True,,False,0,1,0,0,0,0,0
6268722,1,13,5780160,e3adc7fd21e565da16add8903e4060b25d5a2e776f39f1200ab65fcc8ad78f47,True,,True,0,1,0,0,0,0,0
6269070,1,13,5780160,6d86a74ec3e465a678f9b7cc24dadb4194c5ba02d26ef30bbee2150aa3a1df3a,True,,False,0,1,0,0,0,0,0
6272413,1,17,7439040,9f82111bb700f10b4574d7dc5b2c05763ef4c96cb969cffd5f5113487f1e77df,True,,False,0,1,0,0,0,0,0
6276477,1,17,7439040,bce8f9fcc4aac1fbc52dfa226cf225570d9b6e6df315cf4335b31db2ec5abb6d,True,,False,0,1,0,0,0,0,0
6276791,1,17,7439040,5d2fd954ac2bf630164f0874a923ad6ec52b47210d7140d8d52e95ac1814905f,True,,False,0,1,0,0,0,0,0
6276994,1,17,7439040,50d7d7a88969ecf2059038696a664dcf05a84d6ff8c3d6bab7b64cee947689ac,True,,False,0,1,0,0,0,0,0
6277594,1,17,7439040,366397312de509b4f49428786b8f120fb0d0291adec7e2b9d8a53fd75d0b1102,True,,False,0,1,0,0,0,0,0
6278762,5,17,7439040,c94663c415465f7ff3f7217d66bea71806c61fda584d29d02a3af4a64d6c55f6,True,,False,0,5,0,0,0,0,0
6279974,1,17,7439040,60a0b7dff263bba0b358e0d64ffe9f00f2d7d958b622c634691c1002381d1f0a,True,,False,0,1,0,0,0,0,0
6283224,1,8,3876480,e988ab0bc68a20e2caa35d67b81247f1c1387543b0fa7fe05c177dca2483ed31,True,,False,0,1,0,0,0,0,0
6285094,1,8,3657600,88fe471a83a4ee30fc73b381db2f9817ec06cdc233f3b9f83a2300f08186542c,True,,True,0,1,0,0,0,0,0
6285396,1,16,7246080,c3bda241941abfe0115db824b5f21a3f575d0891b84e9294d085d3e2def8801a,True,,False,0,1,0,0,0,0,0
6285397,1,17,7439040,e34c372ffc47bd87aa0a2eee6d122749ad7a711429195bc90323876d52ebe086,True,,False,0,1,0,0,0,0,0
6286155,1,17,7439040,0d1df365dd26c896df82b4367252e60ffc8d5acb197ce721db10eb6389edd7c7,True,,False,0,1,0,0,0,0,0
6286161,1,10,4415040,0429fcc05bf6da7fa12f8d7e5982b915628b74360cec7feb5df9fec6423f7ed4,True,,False,0,1,0,0,0,0,0
6286633,1,17,7439040,39873f7ee46e66e314ea81faefcc17ba3b923b7b3d6f56c14a7cea213816751f,True,,False,0,1,0,0,0,0,0
6287313,1,17,7439040,4fde01fa8fd8d8b567018cf6204ec05b3b475f64058dbeadf64b193ccdf9ed00,True,,False,0,1,0,0,0,0,0
6289257,2,17,7439040,95226ba9b15270dff456b02bd8b9e1bcfe6d1b443740908e24c25927104a9567,True,,False,0,2,0,0,0,0,0
6289344,1,17,7439040,529a4386ec6e594ea48f9f659d3491ce2d77315ab41e8657a5204e1e9f3d0353,True,,False,0,1,0,0,0,0,0
6289897,1,17,7439040,1c91fa1bfbc5a3e568dc7667d7b42c53ef5f226644bd266202a1f99ec809c4ad,True,,False,0,1,0,0,0,0,0
6290382,1,17,7439040,0deeb89927334a700afa8364ac5c18b731da735df43e26f5485267f7ed29df81,True,,True,0,1,0,0,0,0,0
6291033,1,17,7439040,b707416fb44da09885751c07439854e7266e047ac322130e1036b6b0b509eeb8,True,,False,0,1,0,0,0,0,0
6291653,1,17,7439040,6e20001b51b8b5e3a7f13ffe09ee1c7efe4f312e314fdb55994128838ba7affd,True,,False,0,1,0,0,0,0,0
6291837,1,17,7439040,d8edf5520aaf72923a528f990313182d8b48a96f8738309382a4a7d4a4fad220,True,,False,0,1,0,0,0,0,0
6292162,1,14,6312960,5fd8d9dc523cdae0ce1d679e1e1463c18d78da00213e85ed3a2119ace5e9df6d,True,,False,0,1,0,0,0,0,0
6292732,1,17,7439040,c4c006e1f7bc872edf0cbe49bdce1982c1245b449c62751f63e05f9dda747bf2,True,,False,0,1,0,0,0,0,0
6294819,1,14,6312960,7ecffbd3772b6b2fccacfafc8a3aa0babb4272028650f933d45e7eb1e41d4337,True,,False,0,1,0,0,0,0,0
6301030,1,8,3551040,064b539e7aacb7542b00ef5135ab40ea68f7eca5d98da5e9543364c60dbb403d,True,,False,0,1,0,0,0,0,0
6301035,1,17,7439040,5a49e331114a021fbe05820d32708ff53394d0a5159f128b1e17d28259d0c275,True,,False,0,1,0,0,0,0,0
6305192,1,17,7439040,e14b69878adae30bd264a95a00d1f3d32b1655e02a24c150e5d3ff1a322b22eb,True,,False,0,1,0,0,0,0,0
6307062,1,17,7439040,4cb2cda20f244f385c87a2185676a58cefdeca6f53f08442607fb6984ac83c2f,True,,True,0,1,0,0,0,0,0
6307063,1,17,7439040,4f552782197d5a14c29368e3e487e5797ffb3708cdbed8da328a424e2e36a9c4,True,,False,0,1,0,0,0,0,0
6307083,1,17,7439040,3551b80b0daac28834af6d00cfae8be7ae7f65065fd3ab38b4a391ee1fd77a35,True,,False,0,1,0,0,0,0,0
6307521,2,17,7439040,c8d2db648fa0930c0a7452a4fb0e2957a66176207e93965376a79c6b28ca432a,True,,False,0,2,0,0,0,0,0
6307537,1,17,7439040,f9471b5867c0f3a6e37dad4a33e45d793c62398c468efa8a0dc04c1862134b70,True,,False,0,1,0,0,0,0,0
6309264,1,17,7439040,4944401833d05431f2ce3d8d8b527c305327ee254f7f377d19d5929d40503832,True,,False,0,1,0,0,0,0,0
6310636,1,17,7439040,c3e6c0d756590eee9f8d839668954a60417c0e1831e25e1ced5c2080987a93df,True,,False,0,1,0,0,0,0,0
6311520,1,17,7439040,aaa357022a3d6e0f7314b3b81abecb415ebf19dae55076c015a97637e7abca41,True,,False,0,1,0,0,0,0,0
6311637,1,17,7439040,9591e8fcfa29ad3c99a0fc3a1a4fdfa10c76796639d2026920ea855766734e16,True,,False,0,1,0,0,0,0,0
6311681,1,17,7439040,11280f81046a5a3db5a040ed123a366c1c3a78b6df0f53d384045ab7e9dc8184,True,,False,0,1,0,0,0,0,0
6312314,1,17,7439040,83391e46b20d3f2c75afd4d70ae57fdcbf6cddba28561baf564ba9c9ec6f67c6,True,,True,0,1,0,0,0,0,0
6312521,1,10,4415040,4a0bf8f00c47d540b45afc87c3f3f7bf2a9072884f5040c9741b6b860dc17dc7,True,,False,0,1,0,0,0,0,0
6312534,1,17,7439040,6039f2b55da312f997137f5ba42cd043bb79a03559ce192181312d49e66ed907,True,,False,0,1,0,0,0,0,0
6314173,1,10,4415040,59d2e00942e50043d3ed9164b43ec881c019411000c3d75583f7099fe8ae8a74,True,,False,0,1,0,0,0,0,0
6314185,1,17,7439040,9e8e7759ed16161626477431d3251a55596e2e49f51e509216e5de4de08edda8,True,,False,0,1,0,0,0,0,0
6342333,1,13,5780160,04b5f07a9750a6042ddb73662d18a5c31fd34826586a1b21c3a999ed95ad5c11,True,,False,0,1,0,0,0,0,0
6343170,1,7,3024000,47fb70972061099673b393d05de1ae786d46176686022b2cbe312bf24a0fc5f7,True,,False,1,0,0,0,0,0,0
6343576,1,13,5780160,1ff2742b033a0637cf3888008599d2124d8587a7fe9babdf5d8982cd663e7e67,True,,False,0,1,0,0,0,0,0
6345732,2,13,5780160,8f086128dc2532f294d1db597da3d18a40115c9c3d1de69e7059e400eaa491ff,True,,False,0,2,0,0,0,0,0
6347299,2,13,5780160,961e5634daad9362c60e05e0a4b210785b4a79181e1f83200cd6392a952c0596,True,,False,0,2,0,0,0,0,0
6349881,1,17,7439040,e14ac69a9b348a3a4025fe52fc14609376587b904b3effc9b35703b3e81dcbe7,True,,True,0,1,0,0,0,0,0
6350031,1,2,1013760,aacb7a608edfa03f7ed587de153ec0c95384160e593e8f1f74eb698c822d8829,True,,False,1,0,0,0,0,0,0
6350476,1,17,7439040,a2db68b019fe2edf940d31d04c1e643b59ff87544fd957f54a05f709013d0545,True,,False,0,1,0,0,0,0,0
6351097,1,17,7439040,4c976dd6a42c3a2da5bd53e08f42a13b652c20c16c8c83889986fa43062a0a8e,True,,False,0,1,0,0,0,0,0
6356207,1,14,6312960,61d439d6b489bc9db680a2363e9afca9b0df265e06ed830b6045e1ab9a1c4486,True,,False,0,1,0,0,0,0,0
6356692,1,17,7439040,e7f1173f4a389ecf461d3adc1bc4533b33d5bfd218ea9c65055fabbc21f3817c,True,,False,0,1,0,0,0,0,0
6359320,2,14,6312960,83740efd63c32f15add08b4f275a13a24ae4beaf03a125f50ebdc9c66bbffe21,True,,False,0,2,0,0,0,0,0
6359798,1,17,7439040,9c9bb97376e5ca4f80acda769dbd2ebee7d93fdd147c75fd963d2ac9c7181374,True,,False,0,1,0,0,0,0,0
6359802,1,14,6312960,8b7812ed94c087930d9301ba34837563b2610bf67b0e2e52085e66181fdc21b0,True,,False,0,1,0,0,0,0,0
6362386,1,17,7439040,d0fc83e2d98611f93c942de14f96b0f6864858f45bbfb57468163c9167c9f34c,True,,False,0,1,0,0,0,0,0
6362874,1,17,7439040,4bae9ee8d703e544e8ff355fb79b51dcc4bd37b85240ad8076e21095c165e480,True,,True,0,1,0,0,0,0,0
6363494,1,2,933120,2e3bcfb4bb65d33e07f5dc54c6013df3993f3d49c6d66d369ca22436467ec2f5,True,,False,1,0,0,0,0,0,0
6363560,1,17,7439040,2a4ab3169332496194869897a3151b4d6387bf01cd5892b2fc4fbdf42b9cb858,True,,False,0,1,0,0,0,0,0
6364064,1,17,7439040,7c82a749f2c136720908cd649e7cfc7bc32a229a20e622bc5589a55ea487e910,True,,False,0,1,0,0,0,0,0
6364067,1,14,6312960,4ffb57880720293723d5cb77289337f53e6b037b479d54d800a295675a21f6f6,True,,False,0,1,0,0,0,0,0
6364126,1,14,6312960,05c5871c768f71d991b69d9d20d0f8fdcb77cb9842edf10a50249fd692fbd828,True,,False,0,1,0,0,0,0,0
6364143,1,17,7439040,629e9474be79d574494f0534720b93dd25d282d0359c66c6233d1512575be294,True,,False,0,1,0,0,0,0,0
6364162,1,17,7439040,76189d392a70f31513a658807063a855b7dd95a46e3dd7d283dec9c5305fe9a1,True,,False,0,1,0,0,0,0,0
6364195,1,17,7439040,b4de3ed03534c9cfa99d593b771ffc6c02e0979908e864289353ee707d413732,True,,False,0,1,0,0,0,0,0
6364200,1,17,7439040,5c18f0ffdac7be7277df37961b920227a346cf95b2f3c045646b6b7b9d2d5dac,True,,False,0,1,0,0,0,0,0
6364215,1,16,7246080,8b5289e645b461094c6f495cd5ce66c69dd269a98766b766efbc17c9378426f4,True,,True,0,1,0,0,0,0,0
6364247,1,17,7439040,13cad52ab12087c76346afa9736af278720e04cd3a68363ddc185e0489667f5b,True,,False,0,1,0,0,0,0,0
6364276,1,17,7439040,a33c04154e7bf064ca7dad2c57bb880dae376d5346396c6312c10921328bd5ce,True,,False,0,1,0,0,0,0,0
6364294,1,17,7439040,8c0c8957ed8c62f7ffbf1081638e278f9ad827291fb908bcb5a1e8c6a07d8ba4,True,,False,0,1,0,0,0,0,0
6364307,1,17,7439040,7d2c9c7b93271139059c52766aeec697b08d68b50cc437f46b1cc8ed1881a00f,True,,False,0,1,0,0,0,0,0
6364327,1,14,6246720,32e16448d54b3ef5ef3041816774fd7297f79aa115dfde8f6f14a5c2010e7ea5,True,,False,0,1,0,0,0,0,0
6364582,1,12,5587200,bfbffb568dcd1b5592298be740a1be3124a3233c604269be8283b6e171d3c284,True,,False,0,1,0,0,0,0,0
6365156,1,17,7439040,dee26b1f927a8971a984c5d69b2d132133b424c8631336678a5e980dcf6ea68a,True,,False,0,1,0,0,0,0,0
6365321,1,17,7439040,6b4776ab16b2ab3605f8fdf8e5bc5b17968e462f04489e04488dd1b3a4c65e79,True,,False,0,1,0,0,0,0,0
6366559,1,17,7439040,4c584363d7f66e379c0db330488fb0909a317904eeec4820223106babf402d9c,True,,False,0,1,0,0,0,0,0
6367628,1,17,7439040,8967dcbfbb82d8019fc7ea8c088c72f9a03eeac525405b333c449356532dc5ad,True,,True,1,0,0,0,0,0,0
6367663,1,2,1013760,3d88e0eba4341ee3dda0aa42c60186aab9d5c53e295053d472a23c1a42df12a3,True,,False,1,0,0,0,0,0,0
6368175,1,17,7439040,b8b878620d3da9110b2fcc714db9ea9a13915ec93168e2f49cf318ae986e94b6,True,,False,0,1,0,0,0,0,0
6368230,1,17,7439040,ef11f7139eb12ef4eedff5919e631768abd6338d203a3a597ec1518cbfa6ade1,True,,False,0,1,0,0,0,0,0
6369845,1,17,7439040,aa72505eba99f5d696c8cc26a82aff56c4a60eb7fb671be7e03d381a0cad438d,True,,False,0,1,0,0,0,0,0
6372268,1,17,7439040,9fedca48788b0bf64c809e7b13cb9d02f9182509c5d5e4fd9756c2840cb2774d,True,,False,0,1,0,0,0,0,0
6373680,1,17,7439040,dc12a24f66a2d410fa81c0cbde1a45791e59c25fc44bfe25f883e4bf29f076ef,True,,False,0,1,0,0,0,0,0
6381846,2,17,7439040,24625db9590672ea434597a727ffb22459283de854c4b3f8dd1bb1384d97c336,True,,False,0,2,0,0,0,0,0
6382217,2,17,7439040,647c52a5ef16e2de4d70dbc5982b03a9ee721df5abafbbd1c48c9da72cc080a6,True,,False,0,2,0,0,0,0,0
6383785,2,17,7439040,b685c95936f9bf6c893c355e9c501ae73da9f18ff1fe1128b3d5620c09a5bbfc,True,,False,0,2,0,0,0,0,0
6383821,1,17,7439040,9c6b34f05ed8cf6a51218a111474c2d932b9c91a84ef2368916b012ed09ef08b,True,,True,0,1,0,0,0,0,0
6384840,1,14,6312960,aedd6df096e3ac89a140d8b7b94dc081300efb98e60999ab5c286546b04ca017,True,,False,0,1,0,0,0,0,0
6386784,1,17,7439040,e1a6f365b6b6c5b0907bb5cf732cdee0642d0d45c313d6d69e0209510a41ab99,True,,False,0,1,0,0,0,0,0
6387450,1,17,7439040,be13fa9e26f0722a901eb2be68740ff1604b0b3836bfa2d10629bcbb1e93c912,True,,False,0,1,0,0,0,0,0
6387542,1,14,6312960,b7e21b7263aa6bd36a5de4a6d7dfc802f5c7d9ce362adc606a9bbb27b4bb7f49,True,,False,0,1,0,0,0,0,0
6387887,1,4,1800000,2d6eb7d639d9273e353d9eb8724cbf340950797d68ed9753a025d738497102cb,True,,False,1,0,0,0,0,0,0
6388770,1,17,7439040,14551e1b0c5087753fe6895a91b84376a8ab10da44e52d3ace3cc8ddf15bf2e8,True,,False,0,1,0,0,0,0,0
6390236,1,17,7439040,b207684a8bb851c670e691d3a63d641564fcfd167b2ac0984314c07bb10f18c5,True,,False,0,1,0,0,0,0,0
6390824,1,17,7439040,2ac565d2b316a8dea562041c1e1defa9149ade810f841a616a6b06cb7f25d882,True,,False,0,1,0,0,0,0,0
6392727,1,17,7439040,94a5e23fea27778ea77be73576c288d75e72958a2034ceac9f0e9615f3834bb3,True,,False,0,1,0,0,0,0,0
6421188,1,13,5780160,2b73986d09bacc743b58733b412044e1649c6d439eb19ffd2b5d378159b1f10c,True,,True,0,1,0,0,0,0,0
6421483,1,13,5780160,59c38090e3e7970ec11cfc43bb2533ee5d803b89fcfe2ee30615c011117793e0,True,,False,0,1,0,0,0,0,0
6421503,1,13,5780160,f12d643f74230289578ddb6f05099b1148844b358cf6571fc18cf66910810509,True,,False,0,1,0,0,0,0,0
6422070,1,13,5780160,28fbca2e435df9062a630e732304b78f3fa0c40087b224490d2fcc037843ba39,True,,False,0,1,0,0,0,0,0
6422155,4,13,5780160,ce909c79566dffc2ae7c156395e87a81cd918f6b860a8306352ee46f4ff42e16,True,,False,0,4,0,0,0,0,0
6425957,2,13,5780160,d3451b8dd800fc4587243ae7197ebf690f757b9fc101b435d16e2ce694c35f94,True,,False,0,2,0,0,0,0,0
6428700,2,17,7439040,58aa1615c331f1faae576308f1fb1080a9029361f89c324fff810664806cbf74,True,,False,0,2,0,0,0,0,0
6428794,1,17,7439040,a87171fab7b60064220ae2b8bd1afffd5fa65acf68602825b25d246dbea8d66e,True,,False,0,1,0,0,0,0,0
6429812,1,17,7439040,bed0d1ae6284c7803a8572f80a084ef8a9223a18958f98ef200b0d8d54608762,True,,False,0,1,0,0,0,0,0
6431670,1,7,3306240,60decef2bf4fd4b02c4a9e535b54db69591b1557cfe789c2b21612bb247fbd72,True,,False,1,0,0,0,0,0,0
6432345,1,17,7439040,c99132a1e8f29188fbaaf517e3e1bcd20af9540527057f08dab79cf2f93c090e,True,,True,0,1,0,0,0,0,0
6435936,1,17,7439040,2fbef5a606a0aa598dc1487f50517514554922fcaa725ad7fb94fe2d6186a3f5,True,,False,0,1,0,0,0,0,0
6436029,1,14,6312960,fd48a9cfa628793441c06bb292941068b4bf332a648fac50f69a838a700dfe4f,True,,False,0,1,0,0,0,0,0
6436505,1,17,7439040,f29987641d2741498e2eb3f13523263426952a44007b4659fc8e76ebb9a24916,True,,False,0,1,0,0,0,0,0
6437993,1,17,7439040,9b8d8ea411d2dca8fde592c76d6de81b9bddd5ea6b3e869d0aa2421fec607fe3,True,,False,0,1,0,0,0,0,0
6442246,1,17,7439040,af0a6331749bb59f8deca5f367e94feb85615b716dc9fd8a1cdaffdc78164bf8,True,,False,0,1,0,0,0,0,0
6442340,3,17,7439040,e378bcf64efb659721537d705619881c3ba1379615562185162c586d979afc6c,True,,False,0,3,0,0,0,0,0
6442377,1,17,7439040,f0f67003800d06adfe068751fdf6ea4681f19737a7679345873935f95adaeafa,True,,False,0,1,0,0,0,0,0
6442602,1,14,6312960,ad7b3d8a6002413c89dc137a150a57dd29c084506ca656159e2d9da8e7db9ddf,True,,False,0,1,0,0,0,0,0
6443392,1,17,7439040,9e57932126a16954bb8d8d6ad20d6895d6fd926673dc10d2461e240daba46af8,True,,False,0,1,0,0,0,0,0
6444896,1,10,4357440,8d7ffc1deec39dbea7ad074599ba23125d1a5be9fde7b5ea49c0e7106212de63,True,,True,0,1,0,0,0,0,0
6445531,1,14,6312960,b931ad892564b59363c11fd7ebcb5447c0c127b383f5e50c857a493202916301,True,,False,0,1,0,0,0,0,0
6447326,1,16,7246080,95a105dd47948a33173d28bc7f15be7f523c1cfc27262ea71877ccf8492acda4,True,,False,1,0,0,0,0,0,0
6448768,1,17,7439040,65215ddc0965dfcc5b34ffd9d864747d795abb8e17fa65d6d01c9368f8e10aae,True,,False,0,1,0,0,0,0,0
6448890,1,17,7439040,a648cd17893b16c6c35d364c820e100908dce610df1733d2d5feaa1ecf68f545,True,,False,0,1,0,0,0,0,0
6449291,1,17,7439040,21425496a77d87ec349cf9daed4eb5c94a87d074c459eda5f5d6f866a47e2bb0,True,,False,0,1,0,0,0,0,0
6449358,1,17,7439040,fd8c3bf75cac7da71068011d16d41f7ef83483363577239af67bdacac65c2072,True,,False,0,1,0,0,0,0,0
6449552,1,17,7439040,40ebd97a96864351446ef45f04612b3542e83d46eda828beed65d1b9cfd6ca3b,True,,False,0,1,0,0,0,0,0
6451125,1,17,7439040,50950a1c906b50ee56bbee4af944514e6457987cdb777d21a16c1b0f60a564f8,True,,False,0,1,0,0,0,0,0
6451936,2,17,7439040,4348723fa37eac2bc7f98650d5c516b93601c1ca17bef94f79bed68d8a312b5b,True,,False,0,2,0,0,0,0,0
6461850,1,14,6312960,901719562f95e155896590a7551a6398fe335f017a5411870b645d7b7e474846,True,,True,0,1,0,0,0,0,0
6462863,4,9,3562560,439310f76cfa3c08175ce6f746b586097be8c7984d271227a79a608ce628b2bb,True,,False,0,4,0,0,0,0,0
6462874,2,9,3562560,e103d4e0a75c45bce6af1d068a12f2d23fd231e4a67da8a39aaaf0ff9b83feba,True,,False,0,2,0,0,0,0,0
6463499,1,17,7439040,ca892b7917de0235dfc50b105af78b3a2f8f588c673bf975c820c2c22cad10b9,True,,False,0,1,0,0,0,0,0
6464285,1,17,7439040,62a9ba7f6b252cdd87da102d2c7b375516699bd2a6b7afab6a5e98e8974e0fb6,True,,False,0,1,0,0,0,0,0
6466939,1,17,7439040,b0a1e0b45c1ca13d69f63d09a7ce566c933a4df9cbf2cedcf673858539a4bf9a,True,,False,0,1,0,0,0,0,0
6468138,1,17,7439040,e10d2bae35a3ac2036c1aa9652c2663081fca6b390573f75c56e14df5a907c12,True,,False,0,1,0,0,0,0,0
6468337,1,17,7439040,07bdd68d4535b4285501e9be3ac3ac6855b3bbfb2bea32f5bb835042ac8ac839,True,,False,0,1,0,0,0,0,0
6468938,1,17,7439040,c7dfcfa2a67f81686da657ba6b1f4183f6da9bdebab3e512c9eaa40b477b8bad,True,,False,0,1,0,0,0,0,0
6469946,1,16,7246080,a1f55311ae4ae92c8e4d7e5dfa318af3c024dc01268e6037b5e0ca0a29c565ca,True,,False,0,1,0,0,0,0,0
6470516,1,10,4415040,741de2cec2607ba89a052bbedf15042c864fbe98e413983519bd63bcf55ecbb3,True,,True,0,1,0,0,0,0,0
6470521,1,17,7439040,fb343eb04d60c6e90ac11d991bad100dc1b9c32ffa399fa15c8677c0c4e2298d,True,,False,0,1,0,0,0,0,0
6470917,1,17,7439040,493caaad487d4c8b92472e4714f8b82ad77257b10220114e8a16d404930325e3,True,,False,0,1,0,0,0,0,0
6471229,1,17,7439040,9df89b2df4e2ab89ff9d1fcd0f73dbbdfc1630a575e72832d7c94b7b09f91c76,True,,False,0,1,0,0,0,0,0
6471230,1,17,7439040,7b61042b059b5b2cd377725437c6e8ba88218f23607225d3651439f7ab8203e9,True,,False,0,1,0,0,0,0,0
6497146,1,17,7439040,3d58339f4b95a8df74a2141aee298aca0299f7cffedf3420dc645e1a75211dcf,True,,False,0,1,0,0,0,0,0
6500206,1,13,5780160,7c670c2f221e631f1e1b3233ba0b2af682ee168579cc13e93ad37dae9cd0eef9,True,,False,0,1,0,0,0,0,0
6501635,1,13,5780160,ee8c839ad3376dca912f54656207d2e6258010560410bd00fe41ea93c87bf152,True,,False,0,1,0,0,0,0,0
6504534,1,13,5780160,36ae2fdd50877371c14a383b8f5b37220a3257e3fe96197847be8a695f268c74,True,,False,0,1,0,0,0,0,0
6504954,1,13,5780160,0874b1256e7bb44704c3f35ae6e7aa99a36f26bf7fb08f306d7081f5e1b130c7,True,,False,0,1,0,0,0,0,0
6507427,1,17,7439040,a03e151940d4650fb6986ec2566e44919740944d9523bcd3cfc0814830f186ab,True,,True,0,1,0,0,0,0,0
6508221,2,17,7439040,3bb99452dfb276911928de11a67bd3c2ad04f6855b2981263cdff7b8d0ba3bb5,True,,False,0,2,0,0,0,0,0
6515722,1,17,7439040,736ccf3699db8b146259e7004791851a79feb749cbf7bdc7ad660c567dfb40f5,True,,False,0,1,0,0,0,0,0
6516529,1,17,7439040,93aedd75a22d10849071b6c42f36a3c80a050719b2869d4c21c55fcfa9a07130,True,,False,0,1,0,0,0,0,0
6516874,1,14,6312960,0a1ceb43d9c9df573d09095e597e07c64fea77a70ffe149d8c7d45298ddae809,True,,False,0,1,0,0,0,0,0
6519865,1,16,7246080,324a444441a8cdc2788edaa982cd9b6594fd8ae97a2a957b95af2936ab722a8d,True,,False,0,1,0,0,0,0,0
6521045,3,17,7439040,89212577fafaa83dca2655fe21639d9ce7ee8d89869d1ac2e7a57c4a103505a1,True,,False,0,3,0,0,0,0,0
6521174,1,17,7439040,6a8f327ca156ee1ae3aa86b7b5969bc1e4e8e10b6ba5d8b8800a050cf092f73c,True,,False,0,1,0,0,0,0,0
6521526,1,14,6312960,d3d6f0e98399e2bba9d862005931bf14c27404b6068e160085deb80ca68d43d0,True,,False,0,1,0,0,0,0,0
6521542,1,17,7439040,a3236b907549253bad66cd51142b74a60fb9b43678a2d2ed0fba255c73521eac,True,,False,0,1,0,0,0,0,0
6522242,1,17,7439040,3893d281f69aaab616be7f24a1ee3c6076050ed7b0a60b44fab51bc8042825c0,True,,True,0,1,0,0,0,0,0
6522353,1,17,7439040,b9ef9ef8a65e3c1c2e62e90867916ab89da7d60479f801b51095093aafe84ee7,True,,False,0,1,0,0,0,0,0
6522745,1,14,6312960,50d692d4ac422cc97d975e4f5b28eacc515e639262c26d7009ad9b2c2c22f3b9,True,,False,0,1,0,0,0,0,0
6522750,1,17,7439040,133d1dd855e9343e14b7f819012b371004c9f5f9a4c85da8ed3fcf3e5b63ff6e,True,,False,0,1,0,0,0,0,0
6522824,1,14,6312960,8cdd6ce16b3d85d5bd9875eecf7cfb5ccd1a53b67b0739399488e63fc7f4895b,True,,False,0,1,0,0,0,0,0
6523216,1,17,7439040,89320c7a48ff6363a58c442883740c8a6eac6a8a7f9f9a2576849e958e180bf1,True,,False,0,1,0,0,0,0,0
6525106,1,17,7439040,3306c845e48949b4dfb2d4ceab52c98dd988c946cc904dd057c3ec2e05043ddf,True,,False,0,1,0,0,0,0,0
6525185,1,17,7439040,bbe03acc1319645ebca6a26a8cd63ae1d3175c973467438d9927e3274481e052,True,,False,0,1,0,0,0,0,0
6525193,1,17,7439040,84aba3f9126f4ad19f3abd2eaa457c249f7ea7cef366972dcce60aa988db345f,True,,False,0,1,0,0,0,0,0
6525196,1,17,7439040,e2ac6a25c5b7328a8046b2b06be2a4c81ac516f4c59ae5f17f2bd60ab820979b,True,,False,0,1,0,0,0,0,0
6525209,2,17,7439040,29880c02faad6c1df3f0763de3faacd54ca51f21a3508dc9953edc8cf57377cd,True,,True,0,2,0,0,0,0,0
6525249,1,17,7439040,7c5a2cd4a058a0ada8d879fbe977afa9fbfaf72316012495e1b02b098cdd4a0f,True,,False,0,1,0,0,0,0,0
6525280,1,17,7439040,6d906c38adae023ecacd03b7343c586de86ad196b8a0659ce8e02fad026e375c,True,,False,0,1,0,0,0,0,0
6526377,1,17,7439040,667c446ed68f42e6081ddbd7cd4099a1551e2513728bdaf581e37eb2b73efbd0,True,,False,0,1,0,0,0,0,0
6527016,1,17,7439040,a3404cc11d6a063ea2ac4f61b81be44e73397856c2b82812942c00a5bb34d633,True,,False,0,1,0,0,0,0,0
6527229,1,14,6312960,5ba60b46c3d49a1a07d7442a386bedf7391aac5e10537ef04a3d6210a4f3c229,True,,False,0,1,0,0,0,0,0
6528141,1,17,7439040,339cb30f999a787bd4b8a979b490b4f6ac65c6f2b83acffecccc1be2cf01c4e3,True,,False,0,1,0,0,0,0,0
6528464,2,17,7439040,4a5f32060bb8605f2767b5e080eec3449d56253212b905a7acc8e5a9f44ee90a,True,,False,0,2,0,0,0,0,0
6531143,1,14,6312960,728bc988a8eba525ad14e9ee7da529ea40212c3b8f50da3d3a295ae2f8ba9221,True,,False,0,1,0,0,0,0,0
6531485,1,17,7439040,2119d1f19b69afe3d537191167f008305a42dfdb8defdaa60c47ec7637d85186,True,,False,0,1,0,0,0,0,0
6531491,1,14,6312960,0c421f4e2ecd461250e601f03fcaf354af19a071844e7a5aa7e594bdcd8b4366,True,,True,0,1,0,0,0,0,0
6531496,2,8,3551040,ba3916b634bfa4ad960e4cee743921c52ca0e855f33a8aa826086f32fe0ecb5b,True,,False,1,1,0,0,0,0,0
6541920,6,17,7439040,c524c33c201dcbaf2fff22e2232e986204ad9fae53c337a1460c8e3e4bd3239d,True,,False,0,6,0,0,0,0,0
6543645,1,17,7439040,1b5bccb4218afde538075383f13e3092436f9476843dbb7240cc16e46605c350,True,,False,0,1,0,0,0,0,0
6543674,1,17,7439040,5b9ef06c4a9b8e3d711bfb9b2bb0f1504cbd0c906a0ffb07c9d4cb91df2d696f,True,,False,0,1,0,0,0,0,0
6543682,1,16,7246080,bad935b36a8b9513d72cbd47a5fd1ff3d578cc57c58d5fb9d0d18d47fa005683,True,,False,0,1,0,0,0,0,0
6543683,1,17,7439040,2e8c1bc98a179517a341767ffa82946c8810f6eb9c9dc6ddc2c9463d81719234,True,,False,0,1,0,0,0,0,0
6543893,2,14,6312960,d346da5beafaed4f830b6593d667b3769c4179e769a414742a80ff0114ab129a,True,,False,0,2,0,0,0,0,0
6545018,1,17,7439040,4db70a4df5a91373b70f93c8c249fd151789b40e59b464aeb4073861cf86f473,True,,False,0,1,0,0,0,0,0
6545051,1,17,7439040,44c0627603d89bea3081711493ac3cb81897e81da3287da24e40fb7c329be653,True,,False,0,1,0,0,0,0,0
6545358,1,16,7246080,401930669ee2dc0a7c4a811233b90541c49f1d18129c2b717ab9f2d82337ec84,True,,True,0,1,0,0,0,0,0
6546508,1,14,6312960,33ad2c4e03d457c23fc8a83e3ff2a49fae97519dd34866d8f70ccedaf9fcdebd,True,,False,0,1,0,0,0,0,0
6546528,1,17,7439040,6f46292bcecd519e5f7e3c9ed21b66d8548c669ce8eab7da4f945f62b4085d59,True,,False,0,1,0,0,0,0,0
6547322,1,17,7439040,9ac3459fd252c862c4799c8d41a7d8667334b7901906e18f476dac615fc0a1cd,True,,False,0,1,0,0,0,0,0
6548447,1,17,7439040,8aa99d1d38e84b837186efc0eca65b82d8f29ed6a1ea3c3cf08d05c972fa227a,True,,False,0,1,0,0,0,0,0
6579806,1,17,7439040,8de32519dc2ae601a5910a0dfbce965281c9bb182407040fa9fea4952be4bd69,True,,False,0,1,0,0,0,0,0
6583107,1,12,5587200,d95c21c53dcaa2579b6efdf551ecaec86c2060cde6acde02a5dcd6afa3021628,True,,False,0,1,0,0,0,0,0
6584167,1,13,5780160,dfbc1c4ca974f299970c3eab7bbb1c9705936f977de04aea38300f0ca852c716,True,,False,0,1,0,0,0,0,0
6584273,1,13,5780160,759c411f1bb181a08ec414e09b51b2608f9964f8aa9295de07aabc72d2df6d88,True,,False,0,1,0,0,0,0,0
6586746,1,13,5780160,ff5884408907d3ecdca0b52aec74cd7f068cd66e009f89d2912a0e640cf1ff18,True,,False,0,1,0,0,0,0,0
6587002,3,13,5780160,40ec0e933fe3bc72d7f08a50b8628c8436d179ed91ab42f96d7139a9d8544e54,True,,True,0,3,0,0,0,0,0
6587105,1,13,5780160,8b43720673a6a3fd1b5aad9033f6db6ac8a09ff38de40c186e008974c9827763,True,,False,0,1,0,0,0,0,0
6587280,2,13,5780160,57218fdea92cc5f1d25e44ea1bbdef705ead8a7accbb39d7f899fdf64e80d82f,True,,False,0,2,0,0,0,0,0
6587796,1,13,5780160,b3c35ef7c2a1c19d84d15af4def2b0f6195035eec79ab79031089316e1c4ecb7,True,,False,0,1,0,0,0,0,0
6590307,1,16,7246080,53400d7e57c8e1a932b593736d7a362316abd7d4853626525fa6d51b0c90d422,True,,False,0,1,0,0,0,0,0
6590362,1,17,7439040,ad01868af1feb3548e18b9ee8d938093c0ddecc420d27c23b80dac781759f1fd,True,,False,0,1,0,0,0,0,0
6591789,1,17,7439040,bb9ad244228512e530d20b3dbb5275893033241be131202cca7467b215262925,True,,False,0,1,0,0,0,0,0
6592832,1,17,7439040,5d5bb4589e91e900c84becacf27e023d7829fb33ed262d59bbe7367297fc3022,True,,False,0,1,0,0,0,0,0
6593363,1,17,7439040,82938deefe3843b5d199d77d55a078780b73a06e61c35c865fb8bffe8ae861c6,True,,False,0,1,0,0,0,0,0
6593734,1,17,7439040,a5b44a35af7e8ec310c2dddde498fe5733ee66781bedbaf48845dfee10687224,True,,False,0,1,0,0,0,0,0
6594945,1,17,7439040,b46699970b64193bdf591a86cf5b892fe483e8cacd05502e66f2f4a6c7d3ea88,True,,True,0,1,0,0,0,0,0
6594972,1,17,7439040,26c9efba9efe84d63325264b0f0513c5f5a1a929f5fbc91a1fa5e7c51426f42a,True,,False,0,1,0,0,0,0,0
6595662,1,17,7439040,26bd32e58f128d1289557e95b1abd571531602a170e15b5ea444a63a36fbac3f,True,,False,0,1,0,0,0,0,0
6599919,1,17,7439040,1086f871e38b445d0956343bd5da02cf86178e3b106e718e0e95751d5b011ad1,True,,False,0,1,0,0,0,0,0
6599975,1,17,7439040,99a45e5d56bdef56e4fac604ba8035dd1ce4f334de91c823c08196570deef836,True,,False,0,1,0,0,0,0,0
6600492,1,17,7439040,9f3112df014870a67321965ce66786b1469617f0eca4a19bc0213077d82e8c4a,True,,False,0,1,0,0,0,0,0
6603043,1,17,7439040,4d839d4a717c6a85f5d4188b4a62940ebf5e530569b37636085c958b630ee6ba,True,,False,0,1,0,0,0,0,0
6604328,1,17,7439040,85e1f6c64995e4685a2a003866a7187fb8c90e8d6763609b9e0a937fea709db6,True,,False,0,1,0,0,0,0,0
6605493,1,17,7439040,b0678275858776364b7f74c5e4b34dcc1978c7d98080c5395716ce61350de437,True,,False,0,1,0,0,0,0,0
6606282,1,17,7439040,f762aa9fc2ee1330e0c50915a7a1ade15c4ac8b88e96d3e0c3ce2b7ef3b5c575,True,,False,0,1,0,0,0,0,0
6606438,1,14,6312960,7da90ef26004886652a4b90717243e1273c34ac01790399cd21e8cca0bcdfd62,True,,True,0,1,0,0,0,0,0
6606653,1,17,7439040,2262a3f3b722044b25020a017ea50985d7f44d1cad91823f472fa7d54ff68c9b,True,,False,0,1,0,0,0,0,0
6606669,1,14,6333120,7e201b204e791ea523e553bb68ad10cfa3d4a0772b0ed9a56f591b5b5b8932dd,True,,False,0,1,0,0,0,0,0
6606934,1,17,7439040,0f18853f9167fff9b46895a7015658619a68dea2d08fa8e76710d157f7ef93c2,True,,False,0,1,0,0,0,0,0
6607357,2,17,7439040,7e55e0cda742c04f79e92211ba106cfedad4bf65655f65cef7ea68c0d0cdc1e8,True,,False,0,2,0,0,0,0,0
6607610,1,17,7439040,40b0783f2c2eb14bb8a76d18f08b36c858b6cabe0ab91731bef4eceb18ce5c6e,True,,False,0,1,0,0,0,0,0
6607644,1,17,7439040,65dda6c5dec4c727e9a4c4df77b11310322da199a9e3340f9b29d21ec1f7e498,True,,False,0,1,0,0,0,0,0
6609270,2,12,5486400,f7f0182294bc12d323e5f686abae2326c638de01d6753520704d0549460d2121,True,,False,0,2,0,0,0,0,0
6610064,1,17,7439040,bab0fdb7449bbd2297517e9af380fa6b5640b59b387d1c976ce17652de2331e0,True,,False,0,1,0,0,0,0,0
6610219,1,17,7439040,1b2118cdfc07c2ffc2a251e093beeed24785643f0a3c846c9d9e3e053b84ffac,True,,False,0,1,0,0,0,0,0
6610433,1,17,7439040,4b5645a6a8b1c290c61d65c6835e89682f4d9e1c13393168ba168417844c9616,True,,True,0,1,0,0,0,0,0
6611330,1,14,6312960,ffd2f81601c06598f883122f331e8eb75277690bfea600b45931e7ca847bcadd,True,,False,0,1,0,0,0,0,0
6612284,1,14,6312960,580f1f51399dc7c5e3179292907194111dd3995558cd159782d819286be3766c,True,,False,0,1,0,0,0,0,0
6612327,1,17,7439040,efd4176b7c11d21c4c13c892be36f5ada6e6afe9d359f78d76da92d1fe83edbd,True,,False,0,1,0,0,0,0,0
6612411,1,17,7439040,eb8cd0eccf46bc08e4b7b388585028b47b92432e0240e3bde1efc64d5e3ebe51,True,,False,0,1,0,0,0,0,0
6613006,1,17,7439040,1f52ca1de308da0ed9b20915bd8595e5d06a10c5d0b31735b0f0a8eac4597658,True,,False,0,1,0,0,0,0,0
6614629,1,17,7439040,6564be0eb4d58be0017cb5347ce7e72f5f46040a6061687d7160722bb9a48ec6,True,,False,0,1,0,0,0,0,0
6614926,1,17,7439040,99006f82fe1dd1aa86f0f58a11cde547c3032edb268249216c493b6a5ce9628a,True,,False,0,1,0,0,0,0,0
6615511,1,14,6312960,02139f36c09dcf17a87eed4ec6fb3e68f7d0660c44cb110968c671c5f9724e56,True,,False,0,1,0,0,0,0,0
6615600,1,14,6312960,68ddc5692bd4ab83684ab1989f048978bab85380dac942e84a0e08c0faa3b056,True,,False,0,1,0,0,0,0,0
6616218,2,9,3562560,6dacd127a2fe12459dd2291da08e27019ba6582fbf02cf9b8f61fb78ae3d0405,True,,True,0,2,0,0,0,0,0
6619815,1,17,7439040,19a67edb885f09d635d338be0e0439d46f7789dac66f96d8a222ca3abf18b903,True,,False,0,1,0,0,0,0,0
6620003,1,17,7439040,fb5cd76add62e6467b414ad32d214999086273efc656cfae575fa8b73ad6c3a8,True,,False,0,1,0,0,0,0,0
6621116,1,17,7439040,92bdd015fcc84ed1d42edb6218f3bd774f070e89e0445aaef646c7fdf1375e65,True,,False,0,1,0,0,0,0,0
6627507,1,17,7439040,d94efd75ec03eb537806cb3e6f186857f971a307f31a9ee1d130791f88e2a14c,True,,False,0,1,0,0,0,0,0
6628237,1,17,7439040,772fb01331bbeb28b836c3e5932af869254c0141c54ba04355f99e02c8644033,True,,False,0,1,0,0,0,0,0
6628740,1,17,7439040,3299ce191741ddc741f5ac197930bb18a4ef2830d10561309881ae93695bac5b,True,,False,0,1,0,0,0,0,0
6629156,1,17,7439040,cdc030c52115e646c507af2d4f980179d001ab6756e348cff4daad6fdb4a416e,True,,False,0,1,0,0,0,0,0
6629332,1,17,7439040,def525697099fdb21e7bfec16f69dd821f8141c6f35a0daca97adafe3142392c,True,,False,0,1,0,0,0,0,0
6629588,1,17,7439040,4f6527d362b01caf4bd8e2efec8ba4b49eb8a40ffea279a7d0bd373d6d033986,True,,False,0,1,0,0,0,0,0
6629993,1,17,7439040,0ae06ad7c665b7a8733ceca44d63ec98011ed0396ae5869d6b3a4f592f4c534a,True,,True,0,1,0,0,0,0,0
6630943,1,17,7439040,2acdc78e4e717071ae50b6aabf433da79d29afa3af126abaa8f872995856ca03,True,,False,0,1,0,0,0,0,0
6634112,1,17,7439040,8051de451d776a6382fb2ec00734c19759ea493b655d26a645a4ebf1d3377d06,True,,False,0,1,0,0,0,0,0
6634133,1,17,7439040,6c93e5d542632d9e73e249f2fd7684263cfbb6b2f009805a4a8feb04d61f1832,True,,False,0,1,0,0,0,0,0
6636320,1,17,7439040,980b10913e79d18305fd23c8da1b4f50c09804e77f2bbb6472b141f0896f7742,True,,False,0,1,0,0,0,0,0
6665064,2,3,1126080,adbbc19029b76831dd212ee11d8f91770276d49b671790f08c4e7ad568c52bc5,True,,False,2,0,0,0,0,0,0
6665223,2,17,7439040,03af8914bbd79bad9622c9fce0679c95544180e366ec5743310165d542e82280,True,,False,0,2,0,0,0,0,0
6665512,1,17,7439040,df93740e6ec8c444745c959a63aec0f0048332ce29aa6e20f3a502e24ed12dd4,True,,False,0,1,0,0,0,0,0
6665695,1,17,7439040,f817dd6ec7903d52cbf2e25b87945ce74054052ea42fd9725fe4cd55feb47751,True,,False,0,1,0,0,0,0,0
6666233,1,17,7439040,1d4eb52c6c691c1ac38662c320f054cbbe00ea4fe2f92e96fc3097c91d9acb16,True,,False,0,1,0,0,0,0,0
6670075,1,13,5780160,168d403ed4762979a878a7446b152859a77a5f5892521570d73b681843bc94c9,True,,True,0,1,0,0,0,0,0
6672229,1,12,5587200,5975e0bdc843ce2556963424cd6a0ff83ce20c6132aaf4e6ab77506bb25dc09d,True,,False,0,1,0,0,0,0,0
6674908,1,17,7439040,36d2ab6e9c4143062bcec0ef68cdc55a68a4b708a6a72689faef90cf63b78dae,True,,False,0,1,0,0,0,0,0
6675056,1,16,7246080,41b78bf9c7c6516874e8c51aac171c301f733baf319485d52d986320b0558311,True,,False,0,1,0,0,0,0,0
6675060,1,8,3551040,501c7decec96d9576fb8bcc627c0fd7ef737a80d59df50777ca41bb28caeef02,True,,False,0,1,0,0,0,0,0
6676725,1,17,7439040,71f5e782bef5262fb23fdd75f5fe7a1ca79cb92ae1aa4ae69ce5730282f03fc6,True,,False,0,1,0,0,0,0,0
6677256,1,14,6312960,fe65d3b1754eec96175eb05e2d21ea3c8c4edc5f0eb0ed660676b79f937df35f,True,,False,0,1,0,0,0,0,0
6677267,1,17,7439040,0033895a67ebeee63588de7315070bd1dc0af4c4466948507dac6b52aaf899c8,True,,False,0,1,0,0,0,0,0
6677841,1,17,7439040,ed69b2baa59ec0d2bb622ac5b87c97199947098e85dbf2a234398ce5440d09da,True,,False,0,1,0,0,0,0,0
6678383,3,17,7439040,e88207b763c74fdac4637f41053fe75e22a91460319eb2302ecf2d5adca3b663,True,,False,0,3,0,0,0,0,0
6679504,1,16,7246080,6e6d82d966634da08640790047820c1e2cbd01dd11c2e699ea487b4a807b8b6f,True,,True,0,1,0,0,0,0,0
6681473,1,17,7439040,1e7ba7b0c61b0d5330b9b21f1e8258f826b9ae847b9cd84ccf52a4a28ccce198,True,,False,0,1,0,0,0,0,0
6681618,1,17,7439040,100dff7577c88da396ef91fbb70234b5675799b78d288562bea1eeec4733098a,True,,False,0,1,0,0,0,0,0
6685403,1,17,7439040,5e648b9ef5226579295b2f17137b206e1e21c993591c7cca88b4082d65dcfcf7,True,,False,0,1,0,0,0,0,0
6685526,1,17,7439040,b91b8cee528ae1b2391ddcb6194c5e3a648066fa3d3df21ccf5c0fc2882e061b,True,,False,0,1,0,0,0,0,0
6685609,3,17,7439040,036f7db6ef588667972e3fd06bdb2449d3a4174d0715685d859c8775b948dd1a,True,,False,0,3,0,0,0,0,0
6690082,2,17,7439040,3d8291e70583efb05ee161795fd211b609128ac1d4d133d9a3f1c6ab73d239ff,True,,False,0,2,0,0,0,0,0
6690171,1,14,6312960,2e4fdaa53782d0c69d729ef0b7dbb3b597a833afa22ed1067d722a657a586551,True,,False,0,1,0,0,0,0,0
6690836,1,17,7439040,7d44a397c15b0506c76099c54bb2c2d39ec2bbcae96e8f33ea776f8a4d6a65d9,True,,False,0,1,0,0,0,0,0
6692833,1,17,7439040,1d215453a91c3b6acb1ab367dd33c3bdc72bd0dfec5bd1e420b5919a21d1bf2c,True,,False,0,1,0,0,0,0,0
6693640,1,17,7439040,956a2983a48bae68338a275d2d32320d24a2dc03c72342ad230a898334f6e77d,True,,True,0,1,0,0,0,0,0
6694186,1,17,7439040,a1f641330ae126036aa57917750f3daf6e51ea88328e888ffb25d3e12b41752e,True,,False,0,1,0,0,0,0,0
6695801,1,17,7439040,25087598d09b92257fcfcdc4951ea3e303dfd3cf8e4a39852466502772902da3,True,,False,0,1,0,0,0,0,0
6695889,1,17,7439040,2f04b5f8b3ec782888551162caaf3d8c1be0fc9c9f690eee052f208cc7f5b178,True,,False,0,1,0,0,0,0,0
6696580,3,14,6312960,5e86c44b56ebfcf9c34004c481040791b832edf140fdbae798f4042e71db92b8,True,,False,0,3,0,0,0,0,0
6697605,1,14,6312960,4b4ee6be39c3967135739d2e561555bc9d52e1e522581c8b974cd59b899e00ea,True,,False,0,1,0,0,0,0,0
6697716,1,17,7439040,306a097a677da4e82e4dbc8041ed66e92f3ac3ff179803deaffa899c296f1acc,True,,False,0,1,0,0,0,0,0
6697756,1,17,7439040,24cd6700179c53ef1ffddfb4c21ff1efbcadfb05a033c6b2b86fbe0b650929d4,True,,False,0,1,0,0,0,0,0
6698670,1,17,7439040,df75cb44501b827eec236faead4051d8929ee0dced8a7642d579b129617843d8,True,,False,0,1,0,0,0,0,0
6699562,1,17,7439040,94b982a1054018ce06d89d8d246820e335bb1a7918b457818fa1ea8e18270ff6,True,,False,0,1,0,0,0,0,0
6705026,1,17,7439040,a117a38e1451c41db35df8bc11f6242a1e4f0f0ff3da2b83f57b104732f6c07f,True,,True,0,1,0,0,0,0,0
6705137,1,17,7439040,92eab43f39248d1a2451d5abfacf958af0ae1174b73c738b8b433c3c93caf708,True,,False,0,1,0,0,0,0,0
6706287,1,17,7439040,511eb7f5394ffb8cc0962dee91a7fc555e284c1950541bde68f0e9eaa16340eb,True,,False,0,1,0,0,0,0,0
6707833,1,17,7439040,fec0b5f2d13d974eb1e3d600f79bf441c3a4ff421c0ea426ffbffc0112d457e8,True,,False,0,1,0,0,0,0,0
6707835,1,17,7439040,4eab796007665fea0c802fe26e760e36cc8778184ad8773dd1b4b0e24279042f,True,,False,0,1,0,0,0,0,0
6707942,1,8,3657600,5082e6ca57ce2169951caaf327033f40a46c08a93fd23959423c747031989a1c,True,,False,0,1,0,0,0,0,0
6716545,1,17,7439040,22ce0d317944346199b6ffda56661cd198c65fd68c4d092cd81ca4a937a94057,True,,False,0,1,0,0,0,0,0
6720773,1,17,7439040,22847aa15fabd545d3d571f7c5ef79b7504f1bf3952cfe81b60e91f274af3c62,True,,False,0,1,0,0,0,0,0
6721123,1,17,7439040,2fa7523ebc4ac55e736dee051b5ade5633881f6624b56647b5fe58d26b28dced,True,,False,0,1,0,0,0,0,0
6751874,1,17,7439040,ab2ccf7571b3cd583b7b09136c1ec56f1147a7053fc52b0673913ebacaacadf8,True,,False,0,1,0,0,0,0,0
6752002,1,17,7439040,53db3669ce1fa6875154f9fc84a21c93c6682d4398556ed8473ba223a332954e,True,,True,0,1,0,0,0,0,0
6755944,1,13,5780160,99bd6373e95b24b9db6950d3dd2419f03c2e6cd0105b68f1760effcee69d459b,True,,False,0,1,0,0,0,0,0
6756202,1,13,5780160,9a438f3c950320b3b323b588a07d4336b2c5bf290feb0c7f8de1a1eb1490a0f1,True,,False,0,1,0,0,0,0,0
6756669,1,13,5780160,3d8007db7ee0d98957b880cc0c4d6829493ee305d89f5d1daa72968cdab9fe74,True,,False,0,1,0,0,0,0,0
6758917,1,13,5780160,5ec232a7a1142cae9afd18cc8b742f7e2d7be4984d777ba92ec67db84405c4c2,True,,False,0,1,0,0,0,0,0
6761777,1,17,7439040,b760f7b3f3703d4406be79d1aa98dbda4e547fda7bf8af78aa3c7108894ef45f,True,,False,0,1,0,0,0,0,0
6762829,1,17,7439040,e66dcfeb149d1ad4ebfec0feb6880d2b22dbee6c1d3a1c8ce9a1b4b18dab2e05,True,,False,0,1,0,0,0,0,0
6766634,1,17,7439040,ec90b5dddd4e2c658c2bf8c6fdbd44930a38b0e116e9f267877ab1a53427f55d,True,,False,0,1,0,0,0,0,0
6766748,1,17,7439040,9e1965f236b257c43299c6f3d7ef9e05703d15d97a68d2d4e165250cd6072857,True,,False,0,1,0,0,0,0,0
6767840,1,17,7439040,c18394aa2bf2385fba45316c15d548910a76650ce9361749b09cd9de920cf181,True,,False,0,1,0,0,0,0,0
6768394,3,17,7439040,4a5411591ac014828007936748f6139188a46efda8023d437d091342d1ea9d0d,True,,True,0,3,0,0,0,0,0
6768616,1,17,7439040,c7c1bbbefdd8d60a484ea82a1a65a521f378d210077dbc96cbe88bf1d13db660,True,,False,0,1,0,0,0,0,0
6773862,1,17,7439040,2a404524da20acf864928fc455da708b2bc2a022948bab1afc6cf57184202e3d,True,,False,0,1,0,0,0,0,0
6774537,1,17,7439040,0798b5ed952c78575090ebfd04aa7cf14181b5b68d3c57dfdae06cc8209de5e3,True,,False,0,1,0,0,0,0,0
6774826,1,16,7246080,6722676404200e8e8bbe3b9f3506068e5996ab55f7e80cf95e793812b3b1e823,True,,False,0,1,0,0,0,0,0
6774880,1,17,7439040,24677734703e618b06786b5959c7f5e1ed484a62e06c914a612e812998090343,True,,False,0,1,0,0,0,0,0
6775985,1,1,486720,12d2a24763d046656a6699a60b7e8afe1e1892d436be4a7b556e67a5026c1686,True,,False,1,0,0,0,0,0,0
6776401,1,17,7439040,f95da5d7e47b77ad6d1a28ef2f98746181bc8795e4d3be068e54c7c60427bf6e,True,,False,0,1,0,0,0,0,0
6778008,1,17,7439040,f9f75d4cae81355f7b38977fa7978a236c6a48386bcc5d2c672fb3f794f5179e,True,,False,0,1,0,0,0,0,0
6778019,1,17,7439040,24fa2b312b5fcb1558cae34dae56e8c712087b2d39968dbb2a9833f9cee6f1ac,True,,False,0,1,0,0,0,0,0
6778289,1,17,7439040,bd0ee17a43ad0fabbab7ba9b381775652bfc9caf1f7d4e08f6d270f07c3ca8d2,True,,True,0,1,0,0,0,0,0
6779260,1,17,7439040,0cdaff5fbe48f15f3b0802e88f7913d12a87c272af27931ff0f1f136e442fa73,True,,False,0,1,0,0,0,0,0
6779726,1,14,6312960,5403366dc8e9b089fabbb399bc28854506f7ec95068b1211d3913be69c438ca9,True,,False,0,1,0,0,0,0,0
6780158,1,17,7439040,38195cd0bf4bc57a513b3cfcba54d5808a6aca7f3245621e1566656834291a9c,True,,False,0,1,0,0,0,0,0
6780367,1,17,7439040,34bbaf50d583437aeb49a4203ee60c855b925abd22ad34fed903b4b07a5977e8,True,,False,0,1,0,0,0,0,0
6781047,1,17,7439040,94c858596a551d2c0acb253b08a0fc746ea47541c13cc0cb62978a494ac175d0,True,,False,0,1,0,0,0,0,0
6781535,1,17,7439040,43703041632a292857f8cece9755d203a5029909a93c3ab61e110a2dc8ec27d9,True,,False,0,1,0,0,0,0,0
6781548,1,7,3191040,a1dc11365a83d975dabd746101311865f24e3719c8569841ee22a5e2bfcc1f68,True,,False,1,0,0,0,0,0,0
6783732,1,17,7439040,683c4c038267e247d58669ff4c14b70b4e0b63be88a87ddbdb6a260b1f3c1d26,True,,False,0,1,0,0,0,0,0
6784235,1,17,7439040,ef9112f23cf790bf593d2a3452587485068ced007cffca0883ee70ad6f96e9ed,True,,False,0,1,0,0,0,0,0
6784887,1,17,7439040,bc4e0b641ba356ac8582511f057c5c072db568f8443884e5019d03fd6af4b974,True,,True,0,1,0,0,0,0,0
6786037,3,17,7439040,13a068322399fad6ce6a7448181f0e443c401a354154056c2d606805d2ac812f,True,,False,0,3,0,0,0,0,0
6786348,1,17,7439040,25417796fdc1ff294982c50d109bb9a6fa1751677af1968ab5c855bccb2860ca,True,,False,0,1,0,0,0,0,0
6792124,1,17,7439040,cd495e51d36e3e86b9890d509b3c0a817e9b97e88f81fba84f3e30a60395f83e,True,,False,0,1,0,0,0,0,0
6795089,1,7,3096000,b792c018a5126ae9c72a6ea9e8b9e8fabd130273de68c0f0d0f6666477376e6b,True,,False,1,0,0,0,0,0,0
6803202,1,17,7439040,9f699966339b05608c9e24d02ed919711ae29e4a7168a6dd8fba7acc14e0d494,True,,False,0,1,0,0,0,0,0
6803855,1,17,7439040,c683ef50f3b395f488a39567e3d86224723e166fcb989a2b2de39522e293d445,True,,False,0,1,0,0,0,0,0
6804648,1,17,7439040,7b8d8b1e28c75bd4ae56f2dbe18b365fbfb50ed38e0b3a5011347d837754d06b,True,,False,0,1,0,0,0,0,0
6805146,1,17,7439040,5b0f0d47c1d0ea2abc94b47a8087312fbdb0cf01d8ffda76475a734ee39413e4,True,,False,0,1,0,0,0,0,0
6806632,1,17,7439040,65c44f480ad6892cb073fa1f417caf6b1dd0cb901dbc75991536b80a40b1d887,True,,False,0,1,0,0,0,0,0
6806695,1,17,7439040,f1bb1fb886f396282f8cf91d54bde9b9e739c13844b44c8437e03b5fc15afc65,True,,True,0,1,0,0,0,0,0
6838050,1,17,7439040,32eeea4471005ccfca362ce7a8a5e98c6b87d08a5ee3971152e2d6496bc47015,True,,False,0,1,0,0,0,0,0
6841577,1,13,5780160,56d46534669ea9ac98096858c835405e4268ebb9be560fb0358943f1ca7a1adf,True,,False,0,1,0,0,0,0,0
6842682,1,13,5780160,c2225d2b82258c76917c1d0322603254632fde1eece532f9d5b644a655caa155,True,,False,0,1,0,0,0,0,0
6846544,1,17,7439040,9f192cb4b577de0701c3e13490e35b0adac3700ba4e626665e5dddee8e406ced,True,,False,0,1,0,0,0,0,0
6846911,1,17,7439040,b964060c4b0516ca150e1bb713e9957386db1091427d8d10f3ed85c1a4d29ad7,True,,False,0,1,0,0,0,0,0
6847018,1,17,7439040,f4b3ef6e7243e7adeb615d6a3c6474275311b4f6b87c3f0db1d00efbf97e434f,True,,False,0,1,0,0,0,0,0
6848529,1,17,7439040,1484db83a8c569bb89bc37e9f01107188b036214105c19bdcd0ecd358f703f81,True,,False,0,1,0,0,0,0,0
6849046,1,17,7439040,58a2c30c165b1229b4ca50c39ca5741ebd4114a1683dd5bcbd7d816c4751c804,True,,False,0,1,0,0,0,0,0
6849310,3,16,7246080,bf448afac015cce76e3a6b7f62e69170d98960bcffa81ae68eb5b5637813ff8d,True,,False,0,3,0,0,0,0,0
6850504,5,17,7439040,5278a95d5b3e0af4f28bce34fdbad532d4c59499f1cb7b5e97a272e6f17a989b,True,,True,0,5,0,0,0,0,0
6850665,1,17,7439040,be1fba878ce65f99323a9878e253f8077920c9ffbe46264d3101d8d5d4ee5d4d,True,,False,0,1,0,0,0,0,0
6851425,1,17,7439040,e33cb23866f8b8d01eb060963fe86dc6fe92b4005550f75433acb7b4391708d8,True,,False,0,1,0,0,0,0,0
6852488,1,17,7439040,129372f0e8f6027c89c15b77732dff599408979877a6a11faee9f414f45bc7dd,True,,False,0,1,0,0,0,0,0
6859801,1,14,6312960,243135009024818c21add533b675f017faa3075378602ce5c389d4b1062ce979,True,,False,0,1,0,0,0,0,0
6859813,1,17,7439040,e945be9eb3a093ffd2e37740d4941fa378446427c766e2d8b2bb2339fe1f2073,True,,False,0,1,0,0,0,0,0
6862332,1,16,7246080,8c9cf731ef5c5e48bdcb35874d9e5198c819bb47a6881b930cf64c57fd4d5744,True,,False,0,1,0,0,0,0,0
6862603,1,16,7246080,22782d8d9478d6544db0e80d2115d555e308937d73d69b1df3b166a20f629b10,True,,False,0,1,0,0,0,0,0
6862721,1,17,7439040,ec7f83cf60038ad3c2d66c2977a3a5b499aa953c52a1f61e26196dae0adfac67,True,,False,0,1,0,0,0,0,0
6863161,1,2,933120,bf6dc732ca886630d604f494bca995a21ae5887eb6dabef2e03359a6c66e15dd,True,,False,1,0,0,0,0,0,0
6863187,1,14,6312960,3fc072423513007a5cb5832f50014f55f1ed8d187c0cd1466d316f5db023ccd2,True,,True,0,1,0,0,0,0,0
6863839,1,17,7439040,a0005c740395d02d5271832225cbbd6ee0cf2f306c87514582e3df7a503e4246,True,,False,0,1,0,0,0,0,0
6863840,1,17,7439040,fd5f5d0c2f0d9f1f0d32f1096d98eadf4b288e33c1d5f298339b73f6db1959d8,True,,False,0,1,0,0,0,0,0
6863998,1,17,7439040,5929230343303724160e86c6bbac98306b216db1b188aa7e36af58cc1d2645ac,True,,False,0,1,0,0,0,0,0
6864569,1,17,7439040,e21acd263298faa33fdbc925931ee1a14d2799ae010bad7fe56fd56191174603,True,,False,0,1,0,0,0,0,0
6864859,1,17,7439040,9c4701d9ee8dc3b72a95b3d98a9a407fb5f3a1c326d882069229409f434fe600,True,,False,0,1,0,0,0,0,0
6864885,1,16,7246080,72c46a88d510bfc1abd6e80be88c48ee1343f85cc67e2fef78018a7ece713560,True,,False,0,1,0,0,0,0,0
6864891,1,17,7439040,d325bdaefe3d8c4c449bfc1271d36eb5f74736a51fce7a81e1b6e0c4e0e042bd,True,,False,0,1,0,0,0,0,0
6864893,1,17,7439040,d45c7608230e7e906d72490130a8d6ccbb40d06584ed5e5f867bf188fc4b2279,True,,False,0,1,0,0,0,0,0
6866228,1,17,7439040,7728652bc36f5613f94e9a1089613d784f4664874517b9ed9db831ccfbcce78d,True,,False,0,1,0,0,0,0,0
6867555,1,14,6312960,7624f0c5265a5a8988a953bbaa106609485703726345f85182be9d832f86a7b6,True,,True,0,1,0,0,0,0,0
6867766,1,17,7439040,403d4d11e3136e8aef023cefd8aad12b95a052421f11c53332472bc3d02661bd,True,,False,0,1,0,0,0,0,0
6869184,1,17,7439040,a7b02ff19fbbe411cd12cea658ce2381ac25e2ac4bdf0962d6c1657077716150,True,,False,0,1,0,0,0,0,0
6871071,3,17,7439040,9226f5cffd5d191b9a49a6be5c890b2db8dcc173268423c24a5e099c52f98385,True,,False,0,3,0,0,0,0,0
6877673,1,17,7439040,4fc0193812a34355871d0e06619719c878cbcc6b98fad1e30e5e95e458c701c2,True,,False,0,1,0,0,0,0,0
6878167,1,17,7439040,af0c2c822db6c630e2e7e16995aa3e50c09c50f2d771b42d66f73d6fc4ed42ff,True,,False,0,1,0,0,0,0,0
6878240,2,16,7246080,1ce9603686bf0c37c39c8e39921e83062e802b6c61457122353b82d3321158a7,True,,False,0,2,0,0,0,0,0
6879171,1,17,7439040,99ccaa8c0a33148881e2c75c52193189addbbfdb02839b947d822a87dda5854b,True,,False,0,1,0,0,0,0,0
6879865,1,17,7439040,0ce6349d05cd2483ec8f8bbefbec3716c15e2f222c8c3c95f18a1d8184326c17,True,,False,0,1,0,0,0,0,0
6880517,1,14,6312960,81156ec8c2153bc8ae4fd44fe2485e5366cafa095fdb76e26c513eaddf40606f,True,,False,0,1,0,0,0,0,0
6887321,1,17,7439040,07f00a31a7a76a8d04df252fae5fb162375bb4d69cc118eaa0afb6ece0c18f28,True,,True,0,1,0,0,0,0,0
6889235,1,17,7439040,080c3fb2789645068bd6d7b72772a646a66cceb71d28ba3ee9c4071bdce3f674,True,,False,0,1,0,0,0,0,0
6890618,1,17,7439040,f9ecb3d604f7a7c3553750d2242af7c54bced9c308599a0364d4cb0501b13aaa,True,,False,0,1,0,0,0,0,0
6891366,1,17,7439040,e3a3dc9401fd8d57d13316479129481df15f04f65f67f46d2a88ebdcc223a100,True,,False,0,1,0,0,0,0,0
6891512,1,17,7439040,7f50f4dbacf7ba01015660a388cb49e71dd276f2ba132d2c6f0b1b7e1c3785ad,True,,False,0,1,0,0,0,0,0
6891513,1,14,6312960,fe7267923da37a31f9d2e16d76cb4b6843fa8396b08c004aa234ca9241cd2895,True,,False,0,1,0,0,0,0,0
6891543,1,17,7439040,5feb0735a73bf048e664423190d9483880d6405f752479f72a31f464a2839046,True,,False,0,1,0,0,0,0,0
6891637,1,16,7246080,19159ce7411e78a18cd696c939ea5b098ce428706e8890b8ddf2d241a971eefc,True,,False,0,1,0,0,0,0,0
6921944,1,17,7439040,60981ccba954708f21bf04307ab4d0ded9963434b675c7e87c7aa30a1bb2d96e,True,,False,0,1,0,0,0,0,0
6922244,1,17,7439040,ae7a54caf144e4e063303f4a8e9ad6036ffd2b4780d922d39fa03b7cacca3e49,True,,False,0,1,0,0,0,0,0
6922710,1,17,7439040,28a9cde9de0bcd60d085d1e4766e69c486ef4bfdd524b2d171a40ea93b5c1d0c,True,,True,0,1,0,0,0,0,0
6924203,1,17,7439040,1543514d0be5c029359800ae738a769998ec67ccc20b42249b02f9f895e062b5,True,,False,0,1,0,0,0,0,0
6927629,1,13,5780160,62ff480c458f9cf975285d501aa5cbdb03e3584c3381f2d198a593fc27f41ef7,True,,False,0,1,0,0,0,0,0
6928906,1,13,5780160,e57243fa7a2705abb48b4adf38ec34d31ae5966491c74aec05c4e4a65ccfe95e,True,,False,0,1,0,0,0,0,0
6929016,1,13,5780160,b355e954a50f030a48cab4d2afbea49948fa4abb0ec2e69ebd27aa7ba8a696de,True,,False,0,1,0,0,0,0,0
6929285,1,13,5780160,7b024eb02bdc524ef87a3f95656117e2c3e48c3a4ae7f67f2d3bb15d61dcc03a,True,,False,0,1,0,0,0,0,0
6929841,1,13,5780160,4fefb4e76667c079f3e88897760de877a10e1fc864f64d55753ebaa71e196269,True,,False,0,1,0,0,0,0,0
6932987,2,17,7439040,6e74312fdd7bec9e6b7cc1773e5f243fe4d8ff01f7ecd648e6f5d10beb59bb94,True,,False,0,2,0,0,0,0,0
6933567,1,17,7439040,879d282bd157a8ace2208a52f1a550e07dd627bea4d03274171833dd6b11023f,True,,False,0,1,0,0,0,0,0
6933781,1,17,7439040,609e73ceb4811567632b1c345b29d9e59ee75094d43a8cd3d49b25f60364d113,True,,False,0,1,0,0,0,0,0
6934291,1,17,7439040,fc794bdad7a1175e556b04a2ea6846c0f13ad3c6822aafa8ae8069a391b2b1b9,True,,True,0,1,0,0,0,0,0
6934587,1,17,7439040,1f013742024fc88361a4c1ac2156e0bd51c39011f4bfd706f222dc6cbfc3f02a,True,,False,0,1,0,0,0,0,0
6936909,2,17,7439040,3002cd394ed78c75e725bebd8292aae341bb629778d4474eb3c892914a8720cf,True,,False,0,2,0,0,0,0,0
6936966,1,17,7439040,c6ee5d0f3f39d6f64cec7cdc9638410c5668f3575818268f8cf0fe95c90478ac,True,,False,0,1,0,0,0,0,0
6936977,1,17,7439040,510e756aa2f2316f148688fd57dcab3f1e4e1b0f59bbf0533960dd918131c9a9,True,,False,0,1,0,0,0,0,0
6937402,1,16,7246080,933fdffb7600c516484f291a964419e28b0df2179d8e9ce868f2223894a0824f,True,,False,0,1,0,0,0,0,0
6937529,1,17,7439040,e6852f2401ad1271ed96a403be9d9bbb073de1d7084ee4ce2da358973cdeb76b,True,,False,0,1,0,0,0,0,0
6937692,1,17,7439040,4935147282a07ff30b845cc26d9ee810597585d17ab00c35a3b2ed038de42a0d,True,,False,0,1,0,0,0,0,0
6939670,1,17,7439040,0688e9730bfbfda1051f8d6fdd0cbf13546affbb504658462fdab7d1e6b2bd95,True,,False,0,1,0,0,0,0,0
6941084,1,17,7439040,2ea7e9f81a6228cc72a6df7576363572056c504658d0f889e609632f01ba0eb8,True,,False,0,1,0,0,0,0,0
6945786,1,17,7439040,7f1e7ce30cc02888b3913586c5a19fbe6d4341117704538841085db738f8c371,True,,True,0,1,0,0,0,0,0
6946199,1,14,6312960,6a1af968d01a1dcb7d34d9fa5cb22f689c15dd7a9666289e9a46299b25ea6257,True,,False,0,1,0,0,0,0,0
6946985,1,17,7439040,03db50b5126d791482ff9ff9ef920c117282685647b64190c3d64ecb68367ad0,True,,False,0,1,0,0,0,0,0
6947164,1,17,7439040,9e64a4367f8c82d0d2427cfbd230314a0a1efce460fc064b2934d2559e932f6e,True,,False,0,1,0,0,0,0,0
6948054,4,17,7439040,b9da14f3953d1cdd3d5fdff31c59ddb5af4eb43bb1b026631b1c902d98a28552,True,,False,0,4,0,0,0,0,0
6948480,1,17,7439040,02bbc47261bdc9e72fc2a0ffc2fe0be789d1ee49318c1102eeb0e129d01f11fa,True,,False,0,1,0,0,0,0,0
6948815,1,2,1013760,7e48e6f711d8af7e7de94add9600acc1af2df1106512d4b500c0e35575a64629,True,,False,1,0,0,0,0,0,0
6949061,2,17,7439040,957751f71d5dbf100e81ee3979a1af110abd538ec4b4d68c3f69dc22e11d6a47,True,,False,0,2,0,0,0,0,0
6949550,1,17,7439040,b44aa2553e5203839f0b088256b386aa8f0c76d9694989e7266485a605cc48b3,True,,False,0,1,0,0,0,0,0
6949607,2,17,7439040,114f84c54abbeb7f76826723504fcb636199d28fc045c91b221e37c6ab04eb42,True,,False,0,2,0,0,0,0,0
6950275,1,14,6312960,3aa653ad3d7b51efcff17606c2db1201083c812bdeb6340302c585ccf93220bd,True,,True,0,1,0,0,0,0,0
6953281,1,16,7246080,7f16ad645c5ccf52955c0c23ba731781145ee8be2c3d3c8f1f73fd71200f7249,True,,False,0,1,0,0,0,0,0
6956014,1,17,7439040,085fe1ea88feae99587d412307e3b1a185b059a467781ca2b68b945e0905be00,True,,False,0,1,0,0,0,0,0
6956136,1,17,7439040,d27f39acdc81d94b534d4bdad81bb32b87e9e25f37955167ed6d2aa3f2e9602b,True,,False,0,1,0,0,0,0,0
6956216,1,8,3551040,3b3f6035ed4b92a1feccaca3436530b4103b991d1e4e62de90e1a2279e3a065d,True,,False,0,1,0,0,0,0,0
6956233,1,14,6312960,b19afc8ece70892432f7d03da4a28bbfb3e77e2b3ca40e4a54df024a205cb298,True,,False,0,1,0,0,0,0,0
6960445,1,17,7439040,18c8cd2a3de65dca1dcca60f1be37d7e954fadc714e3cbed8a870d23c003b9d9,True,,False,0,1,0,0,0,0,0
6960446,1,8,3551040,c1706913b78a0794277a97bb37b3e685749fc0439dad03f4737de15b5b139b44,True,,False,0,1,0,0,0,0,0
6960456,1,17,7439040,5d6c0cb953b30fbd7571c7e98d95008921f5fc0c517c0e5d4fcc509de7235899,True,,False,0,1,0,0,0,0,0
6960487,1,14,6312960,20904ac9b1c4d95138b9280c4503f69b7a76f2bbeeb5483773c779e146d9e4ef,True,,False,0,1,0,0,0,0,0
6960913,1,17,7439040,1504e9efe5af1822ba3304985d58631b76e6535d08885e66ca9f914864eb8648,True,,True,0,1,0,0,0,0,0
6962018,1,17,7439040,fb36fce443125198a949a4d1a4e35789389ae1a93c44af140f90dd3329ae1516,True,,False,0,1,0,0,0,0,0
6962109,1,14,6312960,3e6e45faa1ecfbb99191dce2eb0476ad4c53bbb2a997ab8835c3433333953877,True,,False,0,1,0,0,0,0,0
6962901,1,17,7439040,ccd23b844985b03a71038c953b9a9bd688fb78e5a4380f4aa3273d41ed25a815,True,,False,0,1,0,0,0,0,0
6962977,5,15,6776640,fb727edb9cd1a62b4e322c8618e1ec21dc7381870648a7f99fee9b046add7ff2,True,,False,0,5,0,0,0,0,0
6964043,1,14,6312960,45e5e5291db8402ece0f323740b4a4172f058e5efd008c072fd10a42d0f25e05,True,,False,0,1,0,0,0,0,0
6964159,1,17,7439040,7f76fd23c4ae908722d46bbabfca749ce22bb7b52cd3a7694fbb9df71f2cbfb1,True,,False,0,1,0,0,0,0,0
6964929,1,17,7439040,e94ad0fefd5dfdfd06506f172af030123a489af8ab47a8aae8cefa897cef70d8,True,,False,0,1,0,0,0,0,0
6965293,1,17,7439040,c233aa08d623a8dc836c4435725a9943934f60b13db6b61a84ddedd0b52b7747,True,,False,0,1,0,0,0,0,0
6967278,1,8,3657600,2dba0e1c418c5eed21f4e22f7a407f0b43fd2d5597d3350462a631ff35e32357,True,,False,1,0,0,0,0,0,0
6967430,1,17,7439040,a5a08ccd82f30e5234d66580d1770ab2887aef646ec7116de65d13811a0e8748,True,,True,0,1,0,0,0,0,0
6973796,1,14,6312960,22bdf36bb969f19b3696b5443248dbc0353abb3a70baba293c92fb72cd39e89d,True,,False,0,1,0,0,0,0,0
6974867,1,17,7439040,329d00a613893a8cc153fea581b59bbad9ee121f1c4073ccda536b7cc06c041e,True,,False,0,1,0,0,0,0,0
6975129,3,17,7439040,d6b1c57a5e887c406e709e13c76a2d84d019d97d43453e6a6f0821296ded9f38,True,,False,0,3,0,0,0,0,0
6975615,1,17,7439040,b093d30e55458d1beff4503fa41603021e1eceb929c5f7aa52f0b7d1b36c3712,True,,False,0,1,0,0,0,0,0
7008149,1,14,6312960,6d59e8d7df8c6df26df1b0bedfe71043718635a0c3458eba10227472320fda67,True,,False,0,1,0,0,0,0,0
7008211,1,17,7439040,1230dd74e2434499b4d7f0133d354f9efbf66946db5c6ceb6c04d64c7adc9038,True,,False,0,1,0,0,0,0,0
7009828,1,17,7439040,2fca31674390425d71d14fa8940c4d70293f37d75a4f5cee17e622880ffecedb,True,,False,0,1,0,0,0,0,0
7013923,1,13,5780160,79aca3ed26bace9145aa57c82d2a8ae37b83d33fac8486ed55f0bcd6c10beb04,True,,False,0,1,0,0,0,0,0
7017437,1,17,7439040,02898f7aed2c7591e70db86c732767f03ea3ffa92880f86d8ee888f0b72ed024,True,,False,0,1,0,0,0,0,0
7019489,1,14,6312960,d879e5b91613b687f73a1fc7637570f97ca93ce39271225116bc03accd42b6c0,True,,True,0,1,0,0,0,0,0
7019524,1,17,7439040,9ae4088b87af59526c5196fc96e2cc5746c9bf7916cdd2a79c21d63d9f122e30,True,,False,0,1,0,0,0,0,0
7020168,1,17,7439040,d49806e97d7c57e91a5ee21272fb648494fe55b6b0b495fe68d22c4a7ad632da,True,,False,0,1,0,0,0,0,0
7021177,1,16,7246080,fc8effad355b5ff8ba737574d3403133c480450212c49d2e48994a9cd95c56b7,True,,False,0,1,0,0,0,0,0
7021534,1,17,7439040,b03158c4539e81bee49c9c03c3196436c80f664668bd63a3c8fde4b3d77c8340,True,,False,0,1,0,0,0,0,0
7021681,2,17,7439040,c4735c488f1e0dbebec733b9eec57796a8cf279e21932c467c872fd9d49f6fe8,True,,False,0,2,0,0,0,0,0
7022603,1,17,7439040,198d03d180702148e806e425781cb63375566bebe8c96603037337f67f5e1476,True,,False,0,1,0,0,0,0,0
7023960,1,17,7439040,1b9c15b05d7006f45fa75f5578aa3b701a949684fbb5686a52ed4a3ce8a432cd,True,,False,0,1,0,0,0,0,0
7024222,1,17,7439040,2e1626770271cc352278924e03fcd3b18e576e8fd2365c71eb1da6c20eb5d069,True,,False,0,1,0,0,0,0,0
7024530,1,8,3551040,c2dcb802a4840fbe143109b098d65516e4ac2ba4eccf7d483315153aa085b941,True,,False,0,1,0,0,0,0,0
7025526,1,17,7439040,0cd4f8bfd391363c64d3109bd1b33cb5c841c7ec7c978245f4c24e75a2d9c726,True,,True,0,1,0,0,0,0,0
7025540,1,14,6312960,5c98f4ac0cd7cbbd1dd57af3f09534ebc5a86c353165813d8722479aac1eeb34,True,,False,0,1,0,0,0,0,0
7025846,1,17,7439040,1b4ed465a348b24f87ed092ab8da17532c151b7ea99a33c7392cb06b74673cf4,True,,False,0,1,0,0,0,0,0
7025851,1,2,1013760,56a0521b28b9bdfd534a0a4401febc28815e54452c0b15266e60aa4b75c8a7ff,True,,False,1,0,0,0,0,0,0
7031066,1,17,7439040,bfeb86dacab25cb8c9ce0d4a80fadd12755271757882168da4c287b1f499d988,True,,False,0,1,0,0,0,0,0
7031126,1,17,7439040,eea3d03f3bbcd882c35b39f8629771e04f1796bf86574c7e4abe634ad1f49fc8,True,,False,0,1,0,0,0,0,0
7031132,1,17,7439040,41e757d133776a8b14b96f8a424b5c044e185a3c88b1d353203269e1275eb60b,True,,False,0,1,0,0,0,0,0
7031208,1,14,6312960,4d968818a7088ebf6794170d9863571f6a4583f687dc76525d64ec71017e9997,True,,False,0,1,0,0,0,0,0
7031340,1,17,7439040,7f3beb0ea2816a0ccbd85fc673fb919c8f4cbe607ff9f7cd52b9d37631efef2c,True,,False,0,1,0,0,0,0,0
7031430,1,17,7439040,1fb02df954d9a2e4217f8788ec8d6a87ba96b048628a889516123b6b7911c7ac,True,,False,0,1,0,0,0,0,0
7031517,1,17,7439040,bf6686d0e00778d6e580eb4ecefb7a70771103ddc5a28c94e9bdc48ada202116,True,,True,0,1,0,0,0,0,0
7031638,1,17,7439040,f04db55698d7db6627193f23e42c828ab599bfe2279a2a36922cfb4b8cb001b0,True,,False,0,1,0,0,0,0,0
7031726,1,17,7439040,9468d56069b381c5dfd46dc3f5f863654921c235d86c0eeb0815fb1063a8ac4c,True,,False,0,1,0,0,0,0,0
7031732,1,17,7439040,5ac5a5f5a6d980ae4b8ccc0eeee39175eef56c5055187fbc3a1c6464776a7467,True,,False,0,1,0,0,0,0,0
7031742,1,17,7439040,91066745ed8879d9b98974f9f4edc9f37f2f4e99bba6b91aa812cef23417fb7b,True,,False,0,1,0,0,0,0,0
7031767,1,17,7439040,643576d6bf1cb7eba5a7a5fc76c09514c7889b53bebea2c90f55a5491418fdc3,True,,False,0,1,0,0,0,0,0
7031898,1,17,7439040,b2a1c5bdfa1a300e1aa8818f57497d2e2c95b7debeb861201527f85498b0f8af,True,,False,0,1,0,0,0,0,0
7031942,1,17,7439040,5fc71c81c5c374bf9ea1e00ce54b6dccf05e4c655cd6d09814299322bf62daca,True,,False,0,1,0,0,0,0,0
7031948,1,14,6312960,1d47b62245320ee3eadf44f770988f4ea01afb2cbda0adad369778c57d8f800f,True,,False,0,1,0,0,0,0,0
7031992,1,17,7439040,f233bd960b17e277726e7fb0d0687f3e249dfd896b833e1f8e05a7c140c7f771,True,,False,0,1,0,0,0,0,0
7032001,1,17,7439040,9d7ad8974b8b103f39c4ea21397bde0f1ea6eae16ff0e34fdae226e47c88045f,True,,True,0,1,0,0,0,0,0
7032117,1,17,7439040,2cf10c69e12708b67166d05491f49268d6f6e94558d088a28db8df2ba09220a1,True,,False,0,1,0,0,0,0,0
7032383,1,17,7439040,af03664a4c445207fb9bc76740adaf4cbb63f07d459ae0b20c557ea8ae06a720,True,,False,0,1,0,0,0,0,0
7032568,1,17,7439040,d4d43e30d2f8b783b3a7a7509c01b5723e144c7ae3511ac23558ab5d89ef277f,True,,False,0,1,0,0,0,0,0
7032687,1,14,6312960,089e5a85a3927880552122149962b3c0ba3c385d58ac69de822475cc5b477daa,True,,False,0,1,0,0,0,0,0
7033233,1,17,7439040,e66667ebe1a673103ce3210f8f82f15274a426c6d6fdb2e4647fb038ecfbb58b,True,,False,0,1,0,0,0,0,0
7033671,1,17,7439040,2d814818626bfc2db4b6e0deadf279704058337f2a95e2c1cb638b7620e6dace,True,,False,0,1,0,0,0,0,0
7033713,1,14,6312960,af076f08b495456292ac233fde539d642e86cae83b81ae8e5ff08575dc957494,True,,False,0,1,0,0,0,0,0
7033748,1,17,7439040,10e7450f4c890b3406ee532e0a1af400c886aab6f7b58b742e40d47be4ebda62,True,,False,0,1,0,0,0,0,0
7037540,1,14,6312960,6bf872dcb30682b689d411cc102b1e3668785cf2077c22e52c1341ceaf8f58e0,True,,False,0,1,0,0,0,0,0
7038096,1,17,7439040,876a859e729b4e47b88833f3c126d906a942944176ce62600aeeeb07722f31c0,True,,True,0,1,0,0,0,0,0
7040629,4,17,7439040,9f13fbaa2fc072aa46b3d4d152c986acd0f874a841963d198bc5f77f868e2486,True,,False,0,4,0,0,0,0,0
7045435,1,17,7439040,5a45ac11baef40133d4c84288b86d2c60687c14ffa4ea873a36013fc75501cf6,True,,False,0,1,0,0,0,0,0
7045496,1,17,7439040,e4c3b74bed91a335cf7531b1eb81ff6497cae0787905f5e4f8a7e4c4a6d2e87d,True,,False,0,1,0,0,0,0,0
7045605,1,17,7439040,fbd2454f37fccdf27a31a626031884edef7282308fb0b8f70f55ea787128f47c,True,,False,0,1,0,0,0,0,0
7046035,1,17,7439040,b9da2e22b652ce62d3b254ff13c76f2086b43759577b8fc01871c2d3816a0592,True,,False,0,1,0,0,0,0,0
7046804,1,17,7439040,aee682f7052829c2852fd9586f8e0aca0dd53f80c0361851247f65dcaaaa7390,True,,False,0,1,0,0,0,0,0
7047207,1,17,7439040,75e1b8ed72415880295f563de34c78b388ce0333314b933e88d293ba572cd74e,True,,False,0,1,0,0,0,0,0
7047299,1,17,7439040,107e027367327b3e993b14a72623a1d286843fb719f852dfc492a0b3702fc91d,True,,False,0,1,0,0,0,0,0
7047363,1,17,7439040,6edd4afec865c58e3d1922bc431e840eb3c765cde67a3fa26a80b2e33a51c4f1,True,,False,0,1,0,0,0,0,0
7047824,1,16,7246080,b40b9dd6026334769d3986eaf55ba8fe464629a1fe58ed2ccb86f802d89f577c,True,,True,0,1,0,0,0,0,0
7047922,1,17,7439040,a4d6fcbbfc7c2802f9ea7417a5e8c5cac1cabf62cb5a5e57c6951f3d59be5c6c,True,,False,0,1,0,0,0,0,0
7049486,1,17,7439040,fda33de7ee9950a1e4aa18cbe7f8f2cec10c50dd0c948e94e46eede29e5980af,True,,False,0,1,0,0,0,0,0
7049771,1,17,7439040,7bef102dd2d95fe8eabaee0486c44824d7c168054b414df97fbef759fea18a33,True,,False,0,1,0,0,0,0,0
7050060,1,17,7439040,fd93a2de969256a78f9a7f358808dde795ac200c77cbd0ed78a878b7dee8b003,True,,False,0,1,0,0,0,0,0
7050989,2,17,7439040,2b9d832102dfaf7713d6cbc61270a89858d1062bcb86cf048c73d9cccb3d9452,True,,False,0,2,0,0,0,0,0
7051984,1,17,7439040,f6768fb01342f70d6eb99ad400b33138290d3a3f0a6503e08e7e42e818338e11,True,,False,0,1,0,0,0,0,0
7053328,1,17,7439040,45c9fb9507ce1a579380c259713ef2c0509621d4648997e609455fefce08c4e8,True,,False,0,1,0,0,0,0,0
7090524,1,17,7439040,9c8a88b79823d3ffea22c8904d89d1838e9578d9ae8a5eaba3b99baca49f304d,True,,False,0,1,0,0,0,0,0
7090867,1,15,6802560,e5331bf3f73369820564fbc33d93b71d5a598207182e41d94a3c67a01151bcfe,True,,False,0,1,0,0,0,0,0
7091432,1,17,7439040,47df0907343bed7b59d1757dc856f66a874d58f0b3dde74740a67f406eab7dfa,True,,True,0,1,0,0,0,0,0
7094486,1,17,7439040,1209647e168cc662ad8d946f2159a3cf9ab653482de30120e0f81f1eeee2f7dd,True,,False,0,1,0,0,0,0,0
7097534,1,13,5780160,1d8d9347857adb431dc5b4ec15cf621f3f5dad3f0d2393859a28240930c1aa3b,True,,False,0,1,0,0,0,0,0
7097571,1,13,5780160,984301fa426d348554e8c87ca93c8f16377ccc4417854ad2d38477e72569359c,True,,False,0,1,0,0,0,0,0
7097965,1,13,5780160,ec427466813500a34a9ac919616e7c03b2ac3de8e07014a7edb680a39e86e788,True,,False,0,1,0,0,0,0,0
7098355,1,13,5780160,5434fe85857dd35ed0b30d5af7b8259dbdb9756bdafdd729694b64a3190aa321,True,,False,0,1,0,0,0,0,0
7100673,4,17,7439040,fbb144c5dd2238cbc349ee805b8e659efebbb2d7eae152c417f22df2117b5d57,True,,False,0,4,0,0,0,0,0
7101828,1,17,7439040,7860baedb69fee3a5f65ee72fdb271212c97d66872aae9bc89e5a9489b96652e,True,,False,0,1,0,0,0,0,0
7102227,3,17,7439040,37064c566f9669de9781920a8228992a609b4ae108a8640ab380975a33c6db1b,True,,False,0,3,0,0,0,0,0
7102316,3,16,7246080,5172612afc8406f45c2cbdec205da7cd13c57dbc91c22606c2ef5196d0d5df3a,True,,False,0,3,0,0,0,0,0
7103919,1,17,7439040,7d3a124068e2a408840b93d17b1facef1f6af94b9f299771ae891726b87020d2,True,,True,0,1,0,0,0,0,0
7105574,1,17,7439040,32fc83597f7d55971af0e1a5b81ffbd2f4274d90a108c65d95fecbd93852a910,True,,False,0,1,0,0,0,0,0
7106437,1,17,7439040,d18ffd0e8aa2e0f2f78ce62be9aa1e34584820b639e728dfb4a7bee23b0c8bf3,True,,False,0,1,0,0,0,0,0
7106438,1,14,6312960,a62fa9b477a44d59f02c30ee8122c10f02ce1536e8f22174d94cedf6f1e265c4,True,,False,0,1,0,0,0,0,0
7107561,1,17,7439040,bd9e04a40e82c66f8dffc644f2ffe270418e46c91e68263b110070fd0ae7c093,True,,False,0,1,0,0,0,0,0
7107802,1,17,7439040,17d60b8932337c3fab7af2d75073578d40c5353dffa8728d7d3319164d009e8c,True,,False,0,1,0,0,0,0,0
7108433,1,2,979200,67bb3e0559feb6cb00392485240202ef650a1592dd2375da742272feb90842d0,True,,False,1,0,0,0,0,0,0
7109675,2,17,7439040,3d86a16d04176ac34390d47a4fb798077872958a41efcb33097a38d207e4d2d3,True,,False,0,2,0,0,0,0,0
7109851,1,17,7439040,47ad2d8bf9de6d27747f7916a060cab5b1112f0496289b4052d134ec70a3c732,True,,False,0,1,0,0,0,0,0
7115200,1,17,7439040,48653575f2c8ef36d73fc1be036fe01005fd3d9aa89c1153b7677a428806f3f5,True,,False,0,1,0,0,0,0,0
7115291,1,17,7439040,d4dba59ca4959470e6253b60fff28548f197c2019d4c4a18531c4a3b28099817,True,,True,0,1,0,0,0,0,0
7115332,1,9,3781440,1f84f67de5ac15103ec99749d4645efb5be168838ffc8872cc29af21c914de50,True,,False,0,1,0,0,0,0,0
7115463,1,17,7439040,c8aed94d1b27a06aa7aacde07c6aecd1d2eedd6988d334d0f79a823451ceaf3b,True,,False,0,1,0,0,0,0,0
7115550,1,17,7439040,e9721d971f388de98f90ceace523c2841ab6566e2996e34754cbd8e1f45e1a74,True,,False,0,1,0,0,0,0,0
7115597,1,14,6312960,08bb2e88d0c0f16f474b56c7231daade5fc08efef1aa08f98d593203dccda81b,True,,False,0,1,0,0,0,0,0
7115661,1,17,7439040,cc4d002a1c3af84ed4a688a69865d388064a6d5177b54d8425929506449daf2a,True,,False,0,1,0,0,0,0,0
7115671,1,16,7246080,7cc9471aebd7a76793a4062d837e8fd6aad08130243c543fece651811cb86808,True,,False,0,1,0,0,0,0,0
7115785,3,17,7439040,758aad76030fbfc463c8d5bc0c9600d811d761eeb82511a729d897ee794dc83c,True,,False,0,3,0,0,0,0,0
7115878,1,17,7439040,0410a19596748c2424583810ab7366452d19405c7a5e30945149d6835e5ce938,True,,False,0,1,0,0,0,0,0
7115925,1,17,7439040,14dfa861d3697df040caa16e6f5a13fc052a6c2d8be0c504c0cc8b8a84336622,True,,False,0,1,0,0,0,0,0
7116024,1,17,7439040,47cd2a074946ad28df437853cce619420fe0ffda0e4a0a8c446aa5656153340e,True,,True,0,1,0,0,0,0,0
7116043,1,14,6312960,cd425ceb530936fa87e513b87d98d589c559e3f7232cda814da38d25fcee14ac,True,,False,0,1,0,0,0,0,0
7116226,1,17,7439040,2f0687c7e9fb37e8cca52399b1de41560c1e5a6441d8f0efda7fc8db95e3a8bc,True,,False,0,1,0,0,0,0,0
7116236,1,14,6312960,a93ecdab5489379d83e4b1d4e17e7ee1ffce28138343e06109e007b986fb67b0,True,,False,0,1,0,0,0,0,0
7116282,1,16,7246080,b869a5d5528a7ac1381a6754e1550a675e3722473804ca5c20aa564b2c1890f5,True,,False,0,1,0,0,0,0,0
7116519,1,14,6312960,0ad555b483b67219e56c7d1c69e9433a76b0cb3c974c8c6cdb87ffb18fbc413f,True,,False,0,1,0,0,0,0,0
7116859,1,14,6312960,5017c14344fa96ed8f87fbfea64fbb1ed39bb5def0f7e924801a8f3147a5439e,True,,False,0,1,0,0,0,0,0
7117003,1,17,7439040,6ea6c8d3735d460194fbb33eaebf67d9f6d4a707ba344b40b1311ad2314e0f69,True,,False,0,1,0,0,0,0,0
7117050,1,17,7439040,8828cb468d466056c19f4104596cd7b8f374bb5f07ccd66700afcc2b8f98899d,True,,False,0,1,0,0,0,0,0
7117126,1,17,7439040,5078f6605f8ed18277159bc1f7e504b603bb6beaa66786c1d325df4e1d8fa417,True,,False,0,1,0,0,0,0,0
7117147,1,17,7439040,4145408178b92b4713bf6b3aa191deeee8ec7bb9b803d8e79486a452e6109f59,True,,True,0,1,0,0,0,0,0
7117355,1,17,7439040,15c5b40e2985ed560a92be4e74d29c60e1ccad554af12c2d6e2b254ffda1bdbd,True,,False,0,1,0,0,0,0,0
7117485,1,17,7439040,a4df8b4a1394255260bfae84b71e930f520e4ed0ed97f9742513510c09d3594d,True,,False,1,0,0,0,0,0,0
7117513,1,14,6312960,9d6cd9fe222aaf823c02a575cfb60241d14912396d482b7aa7efc0dd79483ce6,True,,False,0,1,0,0,0,0,0
7117541,1,16,7246080,419a22a6cf1d84a903f92db5a67c51201d61da0b7e90ffc12f501a9f3b4e2e9f,True,,False,0,1,0,0,0,0,0
7117549,1,17,7439040,8726be4b43c5df2b80aa623f16933534df4e3dffd3c5b82638e9294169ac5c9b,True,,False,0,1,0,0,0,0,0
7117710,1,17,7439040,74c9c0c3405e6bb393daab96ff00fef6fe67fb5d6eac8f2a30a9204184db920d,True,,False,0,1,0,0,0,0,0
7118364,1,17,7439040,8a02b0be18f9138d45fbb7b40647e97c2b7421225ccc031ecc4ec29147399b82,True,,False,0,1,0,0,0,0,0
7118545,1,17,7439040,e9a624de456738a36e590006b70352e9e68db8dd33f94f22b50af684bdbd1cac,True,,False,0,1,0,0,0,0,0
7119481,1,11,5117760,41d6747c3cfcd40a9f3cd612eea51142bfedde3e6ce440cd89aef3029c8a09b9,True,,False,0,1,0,0,0,0,0
7120108,1,17,7439040,0f01a65ffab741bc3e42390ac73e2323b7f2ef2bd9508afbd998976decd2f258,True,,True,0,1,0,0,0,0,0
7121885,1,14,6312960,d6b3500f1efcfbd24c3d8ebaba82a0dd18bbeacb92b4156881801bbab3066089,True,,False,0,1,0,0,0,0,0
7122259,1,14,6312960,61eefce7154c21aaa3a58c1cfbe978b13384b6be018d539e25489dfd1313e46c,True,,False,0,1,0,0,0,0,0
7124026,1,17,7439040,9cd8770b75521e4e5afec711187ff4aab6f10f09931bbd000ae10c2161ffda95,True,,False,0,1,0,0,0,0,0
7124613,1,17,7439040,4d15d10edf2e5e66cb542b08772c14bc8a2f01248c5b19439e1cf37b4f36449c,True,,False,0,1,0,0,0,0,0
7125636,1,17,7439040,29cafaf44f7354ccaf37138eb073b8383bdc3c3789c51d01b41995990a62baf6,True,,False,0,1,0,0,0,0,0
7128918,1,17,7439040,858891d1fd8c44d4b95b9cea9b7edb7853ddaf1f67cc6575aef923e8bb48aa9f,True,,False,0,1,0,0,0,0,0
7129465,1,17,7439040,bfe4c976b3fad930ba86fd0c5b110accbc6a2edcd3e9cf104b3ee2d2c6e6d1f1,True,,False,0,1,0,0,0,0,0
7130418,1,16,7246080,a3c04ffd9a23be51a95716756733dbd632b7ffabf4aac4077ac4cf834d11d8d2,True,,False,0,1,0,0,0,0,0
7131760,1,17,7439040,46aefb480a5b77cafc625870b429ac82d38a2a6feadb4a522dcb2fc4dd5024dd,True,,False,0,1,0,0,0,0,0
7132015,1,4,1650240,8fad55b55fea28bf66eabc81548785364fd4380178bcf50d1be5460325d058f3,True,,True,1,0,0,0,0,0,0
7132542,1,17,7439040,e8c885a7aa24e61fb5a59c9ce7e797f5fb6c64872466da93605130756788e504,True,,False,0,1,0,0,0,0,0
7132798,2,17,7439040,6e9f056ad31a101c54d23039f7ea3eaf2d84fbb79abec67be413e66dab6d34aa,True,,False,0,2,0,0,0,0,0
7133286,1,17,7439040,068553a5a7b206d460047faeedccb0b1f154ba6ca64d9285f774ee70716120f3,True,,False,0,1,0,0,0,0,0
7134976,2,17,7439040,ea476c3c61d3ea99b50449500974368803a03868d2f082838edb94a12c6460e4,True,,False,0,2,0,0,0,0,0
7135852,1,17,7439040,4c2c1eed3221766e88b7f698633ba13f217f98df18ed53ad77e6c92298c937f9,True,,False,0,1,0,0,0,0,0
7136729,1,17,7439040,a1400df697fa6f8a8e9ddfb362ac6c1ccafaeb384204e16c57b91d6e8e187064,True,,False,0,1,0,0,0,0,0
7136958,1,14,6312960,7fa487e4f8b87ab81644460e80987227a674267613b2531e6b082f7e96ba3b53,True,,False,0,1,0,0,0,0,0
7137725,1,17,7439040,57b36a2a45a83b19897bd6d8ad45d7bb8971ec8362b717d181f82af988cab3c2,True,,False,0,1,0,0,0,0,0
7137798,1,17,7439040,52ee7d59b64d7b31a3f3f164ff6fa2b9f68dd3eebd8c3177070376a526e8e133,True,,False,0,1,0,0,0,0,0
7174349,1,8,3551040,c9e31e0a3c1ada32728dd53fef7c331b050ef01194126d8c3cdc4dc207250359,True,,True,0,1,0,0,0,0,0
7174351,1,17,7439040,69b85da02caac231329fe1d20e7e4bd3ac614ee4290cbbd550fe7913e4fc8934,True,,False,0,1,0,0,0,0,0
7175184,2,17,7439040,4417421b21fbfd5e8cad817c4aab1b2f84ea9ae89a11e3da24696d27a0e648cc,True,,False,0,2,0,0,0,0,0
7177553,1,17,7439040,5bda3f11e89f7bcdbcbcf73f4dbf3dfc06080d7494ad2330d1e7569c0964e367,True,,False,0,1,0,0,0,0,0
7177555,1,14,6312960,b8d28afa99b6cfec5db29b5406141ab94238b3a5285f7a7373e29472231c713a,True,,False,0,1,0,0,0,0,0
7177766,1,17,7439040,349a97c5c0c7da4529e334d09e245ef534c807e8b9f834ddce8a4857bb26b135,True,,False,0,1,0,0,0,0,0
7177892,1,17,7439040,be7c19f9d19895a293fb7efda4933383cabeb963dd8d0f8fdec4491167dee1c3,True,,False,0,1,0,0,0,0,0
7183745,2,14,6312960,2b1ad506bb073aaae6fc96cc2196ad76a356fb60805fb31cf1cb4170e198188f,True,,False,0,2,0,0,0,0,0
7185710,1,17,7439040,ddb6c4cfd355d7973485a8c8838a2c256b2d62d1f0b4e213ab09afbf260d024b,True,,False,0,1,0,0,0,0,0
7186665,1,17,7439040,c6761a51c059fc1cf0b72c34987cd79a273dcced46b4ad066050b1593e6f09d2,True,,False,0,1,0,0,0,0,0
7198648,1,17,7439040,7079e18b466b7a09d37f8d57ad885312f29f74679fe4b28ab2cc04e861441e21,True,,True,0,1,0,0,0,0,0
7199644,1,17,7439040,720dc88223810747b72be4fdce597d168ca62e6873e28605e0cb370f8fef68a9,True,,False,0,1,0,0,0,0,0
7199724,1,17,7439040,6b14ac7f67c1f5a4b1d434304449a40c0ae9956ca7c5290583c5cdee5a75b1ba,True,,False,0,1,0,0,0,0,0
7199756,1,14,6312960,2afe7aff168fe751830da44187a8432381585274842411577fb9341c7c08c25d,True,,False,0,1,0,0,0,0,0
7199774,1,17,7439040,dde11ebefcff574c5a3d925de3019785be2f3bfab20ce71808876f3b6e0fc08e,True,,False,0,1,0,0,0,0,0
7199883,1,17,7439040,1cb94ddc82865c040c2adac5cf95bf001480c9236176bae7c7214685179e1008,True,,False,0,1,0,0,0,0,0
7199935,1,17,7439040,9b3137524e01fd93b6696c879c1cf4e84ee1cbcaeeb2a4a871534cc1c67158de,True,,False,0,1,0,0,0,0,0
7200102,1,17,7439040,503047c21e3fc51927c10449a9414096164db50d3adf25f7414e5eaed6f76c92,True,,False,0,1,0,0,0,0,0
7200225,1,17,7439040,0e7da225428ac20e895bbe5ad895bfd830b4e7d7b29148f23c54ebbdd299029e,True,,False,0,1,0,0,0,0,0
7200301,1,17,7439040,19baa0455b4631b2f35144fab53270ffbeb0c44bc21cd9cc783974f301b5eb88,True,,False,0,1,0,0,0,0,0
7200485,1,17,7439040,734d9644db84ee8113b02a6b5f2df00263c9693962cb2281881fac3118662ae7,True,,True,0,1,0,0,0,0,0
7202957,2,17,7439040,a57eebbc8bfe4f8e7dc7b3f256c89d97e7f481cbf57a4ed50a25e518c3dfcfaf,True,,False,0,2,0,0,0,0,0
7203179,1,17,7439040,d8730dd4217883a0a611f875ff5a1ee900e05cb5663c1ef70f4098329701a8f5,True,,False,0,1,0,0,0,0,0
7203194,1,17,7439040,3092a091d0882b4b234ede4ca0da75025175b12552035e2b762e32af742cd279,True,,False,0,1,0,0,0,0,0
7203326,1,1,486720,3d65d0a02897faec6e0b88ebd8405e0a53634ec3d982273a90116305868d0e7b,True,,False,1,0,0,0,0,0,0
7204073,1,17,7439040,d0718c152dc85d6c4523a7b9ffb9ec11ff19dea9e184aff093dcdfb7db673848,True,,False,0,1,0,0,0,0,0
7204233,1,14,6312960,c54a3d9896774f3c1b0d04e2e25e4276b0b3e320838f2d01d87709a7e3c2de86,True,,False,0,1,0,0,0,0,0
7204981,1,17,7439040,ebe7022c3462ce13f34a1ca0827f5a6a56deac263c8fbe8992fa8ff85259af3c,True,,False,0,1,0,0,0,0,0
7207061,2,14,6312960,473319c4422ba8d1c9cc329b63350313c585b7d177d1865c4cd8963f5ec459da,True,,False,0,2,0,0,0,0,0
7210749,1,17,7439040,df6f6ba70a5bd5cf7bdeaa0307fbbfb114921db2977dd08f48a18d6a1c164412,True,,False,0,1,0,0,0,0,0
7211141,1,17,7439040,3569587d0d14fa6823d124e6e9e99b382661b4338c07847d1a85b9f1c6d32959,True,,True,0,1,0,0,0,0,0
7211221,1,17,7439040,099472b41d4ab4a3280d3f591df68baebaaeb680ec5667d6f8a6756d6e92918a,True,,False,0,1,0,0,0,0,0
7211469,1,17,7439040,fda4c70baa3843673ada9e6d0f22a8982c5e611e88c10d73e0e6f52cbad2ffd5,True,,False,0,1,0,0,0,0,0
7211879,1,17,7439040,20647c78992ba5b2b0adfff1cd749970eb226b29eec8c0009e7a3247e3392aa8,True,,False,0,1,0,0,0,0,0
7212066,1,14,6312960,1ee5b477672461448965e193eb43edc6cca7ee5da643498fb1d530be37f1dfeb,True,,False,0,1,0,0,0,0,0
7212184,1,17,7439040,e27631509c89ade53fd9bd20f9dbfc7ff4cc2f3ac8b6d767d4726494d44537a2,True,,False,0,1,0,0,0,0,0
7212722,1,17,7439040,b24fafedadfa691d8d28f5286ba7915537a9d5fd8a484eda99d9cc93b0a30663,True,,False,0,1,0,0,0,0,0
7214090,1,14,6312960,42716b7738ef3ceae2e1dbb4fad1273fdc788798323287653abeb2e4b19167ae,True,,False,0,1,0,0,0,0,0
7215603,1,17,7439040,f9d0b5938b50b3f73e6898aaa4ca17f47bbe22006eb7ef0cbab81f37f7c48100,True,,False,0,1,0,0,0,0,0
7216284,1,17,7439040,a9d296de15c25c445efe69b1db80386793aa73ffd6cf43a2f75d88b2bbd94740,True,,False,0,1,0,0,0,0,0
7219825,2,17,7439040,4a54aa0950a24a1d5dab9ff890c57226a9731b2d901eaf22e119c3a2b2ab0e39,True,,True,0,2,0,0,0,0,0
7219906,1,17,7439040,0dc0ca65ce318322e5cd03142a0b157d15368e70ed371d2df1c0738f8f9719b7,True,,False,0,1,0,0,0,0,0
7220320,1,8,3551040,cf77fb8d66c1d693c13ef375e2e6a096e3b45cf384fed98ddef94d3a622db283,True,,False,0,1,0,0,0,0,0
7220322,1,17,7439040,7bc4072b86096f1ab97c185bdd6a991bb35244a9c8356ab878b2bdd1c222bb67,True,,False,0,1,0,0,0,0,0
7220429,1,17,7439040,d23c1477638d926bdfe6f35fe3f6c02b1c9a505e3b17c2c95b94693f6ed3d948,True,,False,0,1,0,0,0,0,0
7255336,1,17,7439040,5788f6ddcb5c5ed66a2dce26781dd4f185d1e3f4788debc3c4f8dc7a7b5c6a77,True,,False,0,1,0,0,0,0,0
7257363,1,17,7439040,b3c4309f19c5c4b4e34fa2b3159b3a161923cac106aeb1a59a3ece871d30fab0,True,,False,0,1,0,0,0,0,0
7257373,1,17,7439040,3ace52196d308f23c4df230cec2ea2a8a8d960c13e9d10057358b046908a24b5,True,,False,0,1,0,0,0,0,0
7257966,1,17,7439040,f91e99df48f4cc2ea9756e025cf390c4145a50e5b9e8fb966e94bcf3f5403b8a,True,,False,0,1,0,0,0,0,0
7259249,1,17,7439040,853be769ee11ff8f0b31aede754055e1d0c017e22237f9101bbdc16392e95f93,True,,False,0,1,0,0,0,0,0
7259298,1,17,7439040,29c22d98ee8a72ccc20912d0f0271d5fc99b57df8f8f9694fa5664e8ffe49f9d,True,,True,0,1,0,0,0,0,0
7265298,2,14,6312960,130be37eaf1d2750cd6a81ad894110213d0cba8bb124b0df8999b0be77fe62ed,True,,False,0,2,0,0,0,0,0
7269493,1,17,7439040,d36bb98fea75fbf0e76de0c3280d0ef42ec66d351c3e750bf4ec194d45239132,True,,False,0,1,0,0,0,0,0
7269881,1,17,7439040,0940c5602b846ccbe465c28aef9b16f33db2b638bf8263e4f5466fbb78e6b221,True,,False,0,1,0,0,0,0,0
7269974,2,17,7439040,981c19065a3b37f686f596f5081d574e0237f62bec03fab2ae214d0222c8aa71,True,,False,0,2,0,0,0,0,0
7270230,1,17,7439040,ad18718d6f447d746b8ba084329a4e91212361ae978081cba62f57d032c065f5,True,,False,0,1,0,0,0,0,0
7273277,1,17,7439040,2c1b32edb54bd23eb68a810a940fdfd4ca47ad9242372d5577f1163a267c904a,True,,False,0,1,0,0,0,0,0
7277317,1,8,3640320,e512152ddfca0428e9b514d9d178aa03815d0950a39e93a04f5e7884b6b46734,True,,False,0,1,0,0,0,0,0
7280953,1,17,7439040,eb66aa3b3ba45322d8a33c9c0219906a14ad32b3b8dab5a041fcbadd02ff5805,True,,False,0,1,0,0,0,0,0
7281217,1,17,7439040,c9d43506421e2d18e2a54f7226fdc03befb3309f6c47738b13bf8bce9927a05f,True,,False,1,0,0,0,0,0,0
7281229,1,16,7246080,d65701f36529ae1c64539e47418ba126c71b4a416b0656a4a0c65b06319b9b64,True,,True,0,1,0,0,0,0,0
7281399,1,17,7439040,a3312030c17371a25b75e3d957045708835334e19a08419cc3506cac7c67cc7a,True,,False,0,1,0,0,0,0,0
7281411,1,14,6312960,1df38d6d2a623adfcae723ffe05b8dcb64292bff5f07988618850f24880f141e,True,,False,0,1,0,0,0,0,0
7281454,1,17,7439040,a19ad95da2babbd12240f064f0c20267b96ab84a4ca4b27fee75d949a40fb394,True,,False,0,1,0,0,0,0,0
7281484,1,17,7439040,48f13ecfa3c5ab9672c9a66770a1b18bbe93ce4ff09add86b07502b6069ab0ce,True,,False,0,1,0,0,0,0,0
7281616,1,17,7439040,32ef12a09957f0b2e2cbe8ffce1a7fa71ac5f7cadcc139a80d1c79e849cb7965,True,,False,0,1,0,0,0,0,0
7281668,1,17,7439040,5373cfd5d94718c24bd87e7594d905ade2901b282b4aeb01c9c3dc9c9d4fd877,True,,False,0,1,0,0,0,0,0
7281694,1,17,7439040,3b2c13c6d0ee3f9a0b06acae4a6357405a790950ca6b0fb60867019b5292a17e,True,,False,0,1,0,0,0,0,0
7281699,1,14,6312960,6c8db69d0a33825f274a973c73179f0ba21a71b28e5d138360b79a3ff2213d2c,True,,False,0,1,0,0,0,0,0
7282008,1,14,6312960,2061a615df8a26b3285080cbf802fc879f755202f109869db5cef722028d1074,True,,False,0,1,0,0,0,0,0
7282042,1,17,7439040,7ab9b902c75fcadebbaf81bd1e00df1f127d98186fa99192353ae00c46e9a127,True,,True,0,1,0,0,0,0,0
7282154,1,14,6312960,ebec2ab5440b7954c2e9a81f91a75e5ad74c08ad16d2d1eeeeff089f755da94d,True,,False,0,1,0,0,0,0,0
7282168,1,17,7439040,005fac0327ffb00e0f74108f16dc8057f06fdbeb2f09ebfada8b3af110a5e50d,True,,False,0,1,0,0,0,0,0
7282872,1,17,7439040,706e8e0fb2386e31ef0239911a6d8bb1da9c3595a6e980665b4ee8cff01702fc,True,,False,0,1,0,0,0,0,0
7285616,1,17,7439040,aa0d0c67860dd6f2f0e5f467f860bf5522805ab92e775365bdc52413768f4469,True,,False,0,1,0,0,0,0,0
7285673,1,17,7439040,ebf19d4074b2c101f64642de7224249d8ec02b4209977a6793c8868a916b8718,True,,False,0,1,0,0,0,0,0
7285757,1,17,7439040,fa10b5f30f2a434e13d5a4b94cd9b5e59b5c75586fead01d841e13a5a90caa07,True,,False,0,1,0,0,0,0,0
7286173,1,17,7439040,c49f9d2300692b1166e03c4bcb75b0a6678d7b1a04562235a82bc2cf30439c1d,True,,False,0,1,0,0,0,0,0
7286911,1,17,7439040,c7247230dba12b7589860f6b9c22228ed79ba4a73daf906b55e71c69dde671fb,True,,False,0,1,0,0,0,0,0
7287391,1,14,6312960,82257d5fe167198b63e551ba4b8a5ba3aeecb4f6b764d0e8ea6e6c63ea0e2277,True,,False,0,1,0,0,0,0,0
7287415,1,17,7439040,43a4ffa5e4bbeff2cecf28641ebcef3e45122b98400f26391cb53fcc037385dc,True,,True,0,1,0,0,0,0,0
7287995,3,17,7439040,394a40c2c796d893e75f576cae0ec6bb1727f2cded47a52eeb96d590551938b9,True,,False,0,3,0,0,0,0,0
7288306,1,17,7439040,95c629543af4aa63eac4a0af8857f978cee4e19758131acbbf43bb5f9e6cebd6,True,,False,0,1,0,0,0,0,0
7288444,1,17,7439040,a2eca941206c8f791c6fbade524535b9d210e6ed86509414709f17a5030dad74,True,,False,0,1,0,0,0,0,0
7289157,1,17,7439040,bd104187be131308d49d852818539e9dcad7415fc2f420decb9728fe007d7292,True,,False,0,1,0,0,0,0,0
7289162,1,17,7439040,910057c932364048d35ae234df02f67c2af250ddb9d958f0271d99aa33c7c9cd,True,,False,0,1,0,0,0,0,0
7289165,1,17,7439040,bc0d29d9a8ab1e6444811d015d9669c5967ccc188e98a5540dac39927c41797b,True,,False,0,1,0,0,0,0,0
7289317,1,17,7439040,bdc84e5f5cbdff4d53b2beba836871c709a6719353c6038c198066befab6d8ff,True,,False,0,1,0,0,0,0,0
7289577,1,15,6482880,1d3e1d06878426fc3855f91ed64cb7065e68e8956457816d1104cc98d97a12ad,True,,False,0,1,0,0,0,0,0
7293937,1,17,7439040,e99ed669da0250ad02f5b9426a093f3b106a5ae1b5b716a0c2d07788a5077a82,True,,False,0,1,0,0,0,0,0
7295235,1,17,7439040,7aa358d1c87b26c3c5b2db0cf2e10a69a110a5dde6eca18cf817689cee3a9df7,True,,True,0,1,0,0,0,0,0
7295570,1,1,506880,09bbed7afe7a525e32bbf3d30937be4f0c142c38bd974ad182f0bfdc5202abc4,True,,False,1,0,0,0,0,0,0
7296086,1,17,7439040,b7975e3fbb9be1b615169129464ac6958587e16722a50c231fc68f14c36164f1,True,,False,0,1,0,0,0,0,0
7296094,1,8,3551040,232e7068476da6e107ff51bfde57d08172164e31e907adb3bcf245d7308e3cee,True,,False,0,1,0,0,0,0,0
7303253,1,17,7439040,d1bc388488a85cdbea9824fdde500021c844e8dd1870f8e7e0f8a75955093876,True,,False,0,1,0,0,0,0,0
7303287,3,17,7439040,678fe59ffc1021a3efc4a4b3bdbe1c4869c5e67a30f5a94a08b407b80e11c6ac,True,,False,0,3,0,0,0,0,0
7304449,1,16,7246080,ba8290ae7a9ab9055f8ba3947efc64ab232d9a9ed432246439237e55b2a62b2f,True,,False,0,1,0,0,0,0,0
7335713,1,17,7439040,e2a2d82e206549f819681946b9589e195060398b2cbbbe4bf925cb632762ab41,True,,False,0,1,0,0,0,0,0
7335972,1,17,7439040,8a27d3b58ce617a3ce07fcb1231a705cac568668c96be49dc887a55f2f333145,True,,False,0,1,0,0,0,0,0
7336754,1,17,7439040,f3fed591895314fb3ba27b522c15c4b3cb1c0f013bf9c1ab155856d9bae401ff,True,,False,0,1,0,0,0,0,0
7340624,1,17,7439040,cdb4e6650ba80a2e0d9ee4da93402756f95e565c6a6af3b856c1aa242931c083,True,,True,0,1,0,0,0,0,0
7347246,1,14,6312960,d7f35499d68403b575b3d896a1e6006114ea8ae90a2438a2d470684f2d0c05f6,True,,False,0,1,0,0,0,0,0
7350067,1,17,7439040,d5a41f803f6071e94088db4d082006e0a687357b4eb7491c269697517a34bb1b,True,,False,0,1,0,0,0,0,0
7352727,1,17,7439040,f9bc734d74b156be352af078ae86ce9192cf0efabb64a94e586d0f856a69ad0b,True,,False,0,1,0,0,0,0,0
7353970,1,17,7439040,50afdcae957ad9d8a652d723a65b6d46410d7a776446314925ba8e3cc2bf5ca0,True,,False,0,1,0,0,0,0,0
7357531,1,17,7439040,fe226256d02cd5f0a0eca22ef1e8aeef8cd3f5511e74a54283e680869661a23b,True,,False,0,1,0,0,0,0,0
7362450,1,17,7439040,16460186b643d04c22f1100d384edf38e395dac77737b3aea77b8d1c6dbdc380,True,,False,0,1,0,0,0,0,0
7362632,1,17,7439040,1acb2746ff41e9190bf080a5ea975d55ff6afaf29cc121b18040824d2cd9f2ce,True,,False,0,1,0,0,0,0,0
7362696,1,14,6312960,aa1472e37c3c5288bb82b167497e801143dfce7f99d9ae7ecf8f0d9387ce2bdc,True,,False,0,1,0,0,0,0,0
7362852,1,17,7439040,e68904fc50f39878f0339430bef6511b8366f7afc573b017a7c26c63fb9867ae,True,,False,0,1,0,0,0,0,0
7364176,1,17,7439040,9273c58655faf4e56ebe93651744eadd38be44ce4ac3c5543d1b5d66d95c828f,True,,True,0,1,0,0,0,0,0
7365447,1,2,1013760,d049c02aef69b0c87a1f66aa27c72c9224adc3a21d5bb2cd5ff62f5cb17bc7f1,True,,False,1,0,0,0,0,0,0
7366036,1,17,7439040,2e7094edcfdffe1d8a7d549c67e9106bd5d5de1e0e40c7b03e56ddcc69f2e64c,True,,False,0,1,0,0,0,0,0
7366258,4,17,7439040,bd0a5acb0e4196bfe8843e57252c0a67a2997c8735b06fc854389c5a0b3310af,True,,False,0,4,0,0,0,0,0
7368103,1,17,7439040,ea089601358d7f8daec925ffd6e3d38030d8e97f04cfe3b0393cbd5605b51677,True,,False,0,1,0,0,0,0,0
7368137,1,17,7439040,1e6a201a53462868b6f97a75c0163ad87a200881a776abba8e0f31d992b31cb9,True,,False,0,1,0,0,0,0,0
7368664,1,17,7439040,10b59c80adc708c70f3e02756e8ae44791b40b009c997d36e9b7e45f77ba11a3,True,,False,0,1,0,0,0,0,0
7369523,1,17,7439040,034f4a106148079d4260e3204ffc7235e9a7cc7d5285877c7b9d6fd3f44549d4,True,,False,0,1,0,0,0,0,0
7369865,1,17,7439040,05bed5adb6640b6365795fe6f181d6558fb08768f7f61515057dd33c3a40c0a0,True,,False,0,1,0,0,0,0,0
7373451,2,17,7439040,5ef8c8c0fa63b85f5c282d0cfd4f39fb0cf077ff808a076e7899fbd0a76af387,True,,False,0,2,0,0,0,0,0
7373877,1,17,7439040,18fa14c01482b7c043bf6266ab460919d4f595c9c57f77feba9c2537b3df176a,True,,True,0,1,0,0,0,0,0
7374746,1,14,6312960,8eca8c1a003734cdaa799c71b45a24cae26377f7dbf82681e5005c00125ed855,True,,False,0,1,0,0,0,0,0
7375348,1,17,7439040,54609eb7f2efc96558461a4597d69c78d348cdd5813f1d064cc6981e6a380f42,True,,False,0,1,0,0,0,0,0
7375795,2,17,7439040,7a63775b992939857c35cc0ed42736230b34470d1ccf34b88f5b5d55150c9ecd,True,,False,0,2,0,0,0,0,0
7376490,1,17,7439040,24a14e38240f263a25c9f1c3f05a001696a521f57fd148e6022615d4802e6629,True,,False,0,1,0,0,0,0,0
7376500,1,10,4415040,e7ce1c5421c2207c88eabc1025a20d635c393e12691c377b26939eed6d4b06bc,True,,False,0,1,0,0,0,0,0
7376982,1,17,7439040,f397b5b90c6d86ddeaa9c0655c3759c6aaa962a7d0325b95b72114645e51022c,True,,False,0,1,0,0,0,0,0
7376983,4,14,6312960,3b4e6433602744d6af3bc7d41a5d46e1f58d226c5d325f11a44052fa8bfea6e0,True,,False,0,4,0,0,0,0,0
7377033,1,17,7439040,5dfeb26a158373f071419901d9561fbc4a28ad1c775de596c25bf545bbe375c8,True,,False,0,1,0,0,0,0,0
7377200,1,17,7439040,6f8d43794d5217cc18e46b1b2cdba1ba6dae627357fecd6386607a8ae57c293e,True,,False,0,1,0,0,0,0,0
7379385,1,17,7439040,d4f05d23c4166278bcc09a1c9e0e3aecd9e54db966ebd4c635c9d8c2278d6db5,True,,True,0,1,0,0,0,0,0
7380829,1,17,7439040,0def3927938dff237425a5cb97fa48c015c4e60fe9994a999afaaccca5e2326e,True,,False,0,1,0,0,0,0,0
7381695,1,14,6312960,6bbc86cc6f6f76fe5431b8b39d635ed02df2db8974ea76fa04d2674e115452ff,True,,False,0,1,0,0,0,0,0
7382313,1,17,7439040,9475e6c711eacce2b136fd2cae4c6d1e4f7c853a95736c51db122eca8b66b1d7,True,,False,0,1,0,0,0,0,0
7385387,1,14,6312960,38d84eaa20032637b2eaeefea8b108b971ae1e5c7258a924dad9e673ea129b53,True,,False,0,1,0,0,0,0,0
7385478,1,17,7439040,267853f9d4e831535e7aed212cda23dd3e13051dbcc82119e070ddffe73c16b8,True,,False,0,1,0,0,0,0,0
7385509,1,16,7246080,8f9671b5eb3549c0ca1bd75ccc2c2c3ab31fade9db99b35fabd5037015919e77,True,,False,0,1,0,0,0,0,0
7386391,1,17,7439040,4b4c957e92caa8124c8de87c33ba353be6d1a9f645020a3cad202acd0aef519e,True,,False,0,1,0,0,0,0,0
7386827,1,17,7439040,c5a1c4bc3d06169c9d252bcbd4bd27904b1caeb49f6d69c283f3037045c5fa64,True,,False,0,1,0,0,0,0,0
7416306,1,17,7439040,4c8b33d0c385a38d408e4ad81e9e2d7a633fcd953590ac6ddf65cff130227d93,True,,False,0,1,0,0,0,0,0
7418173,1,17,7439040,95f93c057996d98b9c1ba7dc648d12efc98fff36b4eae6590370bdc74768ab45,True,,True,0,1,0,0,0,0,0
7419318,2,17,7439040,dc5e459468cf26c474cfe38f16f83ac40f9c4931205a68d91c9851502ed88018,True,,False,0,2,0,0,0,0,0
7421876,1,17,7439040,72237e1c376387e11266740723df1cf7cd05baf6358fcb9b3868cd95bc0e4966,True,,False,0,1,0,0,0,0,0
7422883,1,17,7439040,29c27d611d7e42c741ba916c2d9f43b48795e9e49b6f13b56f2375b2c5792afd,True,,False,0,1,0,0,0,0,0
7427764,1,17,7439040,308a24af10e1028cc7e334e8b9df35554e19ffabfe36affe58d3b179d4fcbd62,True,,False,0,1,0,0,0,0,0
7428316,1,17,7439040,8f0b167423d6715e1e55276bc30befee9bf0f88dfc15b8d1f4bb37033c545768,True,,False,0,1,0,0,0,0,0
7428736,1,17,7439040,47a51875b141fd085ab6a7fca837ec468f7601058c6f3af8f619c6891c874141,True,,False,0,1,0,0,0,0,0
7429240,1,17,7439040,b40411c465d5ad6d71d7cfd1c00fa363a5104e0d1663c5ced5411cd624b3f9c3,True,,False,0,1,0,0,0,0,0
7429287,1,17,7439040,cc5017d5e75a90e1ad6390ff2621913234cecaa00e0b71d42ab279a1390fafb6,True,,False,0,1,0,0,0,0,0
7430034,1,17,7439040,5f1f4196aa4f13a3eb7beaec6f80fd7cd8919b62dc27a7bc07779ebfd1384909,True,,False,0,1,0,0,0,0,0
7430876,1,12,5351040,0f5b1c08f1c611c9503ee5987ad6fbe1425b7f60686c5f8f3b90c50b00e8bec4,True,,True,0,1,0,0,0,0,0
7431665,1,17,7439040,821e529a00159852157b7141fa793a30d368eddc42f1b378043a8193f170d605,True,,False,0,1,0,0,0,0,0
7431709,1,17,7439040,b8295175e8964f5445106e37e2cdcb624356740ca478c662771115881eef32d2,True,,False,0,1,0,0,0,0,0
7433585,1,17,7439040,c0e47f13f4f355ba9300fd2100da146db22a17c1c6ae4d80c13d65ae3e7d6e23,True,,False,0,1,0,0,0,0,0
7434875,2,17,7439040,015255a99a5024ad9568b6c21c593c298818e17bda173fe07f921d31df7fd96d,True,,False,0,2,0,0,0,0,0
7435780,1,17,7439040,80703719861a7aa89fbbee5c390b9dd94b68b39a3d80f57a82861d904ebd6d8a,True,,False,0,1,0,0,0,0,0
7436177,1,2,1013760,62da2997e44a8d4bbd01d0b7c8f10b75df1d9ad6d4c495144260df26597dd7b9,True,,False,1,0,0,0,0,0,0
7439316,1,17,7439040,64440d16f1bebd59133988b6b4099ea7d63ba0561cb2de9e89d3944e49ce225c,True,,False,0,1,0,0,0,0,0
7440748,2,17,7439040,29e86209135863083c84205fe25241615fcf739513998df4008423b5a7ef97ab,True,,False,0,2,0,0,0,0,0
7445445,3,17,7439040,9c3dfbb84c146539363e26712ae65fa1eda841a5dbcd2733d0a8505a48de0a36,True,,False,0,3,0,0,0,0,0
7447200,2,17,7439040,7be0102d0a3c01810186665d795f8260b80c2d868bcf456508b1d703c380a22b,True,,True,0,2,0,0,0,0,0
7448023,1,16,7246080,917da742288039d97fee4807841847a817f9a0c80077ba110fdb657ab5f5ec7d,True,,False,0,1,0,0,0,0,0
7449136,1,17,7439040,e585bc4586f89d6f127132a8387c94a264bcb4b6e61bd773f1abc913158d4689,True,,False,0,1,0,0,0,0,0
7449541,1,17,7439040,624919d4fb8b0164b4d6cd5c87a5b038e40c0ab92560bc1427eaa91fc96ec0d4,True,,False,0,1,0,0,0,0,0
7449844,1,17,7439040,fd4603171154aa3cd66f33bb60318a2ed830b844410f6609e6352d51e970d76d,True,,False,0,1,0,0,0,0,0
7450747,1,17,7439040,16da2ab1a4d65b63c4d4e0586c86ba031d49d68f125c7e965498c1a396c87306,True,,False,0,1,0,0,0,0,0
7451315,1,14,6312960,60a96c9f91b49e1c96beade3fec87b25e09319086312511f4d55efbeaeacbf6c,True,,False,0,1,0,0,0,0,0
7455287,3,17,7439040,7a3da648e6054871aa1e2ecddfc52f7b990dd3fa6c9bd2ca120665ddfe884490,True,,False,0,3,0,0,0,0,0
7455553,1,17,7439040,c91108f633b3c0b5f664633e7073fa208f196456bc6c4dbf0994e7a37f9ce107,True,,False,0,1,0,0,0,0,0
7455981,1,17,7439040,6e42bab98f79d0ba43a618b28dc0656bad28d979b31090222dbf936bb1c2d111,True,,False,0,1,0,0,0,0,0
7456001,1,17,7439040,3edf6ae2a99f93816cb51143ae1a7796a7492d238cd6fba3913b5b681b3b6964,True,,True,0,1,0,0,0,0,0
7456521,1,17,7439040,0edd640ed745194262f98ac10bc499f78a277d243b48777c0b8c3b66bc87ee19,True,,False,0,1,0,0,0,0,0
7457278,1,17,7439040,a9c3e1cc6f18ecf6f4bda50386afcc656a5d6d05d366486e65a3b16ab80c3fc4,True,,False,0,1,0,0,0,0,0
7457296,1,17,7439040,a67dd4970eb86de1e51c1048f5875268015c1e77f3edb5d54ea20fdf5e36d7a2,True,,False,0,1,0,0,0,0,0
7458309,1,17,7439040,3e242bca89de9dbbc704847a51612fa823c07fd309230ddb60a8bdf67909a632,True,,False,0,1,0,0,0,0,0
7458433,1,17,7439040,8c658dadaca962ac55b63b5dc4690f111eaf6e60dd4d7cf4894f507d82593323,True,,False,0,1,0,0,0,0,0
7458762,1,17,7439040,35a481912eace3c7acaf352dbd5eb7c57143674960f9ec1093bd04f650283dc6,True,,False,0,1,0,0,0,0,0
7461307,1,17,7439040,076170ceec49baef4cf77ff1448c839cf7f9608e076b54a56cf0259b606d4e4f,True,,False,0,1,0,0,0,0,0
7461314,1,17,7439040,97faf8fbe3f9bb4035f951cba0d16870de123a7d0df6156a1c7e9a5ccc7f6d1f,True,,False,0,1,0,0,0,0,0
7463685,1,17,7439040,9ed5376c6e009d7decf9cd65f90011d45c7ca307badc36cfa1da1a073ad0a35d,True,,False,0,1,0,0,0,0,0
7466863,1,17,7439040,47a08f2363b9d5dcdee4ba09ff64682bbfa1c1964b3ee80bd49ec45d3f89e8a1,True,,True,0,1,0,0,0,0,0
7470491,1,17,7439040,837d7b761b57c9b2e3ab1e1fbc31497ab2de4e010c34c06545c6fda3f47c7be5,True,,False,0,1,0,0,0,0,0
7503885,1,14,6312960,3f7339f1a1f75e7d074435bdfab5922848f91af009da368e19aef45499c8fd1c,True,,False,0,1,0,0,0,0,0
7504778,1,17,7439040,0c8daaf7735258b6bdaaf343afdb2050335646b6e18a92e8358f6da695f9377e,True,,False,0,1,0,0,0,0,0
7509886,2,17,7439040,97634530204c6a4692f818484349585cd4bb74a8934932769e5ead9d1b75e79b,True,,False,0,2,0,0,0,0,0
7510820,1,17,7439040,91ef37e69e6139642833a3832466bd25074170056f98585cc13585d4bc8124ca,True,,False,0,1,0,0,0,0,0
7512982,1,17,7439040,443e400844240eedd5a83410e8ca10a0beb262cfcfbdb9afd10f4d91502377d3,True,,False,0,1,0,0,0,0,0
7515212,2,17,7439040,785eb72505617302df78e55627241a7badf6b4ae04884281ade0cb2e01e79b98,True,,False,0,2,0,0,0,0,0
7515670,1,17,7439040,059dfd728e2e72927c0e69680a0a9570f98d1050aa2ce56ea7ff575b915f0e2e,True,,False,0,1,0,0,0,0,0
7515762,1,17,7439040,ca0ae094c3fbb09ad44fe0b3fc1ef1efdd51190a8b670ede4a03d4fe37fdc384,True,,False,0,1,0,0,0,0,0
7516073,1,17,7439040,ed82cd31e2ccb6824ccc3067322f1fbc18b057392e8c22a6ad1200b3eb44fd51,True,,True,0,1,0,0,0,0,0
7517261,1,16,7246080,e784d1c722966f6677cd90bef13c641e014e8d3233629b9ff07e06836d187967,True,,False,0,1,0,0,0,0,0
7522911,1,17,7439040,e6e10711d2d39e12e13906e7fde0025a4ac4668e5b0a218e6cc994872997c672,True,,False,0,1,0,0,0,0,0
7529266,1,17,7439040,e2d5abf8c6888d1a1ffbbdcc8d88d42f35daa4e00098ab86403dbc16e70eae3a,True,,False,0,1,0,0,0,0,0
7531677,1,17,7439040,cab67e55b99e71192cda5f690fc4af6c7b9120b92ff296e7f43d5462994297e5,True,,False,0,1,0,0,0,0,0
7534267,1,17,7439040,ba3e5587b4a5cbe264ef36194f045815cb26e98e31125b66c253e2ed38594edf,True,,False,0,1,0,0,0,0,0
7537945,1,17,7439040,ffd6627d07e1faeeb4b384e92bf33428d8dd18f6feda24f666a980fcfc04ff14,True,,False,0,1,0,0,0,0,0
7538434,1,17,7439040,9ce3c3efa998d77427332fac226c19204b7b11977957641767b26a266917a6de,True,,False,0,1,0,0,0,0,0
7538450,1,17,7439040,711458cc4974a6b4c49ad55d39cd75a16dbb905ecba637be60521731f212b752,True,,False,0,1,0,0,0,0,0
7541502,1,17,7439040,3a4a2863e8c01328db3a79c2028f8f29638cdff43458a9144605831b8cde9504,True,,False,0,1,0,0,0,0,0
7541746,1,17,7439040,c2268e73966b3392487b61ccea5e02b921d129385610f14563dece7951944c29,True,,True,0,1,0,0,0,0,0
7542369,1,17,7439040,e5f73a223587039f2837d2e421b65fab949be57c538991721892ed53c662bba5,True,,False,0,1,0,0,0,0,0
7542813,1,17,7439040,2de543c7e40b05402b61d0d414717927669bd3fa2fd12a987519500a53f46cec,True,,False,0,1,0,0,0,0,0
7543649,1,14,6312960,8bb0ffcb9d32b2eccc6934c231128f5a7f7af10742f0959a560601cb8d1bde30,True,,False,0,1,0,0,0,0,0
7549209,1,17,7439040,84745777c14819e9ecd342ec04cde7d3c6df847d2afbe9fa656c7b709deaa201,True,,False,0,1,0,0,0,0,0
7552344,1,17,7439040,0cc7fa29c108d44f26a0d070b4ac2a509a91f6d4c8d6498793ad1151a1b24890,True,,False,0,1,0,0,0,0,0
7552701,1,17,7439040,dae8c0b2a6e2f38d9635ef2c452185bed349fbf4014e7e44870ec5516b68e8c7,True,,False,0,1,0,0,0,0,0
7582689,3,17,7439040,82eca5488a1288461885d8aa827e2bec3e965787e6fb0ca4ae4dc0fd078e8e1d,True,,False,0,3,0,0,0,0,0
7584650,1,17,7439040,5ecb2664fd42dd8d626c14cf07f8550a34122ce6644b96154a307f12826a1cd3,True,,False,0,1,0,0,0,0,0
7584778,1,17,7439040,4166ddeccc906e21aa5320f99e486d54ba3ebf05a4e6fcb2fd96e6f4ec6220ed,True,,False,0,1,0,0,0,0,0
7585481,1,17,7439040,0a47730975afd23bec8714f0b938d5cc0d56c07d9c387cf371c8647aabb23464,True,,True,0,1,0,0,0,0,0
7593110,1,14,6312960,d44ebdb75b11bb620de497040219a13b99ad219492353e8baa507e03194c66cf,True,,False,0,1,0,0,0,0,0
7595157,2,17,7439040,74ad8c341af6bf94944490d275df5f0fbde1aa27737f6b47bd3edafc329fbf06,True,,False,0,2,0,0,0,0,0
7596240,1,17,7439040,e1fb7225c63b7f3d86a339635104af89f11435f179c8a9b93ae0249597b7b1df,True,,False,0,1,0,0,0,0,0
7597005,1,17,7439040,5062de6d649d658ed632227d9550dd67c4e6681d5061e5a92274e47d418792df,True,,False,0,1,0,0,0,0,0
7597703,1,17,7439040,7c3ae9f664e4b91b01b8c7b14ffcec62192e49d0bcd42481150eb76ef9b096dc,True,,False,0,1,0,0,0,0,0
7598128,1,17,7439040,a25a41cb2eb505393af9a6b1df05b37ad1d88ffdc7bdc73d87015a984a075885,True,,False,0,1,0,0,0,0,0
7599004,1,2,636480,9949478e8dd3f2fa8cbed8136a8302512109e81b06bcefa1c6b1f07fd4b7726f,True,,False,1,0,0,0,0,0,0
7601633,1,9,3798720,b3c93e50d9c12eb40c92ff748911a1f523b4eab3504ddef752ba13bc9424324a,True,,False,0,1,0,0,0,0,0
7601918,1,17,7439040,ab53c6ee3898bc35a04f4d901e11c09bafbbf5fbe3aeaab94887def23b9af351,True,,False,0,1,0,0,0,0,0
7602070,1,17,7439040,06b92fc67ced984e2a350d923e9f7f19e3903bccf60589251299f46a6292345f,True,,True,0,1,0,0,0,0,0
7603200,3,17,7439040,6906e7b4d0d1ca0342e0952a3d08ead4cc2ae12ba5da524e77016f45dc476dfd,True,,False,0,3,0,0,0,0,0
7604328,2,17,7439040,135c8c9970f42750c5b9f131d5a420e67953d598174671dd521b10fbcb8b6db2,True,,False,0,2,0,0,0,0,0
7605093,1,8,3640320,61d75ccffd2e50d48e2e44d995624c6df11161b3dc77e19097ec11ccc222f645,True,,False,0,1,0,0,0,0,0
7605600,1,8,3640320,692c8cc15a88456cd5c6d6b94bb7bfa18073aa5fd0421f312d2da49ecc13d26b,True,,False,0,1,0,0,0,0,0
7609553,1,17,7439040,293c9e237a4dbc720c889c2cc30f58f1ea63a499b434bfb0956d3799aff87f30,True,,False,0,1,0,0,0,0,0
7610663,1,17,7439040,055369e5229c2b1786ce960b09181a2a826d55096298f1a5318bb353138d0e08,True,,False,0,1,0,0,0,0,0
7612691,1,14,6312960,99e5fac972090c3c1d5fcc7691209a1415e8dc3fa4a1206ce959018f1fd104b3,True,,False,0,1,0,0,0,0,0
7613246,1,17,7439040,8f42fb81e341f48ad6ac9c5234ebb91b57d8693653e2db999ee2e068e6955f24,True,,False,0,1,0,0,0,0,0
7618364,1,17,7439040,1bd559293b7833bdac8b7d4d07c8864e4708851f76a4ceb0978f7e33042105e8,True,,False,0,1,0,0,0,0,0
7620413,1,17,7439040,4176e0f7e137942a7f4991d615d655d2bf2419254aed3d6e69984a82650514af,True,,True,0,1,0,0,0,0,0
7620660,1,14,6312960,a761bfc767124d3698b9251b2787c5cf45af74f02e914618726d19148aa3d274,True,,False,0,1,0,0,0,0,0
7620844,1,17,7439040,c77d8e8ad19f3b686dcbd2b98017e73a378b86da15e46b641e155f5e459f8984,True,,False,0,1,0,0,0,0,0
7622059,1,17,7439040,b5ad0a12d2a6e357b66829bb5958a822419ee8d6d3341ebef025c6bd5d5bae69,True,,False,0,1,0,0,0,0,0
7622072,1,17,7439040,5c634e4a9d054ac768dddb941f551a702e99cfe18273fab05efaefb04397e345,True,,False,0,1,0,0,0,0,0
7622473,1,4,1650240,2ed6ee39c4201c850dd56ddf9df0ac6165c3276ffdf565db4820b75acbb886d3,True,,False,1,0,0,0,0,0,0
7622486,2,17,7439040,7004d0e729d5e9fb3a5aec25ba5e7c7ba508dd21c8663addd946389afdba30e6,True,,False,0,2,0,0,0,0,0
7624297,1,17,7439040,57bf3ee3605f8adc6bde2c0b990c2f2244da0a19061ca21328d695c9a38d730a,True,,False,0,1,0,0,0,0,0
7626370,1,17,7439040,7e4463c95a1dfcad6ffd9dabe6dadd215507baf8b69689f6751bcddbc33d9e9c,True,,False,0,1,0,0,0,0,0
7626506,2,17,7439040,f9446eaa7aa95a1e4eb36efe4ca7e60b5eb547bad670a2af4015db27bcb097d3,True,,False,0,2,0,0,0,0,0
7629518,1,17,7439040,653d25bcfd784c78d4368c6a454ab24c3ac88176bc813f131047a64e4c2bc270,True,,True,0,1,0,0,0,0,0
7630658,1,16,7246080,fd48b6c80224ea07d1f3f7053be69d7b0ae24c631f65916c05cebc2200b53b33,True,,False,0,1,0,0,0,0,0
7631194,1,13,5860800,818e825538f02fbaf5c18b1ecc0bac446cc7c793e9f63fee0bfff206a4699657,True,,False,0,1,0,0,0,0,0
7658229,1,4,1650240,1fa3f1eae0968bb8d2e52b4caa35f8cc1431805595eec6b5f9d64dedd0f32390,True,,False,1,0,0,0,0,0,0
7659389,1,14,6312960,c574fdb6f152aea9de7701c8ee21ba93c6162de7b0902b66503538c1dbfaff1f,True,,False,0,1,0,0,0,0,0
7661409,1,17,7439040,e0934e87873203f6772c9064760e28d5300842c3631daba9b9166113fdd5f79c,True,,False,0,1,0,0,0,0,0
7662744,1,17,7439040,58e27271c0276236bdc4f4245784a5c43e7d71f51402fa4d9fda17693dce074d,True,,False,0,1,0,0,0,0,0
7663405,1,17,7439040,502c32b6b967366dc53952150692d77128aefc3f163dda626527322b898650b8,True,,False,0,1,0,0,0,0,0
7663691,1,17,7439040,2b38ae6549322a62eaf15f4ec828d98805cad4dadde2a63b1b2637d054802647,True,,False,0,1,0,0,0,0,0
7664272,1,17,7439040,74d17d6637b430c61df80dbad5e70260557116bed5dd2bd23c4eb7b0481888d5,True,,False,0,1,0,0,0,0,0
7668648,1,17,7439040,df19f6ba2d9aa9e0d389efee9310c667a5f10012f66c48df2a983b734c345962,True,,True,0,1,0,0,0,0,0
7668663,1,17,7439040,5c72a75fb41c2e127317d314c99f768068cf0e287172ace7f4b69ebde50b413d,True,,False,0,1,0,0,0,0,0
7670485,1,17,7439040,5bb797c0dad3f9b75824158b0970de08b4f7d11558403044346f3fbd091f5cf6,True,,False,0,1,0,0,0,0,0
7670617,1,17,7439040,7bbe3b59302d6e00bbb004fab4ddca6ef1026520d717822f8a6dd5caef9ff482,True,,False,0,1,0,0,0,0,0
7670943,1,17,7439040,413378f57f73989646b2c82df9429c0903830e4ee8c6b74b7008c8457d86a46f,True,,False,0,1,0,0,0,0,0
7672097,1,17,7439040,144f9e335fc3e3304212045c4c4514512453cf5c731039c652ad5f8cb1f47fc2,True,,False,0,1,0,0,0,0,0
7672940,1,17,7439040,8380c4aa2006bdfc82cc902c19e84eebabd4018de518bd4ad5870795ab6076b3,True,,False,1,0,0,0,0,0,0
7673192,4,17,7439040,71702f3da6133f14eaddc25c1f96bbf74910d805e4da1b59718eb4ad66ecd9ae,True,,False,0,4,0,0,0,0,0
7673841,2,17,7439040,5590e5ff1a73a33914c6da1f70806d6deac540fc2866b83fbc7a59456efccbd0,True,,False,0,2,0,0,0,0,0
7674050,1,15,6779520,321c23e018b957bac088aebfb78c13f3f08dee845da363ee3fe7ab6675f780e1,True,,False,0,1,0,0,0,0,0
7676423,1,9,3798720,07b0a6ab28a9ce6219a30c0b90c819b75fd5a052fe499f22f5ad671cb61d65ba,True,,True,0,1,0,0,0,0,0
7677005,1,17,7439040,ba18c0601a80522d1cb2e02e9da3732a5d8c9f02f791c4698731743ded097ba3,True,,False,0,1,0,0,0,0,0
7678434,2,17,7439040,fbe7c02b770627281c94f491753b45777e9653f052718ed233e919876cc67a18,True,,False,0,2,0,0,0,0,0
7679812,1,17,7439040,c080c0d200dd7fad23946fae68354aa2cddcf7d5d155580a4115247682b5f961,True,,False,0,1,0,0,0,0,0
7681230,1,8,3640320,6ca821e75f5c48a7e751e4220f592930957461f221cd340ba7d2d0944b4835cb,True,,False,0,1,0,0,0,0,0
7684873,1,17,7439040,5830afda1a7962d781235c671878218383d6cb3bb4fe3961fadf46a9408fe19f,True,,False,0,1,0,0,0,0,0
7685981,1,15,6776640,e7009f65dadf32b37832aa056357765994297acd021991d69ac1cc2d3f308e55,True,,False,0,1,0,0,0,0,0
7686191,1,17,7439040,dc4e72a0fc36485c3ab7a012757a89b7721fd998ae29569edc5a02802dcd9385,True,,False,0,1,0,0,0,0,0
7690521,1,17,7439040,cc6bbaa6de7238fc75bb48469f7e71d4b8b9ff2f3b33637ea501d56de72ff22c,True,,False,0,1,0,0,0,0,0
7690844,1,17,7439040,ef8cf9dde160c66c0443c38f55a18a09aecc1a2904f11f05b4f8150c68ab6a53,True,,False,0,1,0,0,0,0,0
7690855,1,17,7439040,a1fb8a2ef6bf756985eb15bcf1538165e2e5f7882f2af8a3d0f14c79ab1a11da,True,,True,0,1,0,0,0,0,0
7691260,1,17,7439040,1dccad110fafe748f5a5dd67ffa7f44ac8fe59c555db00b39545ac6bf2bdeddc,True,,False,0,1,0,0,0,0,0
7691527,1,17,7439040,78a2dea63433fe2ab8730333d0361aa85d26bb7bb7affcc4a28f20f16962dc3c,True,,False,0,1,0,0,0,0,0
7692093,1,17,7439040,1ac151da1ae551f475f7cf61c253375e9a32133a6917d21533371cda7c695f34,True,,False,0,1,0,0,0,0,0
7694615,1,17,7439040,6667250691e1f964d42f5e68c928b9e17c679cbe9a429b5e1f6b797ddbb04454,True,,False,0,1,0,0,0,0,0
7695087,1,14,6312960,39e9dae93b33f7cd81e9d2a3652811ef84a461418b51f73d4f56a392f6a3d9c0,True,,False,0,1,0,0,0,0,0
7695093,1,17,7439040,cc4426ed0a247a169c375e600f8a067f275da3b506640e6be248363f96fbd698,True,,False,0,1,0,0,0,0,0
7697568,1,16,7246080,9288a2883132abac842ef5027e8e22ec488b13b2dcaad985bcaaf974eac76614,True,,False,0,1,0,0,0,0,0
7699298,1,17,7439040,8810e2b59b896bc96c34bb243643de92ad00d507ba9bea9bc17281e9aa962922,True,,False,0,1,0,0,0,0,0
7700561,1,16,7246080,eb8f45371485e8493eada8f65556db280aa8b8e29e2ab678f0e47ad0b0981e5d,True,,False,0,1,0,0,0,0,0
7700578,1,2,636480,30497a85d54d0dd5edee5db02808f08c4c60728ecc3dd5f802d87e9a3f5dc31d,True,,True,1,0,0,0,0,0,0
7700590,1,14,6312960,2b328e017ab8e69b28ec9bd091b0f644332839ca92ada6a20a6cd26e735d0547,True,,False,0,1,0,0,0,0,0
7700622,1,17,7439040,60ac7b53f7fabfbcc31da01d17ac9935acdf84559a9cbc78f564398962dd0bcb,True,,False,0,1,0,0,0,0,0
7700871,1,17,7439040,a6e5240e61972c6aedd06f99a5ddf4c998d525fe4cae198361465ed045ea338e,True,,False,0,1,0,0,0,0,0
7703882,1,17,7439040,00579c56d37bd3fb96c3dfb2f69dab777a42c23e328a32dd203993d03015e453,True,,False,0,1,0,0,0,0,0
7703910,1,17,7439040,a015ed7df6d8341839865faefa6b5f300480e3041278130de50e0368e4bca227,True,,False,0,1,0,0,0,0,0
7703955,2,17,7439040,b5650baf085331fac80c1d9bb7e6e9e5dfb20623f2093181676aeb220f5ca579,True,,False,0,2,0,0,0,0,0
7707736,1,17,7439040,48e0faa49d77440aa9549c9e1022f18312b3e5767ee4294d0c36e818bf0390ae,True,,False,0,1,0,0,0,0,0
7707742,1,10,4415040,f77703c8debddfb449196f2f659d363cd2f4101763f530a048404e5566e05c15,True,,False,0,1,0,0,0,0,0
7708193,1,8,3551040,131863de9780e8a76d570e26462d65c6d44919e2c0e34cdd92ad82acc10f51e5,True,,False,0,1,0,0,0,0,0
7708215,1,17,7439040,74c4f7cf2128352a9135f01350a0a6a19d1dd4fcdfd16a5e0f92b613ad426057,True,,True,0,1,0,0,0,0,0
7732285,1,17,7439040,54d9b3791ef7fc30ad6bd05ce9da4f4372feccc86020783c7af21aef6c947957,True,,False,0,1,0,0,0,0,0
7732791,1,6,2836800,3776519cb033ba8c7b6bd5f597226451e2b38cb8e29aacf47d4848ae4613dde1,True,,False,1,0,0,0,0,0,0
7741048,1,17,7439040,3e2d12ae045becf46f12b49bc8aac8ea01dd92706e0dd0ddba8f7bff36767c76,True,,False,0,1,0,0,0,0,0
7742408,1,17,7439040,3e39e974e5bbaf8a82016b83ec133cac6e91a82ce44bff78e23f431b2f54ed0f,True,,False,0,1,0,0,0,0,0
7743464,1,17,7439040,828253d6afcb1f791a27a30a563cae1954e71580d894605ad1fee359b9307e81,True,,False,0,1,0,0,0,0,0
7747425,4,17,7439040,6c709068f70749f16f4750023ef7f45c843b917fd4229d995100aef4721efa45,True,,False,0,4,0,0,0,0,0
7747457,1,1,486720,8bc059d3cccb5611c0e5e735faa43a4ad6f2cf85bbf94d57c82e1ba8f0923f37,True,,False,1,0,0,0,0,0,0
7747835,1,17,7439040,7db25e8c6a2fad6a4672c5f965c52a146147a3b348b83101ad8be39e653098d3,True,,False,0,1,0,0,0,0,0
7749318,1,17,7439040,5e0fc2c3c58d7018bdcd538ff05b5eae4e32d0d91b092eeb5feb8b25625b1e2e,True,,False,0,1,0,0,0,0,0
7749773,1,17,7439040,5253709a37f76e4e47734fac8263a3f290dad053df9d482485d1493d4b1aa050,True,,True,0,1,0,0,0,0,0
7750740,1,17,7439040,9c58b99f2a7e42a6407eed8a6122f3212446e266dbc0fbb548c8fdadfff8ded1,True,,False,0,1,0,0,0,0,0
7751294,1,17,7439040,8d52861cd71027a71440899a0d8614cff9cfb58df520f599cf6160f223bdfe4d,True,,False,0,1,0,0,0,0,0
7751562,1,17,7439040,23381eae846426de420c35dcffa58cd62abb0d29f766a6513301d0b55acc9b4a,True,,False,0,1,0,0,0,0,0
7751571,1,14,6312960,58946311c19f805490eb1f650af6bd5f83cca2b57b01599ec48a9acd80761714,True,,False,0,1,0,0,0,0,0
7755636,1,17,7439040,ffc93b0c80651d4c66d8c096b637e21c4959a76cd7043e4faad6a74e9113db67,True,,False,0,1,0,0,0,0,0
7757698,1,17,7439040,4d025d57350a4fbb91962f1d4756d6e0eeb3de957cdbc6985a608af38c8a123b,True,,False,0,1,0,0,0,0,0
7761545,1,17,7439040,c954d8e85a63c54e8f37f1fa762a81c1d1c053a142d26331f57ca4c5b284a430,True,,False,0,1,0,0,0,0,0
7761918,1,17,7439040,d4f47dec35b97b0d04ba5e03bf323432bd4d378cb91dd6129dd868b4a6e3549e,True,,False,0,1,0,0,0,0,0
7762723,1,17,7439040,2b0cb56320a213b8dee3d5652cd85102d551ea360a1eb539a43e8706ec0e49f0,True,,False,0,1,0,0,0,0,0
7762886,1,17,7439040,abcacda21c435665710d14ee309729f23dcd5fec2e4591edf309ea9bcdd84305,True,,True,0,1,0,0,0,0,0
7763269,1,1,486720,133783c743efda2c6943fbf60ace63e87c47f8976ad00b5b09d4cc236b855c0f,True,,False,1,0,0,0,0,0,0
7764367,1,17,7439040,b86d8f6f8e7407f7b594bef52c56d3e7e397e89013ea215e4bc7ddb6cb382658,True,,False,0,1,0,0,0,0,0
7765528,1,17,7439040,a42578316fc533feb82796edae45374cdaead4bd2504e2a613cea4a2ba90fbb5,True,,False,0,1,0,0,0,0,0
7767162,1,14,6246720,5bb14e06327b6ab7b2240829ee39d4811ec10a34992ff350d559e77cf530b1d7,True,,False,0,1,0,0,0,0,0
7767559,1,17,7439040,c3b67e57d77b24a2ae3af3aaf34b0fe3b6eac2234ace15d7ab842ef20fe8b99e,True,,False,0,1,0,0,0,0,0
7767733,1,14,6312960,941908bc518d9f4abea228ef37d41b194cbac0e63de92366427c03c99bdfc117,True,,False,0,1,0,0,0,0,0
7768952,1,17,7439040,78660d62cf1f5f976ab8933eb8bcea33c11268291db3f76632e1ca52dbe641f2,True,,False,0,1,0,0,0,0,0
7769072,1,17,7439040,c3874a86905ba8aaa28b1b9f80787aae361902024193df06280b751e7365b125,True,,False,0,1,0,0,0,0,0
7769815,1,14,6312960,56f63535f65fe1507b86a3c6d2d5ddc65cce83ee40c7311a83c2c97cfc18a326,True,,False,0,1,0,0,0,0,0
7769819,1,14,6312960,64065777bac46b9732470b6453c729034f105d4e89ecff9af0b39cce229e0a42,True,,True,0,1,0,0,0,0,0
7770450,1,14,6312960,922088641ab093845335521d2b4c517f4b2ceee0a85a58e2b93dea5492f2cd8c,True,,False,0,1,0,0,0,0,0
7770471,1,8,3551040,1efbcea76292fcb0d219b3ad45eac094f80ec10bb13ecaf80850818b3873858f,True,,False,0,1,0,0,0,0,0
7773179,1,17,7439040,40455d3790e75f06464b2f4d2c7c7039ed74883ba58868a76f288ec9eb71f267,True,,False,0,1,0,0,0,0,0
7777365,1,6,2943360,f0291d4d5d62f9a393da1ca9bb24e113ca585c9c4d5709ca70f2ddeef0a814b3,True,,False,1,0,0,0,0,0,0
7777372,1,17,7439040,33d579f88cd83915f88a0fbe092a1c7d909ab2b1ac23dd2539154122b75c336d,True,,False,0,1,0,0,0,0,0
7777397,1,4,1946880,7e93daa69cfcf9b4082ab82837ee61a50e336dc776e4934ef6556c8ea435056c,True,,False,1,0,0,0,0,0,0
7777416,1,8,3876480,4e7f0e9fb94a0f062a4ad77b7cd2b6ef951d6d4402c292375d3a1ccf7927eb20,True,,False,0,1,0,0,0,0,0
7777471,1,17,7439040,fdde80868a2286d0fe95613a0df79c207b876d7cc74b896bae59bc67c2e77a29,True,,False,0,1,0,0,0,0,0
7777522,1,16,7246080,f6166b71d0d0621dbbfe7cc24b565de10e06e6711e398d3c861bb386905b11c4,True,,False,0,1,0,0,0,0,0
7778437,1,17,7439040,c018793266a470d740b371f7eef6402f2f36fe6fee71df0ff0147e34c8bdfd5e,True,,True,0,1,0,0,0,0,0
7778621,1,17,7439040,77769697153a7c47957c22b20395b552cbfdf8b9772b3d2896a08f695d6496bd,True,,False,0,1,0,0,0,0,0
7778767,1,14,6312960,4264b1cc7a33e14b43666af4b19fbe50ebdd1bd6239d561b26aa93c378237cc5,True,,False,0,1,0,0,0,0,0
7779077,1,17,7439040,7641512e4d415139a56e0b53fd68601862075cb1ee744500533a07e7c4620336,True,,False,0,1,0,0,0,0,0
7779942,1,17,7439040,88081f2b40e146575aa30a6577bd0a368dd8308e636b8f0e89b723c6cb6bc8c0,True,,False,0,1,0,0,0,0,0
7798259,1,17,7439040,3e34d195af8206b65b2b0fc2e7d5fbd04b5d9e5adec42e46ff6980cfd5869a57,True,,False,0,1,0,0,0,0,0
7799701,1,17,7439040,64eb5ae377467abeebe108a2ee32085c4d65c629a8b0591a68cca8e2a92e6c4c,True,,False,0,1,0,0,0,0,0
7800285,1,17,7439040,7b5014d1cca18a1c65f33ddc814269bbafb3e93c37f160731ab043a188a9bbed,True,,False,0,1,0,0,0,0,0
7802136,1,17,7439040,2a3cf103ef35a1ec8c8c8f51d9d6e07dc696577d3170b83d64c9301ba512eb50,True,,False,0,1,0,0,0,0,0
7802719,1,17,7439040,754db80a1eba65e529e6e63a55ac56655d1fca3a5909fcf5ade142024fc919eb,True,,False,0,1,0,0,0,0,0
7808587,1,17,7439040,b21f907ff37df844eb956eee5869a261d1e7a57e108c9744dfddcb5de11ff24a,True,,True,0,1,0,0,0,0,0
7810483,1,17,7439040,e553c64d94c84e40d532aeaade247fa86ca1f58b30f52cfcffb4d37ee3c8f250,True,,False,0,1,0,0,0,0,0
7811537,2,14,6312960,f1185259a4f095266c78b2c25aedfec607539db265738b19ee08684df4033d99,True,,False,0,2,0,0,0,0,0
7812167,1,14,6312960,f3be0f8c48571abc8d477a0755d2547675d556261e1a523a39183eebbc12a6d8,True,,False,0,1,0,0,0,0,0
7812175,1,8,3551040,807eda747fc726781468867efd907710cf1a62f77a35c87a0856dd75e7afed65,True,,False,0,1,0,0,0,0,0
7812179,1,17,7439040,75f4137ca4843d3fb32f5b11b594bb86cd86690f109470fff96371959460920e,True,,False,0,1,0,0,0,0,0
7812455,1,17,7439040,412ea1661340119f809056a346c6591b11ef6ae08a593f429bdec4569fe46064,True,,False,0,1,0,0,0,0,0
7812893,1,17,7439040,3c2dd16abf8c4fb4345d44dde09a61126eb783eb0c8a9efab528ce161ede781c,True,,False,0,1,0,0,0,0,0
7813039,1,17,7439040,a8d8268337a0882000605d3588ed92681ae312baf4dfcd0fd00f4379a3ec7366,True,,False,0,1,0,0,0,0,0
7815744,1,9,3798720,8de4e5c98a8f07c175d9573e1dee7f9b9af2fe2b0a332be0effd0dc3c81a95c4,True,,False,0,1,0,0,0,0,0
7815931,1,17,7439040,842f2b140d39a33128a76483aac5910bc1a71947ea5071031972f16bbba8ce16,True,,True,0,1,0,0,0,0,0
7816665,1,14,6312960,acd01f32505f3a237cf06c2d940f823a01eaca47cbb7c0f7132e5c25f09faea2,True,,False,0,1,0,0,0,0,0
7816680,1,16,7246080,7863fd3863326961ddd3fa37aff69d2df16b4bed5fe74705c25f700f09013eff,True,,False,0,1,0,0,0,0,0
7818447,1,17,7439040,9e0eb7a6ef30f8a220d3ee9ef892919d818074d307cba6f4921cbade56ab785a,True,,False,0,1,0,0,0,0,0
7821010,1,17,7439040,44f6ff5a2e3b5550d14f4f7fd2b24f71edd83cd83b210fe888001c794acd6d71,True,,False,0,1,0,0,0,0,0
7825899,2,17,7439040,c10f009665547b999ed41b175809cebb2d1a4e9e7f5a52ab1c3a7c00ba609aea,True,,False,0,2,0,0,0,0,0
7826620,1,17,7439040,1c733e57f2905e166dfb13f5232609671b40cbaa8957424a7d8f136e8e0572b6,True,,False,0,1,0,0,0,0,0
7826659,1,17,7439040,aacdf70e931f47b6baadf96ccba6acb3a1e8d04590a521eccf30f41b99757ed0,True,,False,0,1,0,0,0,0,0
7830321,1,17,7439040,64e20f45061b50180fde147b1370bf8f0d97b385d2966a0d3dcf29bdc1e9e0fc,True,,False,0,1,0,0,0,0,0
7830637,1,17,7439040,7c488461811f9addb8c8b62c7710bfd43e98042021c713304787c3f08840fdea,True,,False,0,1,0,0,0,0,0
7831264,2,17,7439040,4ab3ec08b7a761c5c69d02e5ae0c0a927556e0f34ebfe5e021e3d3a050acb595,True,,True,0,2,0,0,0,0,0
7831363,1,1,486720,a2bede65bd86e079d18c74f923286ee4f071670ab3c5cd554a39a57d3c84ffa8,True,,False,1,0,0,0,0,0,0
7832356,1,14,6312960,ac44c6f64c3530ebc2cf031a186fbc21b3a554aba7a8587c9ed9f15c2b62501b,True,,False,0,1,0,0,0,0,0
7837302,1,17,7439040,141fe8d4880cb1be38fefdf2bdeb716395ad7cc3e2c1dc8637ecdb69455b7f10,True,,False,0,1,0,0,0,0,0
7837526,1,17,7439040,115f1ad6abb5c768eac8634392e90e0cd4cea5f9cc3958a0845642dee70e1a6f,True,,False,0,1,0,0,0,0,0
7838639,1,17,7439040,e5c54366287623d8a557cab2936b031c7ffe5ab0f910ec7aac8567ba444b4ffd,True,,False,0,1,0,0,0,0,0
7838655,1,14,6312960,cc1303a43e6713469c0efa3034c29402e80f437ef337bc5c79a88953ce79a47d,True,,False,0,1,0,0,0,0,0
7838906,2,17,7439040,87f31d5cb9f6a23e0db8b6b1ed95ecc2c1d8e45b1b786e00ddc8871b5a639e7f,True,,False,0,2,0,0,0,0,0
7840035,1,8,3551040,8b8c196c85e31e17da1de7040fa06ef6e64eb298e13805076eb875bd355b23c4,True,,False,0,1,0,0,0,0,0
7840044,1,17,7439040,a56f282c60a243bfd6aa3e93c0a372bc05603b3734fe7058e3becde906fe5951,True,,False,0,1,0,0,0,0,0
7841368,1,17,7439040,8efc8549495a130833faac23a1e504ea589d56a62d1a76e920cca28e11843173,True,,True,0,1,0,0,0,0,0
7841925,2,17,7439040,d0a7411cc5d8221f49abce4edfc5b45cfbdd74c8502051c915e21ca1ebf02aff,True,,False,0,2,0,0,0,0,0
7841986,1,17,7439040,9f5bc4dccdf0fa96c626087e6e81f195bfbb0eb9c4c3c9f7fdaac1bd93013590,True,,False,0,1,0,0,0,0,0
7842610,1,17,7439040,d50833ba5641461073e89066b0192eb93b18774e84a6213a56b35dea94c81915,True,,False,0,1,0,0,0,0,0
7846730,1,17,7439040,bda5dbf6adf75ece8b2f4a3edf080b6a25445eefbe41f23c21dee4b867d4923f,True,,False,0,1,0,0,0,0,0
7847104,1,17,7439040,a5938e72ff25f39788514a478b4677b15646e1f64c00f73b22971fd1dc56eef8,True,,False,0,1,0,0,0,0,0
7847927,1,17,7439040,048f84168644f101ede8318f24e4512f31c97a5c112f6b795a1ede88398df7af,True,,False,0,1,0,0,0,0,0
7849854,1,17,7439040,325ef1aa087ef058209f91e66522d3fdc744bbf81c8ba01df9c07fdea1e053b2,True,,False,0,1,0,0,0,0,0
7866921,1,17,7439040,23b8ad0aa60252feea691ef99d788ae1418e3138ad70c171cf22bee59914d856,True,,False,0,1,0,0,0,0,0
7869917,2,17,7439040,c573cd0d89dc3e203d5202287895490cc7f6ece482d1bf9437647cdd40aacaec,True,,False,0,2,0,0,0,0,0
7870032,1,17,7439040,de48267726d66a0d965465210b01348ecaaac78fa5bf85ed195acc78ccbd484f,True,,True,0,1,0,0,0,0,0
7870250,1,17,7439040,fcd28682a82d08601ed6000ad9b0387ae39b31e4dec223923ae4abebde88e722,True,,False,0,1,0,0,0,0,0
7870282,1,17,7439040,42085a7c1d63312b9eb5627eb76b78001d2bf4f9c89ff18cffd40a9587e851cb,True,,False,0,1,0,0,0,0,0
7870390,3,17,7439040,98108bb81dba5c56025127a3e3782c2c47844123449a3347f879d696aacec01a,True,,False,0,3,0,0,0,0,0
7871954,2,17,7439040,926f68f26f252a693d8f46e68c64551784a34dffadd859010577548c1c71c193,True,,False,0,2,0,0,0,0,0
7874976,1,17,7439040,d3302245f97146bcbe183ff51f5645575b054875f2143b1ee063ee4de57324c7,True,,False,0,1,0,0,0,0,0
7877496,1,17,7439040,31e1117a9a1af5248571fbbf81de84d4ec557b1aa88b77487749cc983400de1a,True,,False,0,1,0,0,0,0,0
7877818,1,17,7439040,121a388ea16d551b8913b1d62826dde34669eef3da6840ca2e0f96b2a4502f7e,True,,False,0,1,0,0,0,0,0
7877820,1,17,7439040,6caf333ea957c10c3618fb09b1fa0174fe39958c7d65430992dff72b49aae5ab,True,,False,0,1,0,0,0,0,0
7877824,1,14,6312960,20663a69a67d99270519b5a53895d4af18b98c0a6e063ecb791b4be1baa24ffc,True,,False,0,1,0,0,0,0,0
7877978,1,17,7439040,d9ee9d9018cb36c36a015aa9c6c64cda6d5d41b171a3e96ba1e55b3cb1f10741,True,,True,0,1,0,0,0,0,0
7879433,1,17,7439040,177f71b5aa46b3eba6d037e040e3c7420c4605eda03712f02f41b31fd0850e46,True,,False,0,1,0,0,0,0,0
7879648,1,17,7439040,53586ecf2bec386d523a0f25b6d13f1af8222b28cb9228c793677242e6c0cd57,True,,False,0,1,0,0,0,0,0
7882360,1,8,3369600,99cbd460e605c2b6d4c82addd0ad5aaa606d5782da5f3d6838133585f817f1a7,True,,False,1,0,0,0,0,0,0
7885494,1,16,7246080,13ecc2598ecfdc577b9e0882bcadf071187932ae135751d64d4d943e784cf00a,True,,False,0,1,0,0,0,0,0
7885518,1,17,7439040,020b06dfde63c59ba7e62f87f2b9765ff777ec5db7ff418b94d8f949f6f9b7e3,True,,False,0,1,0,0,0,0,0
7885558,1,17,7439040,720a4977fb6518806689d3582a63609774b1ae9a2b6971e72dfc3c5bbcee0039,True,,False,0,1,0,0,0,0,0
7885570,1,17,7439040,4efacb55631836e657083d9e3d38b45b959551335a177c0048ba074bc28e20dd,True,,False,0,1,0,0,0,0,0
7886329,1,17,7439040,faf2f0b5d36b352f8dc907e79436ae6bacb8c61905a08c62d2793b5d9e66e3c7,True,,False,0,1,0,0,0,0,0
7888957,1,15,6802560,9eaf90f016e4d0d5d66c25c06860eb1d460d10ff9cf3cd3bef54ef8b2bd3c281,True,,False,0,1,0,0,0,0,0
7889486,2,16,7246080,360e6b2fb7819422a718439b2ed5fdcff950df92a10d476f9ae61945cc54901a,True,,True,0,2,0,0,0,0,0
7891264,1,1,466560,1da59b7e67ce12b8183b4179cc3a87f964e4b94b6fcbd133fa0cc1742fb955bf,True,,False,1,0,0,0,0,0,0
7897936,1,17,7439040,5ffeb29297a047d618f8c25232f48aa1ae5eb8a5d53a7684e6b6e1d21e9e2241,True,,False,0,1,0,0,0,0,0
7898352,2,17,7439040,c880a3e52d2f7193513367e87ff63e6936c3985d079c55526471ceb9334fbb59,True,,False,0,2,0,0,0,0,0
7898576,1,1,486720,56ac4f1e74e39536cee9df1769c7e0814198e116ad1ed1bfc4bd73ff3bcc23f9,True,,False,1,0,0,0,0,0,0
7900114,1,17,7439040,ab13f90af88ad0e7ae40e4dbdd01c368cd224c421054877c0da824ebc461001d,True,,False,0,1,0,0,0,0,0
7901948,1,17,7439040,f1e38983bc7f74dc614e7761b1a24477e2887f969e1471614ddbd183054701e0,True,,False,0,1,0,0,0,0,0
7903086,1,14,6312960,687ad73660cd6f1b2c0db4ed0bccb389aac76118e0a7c8170f16fc5c5448653f,True,,False,0,1,0,0,0,0,0
7906671,1,17,7439040,65c813950ac0c7c96f537bd44e1ea45b49fce5abe861e4f88f598f25d3124246,True,,False,0,1,0,0,0,0,0
7906739,1,17,7439040,738a4d41390a4d7611c810f1cca00cf02d0534ee5c47291fae855ca3ffae963a,True,,False,0,1,0,0,0,0,0
7907423,3,17,7439040,c5d8a53716cec7f85bbb7a7034c4730c27fe5eb36e1442807a7ce88981d10597,True,,True,0,3,0,0,0,0,0
7908367,2,1,449280,4e8ed2e337d36c46ff44fa23a2285a0ebcaa6a8ee1d57c14df113eea063fcb32,True,,False,2,0,0,0,0,0,0
7910148,1,17,7439040,a8a78f3dc9fa0ca3c65f794e0306d4cd2b0896da55b325af9b7e54a05462f067,True,,False,0,1,0,0,0,0,0
7914906,1,17,7439040,abb4b294d0f726bd83659eb47cdb2e5fc1937534dc935fca0ba26be17e8eebf0,True,,False,0,1,0,0,0,0,0
7916058,1,17,7439040,3cbdc0c36cd85e47369a736c751b7a2f0b3520a8af74ec0ae5a4ddb297acf1ee,True,,False,0,1,0,0,0,0,0
7918172,1,17,7439040,45f0fb3c45b6ac2759eac4895a13c00bfa636cd7c88b056d3005e1429b5e1b73,True,,False,0,1,0,0,0,0,0
7918217,1,17,7439040,ba2605ff0d6240ab7c3b63ff2efbc13e4c57a64ffe0fb3ae391fe49f43f00a3c,True,,False,0,1,0,0,0,0,0
7918992,1,17,7439040,3bd203f4f59532dda4002d5cad16e2d55447ba4f1db468ee6a8a5aaa8042b746,True,,False,0,1,0,0,0,0,0
7919516,1,17,7439040,1e948301d5baf8335c2d223b42cea549e00092b03bb292d056f3115a8d7d6741,True,,False,0,1,0,0,0,0,0
7919653,1,17,7439040,1a37f68f5b0251732969cf391e9a44901b3fe5862539ba7714f23bbe5d0e74b2,True,,False,0,1,0,0,0,0,0
7919867,1,17,7439040,3ff7bc63e037996b296346f4a890d06fb45b6d7e5f0a1d56e84167a439b83e2c,True,,True,0,1,0,0,0,0,0
7936194,1,17,7439040,84b642abd339102a5cca33386abd4a7b11eb808f831a519acd51cb761ec69a14,True,,False,0,1,0,0,0,0,0
7938468,1,17,7439040,ee000d4cf74a53684753794e76597216c8abe0ad39ee3773cc85345a95eca793,True,,False,0,1,0,0,0,0,0
7938496,1,16,6969600,ad45191d4a9f2400876767b09fc4761e3f0f96a105b3547a26ae4184e47bc08c,True,,False,0,1,0,0,0,0,0
7938499,1,17,7439040,a93b6a49f761a3c1ddbd79cb1c7311869e128315633810d8968cc2f4cfc522fd,True,,False,0,1,0,0,0,0,0
7938883,1,1,466560,09c7a65872c8d5e4cef489a6bc07e5e65547c5a65c56cfb60b8049d9b9840d62,True,,False,1,0,0,0,0,0,0
7939330,2,17,7439040,511fc530e8ba3e042b03aa9ebe80420a15632754f17147c3d0943fd348a96124,True,,False,0,2,0,0,0,0,0
7940533,1,17,7439040,9e83d93fccfca355746b85aeb1eb251515c85709e95cb1109692e5777499d394,True,,False,0,1,0,0,0,0,0
7941200,1,17,7439040,6da510b18e1ea939a8831291bc0807ff046cb69bb08a367223271bc465f051be,True,,False,0,1,0,0,0,0,0
7941635,1,17,7439040,ef05b206a424fc2b641a63958acc8246922679644e16561d3286860ef7ae19ab,True,,False,0,1,0,0,0,0,0
7943535,1,17,7439040,9d21f78e6822e258d230dd1dc6a09f6138434b72fd6a3c8267e911a0175e0a5a,True,,True,0,1,0,0,0,0,0
7947631,1,17,7439040,496b7e8818f14a41a729c55567607d224203a60721f5acd4da94e4577c8d57f0,True,,False,0,1,0,0,0,0,0
7948784,1,17,7439040,d1be95aa84bb9b163ec14418e94110fd5edae7b87763b9da3e6b61b05913b0bf,True,,False,0,1,0,0,0,0,0
7950644,1,17,7439040,96959dfa2a8b95940054ef68e988ffb09cf466e9d432a75d305374da2b8cb867,True,,False,0,1,0,0,0,0,0
7950775,1,17,7439040,1be91a7a88f20ce6e532df646939d5e87a43533783fe3b33ea3dcc187a221112,True,,False,0,1,0,0,0,0,0
7951018,1,17,7439040,55c055e66ada4b7ae28c9e45fdfdfcf42f4d561adabed8d7b3d2a63b3f81ba76,True,,False,0,1,0,0,0,0,0
7955301,1,17,7439040,4cd420f8cf7596044778ecd338900a60d147438c96698757149092636567a4d6,True,,False,0,1,0,0,0,0,0
7955580,1,17,7439040,e764ecf90a1ea410cbf36e942dcfdddb126a1249e9cfc322a7b976410940d2ba,True,,False,0,1,0,0,0,0,0
7959310,1,17,7439040,3a554af932652ce34fc403f2c85a1938f8b04ee12e96d520d9fc89e6fd4c596a,True,,False,0,1,0,0,0,0,0
7960295,1,2,993600,1d75587111c847a1b3e0da91a1e7e377bcc67abe7d247d5ced47d8124e978a87,True,,False,1,0,0,0,0,0,0
7960547,1,17,7439040,3f2e0e3300a4fec8045278c6b5c7f058624eb94ce58a0075155269deec7fc127,True,,True,0,1,0,0,0,0,0
7960980,1,8,3640320,43b85d6c44f1fe05b7a269d56bc89ad8239e9e92191e1bdea83c57e2026ca41c,True,,False,0,1,0,0,0,0,0
7967517,1,17,7439040,c74c0445559e97be417c3d05ce5fc24ed7fe0edaa8e187ade508bc0694527207,True,,False,0,1,0,0,0,0,0
7968683,1,17,7439040,9b86cdd3b79f7e35cf87178a8e770df579239a69f2ab2588750fabdda0267605,True,,False,0,1,0,0,0,0,0
7970629,1,17,7439040,b040ab522fbf8bcf8f492746c2d83de958a0086f2ba793780110ba72ed1e8943,True,,False,0,1,0,0,0,0,0
7970760,1,17,7439040,b01d7b39685a59d59c2d3a9da5b8cdebe415df0845a023be3a26ca285b7b274a,True,,False,0,1,0,0,0,0,0
7971389,1,17,7439040,6212ed6bed57f0202703f5853191bdebad91584dc1511984f24bf7231fbeb057,True,,False,0,1,0,0,0,0,0
7972785,1,17,7439040,f3d62b9a7bea662eb48c2df4db13bfe8c9932bf9dfb11aaebdfabc3fcb36b8c3,True,,False,0,1,0,0,0,0,0
7975727,1,17,7439040,32670246d385d404460e7162153ee349ad2c29d91bbb379b2a0d50c2d05b9036,True,,False,0,1,0,0,0,0,0
7976136,1,17,7439040,3ed166a9969c25bc6daa72af3e5cac5a6a03cd002734d5ea4c5a139b88d42309,True,,False,0,1,0,0,0,0,0
7976435,1,17,7439040,050393b52d75506b9780fdb4b05a221b5fb7ae07d6be7748ae927f634a4e9e8f,True,,True,0,1,0,0,0,0,0
7977197,2,17,7439040,9e6fda45eb75f349574524a1099261f5a9a14d8b35609dfb67a9c11e83dd6498,True,,False,0,2,0,0,0,0,0
7983117,1,17,7439040,418ecca70003c94f0a28e9e26b1f6121b275586c0c98e9b94e5b986e74cbb579,True,,False,0,1,0,0,0,0,0
7983756,1,17,7439040,8b574fc7262ed47e077f6a4c613e2f8b233de683e4091bef12671f37ec37dba4,True,,False,0,1,0,0,0,0,0
7985167,1,17,7439040,084bc9d144f330da726dd2cd495c7de6ba163796a4de2c45bea82c641481beac,True,,False,0,1,0,0,0,0,0
7985733,1,17,7439040,3520e151cdceb3a7c2d93a52177deaa2f5bb680d3f98449c119e287a90b00a5b,True,,False,0,1,0,0,0,0,0
7987086,1,17,7439040,19915cd95158330a2b73d050509dc54d607ab78c464ebedbe546cb98a467a8e6,True,,False,0,1,0,0,0,0,0
7987749,1,17,7439040,6d36a960ee5730aeadb12bffeb4f381a9c84af8717dea9c45e4a205686edca26,True,,False,0,1,0,0,0,0,0
7987866,1,17,7439040,a5f7ba03ef8699bff11209c204e45200adff61d184ff62b5513260f4d114c968,True,,False,0,1,0,0,0,0,0
7989422,1,17,7439040,944fff4ad034300e06ce27b3f12507665546613fdceb5780f72dd60c96b2f353,True,,False,0,1,0,0,0,0,0
8004903,1,9,3683520,33a26308140866e70206239b6b76338350f1b967fa388a52f5c75071b210c251,True,,True,0,1,0,0,0,0,0
8007644,1,17,7439040,d78ea756738482af9e5af9fcf0223a25346cf9e1430698d8fcbdcee8bb742457,True,,False,0,1,0,0,0,0,0
8007675,1,17,7439040,a9cdb26304f683721a6fb8a33c14ae8f0eb4ede9c8209d7e0ba8e0a270aca204,True,,False,0,1,0,0,0,0,0
8008067,3,17,7439040,5befa28259698431beabc7ded737040dd3d5509cab47ed74488f4ac5128f5ad1,True,,False,0,3,0,0,0,0,0
8008128,1,17,7439040,3d72e482f505210e86f405b7142a433f942959b2502cfb2ddcedd618b48aa9b6,True,,False,0,1,0,0,0,0,0
8008206,2,17,7439040,739120a1fa3156cd1283934c67afd52dff8e0046744370a514c98a8baadbcc78,True,,False,0,2,0,0,0,0,0
8008913,1,17,7439040,d342b3d13e63b86d92b7c29de9049909fa0096005a87276a0fac896f350a67c3,True,,False,0,1,0,0,0,0,0
8009350,1,17,7439040,8be4e8daa8575de05ddecfb0eccc650f47658465d41ddf61a3e17b240f065fe1,True,,False,0,1,0,0,0,0,0
8009496,1,17,7439040,994e9a0e81258c6a64ef490099b9485e4444099f7576aceeaabbb50a2ef94166,True,,False,0,1,0,0,0,0,0
8009500,1,17,7439040,ab3a494ca3493164274f90d0ba2b42cd554e81c575fe4be7bcd2540ef5e0ad64,True,,False,0,1,0,0,0,0,0
8012732,1,16,7246080,bdddd285e3968d272feccbbb1bcc4491c8a6a2add154b86b6ef8685128cddc1e,True,,True,0,1,0,0,0,0,0
8013289,1,17,7439040,aeff5f63fe9837f8a312cba3d346f0d3cea4fa7a767cfa4d3c446da9b374f6b0,True,,False,0,1,0,0,0,0,0
8013439,3,17,7439040,fd6f242f138733170555e5e0686cf2a382244881863ed3b877a7cdd307970626,True,,False,0,3,0,0,0,0,0
8015907,1,17,7439040,4a11a2a0911cc2b3b7e5fb94266d56abfb6b8209f492f73cdc92b9c58a519384,True,,False,0,1,0,0,0,0,0
8016211,1,1,449280,fc191aa4696e962bbe4a2bd3c92cb4b32fc2057b73652d845235d834289e1e29,True,,False,1,0,0,0,0,0,0
8016214,1,17,7439040,432dee6f533127f58498430b343ec5f0336d7b4377b3a1cb199e0f9b126ed715,True,,False,0,1,0,0,0,0,0
8016691,1,14,6312960,0eaaf5d97ab036c695727fb4580abc96d110ae264438c8fe75e686976042ecc4,True,,False,0,1,0,0,0,0,0
8017703,3,17,7439040,44c89b5e596aaeb3870d87224e3d6431dde2063425449774e809c3cc464efcfe,True,,False,0,3,0,0,0,0,0
8019043,2,17,7439040,de0e7c784c4f350dba3445a74c210f03cd56530160f88ce23e3acc843f7dfdb6,True,,False,0,2,0,0,0,0,0
8022244,2,17,7439040,15fb39dcc1843e6ea8ae957a9925e5edca6db5ed9ff157125fae8efed4fd203a,True,,False,0,2,0,0,0,0,0
8022489,3,17,7439040,7adb509b86ee6ccb5e1ebeea4ee6231a552d3d89c82734627d85e9e50a8df460,True,,True,0,3,0,0,0,0,0
8023317,1,17,7439040,25c7c26713e48d01f8a9a8ddefd4f57498d5d666cec4629c2c8048a8afcb372a,True,,False,0,1,0,0,0,0,0
8025596,1,17,7439040,450bce84433029fd912785fa471f943a930c78017cf8dc4f6f56487fe0a46b73,True,,False,0,1,0,0,0,0,0
8027902,1,17,7439040,51e6a55002bfdccb29148b0be8409488a9bef4e21dd3f5080472bce87ab02945,True,,False,0,1,0,0,0,0,0
8028465,1,17,7439040,3855c68d5e9c6a516f754a2f931b7c0e68aadb4728da804d00a8267ce04525a7,True,,False,0,1,0,0,0,0,0
8029197,1,17,7439040,833ac92a9474be3fdeac276e46467fd4fac7c677feff51d3aae1a33e85cb2f1f,True,,False,0,1,0,0,0,0,0
8029848,1,1,449280,b5b81d82d93cbbfed1e865f9c8f5d8841addadab1afffc21a21365f7bf52d86b,True,,False,1,0,0,0,0,0,0
8030148,1,17,7439040,be800fba39de1f8460b92b9c37811af62cfadccf19d64fedd107b1f50d47fc69,True,,False,0,1,0,0,0,0,0
8030339,2,8,3640320,9106c7d6d42a5bd45790eeebbc6b909a09f13c2e89f1d5d7b1af0f044971e704,True,,False,0,2,0,0,0,0,0
8036287,1,17,7439040,9c3ade57b8b10c608b5f4f49cdfe7690bd2ee92bfea64a425a09fcdaf4a21d7b,True,,False,0,1,0,0,0,0,0
8037038,1,16,7246080,2b5aba3f49408e2f93ad18c984c15027299e19020669f41a84a664b77bb6c049,True,,True,0,1,0,0,0,0,0
8037145,4,17,7439040,dc9132361cadb6b2e80baca1e7a71f384b55351b32110b1552647da642d99407,True,,False,0,4,0,0,0,0,0
8039892,1,17,7439040,de01a8fa8190ff205ae65c66f154b8a4898520cfbb601c27508443e6b157c1be,True,,False,0,1,0,0,0,0,0
8039925,1,17,7439040,fb96b34f8a85913437e331cf2eeced7dee3eb07800703776b9adac0b4d1ead34,True,,False,0,1,0,0,0,0,0
8041216,1,17,7439040,9ef66194660c387225051452bef6e0cf4d2b99edf4bd8d07a19d434280d2f105,True,,False,0,1,0,0,0,0,0
8042453,1,17,7439040,1737884c2226f75b426222afbea62ff3485d9ddc88bd119af6a5ce749c92b0fd,True,,False,0,1,0,0,0,0,0
8042747,1,17,7439040,499367b7f2b97d649bb6cde7deb1e1429e9d33d8cadb2c511860229636220016,True,,False,0,1,0,0,0,0,0
8042789,1,16,7246080,8e882967af978873f5b78430d0584c13f66ef15c4034d592212ffd62eff09200,True,,False,0,1,0,0,0,0,0
8042835,1,17,7439040,dc29358cce0e9bdd64f1610d8624332ea8f9bdfd59630b3a05ee424e888f2f2c,True,,False,0,1,0,0,0,0,0
8043052,1,17,7439040,a4d73d83c4154b4b2c14a39dca4147a688041ae9e8fe9d6c234e9c41a06bcf1b,True,,False,0,1,0,0,0,0,0
8043638,1,17,7439040,32e8fc4734f3017aa1ed3058b7bc8a537d88f31813d726a2aa5ae12ca7018b93,True,,True,0,1,0,0,0,0,0
8043714,1,15,6779520,34cda47812a394b4d8275fb19b4c5e4933ead03d04a89c695686c0a8f045c007,True,,False,0,1,0,0,0,0,0
8043721,1,16,7246080,c7be924e778b4a1f109aed12cb8e5e3b5964727d57419d8424e846a7cb09a550,True,,False,0,1,0,0,0,0,0
8043882,1,14,6312960,dc0bcd16e8b6b58c2d086dbf3fcd66fda48323a87c103aaee1e30f1185ade497,True,,False,0,1,0,0,0,0,0
8043968,1,17,7439040,b04f7990d5ed1be717980b8126ad70dcb03ddd4554991898f377d2052045778c,True,,False,0,1,0,0,0,0,0
8044600,1,3,1463040,e15afede3aaeede278e1a7a901df11e56da37a2e41be237078ee4a76fc42d18a,True,,False,1,0,0,0,0,0,0
8044608,1,17,7439040,7a70b2c4dfc1b0a02dd1e8c75bd7a04a3d1a40af9bf7646ccdd4861f7dab326a,True,,False,0,1,0,0,0,0,0
8046659,1,17,7439040,a001659b3c9c9c92f3b6600d588a4fee2ff5f09e9320638ab1f53950e3ab1398,True,,False,0,1,0,0,0,0,0
8046689,1,14,6312960,72558ed0d16c74ceea3ae67196d0a0f26627e054db4844172d49a9d427e3b749,True,,False,0,1,0,0,0,0,0
8047283,1,14,6312960,3a3cbf8dea5771ae22d082105bbc54de4120a804634a53e720381670697cb0f8,True,,False,0,1,0,0,0,0,0
8047428,1,17,7439040,87690efbe91c46f140989c91edf60d18a71701f4ae16183516b0d73467b000aa,True,,True,0,1,0,0,0,0,0
8051946,1,17,7439040,8b242620685c7b691f1c674dabdb08564bb485d541bad0fe96fdb2d3954fd9c6,True,,False,0,1,0,0,0,0,0
8052474,1,17,7439040,d90c8e22139ec732e28b9cb319d2b1b54d8622069be13571dd7910a57e039b9e,True,,False,0,1,0,0,0,0,0
8053552,1,17,7439040,37586e80281aea59676be824a0dab87040620b62d6bfacf41ba21131bced8609,True,,False,0,1,0,0,0,0,0
8056665,2,17,7439040,654bad3668708335d561721926056ddbcf8103c48b25e93a57f9f27303f7c5d0,True,,False,0,2,0,0,0,0,0
8073705,1,17,7439040,67ba367cfcb47dc811c148c04e0e714e9169bab30d533fb29e4565f886b2d045,True,,False,0,1,0,0,0,0,0
8073806,1,9,3683520,cd544e9c1d1a65caa5a0bfe24be1b0c1579abb0e1d46028332f2cf6d4e8ea360,True,,False,0,1,0,0,0,0,0
8074805,1,17,7439040,1801d3f9e2d9f4e56f3164e5551606c8cf52630513ab17e6c946941e882cb959,True,,False,0,1,0,0,0,0,0
8075618,1,17,7439040,7db9788bad416d1f71c66161625cdec46424a1b8d9cf8de16de3dbaba18bc287,True,,False,0,1,0,0,0,0,0
8076630,1,17,7439040,e3a039c4dd3d59b70766f6883504db1f55c587be1fe878eb2ef751f222027fcb,True,,False,0,1,0,0,0,0,0
8077137,2,17,7439040,a9772c818fcff22938caee1a62a7fb476cf7d0b5ea83b7b22515b07f05c19030,True,,True,0,2,0,0,0,0,0
8078502,1,16,7246080,5ea3a45370b21a53229342135b71bfc448e23dccda0eb809be4e7f5f928aa03a,True,,False,0,1,0,0,0,0,0
8081187,1,17,7439040,efc64dbfd843e0236e8a2f8cbe9fa08cdf52e975f1c3319baada8acdb86f4ef0,True,,False,0,1,0,0,0,0,0
8081239,1,17,7439040,5053d04b0fb3d0352e1c085960b1787e83fae657cf1cbce3692d3d6f6cda6d47,True,,False,0,1,0,0,0,0,0
8081389,1,17,7439040,b785ba61ce5979ca3fa2b3f3d822fffcbec17424a755bac30af4cb341fb45ff0,True,,False,0,1,0,0,0,0,0
8081899,1,17,7439040,2ab66efe47c9c35699b5a6a8490424f3bf178268aa9f2f869aa4caad9d246b0e,True,,False,0,1,0,0,0,0,0
8081905,1,14,6312960,613589394fda1d52d9e397fefcffca01f03cf7ba841fc2ea7215fbf5754c264b,True,,False,0,1,0,0,0,0,0
8082001,1,14,6312960,23b26de9f74eac73c1a604ba4077b648c4bdcdcafb9b23d88d7e579401512f0e,True,,False,0,1,0,0,0,0,0
8087812,1,17,7439040,c9f6eca1de765469d01f5b6e4615dc8b803d25cb9b3f1871e53bbaffe3b210f7,True,,False,0,1,0,0,0,0,0
8088354,1,9,3562560,c02969585935b251cde563b3e8238b831debc7ee33afd68ca8aee7eb570d6a2e,True,,False,0,1,0,0,0,0,0
8094120,1,17,7439040,2af2813e22c4172d5e5baef09a2a0ed9a91139eadbe43db671663f4804ee775f,True,,True,0,1,0,0,0,0,0
8094140,1,17,7439040,91820a5565dda6c74b485b8c03807b5bfc7a877e162345ea6ce3fe3a693afb01,True,,False,0,1,0,0,0,0,0
8094221,1,17,7439040,b18b49611d4c8f82b555259d0d15f3f9a8cb66ba4aeea26a719c619783b95ee1,True,,False,0,1,0,0,0,0,0
8095099,1,17,7439040,b9a323f8aee70b979e1d4d594d57fbbae0385bf4da5ff14f75300da7413b8ade,True,,False,0,1,0,0,0,0,0
8095110,1,17,7439040,1dc5b9b8019d9124f02e72870232df00affbb282bd00342b3ff941197bd52f95,True,,False,0,1,0,0,0,0,0
8095441,1,17,7439040,6aceb502972fc50950a2d67c2e6eaeb45a4a4e3e72ffd721e30ed09f840d5376,True,,False,0,1,0,0,0,0,0
8097825,1,17,7439040,75634de243c36e60cc6a0066a705005760780f790879cea9e32a1eb7af04e6bd,True,,False,0,1,0,0,0,0,0
8098300,1,17,7439040,278d25fc4af123e225cabda4baec39300f477a26fdf4d9b8726fb82e55e9162f,True,,False,0,1,0,0,0,0,0
8098515,1,17,7439040,2ace600a9fd17b0d919f35c5a490b72e821409c9791ebf44a26d6dc235899aa7,True,,False,0,1,0,0,0,0,0
8098728,1,17,7439040,16239bd6b2c650233cadeaefa18fc6a46a2879934324338ab7b68ad55bdc590a,True,,False,0,1,0,0,0,0,0
8099138,1,17,7439040,ed4c6f6332364b90e6bc19c14a215e465b1d38e996b3c17e3587d44874f27989,True,,True,0,1,0,0,0,0,0
8104030,1,17,7439040,fe2857a34007489f32ff3fbd508e6ee63a765663e97afb8b0dab754f1c21f134,True,,False,0,1,0,0,0,0,0
8104436,1,17,7439040,17ea01872653b4347c72bbb2fae13c2711aa8b31a9ebdb11fe5daf7b731d079e,True,,False,0,1,0,0,0,0,0
8105398,1,17,7439040,664cefab598ffc305e21d56a2d3f204e1d249b53ad6dbf5d01561afd66884b1a,True,,False,0,1,0,0,0,0,0
8106610,1,17,7439040,4720fa7f72196e1e8c22bdde20aea9c81f38baea643cb5280635f14ee94e7354,True,,False,0,1,0,0,0,0,0
8107225,1,17,7439040,01de09a7dd631afdc4b72351bec43121d3d59d734fb653a5ee53d247dcbeb0a8,True,,False,0,1,0,0,0,0,0
8107380,1,17,7439040,ebee0049e91722b6cb8ea2807fac1d25a8ef4d0fbe64eeb23e566b1d85501006,True,,False,0,1,0,0,0,0,0
8108437,1,17,7439040,88f26cb1bac8d09cfcb14d852c02cfef5463e0c449cc922209a4bad384ffe61b,True,,False,0,1,0,0,0,0,0
8108450,1,14,6312960,2fd96d747c1d435f462d36b3b7d495ef96153a9c69a120cdfd23517cf568841f,True,,False,0,1,0,0,0,0,0
8109107,1,14,6312960,ea26df6f4b484b344335e57746ce84feca54f33e380e7baceca7f2a662ed3e50,True,,False,0,1,0,0,0,0,0
8109692,1,17,7439040,c344d28fdbeb0ff5125f5df63381153f93f42ffa76836b852d0e814de52b6901,True,,True,0,1,0,0,0,0,0
8110758,1,1,486720,7db0ce79749d153c9b043b9626cc0942c604d575c5b89a15fd86482fd97593be,True,,False,1,0,0,0,0,0,0
8110767,1,14,6312960,1f885de615321958bf277cc89149a50db23e8f8ac351e825bb8915e871e4f3d0,True,,False,0,1,0,0,0,0,0
8111381,1,17,7439040,589cf65fb83438e7fab6972b74163a709b9bbabf6d279d881b8cf08518745670,True,,False,0,1,0,0,0,0,0
8111622,1,17,7439040,dee93d501fe852790ff537be27b9a6310a6029a310a9337183096cb711f0e1a2,True,,False,0,1,0,0,0,0,0
8111919,1,17,7439040,9e5cc3e1777907e77a712bd5a7c2adf0e262a37a5da07cb77bf300aa5f424a0d,True,,False,0,1,0,0,0,0,0
8112324,1,17,7439040,6fa59baa41bcfbeff5d6c82477a5cb77e7b0295957358bb07390d017d665ad94,True,,False,0,1,0,0,0,0,0
8113154,1,17,7439040,0cff866c0253c6cda76d51629a38b6c39ed067accf1b6f1d02855270b338eb2f,True,,False,0,1,0,0,0,0,0
8120608,5,17,7439040,164d306a7334ded304f115d7fdc77abc55205e7e9e9f16aaab67470d845267e2,True,,False,0,5,0,0,0,0,0
8121067,1,17,7439040,5a6f7ff099e43960db0a4531ec0552b8a017299bfa5a72c8f75ebde25bd643b6,True,,False,0,1,0,0,0,0,0
8121310,1,17,7439040,cda45fbb451ef669b112a59c5acfa8ba3c8af952d3b52bd841f36abf886ec6af,True,,True,0,1,0,0,0,0,0
8125580,1,17,7439040,847b0eca67eb69bb368a5dac9df07e3946dc5025f396fabdc3e4ffc179bf6cef,True,,False,0,1,0,0,0,0,0
8126531,1,17,7439040,5b639af3b97c72d77ed980bca994cbc592a2038631416e4673da936cc6bb19f9,True,,False,0,1,0,0,0,0,0
8126558,1,17,7439040,3104e86980d6f42bdd57d643182de27953debc31e60760ad5f7c3f6f6fd24658,True,,False,0,1,0,0,0,0,0
8127586,1,17,7439040,d4e5fa75728b3526968c8585ae0e99ca40c08883ff5c5467b00db403b2385166,True,,False,0,1,0,0,0,0,0
8127639,1,14,6312960,d864e2aa9140b11870facfefd5bdb3b0cd82dc255b665481656827751c54c94c,True,,False,0,1,0,0,0,0,0
8127648,1,8,3551040,9dba77291a566539c1c629d4ad2ab2b9726bbced809af4242f0796ccd533bf18,True,,False,0,1,0,0,0,0,0
8128067,1,16,7246080,c7a6ad51a4b5c811bbb63fff929fbaad2e30fc94d89827a31528d691b4989d56,True,,False,0,1,0,0,0,0,0
8128247,1,17,7439040,cd5bd366b4a00f5e34b609776ac2d3b09cd760f0d4470a72d9b069a08f87570e,True,,False,0,1,0,0,0,0,0
8128965,1,17,7439040,08a23dffd0bcd6c1e5f3b2c81e97837590b7799709962913693cd6aa39e43817,True,,False,0,1,0,0,0,0,0
8129005,1,17,7439040,2598f5eee39c608f5df73258a4825fb03fddadf961418129f4f2670a90d0b526,True,,True,0,1,0,0,0,0,0
8129189,1,17,7439040,fad4ffb72836affe44eee193e0793c24ce4703dc005b9b97cc70a54762699571,True,,False,0,1,0,0,0,0,0
8129641,1,14,6312960,ca4ad9fb06b315762cc36e0a04926e901daade0a7ca8f8c7a9719fabab2722ec,True,,False,0,1,0,0,0,0,0
8142787,1,17,7439040,e80b92cbd1c317e03b810b76aa51ac6567b57d5c9c632d4b50bf3a5823b7465f,True,,False,0,1,0,0,0,0,0
8142942,1,17,7439040,d98d2bab0fc7a2e2714fb7093296f9fdbf5e020025a2672171afb4aa5604eb91,True,,False,0,1,0,0,0,0,0
8143170,1,17,7439040,ce53ce6be11306c50f40008234dabf1404150400305128980ed54a8742491a04,True,,False,0,1,0,0,0,0,0
8145789,1,17,7439040,09c60e7120a14637ae9244cd7e33a6cd6007447bf5375e54bccf39e090ebcb5d,True,,False,0,1,0,0,0,0,0
8149484,1,17,7439040,140bac84195f420aeabb3a68238cea055b86bcbf9e1f0896cef2f1fb26c0a580,True,,False,0,1,0,0,0,0,0
8150320,5,17,7439040,0206bb2eb7d5c9182e502eb19decf5d9504dc8c99a0fb4ca6c85eb3f3513e14d,True,,False,0,5,0,0,0,0,0
8151055,1,14,6312960,2d3d4fa661b8a092cac2c495d7707eaa696a90205c15ab48fbe0d88f15492d7f,True,,False,0,1,0,0,0,0,0
8153568,1,2,636480,834403362eacc93b77ece69e885c928544a500e4e04972c9024258e5eb326c0c,True,,True,1,0,0,0,0,0,0
8155368,1,17,7439040,7d23580024bbfc4aaadce97779971be39239d3979956f4ab0275f669b19e0b3b,True,,False,0,1,0,0,0,0,0
8155584,1,2,636480,a1c52c4f155720bbd276029cb808199119d7d898cffc5741036262c6225b0dcb,True,,False,1,0,0,0,0,0,0
8156120,1,17,7439040,bfda49b3b0a2afc1f03663df19a3265dfefe587a5c09d6f1a0af0890a31ab8f6,True,,False,0,1,0,0,0,0,0
8158127,2,9,3798720,f5e0e19971c9593535cc66b4f50137fa9604393125033cf63b12d8c2f4ff3ace,True,,False,0,2,0,0,0,0,0
8160953,1,17,7439040,e4023453d98030f30fbe3b8fe189444f4d53fd473953307d17459f57a313f887,True,,False,0,1,0,0,0,0,0
8161561,1,17,7439040,67aba7cfb92f52e7b13c90ecc2468942f0c7260965a999248e78b4d2aad9cc7f,True,,False,0,1,0,0,0,0,0
8162376,1,17,7439040,f68203afa77bb09d02b642089f7e6bcaafdcfcd1be7781adea5f3f388437b346,True,,False,0,1,0,0,0,0,0
8162789,1,17,7439040,9668d5827a9d481c971ff7424a4c3567b8c54ab0f19975471d375a82bceff131,True,,False,0,1,0,0,0,0,0
8162790,1,14,6312960,f30b3391bb758bfa10e867d21c57c133479700ec742021ff4a1b1a3180f765e8,True,,False,0,1,0,0,0,0,0
8164012,1,17,7439040,199f822b11fa885d7b8ba28caf2c36ca3668138eeb243d9f44383ad775809c7f,True,,True,0,1,0,0,0,0,0
8164257,3,17,7439040,632aa59c3f362918fafd3f61001dc9f62487c7894dc1cba3db130caaa080ef8b,True,,False,0,3,0,0,0,0,0
8164262,1,17,7439040,56d94602cc0ce6f4e13ca56098bfaa59ebd7a5ef2ee9e41b7fdd78c8fcb3cf42,True,,False,0,1,0,0,0,0,0
8165946,1,17,7439040,e017de50bbd1cb4be9ec5012d806e9a12720a9b38efd417d1db54039cc0a844a,True,,False,0,1,0,0,0,0,0
8167938,1,12,5587200,e37690fd20104bbffca15b5a6e393808d3f52810643a22e5b265dba248c9d05a,True,,False,0,1,0,0,0,0,0
8167978,1,8,3640320,24f797d8c981b99fb21c66068855d57ec23820c94ca796aa00f9734169315c42,True,,False,0,1,0,0,0,0,0
8167996,3,17,7439040,4ea6dc00bb3a82dadc36d6918c04a2e5a11887cc1b6fe957243ea37a46b76844,True,,False,0,3,0,0,0,0,0
8168187,1,17,7439040,b90d57011abdb7951efeeb03c10beb1434e39f3ea6cd036af4e11938d5eec482,True,,False,0,1,0,0,0,0,0
8168581,1,8,3640320,ffa646546a95a821148a50334022c404e508bc34597ec2897073533a38fb38dd,True,,False,0,1,0,0,0,0,0
8174625,1,17,7439040,6ce96d82375654b7192588e97952960759565b3de148c7c94a21f843b3e28f51,True,,False,0,1,0,0,0,0,0
8175131,1,14,6312960,c568d92b547a7b362ce242584da9bfa79607965b978a19b5892e7a0ad5782dda,True,,True,0,1,0,0,0,0,0
8176650,1,17,7439040,dc917ee711dcc0482ba75d168ed9ad7c0f96bd0b1ee57693adda7a208e49bd33,True,,False,0,1,0,0,0,0,0
8176653,1,17,7439040,4744e37fbb630db98e590b3147af30654a892c5cf0756596625dc1602ec8e1cb,True,,False,0,1,0,0,0,0,0
8177798,1,4,1946880,c2cf7193c58424641e31d0fb086ef84d144bbb1e09836afdde03b0abbfa3dfb8,True,,False,1,0,0,0,0,0,0
8179190,1,17,7439040,ed58ef865e140600429d24db0ed57e9d599d146798c6484ead299aadd38e641c,True,,False,0,1,0,0,0,0,0
8179286,1,17,7439040,323390fa273f4f69bd68330e6791888c7dc4c856f54ca772a35129785d999836,True,,False,0,1,0,0,0,0,0
8179325,1,14,6312960,7c4f38df55f329faffe366183f7054450533e7a7354d9ee26d39ce2fd44ce4c5,True,,False,0,1,0,0,0,0,0
8179747,1,17,7439040,20a6daa9f3ed26b79cc802d0e369abba80f484847489660151a36c1d08362730,True,,False,0,1,0,0,0,0,0
8180020,1,14,6312960,2d505425db2e3af4c5f8726bfc9cb87e3b8bd79605e21d6c41669b4c4cdadc2e,True,,False,1,0,0,0,0,0,0
8180063,1,17,7439040,edd1e2f17a86551ec2397729585f8fee4fa23fa89d9d7702e6e30c005cb37c11,True,,False,0,1,0,0,0,0,0
8183288,1,17,7439040,064420322774e3e33a86b9b5ad24139b3b66c4e99dd90c5bbc03cd96affe6c57,True,,True,0,1,0,0,0,0,0
8183389,1,17,7439040,e01373faa22f1b1619fad38485b468cefb55f120c6cf55d37bf05919dbcb19c4,True,,False,0,1,0,0,0,0,0
8183911,1,17,7439040,bcba2e10957359f51b6775da99c8ca34c7d397136f3ded58b16f7e0cda0f8758,True,,False,0,1,0,0,0,0,0
8190354,1,17,7439040,a92b43a71a1367388a52bf889a999ecc96160ff6dd79ad9ca68f10cfeb872cf5,True,,False,0,1,0,0,0,0,0
8191672,1,17,7439040,0853c9d833fa81d33d121f9769b9667bb4c9c8699b2b3752b5f3d4b3fe336791,True,,False,0,1,0,0,0,0,0
8192911,1,14,6312960,73f18611d1e4bd3d3a7e816e80dbd8c637bf664b95eaa05e73d074de02c01ea5,True,,False,0,1,0,0,0,0,0
8193178,2,17,7439040,e503163cba550836e0baeb4efaf8896f1ae0a9e15bf479e9e73911da9c80841d,True,,False,0,2,0,0,0,0,0
8193315,1,17,7439040,5ad23ef98d8680595b87108125dfa7227e79f5d8c3535b34fb900057c81fc452,True,,False,0,1,0,0,0,0,0
8195877,1,17,7439040,c6108e0db1ad916089bf040fcc891e90705991bf793f43ebca95f863a7042530,True,,False,0,1,0,0,0,0,0
8196180,1,17,7439040,1be6034d66460507456ba8cdaa4a4a212b370e20ba2ded52c677fa274f3d0223,True,,False,0,1,0,0,0,0,0
8197343,1,17,7439040,e4f9b4688970ac015013fbdbb405f4bdbacad6c8d100495364391037d2359f9f,True,,True,0,1,0,0,0,0,0
8197560,1,10,4527360,a4eaeaabe1822e4d6ad1e94fafc632cfb25887c51eb503ac125ed2606fa78b40,True,,False,0,1,0,0,0,0,0
8197761,1,17,7439040,da2352cb44055c057713105aadec0cd3a11a7494dc307b56846e287a60e6daae,True,,False,0,1,0,0,0,0,0
8197767,1,17,7439040,b3aaa8cdaad88f94dee5724b2f85a4197879ac0c09cdc30972b3a0639dbad74d,True,,False,0,1,0,0,0,0,0
8210018,1,17,7439040,f13673296a57640e74cdfe8fd8172733e238c472e7d3ede8ed30fd604cd468d5,True,,False,0,1,0,0,0,0,0
8210370,1,17,7439040,8d837890ed6bd887fcfc011c65e86d58e6417d07d6bfc75050c1ab72087f146f,True,,False,0,1,0,0,0,0,0
8210721,1,17,7439040,da2cea6a529034eff92682981df55c07b8143fa7cae3547851e29b976d848e93,True,,False,0,1,0,0,0,0,0
8211521,1,17,7439040,118ad833738212445a4c94fbb1a20d7571eb44fb44b8a1b72cbdda2e4a5926ec,True,,False,0,1,0,0,0,0,0
8211605,1,14,6312960,8b4cbd2de5f3ec84c14bdf483a5bf7ced9123b26e3e386bcee2f2e4b6e37c1a1,True,,False,0,1,0,0,0,0,0
8212002,1,17,7439040,bbead34832490928247cfe44084d2ef629651e34b13d730e791294a17fa97474,True,,False,0,1,0,0,0,0,0
8218379,1,17,7439040,85ded00dbcf066553dd54ac0bde792046a5f5e73662a8d4a5956c1fc0475f155,True,,True,0,1,0,0,0,0,0
8219268,1,17,7439040,e75e76be0214a21c333ca4aded1cf6be8fb7565604d1f5c07165f3f7ed49f1ee,True,,False,0,1,0,0,0,0,0
8219673,1,17,7439040,2e51b78197eb6f1c5eae28375b87cefa699d4c79995515ac008b58a582018721,True,,False,0,1,0,0,0,0,0
8222813,2,14,6312960,cb6ac6eb2dd57e138ffb13bedeb7eb85c36c9ec931b1317fa3d0937721748f2b,True,,False,0,2,0,0,0,0,0
8223328,1,17,7439040,795db019a0bffa5aefc5d8a7d8e483c2a84d7b4a2dd04a56ad538beb8f14f5df,True,,False,0,1,0,0,0,0,0
8223655,1,17,7439040,2d2d02939fb313bd6e5c6f7b826883a42d79ca61161f9414caebe13d575f0f7e,True,,False,0,1,0,0,0,0,0
8226050,1,17,7439040,68fd6da5ed99558a04e494b952859c3bb186eddea1097bc425b2a45172e11e09,True,,False,0,1,0,0,0,0,0
8226720,1,17,7439040,161bf22a81734c85d5e7e21cd01ebb5cec6565d90ba3afa6746e82d9239eb383,True,,False,0,1,0,0,0,0,0
8226994,3,17,7439040,a4a873c8a8aa14bb6982280a719de910a0343961c5acfd5eee12cbaeb94d4c08,True,,False,0,3,0,0,0,0,0
8227661,1,12,5351040,4e9041f92bd72ef6c910f381f628a60cb4f074a390dccf6e9e78591cbb15e78d,True,,False,0,1,0,0,0,0,0
8229048,1,17,7439040,687c75abbac0ae96011b005b1d093917a4ab2ec45c66863d1fadcf324570689e,True,,True,0,1,0,0,0,0,0
8229458,1,17,7439040,481570e864b71badcca81ca51d032c661d4db5c2d0ef2573520008de0c2b6217,True,,False,0,1,0,0,0,0,0
8229696,1,17,7439040,de2fb9bfb29458bc05266914cddcb8b63c8effc9a4170fd1be94dbd2b1f46d9d,True,,False,0,1,0,0,0,0,0
8230616,2,17,7439040,252fdf6edb8f1ee3e4e2e9b41a54c3d75d52380e02e2c80bcf8c06385d0d5c93,True,,False,0,2,0,0,0,0,0
8230809,1,13,5509440,3aa2193f6743240ffa6217c3ac26260234b72abf19e7666d08b8fda51ddfd8b8,True,,False,0,1,0,0,0,0,0
8231299,1,17,7439040,1ac9ba71f3c015614fe0d104a2f1747c50f19d0aded4515c5b29a757a5a3c46a,True,,False,0,1,0,0,0,0,0
8231667,1,14,6312960,414c82f691ce38d2541cc3447dc3888937ba6270a62fdeeaaf599bda6cb243a5,True,,False,0,1,0,0,0,0,0
8231877,1,17,7439040,040e0d4e27858356519da891402692fca5154b966052a68bddb58f556406657a,True,,False,0,1,0,0,0,0,0
8233702,1,17,7439040,1c81a80c685edde7879bfcf351fb24b56d06103767431b8138102e6ef1e440ea,True,,False,0,1,0,0,0,0,0
8233802,1,17,7439040,7a83372621a230bbd039aa700cadb657ed4762da6e08d03cdf7adc31d4bdba78,True,,False,0,1,0,0,0,0,0
8234477,1,17,7439040,70a9d54c977935f21237d77512d92b2fcf3b2fd22a4871b5c0ce0953eb1b02e1,True,,True,0,1,0,0,0,0,0
8240109,1,17,7439040,e34a172acc28f33127614d223ef9cbacdc4a15df7a5217eac8e74346805bdd31,True,,False,0,1,0,0,0,0,0
8240123,1,14,6312960,a64e4083c5edc18b33450a49e11c9c2ad3acd4e83fc85ac3bad28415f979a3a7,True,,False,1,0,0,0,0,0,0
8240797,2,17,7439040,948b9f56e27c7d02d50c99988a2e34de034ad223bec9cb7570e15dbdd5e39e07,True,,False,0,2,0,0,0,0,0
8240861,1,2,636480,1ea30054ee76fb22ed3fac26405ac3a8c15a1a529b7bf3efc0fc9dfb7d7fd23d,True,,False,1,0,0,0,0,0,0
8240904,2,14,6312960,86083d18021703fb9e3f903b03d993c4843086ef6b4ad490cee4b8c8114a6f09,True,,False,0,2,0,0,0,0,0
8242350,1,17,7439040,ac3e270d2ceaa064a10cf6be27a4c5673ffb3e5674ffffe966b3f0b20d6dcc0d,True,,False,0,1,0,0,0,0,0
8242434,1,17,7439040,ce9473bfcd0659ad005c4cd10adecdf7f35245596e72aee41cb45b3d01214717,True,,False,0,1,0,0,0,0,0
8242681,1,17,7439040,d734ab0d0c1d4c258109a8e7aa410aa0886a5301d7033c8626e2efdbd576f7dd,True,,False,0,1,0,0,0,0,0
8243263,1,17,7439040,2fe939ce52a2c932b94ac5452ca785413e0658f812854803cf8496a5c3e54f34,True,,False,0,1,0,0,0,0,0
8243283,1,14,6312960,277e8876c50037be26af58ba63fa57824f49f4f0188c55b718f5630f9557b062,True,,True,0,1,0,0,0,0,0
8244173,1,14,6312960,e3a674e3246337048526c56b8041360eae97b3eb8c1d50aba376b4f68947a783,True,,False,0,1,0,0,0,0,0
8244190,1,17,7439040,6577bac6e68ef09201e1ddab3775225ca0f69221a2c0edf9317b2a5449a7000c,True,,False,0,1,0,0,0,0,0
8244295,1,17,7439040,ad2475857dd3bd2c5d9cf4619bfe026648b4e84df5fbb9ae0e23401f1a9888e0,True,,False,0,1,0,0,0,0,0
8245108,1,16,7246080,d5d31b99ad59038a760bde9e02704d062b13e6085f836e0ceac871aab0ae921a,True,,False,0,1,0,0,0,0,0
8246781,1,17,7439040,edd10cbff2436b3721a9f9691da65016025c574ecdf4aa091d7c7720218337de,True,,False,0,1,0,0,0,0,0
8247638,4,16,6969600,c7995efa14aba72924cdd15fec2dabe44741cc4e2d42915959881113d38eee35,True,,False,0,4,0,0,0,0,0
8247771,1,17,7439040,b85f8e2532abfabf6ee682a18ca4cab93af8e2f549e493c9c2ed58c646cc3ea7,True,,False,0,1,0,0,0,0,0
8248939,1,17,7439040,e4a49dfaf7b4beff295cde94ae81ad7ac093caa7574c0a52026f244e1ab723fe,True,,False,0,1,0,0,0,0,0
8254882,1,17,7439040,5137bdba413e2fa57b1c2ca6daec24bfde5b36df49fa9fb81006524acb3241a2,True,,False,0,1,0,0,0,0,0
8255058,1,17,7439040,2a859a4bbfc9cca90e3e513c99fae7492fbdb7123d444fafeb676a5fa5b9b024,True,,True,0,1,0,0,0,0,0
8255887,1,17,7439040,63dbb7feeb885b6b2835090d04296a53fa2135ecc89d5b7459e81047de0eef8c,True,,False,0,1,0,0,0,0,0
8256044,1,8,3551040,3c5d0c1761c081b7cc88e4720a38b4bd928e66a5c5c05746385bd2ea9e26f83f,True,,False,0,1,0,0,0,0,0
8256049,1,17,7439040,1e287738e5502e97ad74e19011394d8935a14711f0862ce950d38041247d2d75,True,,False,0,1,0,0,0,0,0
8257205,2,17,7439040,9035a661a193119a706fae350ece2e0ce9d2cf2c8313a80069a715123b97eb1c,True,,False,0,2,0,0,0,0,0
8257407,1,17,7439040,407b25ffd4c841e884f11ffcbeb4351f1efd820fe8eb89a546e7709c31cc40b9,True,,False,0,1,0,0,0,0,0
8258160,1,8,3551040,922f6860bd5ae21c516e73a7392ba859f30e69cbc623a7f1a3b5c04dfcca6be8,True,,False,0,1,0,0,0,0,0
8258171,1,17,7439040,dcdf720d97f55d089fc2196291cec162ef00392fc9d9680924bacfc2ea5a30f8,True,,False,0,1,0,0,0,0,0
8260198,1,17,7439040,1d1f802e2c7f6b83d3684c9313c118bdbc37e92d8a1df03ff3dbf95ad5a6f440,True,,False,0,1,0,0,0,0,0
8260234,1,17,7439040,b3be0901acdb300281a67c922f1d18d5d38fedfa19451b81af99e436babecd3b,True,,False,0,1,0,0,0,0,0
8260269,1,17,7439040,a0bee8aee5bb9ac72a181bd1cc0b113a487f5aa78d5bd7799764592b0292e35f,True,,True,0,1,0,0,0,0,0
8260902,1,17,7439040,c83ba200b1395e9e7a3faea683d43439bbe095b782ced500db5c6866e4953b6a,True,,False,0,1,0,0,0,0,0
8261920,2,16,7246080,d81abfc207db2fe60b12d8975aa89be3052fb24fbc92cac8eeb1ddb856968404,True,,False,0,2,0,0,0,0,0
8262210,1,16,7246080,022283a0cf12346a90e6aaa928494832abd66340fe1e9f6adfb7be9505e93afc,True,,False,0,1,0,0,0,0,0
8262223,1,17,7439040,470f3561f7f7df814269cbe2b3a7d9e2110951f7f6b61a98e61c50f99a608e91,True,,False,0,1,0,0,0,0,0
8263545,1,14,6312960,698f0407d2f16ce9b4ba2fe644424ec0f87fc62c947299fc1fd27cbd9474d6a0,True,,False,0,1,0,0,0,0,0
8263746,1,10,4415040,3bed1ecccd3a11afedd52e86ee71d81dde8f5f86fb24538c030d782f84e6a003,True,,False,0,1,0,0,0,0,0
8263752,2,17,7439040,0d6cfd2a6d58b96a518764274dfec1f3890809651874cef0e07971bd8280c4f9,True,,False,0,2,0,0,0,0,0
8264070,1,11,5019840,25e076ebe17c29b15a09b2fce70005248ee4ac53d0e413893a3352cc4357ed25,True,,False,0,1,0,0,0,0,0
8264097,1,8,3551040,0b3f895d67a11be630417ae687460d87e53b49251b772965f534cb44fa71a00a,True,,False,0,1,0,0,0,0,0
8265156,1,17,7439040,bf1dc7649801b37c086e58a760b2f2909476324f8d7d7e922808d01e9f7d556c,True,,True,0,1,0,0,0,0,0
8266276,1,8,3657600,c3243e42fda210519042dc23a7c1a5250499ede52cdafc17c05372563698e2f9,True,,False,0,1,0,0,0,0,0
8277797,2,17,7439040,cd5045688e43d42b52466722a67142f4877d0dae028dc70481ffc90654d8e9d7,True,,False,0,2,0,0,0,0,0
8278371,1,17,7439040,13fd3708be520b9c8a39a262735ad764b55d8aeb7ee7e1d13a25ea6a1bd90f68,True,,False,0,1,0,0,0,0,0
8279765,1,17,7439040,b4a8857a9c75cc56f07f1be73e5450273ee37b04343db63f0e91ebefe153343f,True,,False,0,1,0,0,0,0,0
8280511,3,17,7439040,82fd12f19c0d0d993c91f6f6c1257f4a58605541611d064cb3a0eafa0d99aab7,True,,False,0,3,0,0,0,0,0
8282651,1,17,7439040,de722891c4a6b7ad14433bd0530c3d5b1dad48c7a05819bc2cd0dc303fcc586f,True,,False,0,1,0,0,0,0,0
8282846,1,17,7439040,e5144d233f295ce25696b7eb9d9323a3dcfe904ac7b222cd3fe50e308e7ac781,True,,False,0,1,0,0,0,0,0
8285254,1,17,7439040,ec9da2756500120b9f3aae7752b79e053952d07743d2e38fdf33b2811a4ab646,True,,False,0,1,0,0,0,0,0
8285970,1,17,7439040,6c89db19f480486400de7a950f8362e09f3a002fcd04e1959e58a109baa2c5fd,True,,False,0,1,0,0,0,0,0
8288404,1,17,7439040,add1115ebeeec8df0a47c6393a679a48f9df6e13ccaedd8d4436855126dabbce,True,,True,0,1,0,0,0,0,0
8288719,1,17,7439040,989cf2f061674dc654977d6fbb4c5238350801ccffeda5dd24e6401191c56a72,True,,False,0,1,0,0,0,0,0
8288947,1,17,7439040,4af30b03e37c23db53d96477d92636bc2b0f056043b9ea509100cb8693dcc32e,True,,False,0,1,0,0,0,0,0
8292840,3,17,7439040,9cdddd2b239682a84e9e1c2814b501fc45937a261635e5172fb4ea067a5f23fd,True,,False,0,3,0,0,0,0,0
8293631,1,17,7439040,2ddc056e5b085aba8d3f2b9a93e606df4d5731019a8c9e6ee956d85672c20835,True,,False,0,1,0,0,0,0,0
8294484,1,2,979200,de1e629571e444fd9daf58222944ae9d36f2e4a9f51528b0371ba9780cdd7116,True,,False,1,0,0,0,0,0,0
8295671,1,17,7439040,7483dd8cfb0d0c945b1d2e19974d511e5d01dedc7081d8a11ab0b29aa8686839,True,,False,0,1,0,0,0,0,0
8296467,1,17,7439040,20e8ec0a62c7cb05cf69f184c6a3fd43f7d77edb46119972332e0b4957fe6d74,True,,False,0,1,0,0,0,0,0
8297017,1,13,5509440,c892c8b46bf788de4ce2305f333f162f430f41c25a6b2beb4e40253cbc67f45c,True,,False,0,1,0,0,0,0,0
8299947,1,8,3551040,851a4067cb4013aa587c2075c236aeb5c32a790c5991085dd0e8b813fbea14e5,True,,False,0,1,0,0,0,0,0
8299955,1,17,7439040,8a4503f7101adb587500d411ee6e882694fc59dd4b35f56ccc7703b3aa64cd56,True,,True,0,1,0,0,0,0,0
8301013,1,17,7439040,24ce72debb33b55434df6fd49deaa88a232b4c6ea66c64fd3d8ba4fdcaceb035,True,,False,0,1,0,0,0,0,0
8302302,1,14,6312960,e248760f83f639b136dbff35265d89fadcd2ed641b4351d434c135e612da2a8e,True,,False,0,1,0,0,0,0,0
8302450,1,17,7439040,20f91ac2a443f25378f00f030f5b58d4b4ed3242e5379ea38d5f29afb4c8cbf0,True,,False,0,1,0,0,0,0,0
8302455,1,9,3798720,211d8189d1c948a4edb5c62c4af5f6e8f2c7f0fafa14f5768af03faa6bcc7148,True,,False,0,1,0,0,0,0,0
8302473,1,9,3798720,beaf4c15490191d74182330499e108297f2e27507c5539ce0651943bf69284bb,True,,False,0,1,0,0,0,0,0
8307354,1,14,6312960,6a764b1b5c206f019753e96dc2ec722f3ac2f35cb4dc8fc68d4a09b08fc8a391,True,,False,0,1,0,0,0,0,0
8308260,1,17,7439040,d83e817efaa54cccdd723c45e9e3eb7557ad82e50b01a15dcf03cd94fd17278f,True,,False,0,1,0,0,0,0,0
8308347,1,14,6312960,9c455144087d83e33b59ba690e5de0196b8ac153cc96ea318705a24e5994266d,True,,False,0,1,0,0,0,0,0
8311864,1,17,7439040,0d51533de72fbeec4f0dce9e8b1c468ac2a55b0a8917fda097e3746f1477ae12,True,,False,0,1,0,0,0,0,0
8312222,1,17,7439040,d26564163d8e669fc8e87414f79eb105a53c78cd6aa45e57ebb23512b413c833,True,,True,0,1,0,0,0,0,0
8312852,1,17,7439040,7fb2abfc4ea2a0ceceb63aa8d491c9c8f11efd7ba5b4254ea2046de7cca3e64a,True,,False,0,1,0,0,0,0,0
8314801,1,17,7439040,09d89bfe75aad946658c2d3bd922299aacbd4c5feba598ad5cbd46035b274ffc,True,,False,0,1,0,0,0,0,0
8316503,1,17,7439040,6f50fbc28bd9dbc8825e967d664a98c6e5cbf1de1c4a12ac658e6c0ba5d19299,True,,False,0,1,0,0,0,0,0
8320630,1,17,7439040,a7215d3e75a0a3c2ab3476baba79bf67874f29f890595ae0d6739806e06c705a,True,,False,0,1,0,0,0,0,0
8321314,1,17,7439040,8f7e072e69df2f690f54422c84491301a272fc8159eedb3e68da74dc1eb6a37d,True,,False,0,1,0,0,0,0,0
8323753,1,17,7439040,e938ac53036dbabc71741f33f18073af01c1d2c2ef2af9ff50f3c30fb38e90ae,True,,False,0,1,0,0,0,0,0
8323764,1,8,3551040,2d2e1bfc964d6c9f9705b4a26cff438321d95b6ef6c17a826d9db58bdd86074c,True,,False,0,1,0,0,0,0,0
8326342,1,17,7439040,1514ef556bce50fca60e316947923aaaffb2347a7333620406bb14ca2bc2e2a0,True,,False,0,1,0,0,0,0,0
8330548,1,17,7439040,ea0d48e574c1c18b7b3d06635a207b59d17695941089b7ee4ce6ad592aee06a0,True,,False,0,1,0,0,0,0,0
8330575,1,17,7439040,e493830891c37df48cf23fb0b95ca1c67d46a8b488a3810e8ecc912c1f08e7c0,True,,True,0,1,0,0,0,0,0
8331612,1,11,4864320,4a009f5b037383107235154adc2093788b2c38364aa5126f9e0a61c6bdaf1445,True,,False,0,1,0,0,0,0,0
8332986,1,17,7439040,8153c2c8a5f371a539928dca8afabe347d8466a62175a4129ec5cfedef62a2d7,True,,False,0,1,0,0,0,0,0
8344004,2,17,7439040,25c0ba0a17c7b1f002404ec092df0ecc3a299c2337d77a198d3430d8d86f1bba,True,,False,0,2,0,0,0,0,0
8345172,1,17,7439040,99fe3eb71572921ab64715a948f27d530cd77627c98bd320f954fff672efef69,True,,False,0,1,0,0,0,0,0
8345358,1,17,7439040,11cc76cc085c2695449ad5d4dc3060cc82c95fa2114ca2f691e63b0535af95a9,True,,False,0,1,0,0,0,0,0
8345473,1,3,1126080,c18d3356297c08e0e20baea7cca2ac86b594dcef3a0baee4b29ccee922d15d5e,True,,False,1,0,0,0,0,0,0
8346392,1,17,7439040,81e36c17b3cfca44aaeb8a7fb724712aa8601f1afc175e21e90d4bfd8f6003a5,True,,False,0,1,0,0,0,0,0
8349582,1,17,7439040,3d45840e81a1ea03b4ec5078d1afb90652c2e7361a22645f8d41e5d6cdf28a8d,True,,False,0,1,0,0,0,0,0
8351704,1,17,7439040,a3f2fb1907091b767368e1cd37a1dce85ac80303ef1f041e078ee06dff435b42,True,,False,0,1,0,0,0,0,0
8352537,1,17,7439040,f876d140bdc9dff0921065a322dfefe1fe96c2492fab566f27b0ce72f27b7043,True,,True,0,1,0,0,0,0,0
8355239,2,17,7439040,21ced07f59ef65caf3714047d51ed6079b566faef7343f9072fe4a118cb95b8c,True,,False,0,2,0,0,0,0,0
8356054,1,8,3369600,44fab42214bc9bb164eee48de719ef1f2344acd0594e4450375600d9183a3fac,True,,False,0,1,0,0,0,0,0
8358008,1,17,7439040,ec0296720c555574219644d8901dad96092efc1ca78dd58abf2dee752f6a31dd,True,,False,0,1,0,0,0,0,0
8358012,1,17,7439040,45ae00f4b2593aabd54a405df8df2d654c678cb5d582fc3c9c0ebd3d6abb7e84,True,,False,0,1,0,0,0,0,0
8359498,1,17,7439040,24b5dccf8ada952384e50fe00c4286e1ca55e5c632733e751c077d7407ddff1a,True,,False,0,1,0,0,0,0,0
8360640,1,17,7439040,4cff4febf149be1091658c18616b29cd2f9c2ac0be70a5bdbf7c5fc484892567,True,,False,0,1,0,0,0,0,0
8361905,1,8,3640320,882ddfd5f33e32010fb2f47810a14d3f0b281823e6b4e187f7642c4722eaa9e8,True,,False,0,1,0,0,0,0,0
8364115,1,17,7439040,49dc323e3b335942457ec527e21a4236060661effd487097b9dd377ea7ced676,True,,False,0,1,0,0,0,0,0
8364119,1,17,7439040,5e5af7a1b67866966d56e40fd1c1df6f0ca43b8eb46c57a513297feb8a9adbda,True,,False,0,1,0,0,0,0,0
8364969,1,17,7439040,bd4067b34fe1ee827b85511b4308db4e59382d7501b67c09c993aa7a5f94e99c,True,,True,0,1,0,0,0,0,0
8365739,1,17,7439040,f42a3adcb5080ac33c27602186e331c322d0967846787acf18e319e64f1fc48d,True,,False,0,1,0,0,0,0,0
8367113,1,17,7439040,306026b7e9c0ccfe4a03bcc75db3d986b558a80fb49dd35146ee53bf902a5e3c,True,,False,0,1,0,0,0,0,0
8367298,1,17,7439040,bef4ea3a3554e02f864abc69c66be712a39fd28f29a6919cb3130d737799d633,True,,False,0,1,0,0,0,0,0
8367644,1,14,6312960,7278e6aefbea3ef4ffae2bd1de0c20347eed0e8721e373cc243b21d1419f2e2a,True,,False,0,1,0,0,0,0,0
8374394,1,17,7439040,7b05db3c5bf5c36392a9bdf9ac1e275a5f58614c8624d42ceab665a560131926,True,,False,0,1,0,0,0,0,0
8374494,1,14,6312960,e83f61c235e32ec00ef8445935d88f7d6032f9bd7abbf68828da4400fead50e1,True,,False,0,1,0,0,0,0,0
8374499,1,17,7439040,7be72229356aae03ba660e73e0faf795e59ef9a88f1185c7ec11292b7d30acf5,True,,False,0,1,0,0,0,0,0
8374580,1,17,7439040,c931b62020bf7354a814c21334ea24b6c7a793189498bf41545f1ad0d1021cbf,True,,False,0,1,0,0,0,0,0
8378634,1,17,7439040,0921d1a19622a38641ae07859e19c6b29edfde0cea7be005d3ec046a89efde01,True,,False,0,1,0,0,0,0,0
8378656,1,17,7439040,d03b07a4eab26dce86bf46aa5b79e2b303f4a4fa9501a584de5e39400b899b67,True,,True,0,1,0,0,0,0,0
8378922,1,17,7439040,6806a8c941038ae28574c83c2a733550015f59681974c68d139e2dbece35966e,True,,False,0,1,0,0,0,0,0
8379547,1,17,7439040,8f9bb187705f6e9db726841f9e1aa1b9c79b45687805e74d86ba5e0f786f1363,True,,False,0,1,0,0,0,0,0
8379705,1,17,7439040,dffe0ab928fc98f3c4a4fd701be2ff40cc08ee7e1330e2d637a2cbd40bcb0417,True,,False,0,1,0,0,0,0,0
8380709,1,17,7439040,7561b863c8c48b75d709c35257f5f4cbfbabdf3ba3251a8b9f780722a05fb286,True,,False,0,1,0,0,0,0,0
8380743,1,2,636480,0c7d8d279c1084319bffd32429bd71f326ec14ffeb50d0dda8bb63b8147b2533,True,,False,1,0,0,0,0,0,0
8381204,1,17,7439040,b45050c764cd27d100db2df5bad36eceef2897f105e2715d1d982d53f3afeeb8,True,,False,0,1,0,0,0,0,0
8381592,1,16,7246080,efe89f73609d8c0a3addd5ba376e238d2ba290ac2726f2ee181a6db905faa0e6,True,,False,0,1,0,0,0,0,0
8381693,1,17,7439040,385c9365145245d62db371ad92fd79fab0f345fa30772d998f6a31c0f1288bed,True,,False,0,1,0,0,0,0,0
8382339,1,8,3562560,05c61bcc08005c42fdd7643a062aa1c1dcdc005e7626e5ed7625dc9937d3beb0,True,,False,0,1,0,0,0,0,0
8386035,1,17,7439040,790468b8ba6a065f54a57da2737689480da3765fbbbbe79a069d14691b3f7d90,True,,True,0,1,0,0,0,0,0
8394721,4,17,7439040,e0deef288c9f09cb01b50b664b17c39d52327754d0a5c98f16df044e89d1ba8d,True,,False,0,4,0,0,0,0,0
8395660,4,17,7439040,40d3dfff233088dc3b5a045f4cfffdcd4dc4baecb3b7744271ea7f1d9c3b0e40,True,,False,0,4,0,0,0,0,0
8397446,1,10,4550400,315c3a9662054d63b04501b6aa70762927e32bee470f01871d865e767f03afe2,True,,False,0,1,0,0,0,0,0
8397947,1,14,6312960,c559606e39c7ed1a123cc44fbcfc4fa625d7191d9666ed210bc39d9bb5e7eedb,True,,False,0,1,0,0,0,0,0
8398290,1,17,7439040,2f412ef2f70cb8840997d638e465a1edb8eaa764f52f6b00cd15a2be47a5dd38,True,,False,0,1,0,0,0,0,0
8409295,1,17,7439040,89da1ccdac7f038ecd9c3aac6751ae91c225d5a28f7176f3262b83f6dc5f6cb6,True,,False,0,1,0,0,0,0,0
8409588,1,17,7439040,4db21ec51879d45c1f87dae12836c409addefd6638a97bf9629da6ffd5427b5e,True,,False,0,1,0,0,0,0,0
8410415,1,17,7439040,6dad36dc9896701ac7b55b1da313ff57237782c1bf973eecd9038e87ecc4be4d,True,,False,0,1,0,0,0,0,0
8410727,2,17,7439040,7bf27c3a5b15c2d6a1db3d9b931fd3bb5e3952e3bf92ee61174a4edae7043b43,True,,False,0,2,0,0,0,0,0
8411947,1,9,3562560,bfb28af72c3f3d9441ecdc45f0e8b83658ce10446210d39c199d396bab517b81,True,,True,0,1,0,0,0,0,0
8414159,1,17,7439040,684fc8bd1299e55edefdec87e5aa4c8dea750938cc9ae7135f1af1a4ec04be18,True,,False,0,1,0,0,0,0,0
8414216,1,17,7439040,bdfe63671fb22d0aea40beb77adad2b7bef22e30aba8cd129bfae732a6c132ca,True,,False,0,1,0,0,0,0,0
8414716,1,17,7439040,865ddfe550063b644c6a188fbcfdd6fd2df4fac1ac35d602cc03f8b14ee052cd,True,,False,0,1,0,0,0,0,0
8414907,2,16,7246080,fca7664cc460d5740e9db913e317da4814f397d09ba22941e3a3995055890fbd,True,,False,0,2,0,0,0,0,0
8414914,1,8,3551040,8512a1ace1360fd1a45b4975eb74a17911c436ff09591d03dee63d13adbd4271,True,,False,0,1,0,0,0,0,0
8415200,1,17,7439040,56d39d3ab9733e672331f149ed3a48c053bb9e452c2bf9b144bea4b2cc2f99cc,True,,False,0,1,0,0,0,0,0
8415745,1,14,6312960,a628ce6028a8eec51ec0655452f699cf0a79b15c0e5196a4fad0e12d818dcbdd,True,,False,0,1,0,0,0,0,0
8415863,1,17,7439040,c8a11e59b74414d18651fed8efeb324d02550568390361cb934f0b61b8f54d3d,True,,False,0,1,0,0,0,0,0
8416523,1,17,7439040,fc7edfa8e05afdb160bb53f73011a35b15dd7d678db0519c11fb5536018db8fc,True,,False,0,1,0,0,0,0,0
8417078,1,17,7439040,5baabbebe5d588491310741e0951c817945dcfa6c7fb02a5df70f3af7ee51534,True,,True,0,1,0,0,0,0,0
8423903,1,17,7439040,d83f1ae8bc637f277e3066dca85710b762b2cd55ce78a76c1b2f02259eab50c4,True,,False,0,1,0,0,0,0,0
8424002,1,17,7439040,d75fce90eb5d99711788d9c25e6db6ff25784bfea05c9a12663b2161865fb243,True,,False,0,1,0,0,0,0,0
8426567,1,17,7439040,26b3aa930c80232f848550ed9423c09b76b16c8a9c9e00facb69fe827461f961,True,,False,0,1,0,0,0,0,0
8429014,1,17,7439040,74aba810cd2286f70aade5a0f8fc9c121027c7a0fc098e76d890440e5ec6b6c2,True,,False,0,1,0,0,0,0,0
8429314,1,14,6312960,33502c4a2f75e0d66826c1eed555c7aa835d52e562bcf71fb298e204f4c57c9b,True,,False,0,1,0,0,0,0,0
8429415,1,17,7439040,f7e1dadad2433ad1b9f4b86e437aaff1f6321efb2076c298b7e1b6b752ad7d7a,True,,False,0,1,0,0,0,0,0
8429450,1,17,7439040,695a80de551ad90ba8a4b55bf53cbfd84c2d92d3f2885a89fafb14b251c09da0,True,,False,0,1,0,0,0,0,0
8429566,1,17,7439040,505065fc3f42bd1ba6809f730d32d50ab37f0326f193936e2dc833a79e54f6c2,True,,False,0,1,0,0,0,0,0
8429668,1,17,7439040,d28e1d40648b371c54408fb7d7d0387067c4f26ceb77d3562d2d666aa0032c71,True,,False,0,1,0,0,0,0,0
8430105,1,17,7439040,14d2f997879127b22bee98879885af7dd5c8602527247e28be8da65ff058aeff,True,,True,0,1,0,0,0,0,0
8430964,1,17,7439040,b04b2c80a674835f3b8d79bf57fbb7b0b97a77857d478addc6ee381e13727939,True,,False,0,1,0,0,0,0,0
8432034,1,2,993600,e20e99e479021ac2a75f4bd4a6801a6b56290ae29fd17a6de14ad0db8169a6b0,True,,False,1,0,0,0,0,0,0
8435232,1,17,7439040,beef2156264da43481a0485eb2d0a31982d580727816b2fcfc6dd78570c652c4,True,,False,0,1,0,0,0,0,0
8439323,1,17,7439040,4f1016b44577b4b9f0272a8422068244d8058dde5c83de7c14d711de242994cb,True,,False,0,1,0,0,0,0,0
8439618,1,17,7439040,2eef0767271dc56da72b07ea68dabf1f4e7ce0760358cce4d0879e80b83ce2e1,True,,False,0,1,0,0,0,0,0
8440062,1,17,7439040,d492b366e7a2e516f28a8bb589ee7cb6156c490ca1dfd1ba05b88485fe460f56,True,,False,0,1,0,0,0,0,0
8444552,1,17,7439040,5d285548c67dabf6bc51495cd47294976980ebe1128a0801cb06433917b099d0,True,,False,0,1,0,0,0,0,0
8445775,1,17,7439040,d99dfb5712825cde6fd6c8919abde955ad2319d7ce73988b5bb18a6233dbd46f,True,,False,0,1,0,0,0,0,0
8453191,1,17,7439040,b2539d3f90dcf65b0ff0e98f521143849ab4b941079f6e81f848734b718d92e9,True,,False,0,1,0,0,0,0,0
8453211,1,17,7439040,2a4390910991152b13917dce7d0dedefb77bcca50f173ff4a26a4b824449fb0a,True,,True,0,1,0,0,0,0,0
8453214,1,14,6312960,6f40958a2d8bd1b76e0d6199c1ea5689581c710040cbbb14bb9418a8f5f91cf5,True,,False,0,1,0,0,0,0,0
8453324,1,17,7439040,f8042092dbf491dc7791569cca745a43e1d00fbab07fa149b8d0753b7b3ab203,True,,False,0,1,0,0,0,0,0
8453851,1,17,7439040,49ce065e6a93a586575718194d1d4121717d697283662094d6efb78ad5f43801,True,,False,0,1,0,0,0,0,0
8456679,1,17,7439040,6efdaeaa475c22def486cfce34671e4e2663a397e73f9f37947360d277324aa2,True,,False,0,1,0,0,0,0,0
8458207,1,17,7439040,5f9d04c6b06f5182335ef91b89a190ba3248d4c9cc9861d2c072fa6229587030,True,,False,0,1,0,0,0,0,0
8459354,1,17,7439040,bf3481208347d93e8fe1b04f2fa488556cde9664c05898acddbab2c590e9288a,True,,False,0,1,0,0,0,0,0
8459663,1,16,7246080,fca2b0e53f3ff18123f5f0bd68450277caaa870388c5e5d0b67fe82e4f4c3e35,True,,False,0,1,0,0,0,0,0
8460600,1,17,7439040,3fb9d98f86fd8b2f01c074a17360984c09b3ad94df2d7de1ee8ead9967386ec5,True,,False,0,1,0,0,0,0,0
8460634,1,17,7439040,4bd19e2a7d76874fe2544a5249d7f399bbf4042d8ed9305661adb81d6a008979,True,,False,0,1,0,0,0,0,0
8462258,1,14,6312960,8ff78434c03d7ffcb78ed450c48bd98ca88eecc69fbe127d37f81f2f984e599c,True,,True,0,1,0,0,0,0,0
8463346,2,17,7439040,987ee1037d967ab3d16ed123527d5f2dbfc01ce22c48d5c6275efc6094f7048f,True,,False,0,2,0,0,0,0,0
8474898,1,17,7439040,2a9f0b95ce7018986ef265f72cf1a6ebaf1e1b3f5e06f2d7e9aa9e94a552183a,True,,False,0,1,0,0,0,0,0
8478994,2,17,7439040,3e3b22fde8c29c28268ac71581a3421822325d90aaa77f04a7c625fc4110818f,True,,False,0,2,0,0,0,0,0
8479386,1,17,7439040,1f2699d83a0f86039af7e30d7346016ba3dcb72ea3df9a5587c95cb2a5b654e5,True,,False,0,1,0,0,0,0,0
8480285,2,17,7439040,e3967588d8251fd948a1507fb63fe9e767b1b4f5b7397fb4c6adda3b826f9dd8,True,,False,0,2,0,0,0,0,0
8480582,1,17,7439040,021b9d37b65be3e6424dbfc3084d4a65e7ee84a82f5898110ce45edb5d576450,True,,False,0,1,0,0,0,0,0
8480642,1,17,7439040,8c14e43bab5e09766a91bb820abed4a5341bbadcb24eb78ea7734f099cb78f35,True,,False,0,1,0,0,0,0,0
8481129,1,17,7439040,5addaa210a8eafdb1c91c6acdb9819375bdf93ddd8862180fc574b9bab911bf4,True,,False,0,1,0,0,0,0,0
8487645,1,17,7439040,64bdadb8d4957128d98aefbd4151f4d32dae147d02811092d5ce7d3d15f7cf52,True,,False,0,1,0,0,0,0,0
8487748,1,17,7439040,007148b9035a32c76e67407f7bfda8b0cec00853ab358673f9e5c2b404947798,True,,True,0,1,0,0,0,0,0
8487805,1,17,7439040,d354a6e1acae845d06d1244085854a0b371f59cc3b80a388fb0bf76fd239bc46,True,,False,0,1,0,0,0,0,0
8487838,1,17,7439040,48d5b5fb0bc7541ec87d1b8da1191ea95c5bf480114b9f8e961952cfae48d511,True,,False,0,1,0,0,0,0,0
8488876,1,17,7439040,7513d4e1286ade3ff97ecb9f8d8637750da78a1539479b33f0835bbd10b078b7,True,,False,0,1,0,0,0,0,0
8488878,1,14,6312960,a81981fd0ef23f8e62eb7e76c8d88a6b604b052b79f644887cdd34ceb8a47f6b,True,,False,0,1,0,0,0,0,0
8490993,2,17,7439040,974c75b0c9119e1b9719e34fe3d2521f34f4dd51306bc42780c6c40395a103d7,True,,False,0,2,0,0,0,0,0
8491277,1,17,7439040,e2ff7fd7111f101d3762da1a8bdf543c3153ccdc2e4cace299d47089a10b77a2,True,,False,0,1,0,0,0,0,0
8491745,1,17,7439040,0952675a2446388144f0636e2e6372f647f101567cc1d61f5f99d2a80752073d,True,,False,0,1,0,0,0,0,0
8492026,1,9,3798720,8bbe3b3c7a23fa33610534dfc958cbcfadfd3af9f0246042b30c110df3fcc1fc,True,,False,0,1,0,0,0,0,0
8492101,1,9,3798720,b4154d0811bf536ff51baf8116c9152dd5413414a5445a1bfcc908cfd2d6ca27,True,,False,0,1,0,0,0,0,0
8494142,2,17,7439040,c3e98013faf5c722d63a1aff708e9e725e397bc3175dd4d5bdbce0c01290d036,True,,True,0,2,0,0,0,0,0
8494263,1,14,6312960,47c75027f08a02ff01c51bcb1a0eff6f289e52885af59c76c075e7acc6ab4154,True,,False,0,1,0,0,0,0,0
8494410,2,17,7439040,6faa7a26221031dce1f8569e9d86158ac17edd2eaf8d50780be1392c4df3151a,True,,False,0,2,0,0,0,0,0
8494542,1,17,7439040,9487752cb93f840088235021a67d1d50f57259ee79622e54a9ef9b8078b50de2,True,,False,0,1,0,0,0,0,0
8494617,1,17,7439040,300c35dbf107a8fdddc17944f50d4299414cfe7abb83dc1f3f0687480ed12358,True,,False,0,1,0,0,0,0,0
8495232,1,17,7439040,e453a5d30ae9cc29599b1e9c8da0f09858a18d28c2ee46355b6549e06a1dedba,True,,False,0,1,0,0,0,0,0
8495415,2,14,6312960,ac77ffbe6bc0e3ff8c0b3d17cae4f4aa9550058866ee4dc44694ca492b242657,True,,False,0,2,0,0,0,0,0
8504570,1,17,7439040,38c078763bfad9175290bfec0102465a95b9bb45cc78274ddd2b0f16cc0d3d91,True,,False,0,1,0,0,0,0,0
8505670,2,17,7439040,940bc2b7f22dacbb4c05e5bf27ff57bb6ac73b94e64460693d2a005821990902,True,,False,0,2,0,0,0,0,0
8505920,2,17,7439040,ea3663cbf01cf6037db806ff038ae2de27372ff182d07dca2cfbbc6b5c8a3fc5,True,,False,0,2,0,0,0,0,0
8506766,1,17,7439040,41adb60a9863fbddf19b5e731615bb996a8c687880bd756818f18f46cb3d16c0,True,,True,0,1,0,0,0,0,0
8507073,1,17,7439040,e52e14b4b6a13296b72684ae4b3ef3276d7b1faba26cd2d8817b628aa02d71ff,True,,False,0,1,0,0,0,0,0
8507475,1,14,6312960,f242f0295526febf2a65a77aee8653d9b4927ea3a422615f5ec507f27a3b5b04,True,,False,0,1,0,0,0,0,0
8508126,1,17,7439040,d0d562c885e04073902fb9e083262e3bdbe3ba3af040d78584126e552269d587,True,,False,0,1,0,0,0,0,0
8508493,1,17,7439040,962822c73f25e77504fd7b8aac447ee6b3d94492130f82bbf10a7749c23111cb,True,,False,0,1,0,0,0,0,0
8509346,1,17,7439040,576b5fd196b7e962367324ede2b2a107b1236596e835da52c44b8a04fd84c6d5,True,,False,0,1,0,0,0,0,0
8509361,1,17,7439040,27f798d81bfaabc189aa940ac11e186f1200d1ad4bb5459abeaf3dd0ebbd2460,True,,False,0,1,0,0,0,0,0
8509781,1,17,7439040,626ce6965b4619e211ebb6c343c4c8f4d9d167197801d63b03b6eca2346116d1,True,,False,0,1,0,0,0,0,0
8517303,1,17,7439040,a50c6b34a9fdf31ad12a007947a13e3b7b973d6084f05d775071c70f75b69a02,True,,False,0,1,0,0,0,0,0
8517433,1,17,7439040,862e2207ca11ce9d3403c3f13e75f5b64430dcc09e74e53b1aa43f5ba7525c52,True,,False,0,1,0,0,0,0,0
8519253,1,17,7439040,32fea14d4603ef766fe0f730b22c9f3eba694a7b1a0a4f92c2b1bb7063e13eb6,True,,True,0,1,0,0,0,0,0
8521059,1,17,7439040,9ac9b3a323ce95fbd5ed0b2af89b52aa3dc39444170d0e775b32498a3580396e,True,,False,0,1,0,0,0,0,0
8524110,1,17,7439040,de71a6a5e5dd9d3548b21fc131ee03f04bafafe77a2c4972bf102e9b520a6b3d,True,,False,0,1,0,0,0,0,0
8524346,1,17,7439040,dd636ee535fd4ad968860164463c809ad0435c91ae15904f878c6029c101bc88,True,,False,0,1,0,0,0,0,0
8526387,1,14,6312960,83f5bb672274bbf979f687bc3e6d12a063cbcc5f3edf5b3093d93ec455d446aa,True,,False,0,1,0,0,0,0,0
8540376,1,2,636480,f1afbd29f13777d92ecc09e036eab04d2254dc8a5adad24a569e88cad46007cb,True,,False,1,0,0,0,0,0,0
8543100,1,16,7246080,d3f378337f10bcc17e69d27df1fb4b319d056eb7c3a74edf5db5bacf7c0dc1cb,True,,False,0,1,0,0,0,0,0
8543278,1,17,7439040,9a788bee780d108e7eb3af274119401c9f9a2b6488bbcdf790b5d4c987f86fec,True,,False,0,1,0,0,0,0,0
8543279,1,14,6312960,ccb8ca024681e7cbd478e7ed2933c2acef953721b25d1524af85ed6d30fa0e06,True,,False,0,1,0,0,0,0,0
8544992,2,17,7439040,5b3504900f78dfdfb9055f62c95c1b576e1aa535fe76400256aadc3ac805d945,True,,False,0,2,0,0,0,0,0
8544996,1,17,7439040,6f2f821c7bd212c20e0e531d3cbaa8cbe0e94fef4ee72e03f01a90d523d52d24,True,,True,0,1,0,0,0,0,0
8545603,1,14,6312960,ce79f31de5e9c14d98d6f2618eab81359249e3af85f571397d9f5d9df0ce5f74,True,,False,0,1,0,0,0,0,0
8547140,1,17,7439040,c7e382a92672a25cbaf59e5d7ec91494c25c8d9c236f3c3812f5088d22e5cd05,True,,False,0,1,0,0,0,0,0
8547429,1,17,7439040,1e6177369f5964e65b92b4ed1fd0a688e9d0a93b484f2522edf97079b76cf19e,True,,False,0,1,0,0,0,0,0
8552500,1,17,7439040,f5e1bb2d5266d82c508dbf711b977dfa10f25b9c2a90604b664cbc52f5e22e44,True,,False,0,1,0,0,0,0,0
8552540,1,17,7439040,047449b35bd2decc4a0c2d2938546cf62ac5925578cb3a3942a22bf7ab3155ee,True,,False,0,1,0,0,0,0,0
8552565,1,17,7439040,e1fb33177f1ca065fa7ae870a32d54e2308ad3afc59e57c4bff82009e036ad2e,True,,False,0,1,0,0,0,0,0
8552583,1,17,7439040,77a8c893d8c001c319d2d59784c40140b8b4f58fa0e3b1e0200712217ce14804,True,,False,0,1,0,0,0,0,0
8552587,1,17,7439040,10ddb6811e1249a87af925f28b0839dc890e5b7e51752178e861f4103a2cb9bb,True,,False,0,1,0,0,0,0,0
8552607,1,17,7439040,7368e4f78dfcc68b21703c84cf6183ae888505a5d3cdd78acd9f63f1ee94b563,True,,False,0,1,0,0,0,0,0
8552719,3,17,7439040,7f7cda57f914738725ab517b22d0a5e32b24cb517fbabe320b5c5ab870f9717e,True,,True,0,3,0,0,0,0,0
8553788,1,17,7439040,26d7973e90d21d55b42f299d225b0a43cc8eb8df9b2492486c675c28f87cedcf,True,,False,0,1,0,0,0,0,0
8553907,1,17,7439040,2202c5cda3a080dea93939ea6f8d3f982b258915c6030c964650e7fd16d251c1,True,,False,0,1,0,0,0,0,0
8554701,1,17,7439040,d93ec4b713ab5953cc45e6d4d6fe734438356d7df47eaf2e0991b4549dfa7d04,True,,False,0,1,0,0,0,0,0
8556077,1,17,7439040,ad00007061646298db773297bcc9d730e6609ca01a5405591413a27f21c69602,True,,False,0,1,0,0,0,0,0
8557246,1,16,7246080,386e55874260882d0b22aabc475dce69c4b6a6bca080a823c7439b4619f40285,True,,False,0,1,0,0,0,0,0
8557374,2,17,7439040,332d4aa26603e820e8bc5194313448474ffd455258d06feb4760c2a19359f4de,True,,False,0,2,0,0,0,0,0
8558011,2,8,3640320,764f6dcb3b90d6a62f0591ed51a9a404f30ac3768ee223fc6c414b7daba09cb2,True,,False,0,2,0,0,0,0,0
8559152,1,17,7439040,36f66db1e2268cc6f469dad1836b8f4ae6e72d93ce3e13de10460da34331ca68,True,,False,0,1,0,0,0,0,0
8559589,1,17,7439040,4f285dc99f2c715578f7371ab12b00d2fae4b7fcea55496ac8dba1e9f2b3fd38,True,,False,0,1,0,0,0,0,0
8559644,2,17,7439040,283b5d38d54b3b3b3c1e71dfbb55a4a8906c2a9fc36eb82064018a91a0c8f4ff,True,,True,0,2,0,0,0,0,0
8559796,1,17,7439040,61e62a2bf0f30b7f9df478afe62f606bbed5d226a27108c3276dcf34b1e2c2e7,True,,False,1,0,0,0,0,0,0
8559863,1,17,7439040,9ccd573c2738a624cb12374c17317653da58f2d676acde80eda91b88d3a91ce7,True,,False,0,1,0,0,0,0,0
8560280,1,17,7439040,cbac83c77bc4b4355dbb9b76626efeb943fb995ef0a7be48b95a1e3f7d2a264a,True,,False,0,1,0,0,0,0,0
8560285,1,14,6312960,36ea26adc97ada3b9efa5152aba0ac7cc51f6c283becfe7041ec7ba329befbab,True,,False,0,1,0,0,0,0,0
8560804,1,17,7439040,048b0fe9a763f82c2213d6d1115ba739117f1500d5f091aaa7612a0409e3dd44,True,,False,0,1,0,0,0,0,0
8560840,1,17,7439040,6019c5ee00d0d68ed892da2e9a58bba0c3b590e16887876c7eec6a2152a54228,True,,False,0,1,0,0,0,0,0
8560861,1,17,7439040,747a7a3078f60513097c32152d9f31fa80d5fce008e095efc4da484b3367d07f,True,,False,0,1,0,0,0,0,0
8560927,1,17,7439040,905649c8baf5a346cc00c4b5b25821b5b5e06c868aee5566c50aee5d1f2aeeca,True,,False,0,1,0,0,0,0,0
8560940,1,17,7439040,e0f6906883f8cbca617aebc7e05d0f599272696ce3f104ab4a3a7e9aa67cd849,True,,False,0,1,0,0,0,0,0
8561063,2,17,7439040,cf1660c35b19cd951dcf86367dc957e4fb5d7fa2a4f687b174e010b50e198d1d,True,,True,0,2,0,0,0,0,0
8561192,1,2,993600,7ac0433e034b85c320478a71a252ca0c027b5ddd7e343ddf0a840e969fb307d6,True,,False,1,0,0,0,0,0,0
8561231,1,17,7439040,075cd26b6b0ea389d90c0bddf88889eb0941db9e1fa20d487aadc33e70ca216a,True,,False,0,1,0,0,0,0,0
8564587,2,17,7439040,e349fac98e3fd016649436b098854c05ca20123df8746d59963537a250e42a99,True,,False,0,2,0,0,0,0,0
8564674,2,17,7439040,80940ab55b0df9147239466fb33e64160ca918a1057b120ddb592d1cb89fd612,True,,False,0,2,0,0,0,0,0
8565266,1,17,7439040,8b21d6535b444703401cb0a0f2dc1c74df9844967c92c11d84f0353c2c7242fd,True,,False,0,1,0,0,0,0,0
8565900,1,17,7439040,44d352610a1176196262b0fab3f0e26535985622b56ca074a1b5b43c6fc87912,True,,False,0,1,0,0,0,0,0
8565912,1,2,636480,0a48190712d61036160d11f4dc0c5000329e055b61e393e351c365302ba17aec,True,,False,1,0,0,0,0,0,0
8569819,1,17,7439040,d18f86ff0766c1dc9677c6230aab2112e7aa2bc5c7220dbfe8ff13cc17cf2a1c,True,,False,0,1,0,0,0,0,0
8570333,1,17,7439040,c747910c506dddaae74158bff512d265c0f8c61ef28af03dc2c5164cd2be12ae,True,,False,0,1,0,0,0,0,0
8572168,1,16,7246080,4e834d5d4861e3b9cdc5c60173516fe86ffd6a406a677d0ad635ff22511e33d0,True,,True,0,1,0,0,0,0,0
8572936,1,17,7439040,afcb9254ad91cce34597e3a653af1b4553e386c41a13a59a5e82dd9329aae93d,True,,False,0,1,0,0,0,0,0
8573168,1,17,7439040,a24a1e9f03dcdb65518c03463f09967b48ae79e45257707088474aed114700a6,True,,False,0,1,0,0,0,0,0
8573193,1,17,7439040,02ecd3f11d47e37111902e9c0a7386542ae97a0aac4b4bb0a72583becc00fc7f,True,,False,0,1,0,0,0,0,0
8574270,1,17,7439040,be3db6460592e59ab0bb229d2fa3fb529a541cae6e6af88829061e72f1bef11e,True,,False,0,1,0,0,0,0,0
8578780,1,17,7439040,509f55eb2977866dd65252682835ba61c41f40b16ae63d2a490371fc25bf8d97,True,,False,0,1,0,0,0,0,0
8580438,1,17,7439040,22beb164cc4e5ec4bee9d04a718078c6c8c59b3f933294176082316989e57feb,True,,False,0,1,0,0,0,0,0
8581232,1,17,7439040,50af5d5618b6a0b03206fd7c8331d777887ec4d21399a254e39f857f098a3cb5,True,,False,0,1,0,0,0,0,0
8581658,1,17,7439040,66ce0f7d03d419e35f64f5abd7b7909cbd1ec0ce56ebf428aea3c1f2ee7e16c5,True,,False,0,1,0,0,0,0,0
8582291,1,17,7439040,ac90fae8adf79c3746cf87572fe2f069e544b4300136ce0e72a25920df820428,True,,False,0,1,0,0,0,0,0
8583696,1,17,7439040,7d9765f354f0d278c5d1893cace9dd5f9201a400b2329eefdcc7721bfaa7f83f,True,,True,0,1,0,0,0,0,0
8587439,1,17,7439040,57948bf10306e76bbfea22c9a7d6fd3ae0c3ef15ec3a742960c1248e9776b7bc,True,,False,0,1,0,0,0,0,0
8588377,1,17,7439040,069e7abfbededd4950e7f8fdabeb5599f868d0e75ea9e72f11486cbbc5317029,True,,False,0,1,0,0,0,0,0
8588982,1,6,2589120,28bd7502814f3726ec4cffe007fb1f9c06b5b7ecfafeb786689b9dc4744d7293,True,,False,1,0,0,0,0,0,0
8589731,1,17,7439040,cbf6b3722605542c1ef5b8fa85488fefeada4d75a0ab9b7766665d472e18fe76,True,,False,0,1,0,0,0,0,0
8589754,1,10,4415040,ba83e8ca5c6b400eeec073bdb0135f27dacc2341c510bf5d01e85f1400a0c4c4,True,,False,0,1,0,0,0,0,0
8590527,1,17,7439040,f698d76ad33b3fff80b7bea14cae72929dd1f133f975ab17b50b45787ce822c0,True,,False,0,1,0,0,0,0,0
8590776,1,17,7439040,8ef383dbdc536c83325b6d266cd30046015f0722541ccda39f1f5935edbc3c43,True,,False,0,1,0,0,0,0,0
8590780,1,17,7439040,8f9f0fc001993d849e3e1d3f38a86a52bd1c5b8a25beea4c08a99824cf710e2c,True,,False,0,1,0,0,0,0,0
8591173,1,17,7439040,1785453557bd47f822408c48bdfe443382d6d8d1a5946f63e366fe3137e1c58a,True,,False,0,1,0,0,0,0,0
8591693,1,17,7439040,09c8e1cf2912e3aa1b17310f5f09831a92817c38fade11748f2c9994fce0ea01,True,,True,0,1,0,0,0,0,0
8604993,1,17,7439040,43577e9370521c02c1c2c73c7ca7ce1bde845fbca1e290ab92aa7f022b71077c,True,,False,0,1,0,0,0,0,0
8605074,1,15,6776640,509d9869fc449a6b715aca83acdd366bfd5c4a81658c9d41ad3817efdccd5911,True,,False,0,1,0,0,0,0,0
8608490,1,17,7439040,f173467472506758a37050ada5ce7e305ee480d01f689fec4a4fb5408e492e76,True,,False,0,1,0,0,0,0,0
8608544,1,17,7439040,43b3a0cfb3af780c2af2550a7e38309ab8fd696b271a63aa9d0ef14b4ba5ab24,True,,False,0,1,0,0,0,0,0
8609450,5,17,7439040,af79076a8d843cc7c767782f144cff9e8a5edfe298d13034220701146ad4c171,True,,False,0,5,0,0,0,0,0
8610483,1,17,7439040,7fdace176eeff1485d9df9a345799296e2569cf16043d6208307a0a362b8dc01,True,,False,0,1,0,0,0,0,0
8611257,1,17,7439040,9736827ddda5f7191b69caad62163d3b3db2ebfb7924fce3c03acf321beca394,True,,False,0,1,0,0,0,0,0
8611781,1,17,7439040,7e08d19c63a167aba64410d51291538a91e8c938c472b8fe8aa35feacf04fa30,True,,False,0,1,0,0,0,0,0
8611832,2,17,7439040,603182769bd12fda2141a7db381128b1274fd65b4e00bfeabd11e8eb427885b3,True,,False,0,2,0,0,0,0,0
8612275,2,17,7439040,08df7d1f51d2f0296217a7f6456e828d40dac2ea1d493beda575040dd12a330f,True,,True,0,2,0,0,0,0,0
8612847,1,17,7439040,1839a1ffca597a9597eb4cc7a0754c2fac6633b334bb09e7aa6691ec6d7170e9,True,,False,0,1,0,0,0,0,0
8613535,2,17,7439040,3cc4f29fe52ea5ac088827c452ea3d6171b3c6d27ccc4b55a07cc34f8656eb8b,True,,False,0,2,0,0,0,0,0
8616637,2,17,7439040,08b0d211aa9768caf530e6bebf39187a8d1bcda427ba1e9198d85f758df6a766,True,,False,0,2,0,0,0,0,0
8616873,1,17,7439040,77c50e37936c09b5218bbe4c1e209d9f5f0ac60e174cf4784f3103230c2b5b74,True,,False,0,1,0,0,0,0,0
8617363,1,17,7439040,70f14b06bd7787c9e7b2e678704697fd435c7bac990fc0f8bc77e1952184b4b1,True,,False,0,1,0,0,0,0,0
8618147,1,17,7439040,fac97e86d195b8e5972580ec5959b68d14c6bc46d36c03dcea53c895e3d9435e,True,,False,0,1,0,0,0,0,0
8618226,1,17,7439040,97c91e23376422fdf3f6c5eb9bb1f70d7a4292e5e3ed13043bfd9db6b1e44062,True,,False,0,1,0,0,0,0,0
8620402,1,17,7439040,e43b4e306ec53215821640ff72cd2aa4e5fede23b220e33450853659f46bca8b,True,,False,0,1,0,0,0,0,0
8620561,1,10,4415040,665b5e37b948015139f853f54dc89cbddc3a9a0be366a3ad6f4f6a0ab2264494,True,,False,0,1,0,0,0,0,0
8620565,1,17,7439040,30d7301ea536f07d285c864798c603344e319a69464e3236e1c48188c3bdc6c7,True,,True,0,1,0,0,0,0,0
8621026,1,9,3798720,d7b315bae5142d352781226f943076fe390d1cd9d188517593c3188fd733e391,True,,False,0,1,0,0,0,0,0
8621348,1,17,7439040,d833e2bb9dab7ced9c8f2c410d4b0cc0cda4f68eda5cce43d76e41ed37bf5e34,True,,False,0,1,0,0,0,0,0
8621353,1,8,3551040,44cd27392c01ebeff3dfcae42c43da8ed5522304a540c7445cb602acd76af517,True,,False,0,1,0,0,0,0,0
8625732,1,17,7439040,e0dc1f842e172599b3edd6a6074e70a48b0fa761a2bdbbaeedf8b8aaa527f6c1,True,,False,0,1,0,0,0,0,0
8625813,1,14,6312960,e25c731a03f5fec1af981dbb533de607d6459b27176e7a2561855a5da7b7e116,True,,False,0,1,0,0,0,0,0
8625821,1,17,7439040,cd4c22fb91f7decc238e112569b0e0ad0b8d72998489a88add75af8cae3fe699,True,,False,0,1,0,0,0,0,0
8625925,1,17,7439040,9cde644cdd470bc7bd5514c74e4761f21a4d1ce4de9ffd324095fde8814a8d23,True,,False,0,1,0,0,0,0,0
8628758,2,17,7439040,7e1f7d549aee1c6c1c594d0dc60a8e27c6effb419410e7babf3a9345f3f61c34,True,,False,0,2,0,0,0,0,0
8628973,1,17,7439040,b829739f291ced1f080c5610a13837651e8a7116566b77ca15abb7257d065e83,True,,False,0,1,0,0,0,0,0
8630788,3,17,7439040,4b94e63a9f31ad6f00ad47e2668d017ddad042790148dd23089a081968baae5d,True,,True,0,3,0,0,0,0,0
8630840,1,17,7439040,d663fadc8e35269e9e04432148e2e1e8482d5eceb2858bfe60844f2994203b49,True,,False,0,1,0,0,0,0,0
8631504,1,17,7439040,f582099fd2f2f58b9781d147446bc3d9c0575f364784c3b551fb02b3fe370ab4,True,,False,0,1,0,0,0,0,0
8635938,1,17,7439040,9b34a20ea3085c4c9efc861672e5e974ca4448a45b47d62fd35e7cda645a1a36,True,,False,0,1,0,0,0,0,0
8636333,1,17,7439040,aa41fad47932c992c8d16b7273bca497e39b4e66e326444c219fdfdbb9ba911c,True,,False,0,1,0,0,0,0,0
8636434,1,17,7439040,3a69034c9a78cde421e3cda841620dfcffbaa71ed328e9ba2c383adbaa052702,True,,False,0,1,0,0,0,0,0
8636600,1,17,7439040,94833a457b1680d031c1438c99a74046935729371e414333b0cfc9b0423ab062,True,,False,0,1,0,0,0,0,0
8639155,1,17,7439040,42b15af46cecc852c01335f625249bf78daa7286eba6454f9dd919cff0c99da2,True,,False,0,1,0,0,0,0,0
8644288,3,17,7439040,8d7ba504e588dbb9ce08ebd24af69eda3917108dee7ec6c2336c3dd521976b1a,True,,False,0,3,0,0,0,0,0
8644365,1,17,7439040,51cdf6734ee53e76edf3fd362ba0a3580b649e8a59920e7f1887886815c9853a,True,,False,0,1,0,0,0,0,0
8645191,1,17,7439040,76badcc30affeae1e218014ee2f5ad1b4444d999f51a5549fb9a69f60302f97a,True,,True,0,1,0,0,0,0,0
8647295,1,17,7439040,a10cde63abee67e9b9de156f8c1adc4f5737191375ebce156a7eef72b2603ac3,True,,False,0,1,0,0,0,0,0
8649876,1,17,7439040,b7da782ac11dc0a745f7ac825a1d1996988e8fecd18bac26c3877d0d9986db46,True,,False,0,1,0,0,0,0,0
8651389,1,16,7246080,052b3770bbd6f8d1edec730c3938970b7fe68a527331fc3bb65b5fe25797884a,True,,False,0,1,0,0,0,0,0
8651551,1,14,6312960,a080960c6b616f1bd3a654ad5a6e3540008aa1cab3f92f398faa600e6045424d,True,,False,0,1,0,0,0,0,0
8652360,2,17,7439040,e57d5dc7c362c3a928d3b4adb50e529b2d21930809df0a9acc3317e58a282ea8,True,,False,0,2,0,0,0,0,0
8652999,1,17,7439040,ed0682bbe17e325b266a67117ead928ddfb564851209844facd8da450b566b94,True,,False,0,1,0,0,0,0,0
8653134,1,17,7439040,a9160e9b528f9a4c9288264b28fa293c03f3e3d9b70784510fb081fb92a97ae3,True,,False,0,1,0,0,0,0,0
8655354,1,17,7439040,7b91fdedc634c0737f7b30b566d86346b0c11f8101d790f92ae340160072f24c,True,,False,0,1,0,0,0,0,0
8655458,1,17,7439040,dde32b74a95958b3f9ea8349f1e559a825eab912f076819388adf32d8d2b665d,True,,False,0,1,0,0,0,0,0
8668810,1,16,7246080,9d532f94f35aa9ae671c33bdeb4c222caea77cb364a6757e25ddf47414f12c28,True,,True,0,1,0,0,0,0,0
8669092,1,17,7439040,6acd1489e43a5cc5345032b66087943e534059c7a056499f664bb57247d2c63d,True,,False,0,1,0,0,0,0,0
8672910,1,17,7439040,b847e45be4c626031fda41d3a14bfe034b7e505cf15261c138f24ce6b66960e6,True,,False,0,1,0,0,0,0,0
8676148,1,16,7246080,14b2592f35230ac934389813f1ed25f9281d077d3157cb24ea19beed481757b8,True,,False,0,1,0,0,0,0,0
8678594,2,17,7439040,7ab6a48d435dce1fa23d597343a3d4fab946396a0eca6dd1d56908a9631566a7,True,,False,0,2,0,0,0,0,0
8678664,1,16,7246080,de09544c3e6acf94979723c1b0fc3a8a5b84788366c22bf77578138b4324b1aa,True,,False,0,1,0,0,0,0,0
8680979,2,17,7439040,e0bec1dcd9790ca9320cf2a6a9178e14c3808cc2d922046688af921e3cc4a421,True,,False,0,2,0,0,0,0,0
8681734,1,17,7439040,bd427916d4f245c79d3360d1ab07c58bef7c61711ae75bc6e69b7a967e6ffe46,True,,False,0,1,0,0,0,0,0
8681833,1,17,7439040,dd1f3deeeffa12c0865927d895a067cfb7d52b4328d8c857430b1444da8ea835,True,,False,0,1,0,0,0,0,0
8683144,1,17,7439040,e5cf4cc2e829d8cbe493988b0c4ac6ead26b0bda76de7027dd65e9c409b57aea,True,,False,0,1,0,0,0,0,0
8684730,1,17,7439040,5047c6c8ea44d9f3b2af9f8603d39a32dea9290f31885fa04def231b23e520e1,True,,True,0,1,0,0,0,0,0
8685497,1,17,7439040,5d2671a1c1997e0c5bec96f302f0c02abef5d19210415af275db757fde6ba846,True,,False,0,1,0,0,0,0,0
8686097,1,17,7439040,881e0fa703e83791b1573f90afea2eca00fd7af7fc0c2d9c0ae77c341601b4cb,True,,False,0,1,0,0,0,0,0
8686150,1,17,7439040,408fc29f304e42fca6816a8c51225d222f126b3d182242a1e9808d18f095ba2c,True,,False,0,1,0,0,0,0,0
8686373,1,17,7439040,f6dc57ea0b04e4843e09365bf6d541093198c96b5bb34451a324e4f313204702,True,,False,0,1,0,0,0,0,0
8686761,1,17,7439040,67053b5abc99b1131ee7682c2d207657e3f83bec183b353a4462ef5ef2e93e75,True,,False,0,1,0,0,0,0,0
8687088,1,17,7439040,d77da69e79f3a767d66b9c16b51e9d26711fa6010040cb7f2323a839058b2611,True,,False,0,1,0,0,0,0,0
8689031,1,17,7439040,b591e8a85ce7b82f808214b2d4e46bd1704e3849607e413e5a38ed94f9ba5bfb,True,,False,0,1,0,0,0,0,0
8689373,3,17,7439040,328daae0353d3ecd323b4389e17501f08d1cc908cb69b3a0def6cabc33fe2c4c,True,,False,0,3,0,0,0,0,0
8689793,1,17,7439040,d433b1a9989263004dfd11ebe69a874d0e220c737a26149b6e8d7824aa7ddfdc,True,,False,0,1,0,0,0,0,0
8690001,1,2,636480,3b5f4873bd332a3d2802f79ee232fc389a6e8b439ebc2c07fb3471a084bd3e9a,True,,True,1,0,0,0,0,0,0
8692861,2,17,7439040,09a226b9be19157f71aa04ab8aadefff02df37eedd4ee6ee178f0d10a50dae2e,True,,False,0,2,0,0,0,0,0
8694309,1,17,7439040,2a65c7979a090796162e604ee117fb0f74c44aa7b508ad4346ddbc4e4346a8b0,True,,False,0,1,0,0,0,0,0
8695779,1,16,7246080,2a15cb187fb31ddeb6e6e2712cd34957ed1d0881ff710cbf8f4b5da00e60b78b,True,,False,0,1,0,0,0,0,0
8700506,1,17,7439040,233cc2fc5b71825161a9343e8f9ec5777baeb8b5987c2530e1a571861deddccf,True,,False,0,1,0,0,0,0,0
8700537,1,17,7439040,3d2d48b428882b6614c9cbb6dd721868317f765b45ae0cc11576519df11da7c4,True,,False,0,1,0,0,0,0,0
8700558,1,17,7439040,d81211eb6ce61e7a3bbfe15f08a4c2640ae51033224e3f6b4a13b13bee10bf31,True,,False,0,1,0,0,0,0,0
8700771,1,17,7439040,49d27aa585f3bed98077277d4926f5d0b56070513a079d520b4b5eb1d439c7fd,True,,False,0,1,0,0,0,0,0
8701327,1,17,7439040,877437ecfddc253825e70ead2a86560cf7383dd3915f52bdff2855f397d38d63,True,,False,0,1,0,0,0,0,0
8702921,1,17,7439040,5c810e9b5f69f7127710754b0c57ea73b5acdb08587807d0818dc5ed84d86ba5,True,,False,0,1,0,0,0,0,0
8703491,1,17,7439040,da9e45e24c525d7f5608e74b38b09da07f36bf6832dfd66ef80bfa98479a9769,True,,True,0,1,0,0,0,0,0
8703506,1,14,6312960,fd601f88f09854698e9ce1f6387aebf9589cea816e40fa6f2da4503a534a76d1,True,,False,0,1,0,0,0,0,0
8703884,1,14,6312960,254b5f13ed8ba800f1e70b80e6b3e4ba867278e22d1a586d3b6d524a72efb397,True,,False,0,1,0,0,0,0,0
8703887,1,17,7439040,6fb4d5e938a7c4f00cea5494e4cd81326bffc6cdb9ab9112dd2d2667a9f915e4,True,,False,0,1,0,0,0,0,0
8709688,1,17,7439040,dca910b7514dee9e1d08c43a11e9101333ccbe44b9ff3443942e22075f20346e,True,,False,0,1,0,0,0,0,0
8711548,1,17,7439040,159c9945f83113a7aba2dea124a46d3e384b703d75be30c4dc1ecadc29a99230,True,,False,0,1,0,0,0,0,0
8711794,1,17,7439040,c7abb9ce9235c98f3b10cff21baa0568f641eec59a83685256327fdb5c723a3c,True,,False,0,1,0,0,0,0,0
8712863,1,17,7439040,d2f32bfa1c16c37bf69bab5beb1c26fe343bfcb1370e1c8d85bd7814710f7d82,True,,False,0,1,0,0,0,0,0
8718273,1,17,7439040,f9d9cc5532d66f3e301ac4560d18b2760a20a8d9c3daec5057b1e33dfd599bbd,True,,False,0,1,0,0,0,0,0
8719324,2,17,7439040,8d73fddb5af1b027d59cd1aead21ecc2f26017c78e9aa5e1851440cc17b59983,True,,False,0,2,0,0,0,0,0
8719419,1,17,7439040,d3bc4dbc9397ea5a96c0074f87c354460d642591696874b74212545ae6529886,True,,True,0,1,0,0,0,0,0
8719897,1,17,7439040,ee86c1c7a9dad52faabdc3f6e389c9fb4c0fd4fda1c31df383cd6c1e9af2c024,True,,False,0,1,0,0,0,0,0
8733497,1,17,7439040,975f39f1bd0178e54aa8f5a3b27c12f3b68ea295f43823727276fbf9f5f25a12,True,,False,0,1,0,0,0,0,0
8733898,3,7,3024000,067117858fac92c87af9a6ec3b3a6fae7f855f7c12201798569740a6d14ea994,True,,False,3,0,0,0,0,0,0
8736245,1,17,7439040,5dba743addaa9a880e3d2fb95fd50826865a1c4da7e2f2ea7727a2f54adf0ea5,True,,False,0,1,0,0,0,0,0
8737796,1,17,7439040,214ea9420e395914f372305445fcc147433e2a1657a6f3c12cf7289ee1d60d26,True,,False,0,1,0,0,0,0,0
8738115,1,15,6776640,b2c0d17dfe92c86d5bbe3025a1a5e7e93c4daadd8d4948bde7d5bfd700b3e6a4,True,,False,0,1,0,0,0,0,0
8738244,1,17,7488000,e27b63364a372d8cc7e20566e93fa221f952d53171892977315f80c71d703cb8,True,,False,0,1,0,0,0,0,0
8738735,2,17,7439040,2a7e240bbf5e4e6a8b4fb234f78d5954f3096a39d91b2c525b9ffd7e2de8a7aa,True,,False,0,2,0,0,0,0,0
8738775,1,17,7439040,3e4b24930ffb8cd045de9186b96273b5dedcefa30e023ba1937b8eb5dcfb1137,True,,False,0,1,0,0,0,0,0
8739209,1,17,7439040,73d407859a00ae32c6322f668cf9f7720fd7b09157ba197301bc7715679081a9,True,,True,0,1,0,0,0,0,0
8740744,1,17,7439040,3df5984c662720282d24b13e3b1586b3ce5c671b57560f96edb0b35bfcb3d239,True,,False,0,1,0,0,0,0,0
8742270,1,17,7439040,f35d599fdc6c9d43343763a9ed0243716f013ef2128837da12c05c0b50ad1958,True,,False,0,1,0,0,0,0,0
8742590,1,17,7439040,007b852ce13a1ee0bfce2473dc4cf54d835c994b5f715be089ea9580b15d8b15,True,,False,0,1,0,0,0,0,0
8742735,1,17,7439040,9e4dac0b45456ee634985d241c3172b89bfb544418fa1062e855b9ee59f76a5b,True,,False,0,1,0,0,0,0,0
8743244,2,17,7439040,69261722888fb61a57b8a517e2b31c2d9768e7b061ef85c3744d5ecfef3a613b,True,,False,0,2,0,0,0,0,0
8745553,1,8,3640320,3dac54143b62dabbccb6be5f8002505fe5fdfb2c4ea7fe66d7948b4f0e8cd0d9,True,,False,0,1,0,0,0,0,0
8746295,1,17,7439040,6f8817f190f3f000ee55dcfb1ae48f3d3733daae552208c675c98c8b84f55cd6,True,,False,0,1,0,0,0,0,0
8746310,1,17,7439040,f1353f67c6e199e33647682263091285ae0749ca1c7e8d1b0ce173738c3e404f,True,,False,0,1,0,0,0,0,0
8747222,1,17,7439040,9cd592c0f78551979b1d82cd5b8c6d9c1a0e193d7bde229c7a51922f9629b6da,True,,False,0,1,0,0,0,0,0
8748435,1,17,7439040,24d3e7de9745c9f0579fa7ba00b9a9e19a8a4057db49cb50b39ae520779b0b0e,True,,True,0,1,0,0,0,0,0
8749844,1,17,7439040,c5f09c2336450bd70c8846e58b09e3cd2b01af10d734ae21d39e0c0bfd990996,True,,False,0,1,0,0,0,0,0
8750043,1,17,7439040,15eacb5814fad995248b4472efb80dac15f963ef8caf25838aabbfe773b0fa0a,True,,False,0,1,0,0,0,0,0
8750094,1,14,6312960,c79ba78b05eb0993c33b56f40879d7c6a3d79dbca0ee33b0fd539987356a4e60,True,,False,1,0,0,0,0,0,0
8750503,1,17,7439040,322dad01c46c673e4b039c5c5060deebe6107c2118aa134b7ba7aa550fac46e5,True,,False,0,1,0,0,0,0,0
8751796,1,17,7439040,b09314df429ae36912684c2302c46d5cdf01e7bf6be6d517ee2e28c44386ea71,True,,False,0,1,0,0,0,0,0
8753657,2,17,7439040,2afd7cec4f65ef5c85e19044f51e5ece389a59a25cbc9ad39fde007bb893972e,True,,False,0,2,0,0,0,0,0
8753896,2,14,6312960,bec4bd5084b6ae24af87a8c611c3744a34d282525fecce7d50422743a06e3ae3,True,,False,0,2,0,0,0,0,0
8757213,1,16,7246080,24f9ec70630a5dafd0afaa30e98b311b1ea8ecefc1832e44fb50f4ad43330a4c,True,,False,0,1,0,0,0,0,0
8757824,1,17,7439040,a3f6625c1650e7f075a9693501b49a43a54177602763d888e35690cab46b516e,True,,False,0,1,0,0,0,0,0
8757910,1,17,7439040,f067f0570d3d36862e1b1974d6f3ecb8b09efaec1c62e501628f5d65ff646290,True,,True,0,1,0,0,0,0,0
8758161,1,17,7439040,bb405de4b8abee685317e13cd5b97f215b035ce4ffb001e764692e3a8131e987,True,,False,0,1,0,0,0,0,0
8758204,1,17,7439040,ab115be44238438f9884e0232a3b877587222e7fb848082a1ce7e84f7d8a8cb2,True,,False,0,1,0,0,0,0,0
8760040,1,17,7439040,b45945477548bc95cd2325247e2cdd313972a158d9623780bfbeed9f3232eadd,True,,False,0,1,0,0,0,0,0
8760135,1,16,7246080,a8970fb5894c854bf02c47fd3e4a6572c2bc22feb248f339f30978ce882a919e,True,,False,0,1,0,0,0,0,0
8761550,1,17,7439040,32c765d56aac2b6df96ea411c87bee4b2f44399db757850adfbce6cb5aadc6e3,True,,False,0,1,0,0,0,0,0
8766222,1,16,7246080,1046689e6b52ef67624fccfe290e063a00d5302242a6fdce341321d77461bd31,True,,False,0,1,0,0,0,0,0
8766268,1,14,6312960,0a05c067cf88c1e81a2f12c6fb562bb32d8057d00cf9c6150d8b40e85a04a376,True,,False,0,1,0,0,0,0,0
8766285,1,17,7439040,e5cc6abf723010f8ba9c73bdb8e16044d34c7b47968fdb6b3936db4e4177a73f,True,,False,0,1,0,0,0,0,0
8766650,1,17,7439040,4bc1e1d68941c66553eee80dbd3ca7b1e656b5add4708e0a3e6b931ef4df3192,True,,False,0,1,0,0,0,0,0
8767034,1,17,7439040,9059733924c542e93e8a139f88ddfab468132f737d05e3531e44b7f286d92b93,True,,True,0,1,0,0,0,0,0
8773015,1,17,7439040,e58723b3e3102827af120e56acd75e1394283286dca2be61b7b281a391b29d0f,True,,False,0,1,0,0,0,0,0
8773869,1,17,7439040,318b176c813125f6736bb107c7190fe90670ee097c8bd9b13839f5140369c56a,True,,False,0,1,0,0,0,0,0
8773948,1,17,7439040,389fba99987224dee71504fc3fc24a564034b23922992c71fef863d615a972c0,True,,False,0,1,0,0,0,0,0
8780959,3,17,7439040,38cbf01fd656b2316a693b0bf918ad2ce02fe4630d78b7d9e2670dc798d2eda0,True,,False,0,3,0,0,0,0,0
8780968,1,10,4415040,67344ca35691e178ee6a936bf464d4148fc8100bc6ccf14314a9cc1431040ebe,True,,False,0,1,0,0,0,0,0
8781480,1,17,7439040,81f26bc22e8cc629fd8b6c929e946418bf7e521e8fc9e5136233c5ef6865f827,True,,False,0,1,0,0,0,0,0
8784288,1,17,7439040,22b95d40dcb74d170de4d668e53c9664a4117b08b37c4ecdcd005b1a2614d96f,True,,False,0,1,0,0,0,0,0
8801316,1,17,7439040,b6861ac834236fdbe63138d78543f57b4d644bc7f0fd33eb64feec8c9c2be1ba,True,,False,0,1,0,0,0,0,0
8801343,1,17,7439040,0576b14f6d99aff92bc7262beba431de634dbe99e536375709f33d3b1cbcb501,True,,False,0,1,0,0,0,0,0
8802165,1,17,7439040,e70c5d1f13e8fef5cff92a32ceaf38550dca050d9a8fc22256e81f6c98844b36,True,,True,0,1,0,0,0,0,0
8802693,1,17,7439040,60fee5056d91a28c6cf3b129cc661213f95a190bd46e66fce0a0db05b8442312,True,,False,0,1,0,0,0,0,0
8803882,1,17,7439040,d844633d92c7ccffbb41dc20dd9aa42221f6e3547d770caa118fba5eea6d67d9,True,,False,0,1,0,0,0,0,0
8804283,2,17,7439040,74db3669bb91f9bfdf8903be24e6e8b261bd15d71241f1d7aac3c03e5d2d1f0e,True,,False,0,2,0,0,0,0,0
8804397,1,17,7439040,9d902d9ea64458b3b71f69736433f42f1d9ce2a58b92da389cd998143b994ed5,True,,False,0,1,0,0,0,0,0
8804455,1,17,7439040,53d7bde7fd84cfd6e4c76a8d958dd5878647d0bc9a04c6dc7697b0ba0059a70f,True,,False,0,1,0,0,0,0,0
8804845,2,17,7439040,06c953c6fd6d8f08cecc35325412ece05411125e45d0e863fd2179c32d269133,True,,False,0,2,0,0,0,0,0
8805348,1,17,7439040,509bb29bb192f4f5e0e692ddaf4b0f588cf751ba8c75f258f4d5acc92a9070b2,True,,False,0,1,0,0,0,0,0
8806072,1,17,7439040,42e215448866fc92a8968181e07fa2011bf444768dc81f7d1420619c4cbdc152,True,,False,0,1,0,0,0,0,0
8806123,2,17,7439040,f3ee522fc7c280190912bb14f7a5317c59bb97eb394ddbf456fb2ddaf07c73b7,True,,False,0,2,0,0,0,0,0
8807057,1,17,7439040,4d9d268dc8c40bccc20f49dd563d195bf3652bbc272acdd8a02afeec8037e08d,True,,True,0,1,0,0,0,0,0
8808064,1,17,7439040,eac76587851a22338ab438b8298acab71123877be76f7f5ab4bd1d34cd6d5236,True,,False,0,1,0,0,0,0,0
8813404,1,17,7439040,c7dd7c83e9e8d40ccc324bd0fb6e664129786298b768de7f46a68ff7f2e4e535,True,,False,0,1,0,0,0,0,0
8815031,1,17,7439040,2824b479222dd2732bc2cfb2f5b497a99c33378755f81b2509571db9fb9e7548,True,,False,0,1,0,0,0,0,0
8821936,1,17,7439040,f29e81511ca85f28c7d7915e48efd7100fc3dd3c4bcb5dc0669b97808766a630,True,,False,0,1,0,0,0,0,0
8822216,2,17,7439040,2f008b523271b511e594e6637bbb4232687df7c58f1596149c1075a0578b2e6b,True,,False,0,2,0,0,0,0,0
8822366,1,17,7439040,c8e3129226a78ea6ce60159c35448e586e5e94e4fa041606be80f6d74b18c74d,True,,False,0,1,0,0,0,0,0
8822421,1,17,7439040,bcc49919d309f73d541d0b9a178db45282be9dcf0ab76a39bc0d85058f2c9e63,True,,False,0,1,0,0,0,0,0
8822585,1,17,7439040,cbbcefae7b6ecdab2114f8ee87f2e280df9d77ced32022bbc5ece66dfff2a96d,True,,False,0,1,0,0,0,0,0
8823397,1,17,7439040,daf4522a435682ef344a578e1c2e202460d37ddbc426eff7faa1cfd8ccb55feb,True,,False,0,1,0,0,0,0,0
8823426,1,16,7246080,d484c5ec7883c8d4ccfc6a969d08021233ce97b9f60cf0abfaad2dc92e78486f,True,,True,0,1,0,0,0,0,0
8823833,1,17,7439040,8a68e48a8b5ce1341b61bf7019292882dbb646745c9fa25ff7931995619f5039,True,,False,0,1,0,0,0,0,0
8823868,1,17,7439040,980c7896523fa1b3cce613ad53688a13a5f3d7342e7ec618b5add74f1f32f16d,True,,False,0,1,0,0,0,0,0
8823893,1,17,7439040,15f9d293052183fca21bdb46df76e6aea5d9c3bb4f3a596d9366660f27fadfab,True,,False,0,1,0,0,0,0,0
8824737,1,17,7439040,0aba263e5a2dd03f0463a0fa2ee65dac285cf7c8de11e3940f2ad5463d33b373,True,,False,0,1,0,0,0,0,0
8826007,1,17,7439040,6dd52ce3d94a487a5f9e476dd1c737d6d0b49c4d6f7b855d313ed74c744ca850,True,,False,0,1,0,0,0,0,0
8826168,1,17,7439040,1ef8754c582b5d7e7c0581c7ac948a46ef2340ac1196e18e86c845c27d08b63d,True,,False,0,1,0,0,0,0,0
8826878,1,17,7439040,132231c597402983f5a8fad9fe3cf51ba6f99b1e1bd1c7926f69b3a825842849,True,,False,0,1,0,0,0,0,0
8827575,1,17,7439040,2f4b1474a50b2b2d0a5a1a438d185e0a2c16465d593c51fa8a9b5e6e31d6c512,True,,False,1,0,0,0,0,0,0
8832512,1,17,7439040,a9054bba476d73a5e769d8f6bb629cbf5acec14351b729bbf52159e0479c43a7,True,,False,0,1,0,0,0,0,0
8832676,1,14,6312960,72e9d0a09c6e52625272f14b9122e5cdf054924ecce6e2958b88eb67f0e8a471,True,,True,0,1,0,0,0,0,0
8836888,1,17,7439040,24a530277a642591c6ff110486a39ad23f2357e2cc152fe4e893c1e04d7fa973,True,,False,0,1,0,0,0,0,0
8841616,1,17,7439040,50e1f064ccc4451f149f0deb365d0777ecccba4a6fe9dc00807c0a81dff8aded,True,,False,0,1,0,0,0,0,0
8845026,1,17,7439040,912ce0c5eeb217249310c8f28e1a28ade0cdd3f1e9a94996217f4d4bdf396803,True,,False,0,1,0,0,0,0,0
8845205,1,17,7439040,27c00742cc846886195877b6666436614ea57e09ae8c64ac3bdd52e45d9ebacd,True,,False,0,1,0,0,0,0,0
8845221,1,17,7439040,aa4ac807248200501ee1b273c5ea8b1217da8150934b536a3c68c729ed76a513,True,,False,0,1,0,0,0,0,0
8845574,1,16,7246080,43375d72176de002cc24978a0099ab19cbe2cf35b0877c7131cd5b725e239d7f,True,,False,0,1,0,0,0,0,0
8847111,1,17,7439040,d48f23a06a3735a5c2b87030bba6746cea2ff05e40e732efea26ea8a924e4870,True,,False,0,1,0,0,0,0,0
8848115,1,4,1650240,fe3e6f322930a18ffebc2009271bf769f282b47af6d124aa67223927968afc36,True,,False,1,0,0,0,0,0,0
8848271,1,17,7439040,7dae8b317be1ba6a4d9abd44a1c6b69d6bfc825e763d79c534dd594fad9f351b,True,,False,0,1,0,0,0,0,0
8848288,1,17,7439040,08ee4473d64c7aa2a989544387fd685fe7c20aff074a8dc36af61eea2182b313,True,,True,0,1,0,0,0,0,0
8866102,1,17,7439040,b7deb2e0067f03455b500625d4b1d5be31d20b1d64f1f3c9f9a5a055d746fc63,True,,False,0,1,0,0,0,0,0
8866137,1,17,7439040,fa5dd174fde385706d65b1929ebadf2c4ac0b85d69579240c1b1a93f3d8b8fbd,True,,False,0,1,0,0,0,0,0
8868649,1,17,7439040,ac2b495c77cc9b3d43cc10174d9de6759d74d238c879138265908904d1f9b680,True,,False,0,1,0,0,0,0,0
8868657,1,16,7246080,b4f89f2cec192befaebedcdd527a9284bfcfb08b72e32c6bc5b7f0bac1c40be4,True,,False,0,1,0,0,0,0,0
8868686,1,17,7439040,d9ce544673fb8c793dcede80ecb3448e5289bc519e7b8539d605d1a4d23b8cdd,True,,False,0,1,0,0,0,0,0
8868907,1,17,7439040,162de208fa4ab173909bfcc586fbbfa9d7b8c123ce48808ecd1b5b36cba40a08,True,,False,0,1,0,0,0,0,0
8873674,1,17,7439040,bc806e1c6f4329014083b57054d8517af03a94d7d24c51f65c11c08f5f65398c,True,,False,0,1,0,0,0,0,0
8874090,1,17,7439040,13c1bb9918edcb929d37bdb319d4368f4f5d017a56d6608d85bd9e5a50e44bf2,True,,False,0,1,0,0,0,0,0
8878187,1,8,3640320,d9343e837d9a6a63f071df7a173b263f20850638cf5e390f6ef5deb9357d218b,True,,False,0,1,0,0,0,0,0
8878681,1,17,7439040,b8fa8cfca01993ebbd3ba891359dc9d431f208d8b72accad332dadbf1beec193,True,,True,0,1,0,0,0,0,0
8879427,1,17,7439040,374f90ef6040bdc6819d8b7832d2f8917e58eb833b19abc3bc3695a10e45b348,True,,False,0,1,0,0,0,0,0
8879915,1,17,7439040,9ea9226a6810dbbbce0a32d4e3be4a7dfac8eeb020515aa0ae1c6d4bb4938345,True,,False,0,1,0,0,0,0,0
8880003,1,17,7439040,a4fe99d12638580891fa6e1939954f9b2f06664fcfce8a02146b24e54b63f00c,True,,False,0,1,0,0,0,0,0
8880123,1,17,7439040,d743d2b7957031fcaed01c55933a4f7bf621a8074c687db020f1f5e418842c36,True,,False,0,1,0,0,0,0,0
8882847,1,17,7439040,472f047c9cb8b0423561c3babdef0fa5bd2a02cc02c71d194cdfcc4d1362599c,True,,False,0,1,0,0,0,0,0
8883329,2,17,7439040,272f26600f6da640b6a83d0c33172096082b611684286dde067237f572abe74a,True,,False,0,2,0,0,0,0,0
8883593,1,17,7439040,d80166bf9fc3ba9e75120f5fe17874ae59df61711b4ca48723d1299b76d5d9f4,True,,False,0,1,0,0,0,0,0
8883727,1,17,7439040,266b311f458c6bd2411863eeb0cf9e83d7eb0ad913a81a60059000edb3a775b1,True,,False,0,1,0,0,0,0,0
8884274,1,14,6312960,90a82f70c85543e930a03e00955ad2f05b3bd95b0644bd83eaa364fdf1eee5e5,True,,False,0,1,0,0,0,0,0
8885643,1,17,7439040,a2295d82ea7588acf845fbdec0d88937415cbd95f3412d996edd28a5b39f95c4,True,,True,0,1,0,0,0,0,0
8885673,1,17,7439040,4a90d638df93352a5c2795bca9630dbe2c47f6f89a8bc702a82e88d7e1fd4781,True,,False,0,1,0,0,0,0,0
8890150,2,17,7439040,7bb07379b10b0e76a9acecb817af7597a8ec8eec98d1e2475340c6ecfe5e3432,True,,False,0,2,0,0,0,0,0
8890783,2,17,7439040,dc4f5adda2248f6eba12f7555096db2b9fd472d04148edcd105ae5b982759b10,True,,False,0,2,0,0,0,0,0
8890924,2,17,7439040,fb59e6cf243301d9c9f3aa404d69bc86226bb29e36fe543deb037cf4f525f88f,True,,False,0,2,0,0,0,0,0
8890996,1,17,7439040,3a43cee1cccf3698d60b8925af64ecf4ab036c13f577bd246c05e2be648cfb05,True,,False,0,1,0,0,0,0,0
8891278,1,16,7246080,ce0facb0c6eee5ca7e4d6d37d0881979d75b7088888894f4909046b6a5cfed5e,True,,False,0,1,0,0,0,0,0
8891684,1,17,7439040,8323874780a2527aa7a956a62be69a2b1b56df7907d00c4edb936a16d88812aa,True,,False,0,1,0,0,0,0,0
8892157,1,17,7439040,43b35ebc4216f9d7e5794d77b50b09d005a52f666ef5aad2ad190ef573235f31,True,,False,0,1,0,0,0,0,0
8892303,1,10,4357440,3b5f7abb7c52ee32eab9d9f08984b725d725a7a82dacfb87422f86d3b336f17b,True,,False,0,1,0,0,0,0,0
8892720,1,14,6312960,40f7319c7379d3a20e2774c4c70b609905e351c68f9507804a01814c24e10859,True,,True,0,1,0,0,0,0,0
8892721,1,14,6312960,2e5045a39720a4137d727bc0899b2c3ddee65f6b22e0dc1b8aa2926f752dd5dc,True,,False,0,1,0,0,0,0,0
8892910,1,17,7439040,553fcd7a9e6fb141a26bd4fdffdc6417b2020494f1f4630ff4fae85a4d72fce0,True,,False,0,1,0,0,0,0,0
8895758,1,14,6312960,7dabfe8d595551b5ddcca19fe66b1b1e5e29bd6a6af130e854f879c38ff3973a,True,,False,0,1,0,0,0,0,0
8904714,1,2,636480,6c1595a37ca3b22fcd4ddf9714873bd4885d154ab4447e6501c9d888ae602b15,True,,False,1,0,0,0,0,0,0
8906045,1,17,7439040,a873f40b6fa2fb63803ee13ee7448611c9a854372e8aef69630e056697b055ca,True,,False,1,0,0,0,0,0,0
8906676,1,17,7439040,f2552eadbcf13e96ee2e2f20ffea13f479d8263ef89fda4cf6a4b20a37e1e4fe,True,,False,0,1,0,0,0,0,0
8908102,1,17,7439040,73fdab8417098df680fe0595186fecf9db0df41fc8c54b6613c85b248f2dd70e,True,,False,0,1,0,0,0,0,0
8912730,1,17,7439040,a83a65b5a6833787efb5239ef841f66c0d06389442fac324c1551d3e2bad278d,True,,False,0,1,0,0,0,0,0
8914779,1,17,7439040,5414000c471e8e8c6df360463f885a95c0c78a9a6ef87ac6042dc711d870dcbb,True,,False,0,1,0,0,0,0,0
8916492,1,17,7439040,9500a318acd11c9f42249ad5f1293439de109e665ee4c17361cf13d547a77acf,True,,True,0,1,0,0,0,0,0
8934103,1,17,7439040,2655348fe6d0eaa1560fbd869c149ed63dd2825d2efca1e588bc860c350f349e,True,,False,0,1,0,0,0,0,0
8934495,1,17,7439040,bc6404839a2c097833142670b9cf2f0f7297d38d6d5ffb077a5ece7383e3d578,True,,False,0,1,0,0,0,0,0
8935352,1,4,1650240,649f3ede56c7dfee155048285275753351643ee3b8a5f11c4c9a400312ec8f74,True,,False,1,0,0,0,0,0,0
8935810,1,16,7246080,e43c95e3f344481f1a8fcd60d8ac3fd71826a4164b57bf3bcfa596f3d68696c7,True,,False,0,1,0,0,0,0,0
8937019,1,8,3551040,a171531800bcd18c2b37dc6bb83c51b50f5de54f0a605a488e1eaa53746d8c98,True,,False,0,1,0,0,0,0,0
8937021,1,17,7439040,2172fe0872ba22285149c1859f21be52c7cd81ef7adaf0cf91e74684db88516e,True,,False,0,1,0,0,0,0,0
8938628,1,17,7439040,e823d7e0cdc2d7662b04eaaa80e9723a586a7598bed05e8cb906fdeb7c14cba8,True,,False,0,1,0,0,0,0,0
8938937,1,17,7439040,c05e4be7f033c1c3ba6cd05a56a626b10b8287ae1c824e393f23706af01738f7,True,,False,0,1,0,0,0,0,0
8939211,1,17,7439040,920738eef499bfdf49ea70ae4b6c95e3c967c622750842132c234a9e43057158,True,,False,0,1,0,0,0,0,0
8939650,1,17,7439040,4cbfe97e1cf6102158103fc3e5354c6f1ade0bae16506c40f333b620133047e3,True,,True,0,1,0,0,0,0,0
8940918,1,17,7439040,064af49774fbb02a14ffaf713cf643fd86f3962841b3144fed9f9329211a186b,True,,False,0,1,0,0,0,0,0
8940961,1,17,7439040,b384c364803a187f2885c1479ff9c1a0f45df55bca0b55391710afd0ba10d036,True,,False,0,1,0,0,0,0,0
8947520,1,17,7439040,68466c77e83e4637165c80031f06d66434063535218bb03dc14aa4881acda1da,True,,False,0,1,0,0,0,0,0
8948424,1,17,7439040,e351275b98b6e39c03dac5ca25dd0a754afc40bc385378a428fff36967e25f7a,True,,False,0,1,0,0,0,0,0
8949247,1,17,7439040,fb62b25158a5fa8ca96fa8da849dc877243b57b8eb285894ef05a7d895c9101c,True,,False,0,1,0,0,0,0,0
8949925,1,14,6312960,4f1569af65efea9603bfd6424597c6c2080f3179f38d82a457f0d3f2e1b98829,True,,False,0,1,0,0,0,0,0
8950568,4,17,7439040,d3ca2f7284588c2751787b22d206850bf6434ecf1273d5551f35f3b510267811,True,,False,0,4,0,0,0,0,0
8950853,1,17,7439040,ea5033100ff7fbfb40cc71fe0dfb1e7ed5816acae13b5e9019f243acbe3f0934,True,,False,0,1,0,0,0,0,0
8951205,1,17,7439040,dc9ee628ed6742c53728f7847e2769a52157235aaf64ffaad5e8eb9e0f019455,True,,False,0,1,0,0,0,0,0
8953059,1,17,7439040,5ff5b7d03213abdf09498203e071aaf292383f9b70cf83f61bb602ac10a3af3e,True,,True,0,1,0,0,0,0,0
8953257,1,17,7439040,4b3f73bdf4bc0d253760a0455fd59cde459db9fa0013240494f431b08db782d7,True,,False,0,1,0,0,0,0,0
8953296,1,17,7439040,c392481ee46a2abf71452c230eeec5c2ddf7c762d8717d5938380488d1009690,True,,False,0,1,0,0,0,0,0
8953414,1,13,5509440,53309da3267e830aa5181d578e24e007ff600c9c26bbd8dac26207922dae563e,True,,False,0,1,0,0,0,0,0
8953426,1,9,3798720,1721ed04cca0b4011ff49cbb95c24a6234f6019362648d83236563b53f01589c,True,,False,0,1,0,0,0,0,0
8953475,1,9,3798720,fade4b1219313129097fb8755f05fc8edba85189775dacd6c3495561a2a42798,True,,False,0,1,0,0,0,0,0
8955709,1,13,5728320,8a88d17a2b571225b09859297fbeec2f6288963fc7377773bab1442913cb39bb,True,,False,0,1,0,0,0,0,0
8956206,1,17,7439040,852bc3abc907cfb576e4722eb2dbd95240341b1573160d9f588dd38298c95adc,True,,False,0,1,0,0,0,0,0
8957572,1,17,7439040,ebd3dc465cb8dace7cbff6968324a6434de9ed76c070c1e8971d06c0b45ecfe4,True,,False,0,1,0,0,0,0,0
8957954,1,17,7439040,9065f31b3140a3a05c4ee824f46bd000c4c8f60cbaa6de9e8cde6cb0dc055c38,True,,False,0,1,0,0,0,0,0
8958035,1,17,7439040,5f32596e18c844ee94937700dd7f3017a02ca4f34309a846b3e4d0138e00e83e,True,,True,0,1,0,0,0,0,0
8959839,1,17,7439040,85925f575ffcb5a1cd09bcf1b72156a69b0ee20128ac5a0a6ba740555c6644d4,True,,False,0,1,0,0,0,0,0
8960918,1,17,7439040,ee777db3fbdfb8fc3f458f68c88ad53629a049650dd7809a0e043350edd6357e,True,,False,0,1,0,0,0,0,0
8962007,1,17,7439040,14d601358e933a1d4354dbeb1b6d4c18f915c677b522cbba6339622b4ee63eff,True,,False,0,1,0,0,0,0,0
8962094,4,17,7439040,9e03aca563e594254bc9e10fd3a2316e91ba5a40edd9f0a4319c0ca680670314,True,,False,0,4,0,0,0,0,0
8963721,1,17,7439040,99617eb1d5dbced2854f5f1539e960126387753c2e2bbe0d4b15da4b6bc2e48e,True,,False,0,1,0,0,0,0,0
8971432,1,17,7439040,6d610d93a8fd3cb3d513713d651f607413f872acdd2920a0e83483c35e6d8832,True,,False,0,1,0,0,0,0,0
8972058,2,17,7439040,489631218c7049bc6aab5f8b46e32749652569c74972a4b0bdadb8423385b8eb,True,,False,0,2,0,0,0,0,0
8973129,1,17,7439040,2c8714df7661f06cdd990b161670c99f45fe379aaf9f52946a06c7a074c8208b,True,,False,0,1,0,0,0,0,0
8975368,1,17,7439040,d8c323b0834b58fc78f143f7c8474efe959a1a4e33ded059966ee50af60d78bb,True,,False,0,1,0,0,0,0,0
8978528,2,17,7439040,9bcbc5b0ca46da1ffcb036ca3409f257afde2b3837585e523f5a706c71a2bf02,True,,True,0,2,0,0,0,0,0
8984706,1,17,7439040,3d2b633eb6013b134461ef9d6f585ad095e76fc84a9b875159f530cdb32d574d,True,,False,0,1,0,0,0,0,0
8984755,1,17,7439040,711556d3fd403a07a32dd20741b00cbbebc445246d39f5ae0b421261e2270cf4,True,,False,0,1,0,0,0,0,0
9001468,1,17,7439040,a6959ce3bd2ee45a0d5155ec1c1fce8c1078408b8f149c72ee0bca660148148c,True,,False,0,1,0,0,0,0,0
9002237,1,17,7439040,03612480b235000d7cf2d719548ce3961ffdfd537dddc093d6b9c56f20511ed0,True,,False,0,1,0,0,0,0,0
9002278,4,17,7439040,d0082ae496c25c54b55b40fc97d0988377898041d016e40a0445c4dbb0ec856c,True,,False,0,4,0,0,0,0,0
9003401,1,17,7439040,7b383fd0b9f6b62fe890ef6adb90c05a4d3f35d4fa29bcc9d03fa27bc4c3e99b,True,,False,0,1,0,0,0,0,0
9005854,1,17,7439040,01641e1c51693d6fbc74eb47db2a5a2aba957efc7ff58ac8dc46e5f6623603c1,True,,False,0,1,0,0,0,0,0
9006186,3,17,7439040,4bb0c10b35d97e1c31c28b78c266d6e38eb86da8c9a41745031c38d7a02deafb,True,,False,0,3,0,0,0,0,0
9006449,3,17,7439040,6cd58e7e5a2a88b8c90347ec18272718fbbe311297f399d0f0ab609a01b3e7fb,True,,False,0,3,0,0,0,0,0
9007609,1,17,7439040,79493ed414a9059bb806911a172d21904de15d8d58244c0a1a1a05d8123867d7,True,,True,0,1,0,0,0,0,0
9007918,1,17,7439040,fbb13175e65caad33e979ddb0cf209b936a30be93684ef6f9cf088a6aa2b0349,True,,False,0,1,0,0,0,0,0
9007953,1,17,7439040,ff5ff20806f2995a6aa07d0d239db2003f6def678c169a674194cc12b9753241,True,,False,0,1,0,0,0,0,0
9008220,1,17,7439040,e44686d8185a3bb4c22ea7b8d89f0276660005fe710792fa65aea741d4fe9ec9,True,,False,0,1,0,0,0,0,0
9009036,1,17,7439040,fdb08fc14e94e1a031c7d7b037c3b9fdb4bea26fd793462b4f40089d163b09fe,True,,False,0,1,0,0,0,0,0
9009953,1,17,7439040,92402637a7fdfdb08536476584f657a6cd099d6a8bcbeb6b49f6e8b0470aff99,True,,False,0,1,0,0,0,0,0
9011825,1,15,6612480,1d725cd4343fb83f7f65775f6c36640b45ff68717dba1c2198658c3920f4c6f6,True,,False,0,1,0,0,0,0,0
9015738,1,8,3640320,ad8a7809c04f60af448d83a6f289c430c4104d923365ccd86c2a85f54c8a92cb,True,,False,0,1,0,0,0,0,0
9016295,1,17,7439040,c5320064b060359e6dc6ef197938e9e578f1d8b4ca471b13ea2d849e7d71ef45,True,,False,0,1,0,0,0,0,0
9020114,1,17,7439040,06b6881942d3fb7d857dd092d4706a79cb8c5b205cd3bbf40355199a4672bbe8,True,,False,0,1,0,0,0,0,0
9020160,3,17,7439040,eea36477d95c88b9159391ddae580794579c86d6afb36cb6d69dce2c3be15ec9,True,,True,0,3,0,0,0,0,0
9021047,1,14,6312960,cbb20dd017f032f176857b37b4cb09326caa0a6de4de35fa6221d9b544203516,True,,False,0,1,0,0,0,0,0
9021075,1,14,6312960,bb5e1558fd4ec0dae63b61ad0a2e2306acab584edf0d4b3f867cf695b061648c,True,,False,0,1,0,0,0,0,0
9022166,1,9,3798720,d5392765a3b046a3a167c84411a5aac92d1a21d4ff1d7989b29e5e8b80c35914,True,,False,0,1,0,0,0,0,0
9024857,2,17,7439040,1e0723e26208c5ebd763ce45d72dc5f2804681932614caf345826361881bd029,True,,False,0,2,0,0,0,0,0
9025914,1,8,3551040,d806cccd65a99d1b27b4717897c55baf38d1ef4eda816c9cdd3e24cfeda07ba5,True,,False,1,0,0,0,0,0,0
9025922,1,17,7439040,88d4148debfe810be7d83e4cae965c2f1ab652fa64101f12b4f9ddd6031705ee,True,,False,0,1,0,0,0,0,0
9025971,1,17,7439040,57bcc5c82a902e6c6090efd096ecc39cb12883181c44cce40c44ea3892434ad3,True,,False,0,1,0,0,0,0,0
9026007,1,17,7439040,daa3d9639db89b87406a3cde584b35ec77d2e1b7007ccfe0f69e740b874cd589,True,,False,0,1,0,0,0,0,0
9026749,1,17,7439040,2251dfd4bcf03cb32e827eed123355a5df0ee47a1ec25b0375557f05d42ebd1d,True,,False,0,1,0,0,0,0,0
9027841,1,17,7439040,535e3def5e942e57ee71f49215fa5befbf86bab1c772fe22ee73984f612f0cb4,True,,True,0,1,0,0,0,0,0
9027909,1,17,7439040,aa9f5700ed78d960bf5deee9b8c92a5ccd99e5fbf0f6dacaa23fb804428725d6,True,,False,0,1,0,0,0,0,0
9028474,1,17,7439040,181380af29ebe087c47a752962792725fbcc680ed34a67faaf882abb3630a052,True,,False,0,1,0,0,0,0,0
9029486,1,17,7439040,705505b00da2538575cb188e1c05e5b62f0b81dcd3047c1efae1a395c3a58169,True,,False,0,1,0,0,0,0,0
9030537,1,17,7439040,93ad8bcaea977089df411560daf8cb4024f5978c9895b447931b17edce3f8137,True,,False,0,1,0,0,0,0,0
9031209,1,17,7439040,b1e08dac0751cd1113cb1304f956bf85a6d56dffeaa60e77c1ad2b0d3ae66a07,True,,False,0,1,0,0,0,0,0
9034103,1,17,7439040,f98daef991101ba89f4f23301d1283758350cee8d44c25c66debf5994500dda2,True,,False,0,1,0,0,0,0,0
9040849,1,14,6312960,11e112d19d3bbd57c5bfd718d8fc52440aecdea29ee42deafe3d353a634f5a83,True,,False,0,1,0,0,0,0,0
9042357,1,17,7439040,799f03822b2f7b20355d472486bc3a0f8a0161ce0cefd5866625e2d7356d7985,True,,False,0,1,0,0,0,0,0
9044228,1,17,7439040,bbb3bb02b629d790e195171e9b25b2d2ebb67ff22b16da15851415e33fee777e,True,,False,0,1,0,0,0,0,0
9048145,1,17,7439040,df1fe86e41b506af8ed96c8c7cf891c50dfac769a5c1459a8c2f3f3c0dd0a8f2,True,,True,0,1,0,0,0,0,0
9048161,1,17,7439040,723739cbc5363a1b04bae444d51db66bb49d4cc12a2a5b33f6732aa8af1ddb59,True,,False,0,1,0,0,0,0,0
9049010,1,17,7439040,71bc3fed55eac81f2a167acb0eceda6c0be46227491acf59650ff5f494e291a8,True,,False,0,1,0,0,0,0,0
9049550,1,1,449280,7a6801f9c83dfdd90291d6540f0b4d039fac7810f0b4fe798e23a6f089d04beb,True,,False,1,0,0,0,0,0,0
9049673,1,14,6312960,bcf817c571a8fcbc42272e3f91954a5c741bce509f0806428ce5a625fea5340c,True,,False,0,1,0,0,0,0,0
9049697,1,17,7439040,6ee85b6a710dd60de837e8b32bf910ea4584c7184a3ab203191deacd2b30902b,True,,False,0,1,0,0,0,0,0
9053086,1,8,3551040,b4f3daa751db7fb2859fa5b115d616399ebbc7bbd32900b32ae80b7b31f923be,True,,False,0,1,0,0,0,0,0
9053112,1,17,7439040,648cb23e25ec26f9148b069b042b792a472adfbe54984d33352356b7c6d1b460,True,,False,1,0,0,0,0,0,0
9070666,1,4,1946880,a53a14928c8271915a0302fb1344add9aa4913ae8d89136e12cc79afafe8b5f1,True,,False,1,0,0,0,0,0,0
9071386,1,17,7439040,d2d541bee7f9548fbbf22f7eb841d7feebb64422f55d622778ef95bb6f136c19,True,,False,0,1,0,0,0,0,0
9071593,2,17,7439040,df97bbca02c1ee32f3fca054b30e162284d7671917990a61d64b624a64206551,True,,True,0,2,0,0,0,0,0
9072190,1,17,7439040,d024e97d79ca15ebc99c43037f3dc4e9d5c2edf41d10b5424981496a2c3c3be6,True,,False,0,1,0,0,0,0,0
9072639,1,17,7439040,7aefe3ba0d783e772c1a0f72b6e321d0bc69fc51cc02d020260d7d502300911c,True,,False,0,1,0,0,0,0,0
9075882,1,17,7439040,e26934517bafb7d80c4fc6a605f850732d32b494102e57e8ae633b425ae54cf3,True,,False,0,1,0,0,0,0,0
9076513,1,17,7439040,2dbfff3445d1c509841ed34db361a8a48c1bd3213c7e4b114f20dc1feaaf0ba8,True,,False,0,1,0,0,0,0,0
9077124,1,16,7246080,3c18f22fdd33431adbcc1752a723dc6e387a7f7c9e8c5b3abf01d323b05eda03,True,,False,0,1,0,0,0,0,0
9079587,1,17,7439040,9bab91c1c66a9b01f647e053522aa2585e7b9799130e87c3aff161d668c46f74,True,,False,0,1,0,0,0,0,0
9079915,1,17,7439040,ab6496a6fd8584451817e3d20ad423417e676d2049ec99f8e9c5b25c639ff4a5,True,,False,0,1,0,0,0,0,0
9083470,1,8,3605760,9bae7c0b8eb7c8978c60fd13aade1c5e871028416e6215b1c884204145c9e95c,True,,False,0,1,0,0,0,0,0
9083503,1,8,3605760,622010d4280b32e6603f6050f29b3e4682e2e244931f34bf9bd7ae2c55c03154,True,,False,0,1,0,0,0,0,0
9083564,1,9,3798720,bf39aac512c3eb0e245f143121e6360a046a0334ea2bae79f783525da27a17d3,True,,True,0,1,0,0,0,0,0
9084778,1,17,7439040,894fca4eb2aa282c8fed463840fbae1367e0917d8d185466ae5bcc50d155eb77,True,,False,0,1,0,0,0,0,0
9084832,1,17,7439040,06f2137611b795d2808093ce48703828e6b794b667300d66756dc559c7520530,True,,False,0,1,0,0,0,0,0
9085563,1,14,6312960,1308523ae3b1b9bab01d02ed41238999baa30d0b6780edbeb0fc8e3687781d64,True,,False,0,1,0,0,0,0,0
9086251,1,17,7439040,382da090eb9667f6e744b5394dbb8872a888b9679cbd1bee88f33b617979a42b,True,,False,0,1,0,0,0,0,0
9091755,1,17,7439040,080cedbf369fb1b3170f6a384afb57b6510571225887232344ee356d6b1fe974,True,,False,0,1,0,0,0,0,0
9092504,2,16,7246080,0f8483fcec275541bc09b7e602b0a963cc7ac376261784f8c57a10906ef95b2a,True,,False,0,2,0,0,0,0,0
9093566,1,17,7439040,a56009c297c3697e8dc22962ed337586bc9db2725e84d3b01d33908ec564cdb4,True,,False,0,1,0,0,0,0,0
9093859,1,17,7439040,e397602426d2e10b3597024acd7751550ffa549a57347a507ac28f05c2c23f05,True,,False,0,1,0,0,0,0,0
9094763,1,14,6312960,66f9ced725ba0c784de22fd4ac8733598fd3c5a73676a8b7d87f4640f481a1fc,True,,False,0,1,0,0,0,0,0
9097120,1,17,7439040,39f92508254b6679370f9e813af1e859f4f476cfee9016a7af7b642824fd1aad,True,,True,0,1,0,0,0,0,0
9097892,1,17,7439040,29f31da7898ed45186dfb4c6c52722765e08f81ac740b248a11947ba4ed85ea5,True,,False,0,1,0,0,0,0,0
9098810,1,17,7439040,38049c0282734342fd209bd09afc1af15006fa3235058869daa7c1820e398b7c,True,,False,0,1,0,0,0,0,0
9099950,1,17,7439040,878ded2d3f9ec1df561bf649a6760f7f2978be8e7ede1569869f3678050da89f,True,,False,0,1,0,0,0,0,0
9100953,2,14,6312960,a8526d8d44e2784a3ba24f7f8ba13d63fd1bf06d9caa9ba4aa1e583371dbc546,True,,False,0,2,0,0,0,0,0
9101208,1,17,7439040,1dcfbca16a4fc06e935a16acfa377e18afa2ff7583707450c96911f0114b25f6,True,,False,0,1,0,0,0,0,0
9101271,1,1,486720,6aa97d11bb970ed7ff6fcdf5cc11b318d4d9501a0c34ee2a8a7b0ac7bd62344f,True,,False,1,0,0,0,0,0,0
9101279,1,17,7439040,810bbe655bd68f74fd30832f0f1385ed85891dec8fe43fa890e61e17d1e38940,True,,False,0,1,0,0,0,0,0
9101400,1,2,636480,c1e284770ad312d73e9b16a3cc6f8824c0a3093c95f7791b3c4d1135367e3f54,True,,False,1,0,0,0,0,0,0
9101496,2,17,7439040,0667c985a67ac20e9a3e2f684540ee521c0a4ff4702f5bdad3bd22c0a18474cd,True,,False,0,2,0,0,0,0,0
9108058,1,2,636480,5d57cbb9a96bd6c2e501cf54811c14d26965a30a08c04d853b7a09c9386084fb,True,,True,1,0,0,0,0,0,0
9108085,1,17,7439040,c8504f99cd22f30e38476cfd76eec59d7ca085f191c9847d2498c3f50443156f,True,,False,0,1,0,0,0,0,0
9110346,1,15,6779520,789ed3fd43bd51a561c0812327d82c09971244fa21242568c9a621939f6f2806,True,,False,0,1,0,0,0,0,0
9110357,1,17,7439040,0fe633fa2ac6662649f172758027c45720f84734b662cded29a3f6d3ab6d9f81,True,,False,0,1,0,0,0,0,0
9112931,1,14,6312960,894bb5a4e16f265e6d9115be65577ece99c3dc4a8b0e9ad8c54dbe379ef7e27b,True,,False,0,1,0,0,0,0,0
9114508,1,14,6312960,4687238a7278167c3961586ae25b2df0f1362791010374e4e52f0514c0474849,True,,False,0,1,0,0,0,0,0
9115681,1,17,7439040,89095e71ee8eb3562d488d2236e2dff515788fe2ea16e71d2e702b04b26e14b7,True,,False,0,1,0,0,0,0,0
9115800,1,17,7439040,5ef04d9c6f4521a4bf78f30933f507daa57a6c3fd9e1b40f184d5bd8e3c30596,True,,False,0,1,0,0,0,0,0
9116075,1,17,7439040,b5128294df7c235a778f83c2fa16c054fa14a58a73ec5893a074232e21304be1,True,,False,0,1,0,0,0,0,0
9117416,2,17,7439040,7d6b3231e6b281d17e8828bf3bba8a63f5358935f53ce6507e78aa78924f8dd5,True,,False,0,2,0,0,0,0,0
9118340,1,17,7439040,d82fb1cbea5cf23dabe0ff79d1fbbcdfbd6ba99fac9fdd4e439b51ae1aedf9f3,True,,True,0,1,0,0,0,0,0
9119405,1,17,7439040,5d3c19dfc694fcb5e09207e298ea0d919e5a1be165ea5f7811baccf291ba1717,True,,False,0,1,0,0,0,0,0
9119458,1,17,7439040,40fddaf692859ac442336f2a808fce9b0585539e10bbcce393cd7d770d8fdb5c,True,,False,0,1,0,0,0,0,0
9119568,2,17,7439040,2871c95bc8a121ae2e71f22aa2494bdf5b5266456021016a412d027577096c44,True,,False,0,2,0,0,0,0,0
9119652,1,1,449280,6acd06c8b42393e82dd3cdcc37723975f8e7e76e12a8793ffe8534344172e1ac,True,,False,1,0,0,0,0,0,0
9139084,1,17,7439040,19f6e776274b201e01cc54b58d0228a7de625ec34cf33fda67def2d63a5efb0f,True,,False,0,1,0,0,0,0,0
9141355,1,17,7439040,6e6063a92b4d38d803a457f5c3d176ade5d83e3a453a21907b34591beb1054e5,True,,False,0,1,0,0,0,0,0
9141746,2,15,6776640,8232af99a68d21887072db222bc3b6793d5f02c25de2b21a07d8194fbdc155eb,True,,False,0,2,0,0,0,0,0
9142225,1,17,7439040,62a7c47e6e951fd5cd1f9403d37d6413f48048abe57dfa0f58f47dc08998ab66,True,,False,0,1,0,0,0,0,0
9143254,1,17,7439040,f897e6b51c858cd79ba43ae2960a5626b4d40841a003cfd68f2e0dc23cedd168,True,,False,0,1,0,0,0,0,0
9146018,3,17,7439040,40bc57c21b20b8329b31da14e0d51559182b510a1c65cde3ef04a5ee0a1cc06e,True,,True,0,3,0,0,0,0,0
9150827,1,17,7439040,0a8da8b379917040b5f80c83883a096b20bf0ca7d931741173c7287e4e683c54,True,,False,0,1,0,0,0,0,0
9153554,1,16,7246080,af1a1eb809fb99fe2f391d86d868020d4bb1b0ed5108a4a13b8b37990b6e5d84,True,,False,0,1,0,0,0,0,0
9153570,1,17,7439040,19493889f829ac5bf2eca83b58907500cad6fb234a59245b1342c0e646294dbd,True,,False,0,1,0,0,0,0,0
9153823,1,17,7439040,58c31f740fa090377e0c5df24db15bd0041362acaa65c59dfa75c61d13b0f02b,True,,False,0,1,0,0,0,0,0
9156585,1,16,7246080,a62c472cb6145aba6a218b07f8fd86bb5ae50f8d6739ff73205dd1b2b1c5da81,True,,False,0,1,0,0,0,0,0
9157634,1,17,7439040,162225684b62c1525910589a21890368da2472095d5129d7f8d7a18cec18d239,True,,False,0,1,0,0,0,0,0
9157908,1,17,7439040,0078a546781011e1bfb3ed5c0bba93b90149757e4826c3f08b5390c8b77b3199,True,,False,0,1,0,0,0,0,0
9159198,1,17,7439040,b2b8030f4372587dd00175c653aeccbd641bfc88895f1062d2ec535466c8f7c0,True,,False,0,1,0,0,0,0,0
9159242,1,17,7439040,04b13ca0dbb878e3854df9c129c01c147ecb3b975b521f2efbd0b88a1e7e135f,True,,False,0,1,0,0,0,0,0
9159265,1,17,7439040,23dfd653bf194f12413a4f8714177a27671c6d13fd0dc6123903e7f20fc7aee7,True,,True,0,1,0,0,0,0,0
9159275,1,17,7439040,0e978de34b00e2d0ffed15903a14f59b7878fe402e1aa48e73a27cb2cadd586e,True,,False,0,1,0,0,0,0,0
9159301,1,17,7439040,63802f0c4e213d020d19e6bbf8ecfb4a5fbd770af3af861f39dcbf120289a69a,True,,False,0,1,0,0,0,0,0
9161118,1,14,6312960,36304b92d8bd31925c00fe35453dacf1249ed79a68c8a9856ec2b8514f5b80de,True,,False,0,1,0,0,0,0,0
9162741,1,17,7439040,002b5d4d442635468c81258a2e63fb3ea43774d52af08e4fc4815a18a9c151f5,True,,False,0,1,0,0,0,0,0
9163674,1,16,7246080,1fdd2c2ed2b0253bbce90fc15bff6cde4a17bd18012664917ffcfb1d5d922550,True,,False,0,1,0,0,0,0,0
9164836,1,17,7439040,bc0773d41f1d7572ef8d9befffc5b1597e0d1522381ae2b860ea19dd0b0e4d68,True,,False,0,1,0,0,0,0,0
9166862,1,17,7439040,064aa5d9a664ee08700130f9349780b4607def57ad6ae57a99e89812c8dca270,True,,False,0,1,0,0,0,0,0
9166870,1,17,7439040,fa34775b13a5d311c33352f1fc37367935b914bbd3f5696be3903c0a9e5d4e8d,True,,False,0,1,0,0,0,0,0
9171801,1,7,3096000,0795610f386b6a079ddaa5398379ce4b72ec472714b619ec4ab523b29e793a4e,True,,False,1,0,0,0,0,0,0
9172506,1,17,7439040,ec150f1eea80d96f32eaed0cc6a1bc3952b22130cb7a2161721d2939612a2723,True,,True,0,1,0,0,0,0,0
9177629,1,17,7439040,7fca3713ddf2ab1291cd5be39cfc60d8b5661784224230546bbf23e0556686ff,True,,False,0,1,0,0,0,0,0
9178185,1,17,7439040,bb5adb2408c9086fa4cfba02d1443418428d63a232fdda5955c2c47938b24923,True,,False,0,1,0,0,0,0,0
9179531,1,17,7439040,7a0e294e46e5c9772ebf08280115a3abbc67abba350457c202597684924734be,True,,False,0,1,0,0,0,0,0
9180282,1,17,7439040,d3c51ac18980b00a9cc11a99b3982fb02f26b407182486627d526e32de284c27,True,,False,0,1,0,0,0,0,0
9181340,1,17,7439040,9f2fab805719267fe0b97950e965389e7cc103267e58b148e3062e87014dea31,True,,False,0,1,0,0,0,0,0
9183378,1,17,7439040,2833d7b12a8e176be78ef80dbeaeb13de82e71deb97dd508b1ec3fa0ae20da1a,True,,False,0,1,0,0,0,0,0
9205907,1,17,7439040,9da32746e11b93129d3d1b5d8f0f0d8661e0e9cd172d711b756aa17d69075fba,True,,False,0,1,0,0,0,0,0
9205938,2,17,7439040,9bd88ee4bb3385a5e4c9bbceddd6e10532a0aae4f8e0234cb4a28bbe7f8ac01b,True,,False,0,2,0,0,0,0,0
9205993,1,2,636480,c808d82a96185024b08a019dfcda77e6fe9486ffcdc2934191908de5b8440694,True,,False,1,0,0,0,0,0,0
9207508,1,17,7439040,f1db2a6dbaaccd9bdfee992d0a3c9660fecbc92c15d14bd8e60c518e4cd102d5,True,,True,0,1,0,0,0,0,0
9209624,2,17,7439040,8f5494b480b9d480da424d4b09e3df6341dda2c7df25a92760003b074bfb6555,True,,False,0,2,0,0,0,0,0
9209808,1,17,7439040,1b0fb0e07a770fe7251e62633fd0954c5ff39ed4350c757ac97ef1e9c1308277,True,,False,0,1,0,0,0,0,0
9210387,1,17,7439040,567ca18c94c1e7bf33b3812a9572e66807ef3022e872840c884d7174e9a86e82,True,,False,0,1,0,0,0,0,0
9210823,1,17,7439040,6b1120823808e64a0b40a5169a865bc493c423410c333da4994d76c733a75851,True,,False,0,1,0,0,0,0,0
9210828,1,17,7439040,aeba38795804cc7d7d15ba9ece75fc1cd3fdfcd27dff6ab5ab4e5332b276c2ed,True,,False,0,1,0,0,0,0,0
9214712,2,16,7246080,5ea81074cf42ce8bf90cb2ac29a7294e7debd7c4da68bb4dd88a5f33964fa040,True,,False,0,2,0,0,0,0,0
9214713,1,17,7439040,5e5d690c6f7bdac884b0d19ee8158d1c6dbe3bd3bf233643d21f6dd270892c21,True,,False,1,0,0,0,0,0,0
9214715,2,17,7439040,224c5a03c74d07326758d580d2bf13a2d9ff8422059aee985ca5a4c3ca0b32e1,True,,False,0,2,0,0,0,0,0
9214942,1,17,7439040,2c95f37fc24ed073572202ca6ee132db4509e0fcc1f93aa3cf0f8267d3404083,True,,False,0,1,0,0,0,0,0
9216775,1,17,7439040,9c2425c8ae306b3914d7e9232ce5b1ffbf40eeedccb5e5e584f90f65686244a8,True,,True,0,1,0,0,0,0,0
9216810,1,17,7439040,55b8f3136ca10debed6252df8afca7db882759ad29553c276a69198fc36011fb,True,,False,0,1,0,0,0,0,0
9220612,1,17,7439040,95aca8a9c1127bca1e42bead4ae294fdea6976edb55466c8026c225246129547,True,,False,0,1,0,0,0,0,0
9221398,1,17,7439040,08ed21ce8acf71b85273f8c4a28300dc903ceadaec0f62f9e43db74bc7e3d643,True,,False,0,1,0,0,0,0,0
9221517,1,17,7439040,8a0705578ac08a50eee256517d7771f0c7172589e8605274fd63c96491993a16,True,,False,0,1,0,0,0,0,0
9222516,1,17,7439040,43e7443539d69605328b0c5d7aac885fbeb60a9ed7e23142346d51a78e7b49d0,True,,False,0,1,0,0,0,0,0
9225395,1,17,7439040,537ae2aa11623ac7168fbf3cfa0afc81e0ca8389008f7a694b26db202185c39a,True,,False,0,1,0,0,0,0,0
9226339,1,17,7439040,4002524b5bef85dcec07c94a689e4344066e40983cb046a2b5e90599fa536b3f,True,,False,0,1,0,0,0,0,0
9229657,1,17,7439040,894fa67076d2c93593cb63d05dc8498f1e725aabe14149a2f7cd6e4dbee820d1,True,,False,0,1,0,0,0,0,0
9230021,1,14,6312960,66cf66576e2d7d9afd9a9bf9f0aafd831d3c7037c1a0901177912f10ba67ac38,True,,False,0,1,0,0,0,0,0
9236858,1,17,7439040,b34c92f9c3164fa5867f2d847b9af75a10af4dd8d13160d39cbce65110553829,True,,True,0,1,0,0,0,0,0
9239670,1,17,7439040,28372b7064519804a2d67f5899e4622785937958827f8bf319854092558e7213,True,,False,0,1,0,0,0,0,0
9240664,1,17,7439040,f98838932b7d8f98779b62502de6d7bd297444aa53b5fe6bcadf3c3400166240,True,,False,0,1,0,0,0,0,0
9243795,1,17,7439040,9d5158332ed9baeedf87282d19badb207a98c3f2466ebaa52fe11a20a3c6da30,True,,False,0,1,0,0,0,0,0
9244508,1,17,7439040,cce11d04f9b3f41e37d12b0a0343d1a33e88e05ad7e4b3e800157780ffc4f35b,True,,False,0,1,0,0,0,0,0
9244756,1,17,7439040,75eafb1000cef1b5fe7db9f42773e9462d52ce2f0ce9b52e41370bbf4993016c,True,,False,0,1,0,0,0,0,0
9246715,1,17,7439040,67ba13dc310e9f3ccbcdaf571f03fac7604f10074e05ecadde1b9eab7eee9ad3,True,,False,0,1,0,0,0,0,0
9264949,1,16,7246080,3739c7e39f8288e9ae021ad318ebb5747b0e9f46a8b706d0c0a7a7fbbd8fcc06,True,,False,0,1,0,0,0,0,0
9266285,1,17,7439040,28299cc3177ea36f1cc544e01688591a43e0b3d5f4bfd983914909a98740395b,True,,False,0,1,0,0,0,0,0
9266431,1,17,7439040,60c717a724716262bfb8dacc44d42e5b5907befd5c12d47eac9059801a25e503,True,,False,0,1,0,0,0,0,0
9267996,1,17,7439040,d61529dc68fbc1bf550d8cbf5936b6e3ae585e92dfd405c6f624a333ac224074,True,,True,0,1,0,0,0,0,0
9268456,1,14,6312960,16a460b4eb781cd3b9feedd5d246652d8c3c1547665332c13f05052d00df5622,True,,False,0,1,0,0,0,0,0
9269042,1,17,7439040,5716bc15f5a0717505afd608281f10979523eca15484e0bbfc4f75653ed18ef4,True,,False,0,1,0,0,0,0,0
9269281,1,14,6312960,d8283cf1243bf9b1b383a6b1c1d8443e11204b1510cd39a0b6e8943ead1013c8,True,,False,0,1,0,0,0,0,0
9271752,1,17,7439040,c59ed2c6fbfe23fc544a4ae2de79eb3125d67ea7c858dbc31bfe48c1002ec361,True,,False,1,0,0,0,0,0,0
9272070,1,17,7439040,cfe090ec4b802e1523f02cbf787ac29837f694d269d30de76c41d092db851e92,True,,False,0,1,0,0,0,0,0
9277896,1,17,7439040,6091bd37401ea11eedbd718a0c742832140e0b62b171fa00bdc1354dbc9410c6,True,,False,0,1,0,0,0,0,0
9278021,1,17,7439040,bd315c2802904a546895bb36959346086d9ad2bffdaa856e6fd84d3c189a259c,True,,False,0,1,0,0,0,0,0
9278553,1,17,7439040,cff8755154d51f9922b961ade6bcd7e853ebb08de790489bb44bec4fc1096ce2,True,,False,0,1,0,0,0,0,0
9278725,1,17,7439040,342b1d6a773f35d834a07e80f087c70e411f1d08e50ed3e100eaebccff2b1e32,True,,False,0,1,0,0,0,0,0
9279354,1,17,7439040,6947adcf0d6b5ebfc7defd68b8f53ef9730772145e036359643a777cc3a110c8,True,,True,0,1,0,0,0,0,0
9279669,1,17,7439040,f69f44de3381e0c0c45f687f29b41213e61d3c798a0e02c4d04cc7393e47c752,True,,False,0,1,0,0,0,0,0
9280239,1,9,3798720,1422ee97a0a79094b78df7fdac4418b8e3369779f5fc65b74bdb7265c3c8d3ac,True,,False,1,0,0,0,0,0,0
9282687,1,2,636480,3632728afb174209cb1d19986540ac63e56e311b76fcaf569c32b77e2a79c99d,True,,False,1,0,0,0,0,0,0
9282762,1,16,7246080,c5e5e2e615081143f3cd5331b5aa6a25e7d2f93299388119668abacb9b9ef620,True,,False,0,1,0,0,0,0,0
9282769,1,17,7439040,c3f10cca56a18fc6a15e1ba0c8d3889ddc52115ca5f49a05807fd86f8a77b8f7,True,,False,0,1,0,0,0,0,0
9284741,1,17,7439040,c596c607ae7e7f912d51ce3229f04a19e5b901a9fee016d79ee421eeebe33fec,True,,False,0,1,0,0,0,0,0
9285265,2,17,7439040,b68f2b4a5171cc1e675505bf9c5e712f5bf8547002e81ebb7227ed6d1868803b,True,,False,0,2,0,0,0,0,0
9285568,1,14,6312960,4fdc05dafab325335c582a3d4d779057132225586b91ea5004f885ca280d6cdb,True,,False,0,1,0,0,0,0,0
9286728,1,17,7439040,c0242c11478898c9676afd6eb45bb866a8d7ab2477270a48969be14af766a13b,True,,False,1,0,0,0,0,0,0
9288786,1,17,7439040,cbd2e1e1d5d396e201e217b3e6e1cf345ff9042dd96a4a6e7d270ee7f8125e1e,True,,True,0,1,0,0,0,0,0
9291039,2,17,7439040,9f2c62b4ac4d4002705f99ddc9ea20e1caecce80ee7ab29352757b98276414bc,True,,False,0,2,0,0,0,0,0
9291368,2,2,636480,e63670e4e4aa7cda66932c35f99d33b6e4aab0934609324d9873ed19cbab540e,True,,False,2,0,0,0,0,0,0
9291378,1,14,6312960,cec4e39a42cac521965a5b9014b928dc18c23f0518e07e34807f15c7af295b61,True,,False,0,1,0,0,0,0,0
9291629,1,17,7439040,7cedc2414534186258e0a7f6f2265e2a4fbc99ae3bb3dc292194d3852fbb48ea,True,,False,0,1,0,0,0,0,0
9291748,1,16,7246080,fd5434cd7c222e60b8f0d64e22efdc5cc6ebdfc182e8bb11efa8e4447d724d90,True,,False,0,1,0,0,0,0,0
9300285,1,17,7439040,c3fd09d5d39849c8d93c73912a6f625922b5936782a611869dd550f93317536d,True,,False,0,1,0,0,0,0,0
9301506,1,14,6312960,1e8bb90cdabccdebc10b5e91fd359f54d5628b47f1526435c58e48cb9a51e832,True,,False,0,1,0,0,0,0,0
9302543,1,17,7439040,afa5267b8dcd40cad5827492a6661a7de100395d9abde9838bc6daba5413a551,True,,False,0,1,0,0,0,0,0
9304101,1,17,7439040,d00b3f27114a451a0443d698fe79926989903517a64ebdb3d510ddd36a216cbf,True,,False,0,1,0,0,0,0,0
9304976,1,16,7246080,608e5c9640dc5abc8a6d63038f8e71aa20e75c38731b2205054f3f30daf3de95,True,,True,0,1,0,0,0,0,0
9305831,1,17,7439040,945ec31e2cd3557e05d8ed568424c4d68636e005e33357b9caf05ab81a8a89ad,True,,False,0,1,0,0,0,0,0
9307105,1,17,7439040,570f69a53d15fb872c944c0e5c933d409283ca3c9c40035dda2776166cbd7541,True,,False,0,1,0,0,0,0,0
9307509,1,17,7439040,fd797f482d620a1f62c79990ed3ec5b06c177e7c91e47fe21cafe3cdd59d19eb,True,,False,0,1,0,0,0,0,0
9307966,1,17,7439040,cccf3b285ee1869cea4d5a7aa31664ff48c39d75722399d127ea47b20d59dde5,True,,False,0,1,0,0,0,0,0
9328641,1,17,7439040,d2ca0ac0e2a827e77353e1bd188ac1675a1b8062e7d5dd324d9e8b4250df6120,True,,False,0,1,0,0,0,0,0
9328852,1,17,7439040,54f8bb3655d6884647cf11474c8f0afef22ec71ab5dfa70e97d0b24efff0d8fe,True,,False,0,1,0,0,0,0,0
9328864,1,17,7439040,aba3dbdaa3cd510eaa33b1eb584378a5481cca048e440ccc489bfd8b64d239b7,True,,False,0,1,0,0,0,0,0
9334289,3,17,7439040,0f9851d37caecc60fd2ddad05065b4979bc6fe0e34fb04e544ef5dcd8191473a,True,,False,0,3,0,0,0,0,0
9334490,1,17,7439040,baedf8f7cb8ad1a513561d24a0c71ca79b279f4cb9ae237293108e53941d1b69,True,,False,0,1,0,0,0,0,0
9334893,1,17,7439040,fa2f58ae73fca6aa2bcf0aea3936d0063c152ac0b9ab5fc403bea7f2e2e03729,True,,True,0,1,0,0,0,0,0
9336200,1,17,7439040,aeb38937459ad7c5e3017db45837f62555f55987d3ed8f5741546a73f15f61e4,True,,False,0,1,0,0,0,0,0
9340460,1,17,7439040,25928a82909322ba3240e0334fd91a62068c16664afa328b4c1dcec716b69983,True,,False,0,1,0,0,0,0,0
9343862,1,2,636480,a64a9ada799eb1c0ce7c0cd7f3e03ad9927b037916d2e4f5cc9b2d8129de4767,True,,False,1,0,0,0,0,0,0
9344623,1,17,7439040,a14f9976d1f4b3085843451c9e0fa38f87cb7717e1da01f30117e49b9dd608fb,True,,False,0,1,0,0,0,0,0
9345819,1,16,7246080,474bf4938be246105bcfe641e77fc45e7ddef6937a6c7ff9efbf48ef4b3fc599,True,,False,0,1,0,0,0,0,0
9346253,1,17,7439040,2de4ffeade18ec921f26d502aadf4c33c29f6d821193eadb21cb29233c174383,True,,False,0,1,0,0,0,0,0
9347009,1,17,7439040,21a9ec196747f74af06d5baec144cfb5f72eeb159184c7183023be94821b42a4,True,,False,0,1,0,0,0,0,0
9347066,1,17,7439040,d2e8c4974282b0a0855652ea05aff2abfde0506bca96f07141ebefcda27f548c,True,,False,0,1,0,0,0,0,0
9347899,3,17,7439040,cf8b38e3cb28c911aa4926fade3a36f04ff6750f8c9752f9ed5e38b4b5fdd3f1,True,,False,0,3,0,0,0,0,0
9349482,1,17,7439040,a4c3ed6bc35c1e1014e02051cec92b57f6c0875781c4cfecff63acc1004205a9,True,,True,0,1,0,0,0,0,0
9349757,1,17,7439040,53299f183c57b5e0dc720dde899377cadd2eddc0ff0d21a28ec7a5cfff6078e9,True,,False,0,1,0,0,0,0,0
9351316,2,17,7439040,93ccb985de7e5593c885047d83662c582289c6d338c265eb3e5bfa89d40e420e,True,,False,0,2,0,0,0,0,0
9351920,1,17,7439040,e0f224e17c0d6a242b39c5b7ba2184575cb63e54afeca6f8e746ad5749886fc5,True,,False,0,1,0,0,0,0,0
9353182,1,17,7439040,c57c640e2d9d74d7ffc9903490be015011f19567c108146d7e8b5531e85e8343,True,,False,0,1,0,0,0,0,0
9353314,1,17,7439040,cc09b5e4bacbc51153ecebb5985ff6e6496556acc38832e2ccdce3bbf518de1c,True,,False,0,1,0,0,0,0,0
9353742,1,17,7439040,1cd5060b2e24fb14d237705bc17512f06569d9669dd49bc49e040a83c593238f,True,,False,0,1,0,0,0,0,0
9357275,1,14,5958720,db14278750997cede60af7f5515b4a7f9c1b0f58ffc1852865bd09f8528d9306,True,,False,0,1,0,0,0,0,0
9357375,1,14,5958720,15c349362d325c801b33dc3e382c64761f1d3a7cca749752915ae25cf91222f8,True,,False,0,1,0,0,0,0,0
9364290,2,17,7439040,d08365e4eafe808de4e841fb8e4149aa76493898125d555b6c4431553c34c5de,True,,False,0,2,0,0,0,0,0
9364609,1,17,7439040,794334b168ca9cf6ad36a1cdc2ea593c356c2225cd14607f4c7158373672a18f,True,,True,0,1,0,0,0,0,0
9366617,1,17,7439040,564717e46791fc8d457fa34633b09ae1030da175aa3f2e118b338e6afb427bdb,True,,False,0,1,0,0,0,0,0
9366886,1,17,7439040,66d554739356cbbd5ebd38189a24db9c1fac29b2890bf5b3a60008cbe7f042f6,True,,False,0,1,0,0,0,0,0
9366988,1,10,4415040,aa5c9331e8d101b861a5615052a8a75cacd1ed5c6318e8d04b89d956920fdcc9,True,,False,0,1,0,0,0,0,0
9366989,1,17,7439040,707b50a59da4aa791ced97253d96e5953d4b6d1dfcc1ab7d1a047168aa8bc8be,True,,False,0,1,0,0,0,0,0
9369366,1,17,7439040,0b0850a37636f25c0136fe1e57a02334e15ea4fdf028ebcb8af96c70b69ef7a0,True,,False,0,1,0,0,0,0,0
9388479,2,17,7439040,1e85409488bc31d2c89dc07ddd6633e2ef630504dba391ea4722ce29067ac25b,True,,False,0,2,0,0,0,0,0
9388557,1,17,7439040,aaef12072c96b6edd01b0e3a7aa9527938928c8779a7b8b62ab2523258a86cc5,True,,False,0,1,0,0,0,0,0
9390653,1,17,7439040,68351a57cad09b64ad746c2a8de8bfc48c0745afd66da730f9726e16a80913a4,True,,False,0,1,0,0,0,0,0
9390655,1,4,1650240,bb1cfdebaf3d2587e8ac97c0313d50038dd83fb117ffd958f57a9945eacc7d26,True,,False,1,0,0,0,0,0,0
9391208,1,17,7439040,37d9e6297b39cedad5963d8d1be73f76cff7b6d0e5e38d41bc4b8b2736a8c16a,True,,True,0,1,0,0,0,0,0
9391506,1,17,7439040,5521661c528eca2cfbc109852c7947da9c91b1f5eddffc517959b59f893814e9,True,,False,0,1,0,0,0,0,0
9392016,1,17,7439040,c36b4db0c2c8b14c8638fe9175b63ad58e6537cec31b455fff0215672c99c383,True,,False,0,1,0,0,0,0,0
9392702,1,10,4374720,6da50aea07b1afbf1c37dd7e52505e578ebf3635577235e776622e31e6a43a3e,True,,False,0,1,0,0,0,0,0
9394601,1,14,6284160,7c56932cb73056fac6389a95da76f2e2ade32f2a61c617325f2e64e21d9e88f1,True,,False,0,1,0,0,0,0,0
9394605,1,8,3876480,9c2d27a94a5fa429bf0e9b229ca7745b9dcc4c1a9df8a704296c39a8810b5b35,True,,False,0,1,0,0,0,0,0
9394762,1,17,7439040,9c228515b085262be120856525b052dcee2a9bc1bffcfd8a719957860829e4e7,True,,False,0,1,0,0,0,0,0
9394920,1,4,1800000,ce9d36d1f28fd00efc8e19b9687a68aa197f0f7ccfdec50f782d22a3a91a8d9d,True,,False,1,0,0,0,0,0,0
9395024,1,17,7439040,31e836d46ed9bb09d9ad74df157596f82d086c01c3db1a6b47a655feed66cbbc,True,,False,0,1,0,0,0,0,0
9395719,1,17,7439040,a0a9cbf07e66297cfacd25df498199de14590f2fd1e076b6398a8da2161665b4,True,,False,0,1,0,0,0,0,0
9401997,1,17,7439040,0f90a2f5557d57c668d86141458c37a38111dd125717d1a8d320158fcbb5acf4,True,,True,0,1,0,0,0,0,0
9402583,1,16,7246080,05b8211575405c983f2e641f7aceec051e2fe8c4e7f97837a3393fa513d867d0,True,,False,0,1,0,0,0,0,0
9402670,1,17,7439040,0fc0075eb0701419af84ed5d444fce66cb12d5524c172cb14d86057e26dc2b74,True,,False,0,1,0,0,0,0,0
9405541,1,16,7246080,3c441364695c21a03aa9b5f8fc4de3da09be31c535e42be727eb15e1c8cda7af,True,,False,0,1,0,0,0,0,0
9405595,1,17,7439040,f66b76120b45e2d195985782e3a5ddd82f0d94184ec7f6e2530a8172c9678bb0,True,,False,0,1,0,0,0,0,0
9406892,1,17,7439040,2a328d7a5c3340ae04b9aa7b9745a4b98e6d8833bd73bb40adbf8affaeb663a3,True,,False,0,1,0,0,0,0,0
9406990,1,17,7439040,a75a80ff1be0ab6352218af8ee37049c12d1ee8f4da5fd22908267621c4281ed,True,,False,0,1,0,0,0,0,0
9409493,1,2,993600,8c2ddbe8dd9feee1bba2cdc2f4c1a2a2fc0233074db0d2345a5508192e2a1732,True,,False,1,0,0,0,0,0,0
9410930,1,17,7439040,72a90521c62a988e33bf120f4a7c98eeabf8cd8b1249db79c1b4d985344e0e3c,True,,False,0,1,0,0,0,0,0
9411166,2,17,7439040,a1f18f4de1851f34fb7c1de669ec6cd1db0ded3627875c9f47efc157ae7e688f,True,,False,0,2,0,0,0,0,0
9411317,1,1,506880,e505aebfac008361e1153f0478345e100cadf94e927cd7924bb017bd950f3b06,True,,True,1,0,0,0,0,0,0
9411412,1,17,7439040,cd381c88e327edcba2b9e38d40b299eeb7a4f95c10230082d8e59ded4c50fa20,True,,False,0,1,0,0,0,0,0
9411943,1,17,7439040,7a92d237f3f99a090265be6f0833bb3745ded5a404de036890db121f06f2024a,True,,False,0,1,0,0,0,0,0
9412445,1,17,7439040,cd995cb28cbfcdbd3d4a0929a920b8ba5d43b1ccb22fa4bc15da9967e7ead838,True,,False,0,1,0,0,0,0,0
9412462,1,17,7439040,cee1d4358c1ac360e0619fb47d64bb9f646a16cb82bc873133b6cb62f82de6b6,True,,False,0,1,0,0,0,0,0
9412623,1,17,7439040,e2b5d2b5b6b18276584a4345af3c12f2bf50d593915f0a684f8dfb07872d6d12,True,,False,0,1,0,0,0,0,0
9412760,2,17,7439040,b498519007b6043fef94f2d984afe30d2ee42eb73ec969f7a9a2144ca08f949e,True,,False,0,2,0,0,0,0,0
9415172,3,17,7439040,3f966d4958e334ce25d5328aa1e337c5d9ffdef74cc1dcf20b22be5546edf08f,True,,False,0,3,0,0,0,0,0
9418508,1,1,449280,20ee828617c53ba130637a5ab6065b8854c4840bbedc2888e83c024cd7eebf52,True,,False,1,0,0,0,0,0,0
9418619,1,14,5958720,2951d0c518360a756642040ba937788fe2e84110f6b702308504d90f8a038ea4,True,,False,0,1,0,0,0,0,0
9418994,1,14,5958720,4ddd63d5e522ba3f0be0828ce54eb7e587bf3a8b1f755adf66cfabd18bb4eb82,True,,True,0,1,0,0,0,0,0
9426071,1,17,7439040,c09bd18cbeeff822155149921b3566bd539ed8c102ac8ad37d4f1e101f479887,True,,False,0,1,0,0,0,0,0
9429631,1,17,7439040,a94981d8da1b20020bddd5e3891d590c5bdebe61286a2d86eee211bb53a79312,True,,False,0,1,0,0,0,0,0
9446824,1,15,6776640,d1a74949f380aa4bab37c6e59d1b1506fb96464c2015c36c947180aa8943af54,True,,False,0,1,0,0,0,0,0
9447166,1,17,7439040,d8c5c663091efe520d6748bd0cc554505bf79d30d2a8aae8ba00b8df314c8f14,True,,False,0,1,0,0,0,0,0
9450647,1,17,7439040,8ab9929751901eadc8dac89208a626531d68d2b89af690178ca6823d8ab19740,True,,False,0,1,0,0,0,0,0
9451096,1,17,7439040,cfbbaad5a8cc7dd7e19a0a0d21684056e8456fd1a2602111d191d8664e3f9437,True,,False,0,1,0,0,0,0,0
9451127,1,17,7439040,bfe3a57314f4bc59df00c82215761af8ee7e809f91eff4affbd6531452b08029,True,,False,0,1,0,0,0,0,0
9451706,3,17,7439040,66914969ec41e563b3820aa466e0e8386fb1c534c36dfa9dab2c28a95e23f2e0,True,,False,0,3,0,0,0,0,0
9455325,1,17,7439040,8b2fc3c912f63aec64098e3254db194107fd2960d2a5a2eb7888acc0cbbe3ed7,True,,False,0,1,0,0,0,0,0
9455556,2,16,7246080,37902a7e6a7e38d69757d8d9e391809015cf1944644e33a885279e0c94e1aecf,True,,True,0,2,0,0,0,0,0
9455677,1,17,7439040,d1cd9658f5b3f9c6ce915c244db97dce8a10f8e71d96603147018470719b49e1,True,,False,0,1,0,0,0,0,0
9458343,1,17,7439040,3dcbd5c6603ca7bc48aead70c15f41ab804542782e206ace0751d171cff61623,True,,False,0,1,0,0,0,0,0
9458613,5,17,7439040,9f2dd7fd1afc1e01561ce15c4b3ba30ca36d92dc860fa4cf5b0e06dc86204df0,True,,False,0,5,0,0,0,0,0
9466042,1,17,7439040,3cbe7780b1f3d25decb9d0b3dec7eb64c93083c9eda9a186feb470385dba5eb4,True,,False,0,1,0,0,0,0,0
9466429,1,17,7439040,c74f9c76c89b0979a53495633bfa0fb432926e27dde3c4ff5ed090e9ea0e0534,True,,False,0,1,0,0,0,0,0
9466668,4,17,7439040,cd865d6ee90cfd8fbc72695c0c72ca3ff64abda70318d962a8d888a4befb7971,True,,False,0,4,0,0,0,0,0
9467404,1,17,7439040,aa851d2b029d97d27251edd22d7fdaf815c34c74b24297390773e8f766e33b0d,True,,False,0,1,0,0,0,0,0
9468296,1,17,7439040,f79963e4ece3e7335a1d70472807260d7fe0070e89c3f7b84ce2509f9863f9e9,True,,False,0,1,0,0,0,0,0
9468382,1,17,7439040,b48d5c2626d767d70a7a6bc4854abf30396a92d3c7e2c17661af9b7a56b04333,True,,False,0,1,0,0,0,0,0
9468384,1,10,4415040,2501a8f55476d6394b4e35ce3ed098955ae9eb8167f0052d36d25c9dd2f018c6,True,,True,0,1,0,0,0,0,0
9468551,1,14,6312960,1a6b6977c79eebf2793e6d1b528fe128727caafdeee9033a49c78e35438cd25c,True,,False,0,1,0,0,0,0,0
9468717,1,17,7439040,4e61438ca343270e4e745de795f00afef35d59aba25f63597711b1f5b4a4dcb8,True,,False,0,1,0,0,0,0,0
9471268,3,17,7439040,53d6374df84639a777dfbb9718720883b74396adac1ef4f2e12b26a399be7c37,True,,False,0,3,0,0,0,0,0
9471755,1,17,7439040,ec0cdc04923078473531b36fd0f38e6d1c6884020298bbbf9faf2c72d82feffc,True,,False,0,1,0,0,0,0,0
9471974,2,17,7439040,df38f8e533e22730107ddc6726ef06ac37c8b16519e999e968accf8789e02222,True,,False,0,2,0,0,0,0,0
9472000,1,17,7439040,2f061b8ad2a0eda725718b20a451fc5bc5250aeb6b73add25c7bf4cdba989fdc,True,,False,0,1,0,0,0,0,0
9472074,1,17,7439040,0019715384ef0658ee468316b659911e1627b0ae953fd9d1bc895e48fbd41f6c,True,,False,0,1,0,0,0,0,0
9473078,1,17,7439040,c322ba623279c5f16f5a8dcda515cbe39fe9a55e1e70da3d7fb0dd4f0633d5b9,True,,False,0,1,0,0,0,0,0
9474222,1,17,7439040,beb5092d1e957c8873d918e62b8211bf5c56f75df2828019ca0f250797f8f768,True,,False,0,1,0,0,0,0,0
9474232,1,17,7439040,0ef4e0064df39bc67189d5eef53037d586d67e33458951afe8d48e9bf328e911,True,,True,0,1,0,0,0,0,0
9474483,1,14,6312960,fd2653733011a5a1315268cf6b562baeb322b54786d81ef726f6c6162d920303,True,,False,0,1,0,0,0,0,0
9474485,1,17,7439040,de9d2a33489e026bf13999fde913a4fe5abaffc0cfaa042c1ea721ada14339d2,True,,False,0,1,0,0,0,0,0
9474493,1,17,7439040,6d3159f92657249cca5721a95c3cbf98b25fef6c5e36c4cb346dbc91c6d30fa1,True,,False,0,1,0,0,0,0,0
9474969,1,17,7439040,9ccf5abb38eb8c975fc538cf742653a49b3a7b11e7830e11a7882c96c07272e1,True,,False,0,1,0,0,0,0,0
9475552,2,17,7439040,1ea3621f4d51c0d50d514cd99f40524736875075b3ae8c5e2f8d798cab781da8,True,,False,0,2,0,0,0,0,0
9478990,1,14,5958720,6818d2fa39b3d667d0d99628a28108e8961eabee77261b212ce84d9b8379eb6e,True,,False,0,1,0,0,0,0,0
9479273,1,14,5958720,070e87bb7fb41a7e1d4f58fb0f4feda24fb48e41e54557f8db253d4001e6df8d,True,,False,0,1,0,0,0,0,0
9479460,1,2,636480,a8c4f0f2c8a3455d600f5f0fea9bc682942a6dcb45e45922e94a382e098c5fba,True,,False,1,0,0,0,0,0,0
9480189,3,14,5958720,f146412cd48a9f8241e0f20f5750079001848363f94a596c3b4270aafc410407,True,,False,0,3,0,0,0,0,0
9480310,1,11,4832640,dcdfbcea41db9c7fae359c705427d737760990d59514299b398c6b0d8b41a337,True,,True,0,1,0,0,0,0,0
9480535,1,14,5958720,0ca5c2c7ef76dab058bbf5e073741d5315ea1e312b4b2f9677364ee8832e8815,True,,False,0,1,0,0,0,0,0
9489348,1,17,7439040,fa0aa0c1917598d2aadbcd1535d0593182b0e9fb0216ab68d93df5666d766997,True,,False,0,1,0,0,0,0,0
9489524,3,17,7439040,41885ddf3cffbcefcf7004c9c3ca10a97320389278234881bdccd7d772ff1128,True,,False,0,3,0,0,0,0,0
9489947,1,15,6477120,130b4bd7e83b8671aad25a91d41f485c757d58227479cc2fe2bf7ff06c4ecb51,True,,False,0,1,0,0,0,0,0
9489953,1,17,7439040,cb4de6ec08519adbb21ae8a1b644058ccac2ee6e35dcd52d25e3fba220a78fd0,True,,False,0,1,0,0,0,0,0
9490653,1,17,7439040,bf027cbadb8a0f4b11a3ba958081c30ed49ea16e56b8af74ac20047055e21302,True,,False,0,1,0,0,0,0,0
9509207,1,17,7439040,60d03bb8e82785da67153b68866f90e3146c5a5dd3623554786f150bfd37e8d7,True,,False,0,1,0,0,0,0,0
9509223,1,17,7439040,05ba5e246d3d610bc2dfe048f2689bf1673eedb9a7d0f1792847be2606a01c20,True,,False,0,1,0,0,0,0,0
9512687,1,17,7439040,75c34a3fad6e642c385f8675cf16ac7be26325e3954f49186b25c2f97c7df496,True,,False,0,1,0,0,0,0,0
9513865,1,17,7439040,590dc1f2ffb0b664057db783e97a7b0a1110133180f16de166f57be4d7ee6852,True,,True,0,1,0,0,0,0,0
9517393,2,17,7439040,3f09750a32da712f1a88e6dd68990d9195b4c17ed32625863e8af2488f18d91b,True,,False,0,2,0,0,0,0,0
9518318,2,17,7439040,a0a8ff5b23a8c7326e1d5df6d3384a66a6f6588a726e07a54fb9a0b9a5de3da9,True,,False,0,2,0,0,0,0,0
9518558,1,17,7439040,15082b5b209016cc3d4313072140385821e4f1932dbe6e0200345298ea61dd23,True,,False,0,1,0,0,0,0,0
9518651,1,17,7439040,16e0c22156c8dc28d85a2cd2eca9d985e656b43a9cd299f6ed7108daeeb47559,True,,False,0,1,0,0,0,0,0
9518710,1,17,7439040,7e1b46bfd4201741221f8664406a9f9725f2b6f381c64293198cd50086ccd305,True,,False,0,1,0,0,0,0,0
9520443,1,17,7439040,741a97e4a6158996b32f3b528e3524ef0f0a562dff85682745dab72d0caa6c00,True,,False,0,1,0,0,0,0,0
9520668,1,17,7439040,ab3dcccfbb394e2bacd509bd9d650b597536aa28ced375d02d7e9eb24c98ac18,True,,False,0,1,0,0,0,0,0
9520700,1,17,7439040,f58c4e59a6e299782f1bef7d82ac7b26b420fa01eaa29ad0128fac9d00d5a58f,True,,False,0,1,0,0,0,0,0
9520838,1,17,7439040,3e9b0e78bbd01b0c67f737afd4ca702eb5e2c9af27532b6d2e0e81c86bf64ad1,True,,False,0,1,0,0,0,0,0
9527334,1,17,7439040,34196d9758bfafd71b48b6c75fc946daffdcdab44c5b9316299e4ca63a7d17dc,True,,True,0,1,0,0,0,0,0
9527915,1,17,7439040,836e8ce233db7183d1ee1d87a21fcde57e9b98c33288cd234f189f4e87efe33f,True,,False,0,1,0,0,0,0,0
9528420,1,17,7439040,7b46a214cbd4596be4f29c4234b1113562e67d92331ebfe4772c4163c20f8636,True,,False,0,1,0,0,0,0,0
9528430,1,17,7439040,661badf9d791b57c7e4a4d3d05bb3a0e43458592e8ecf13342aec566438e806e,True,,False,0,1,0,0,0,0,0
9529148,1,17,7439040,fb537400c60bf2968c123cb67f35834e750886e8708f069c4a8e97fbd9f93313,True,,False,0,1,0,0,0,0,0
9529294,1,17,7439040,f6c99081d37e68608ae66d35844b42d7024a3efb49372520f0e095a0e810f228,True,,False,0,1,0,0,0,0,0
9529733,1,1,486720,1400a7b57c0a053f0469463aba1bfafb4aad364339cc9da8901c703ff9d62248,True,,False,1,0,0,0,0,0,0
9529744,3,17,7439040,261b71c842ec741a879fefed35a57a5ba89fd052bdadf86823c22ead2aeeb65e,True,,False,0,3,0,0,0,0,0
9529856,1,17,7439040,d5f8efa62ddf3126ae64449acd825f3a0229aeeb5258d74c1937c222cb010193,True,,False,0,1,0,0,0,0,0
9530945,2,17,7439040,46db72b673db93e46476faa6a8e9fd0f8dc9529539f20f0e31b8a7391157a0d4,True,,False,0,2,0,0,0,0,0
9531850,1,3,1500480,3da01c913af8c38b92c056ae94c4f1a141d2a76e05d46c77a8b61624e3e32fb5,True,,True,1,0,0,0,0,0,0
9532052,1,13,5843520,459f472d0101f905e1c1da1c87e98838e0609040c8c566bf6ffb2cb0caaad0cd,True,,False,0,1,0,0,0,0,0
9532117,1,17,7439040,f35cf21af26ec3eae0492c795f022bccab56f2c8431698f368a165bbfd9b47ab,True,,False,1,0,0,0,0,0,0
9532123,1,4,1650240,e5bcee7cca0ac689919fd1d61e21bff0704d210c768195715e914be4f035a18f,True,,False,1,0,0,0,0,0,0
9532421,1,7,3228480,aab3dff12aaa95f99e329ce0330c98b254736b34d4c79f0f148afe3fd7b235e2,True,,False,1,0,0,0,0,0,0
9532424,1,17,7439040,49be778899bbd69fb2029073433b093956577848f131f15b679b2d63b6603e83,True,,False,0,1,0,0,0,0,0
9532637,1,7,3384000,beb232548c2b097f9c9963feee0c49cba6fe7cb68b74c217393084c17d126abd,True,,False,1,0,0,0,0,0,0
9532710,1,8,3519360,659bf93ac2715cb19410bf71deb900e7c7a261c3bee821ab77bc496883431e70,True,,False,0,1,0,0,0,0,0
9532997,1,4,1650240,e5a7c950ecd59f69399e750127c76610b4dd2f85fcda71079ca7e520410a8944,True,,False,1,0,0,0,0,0,0
9535080,1,17,7439040,9aa2b89542d732e04506b55470978d70c16d59a9a67e110fe461ba8786fc750e,True,,False,0,1,0,0,0,0,0
9535876,1,17,7439040,679ac163b911e6462c84522f6443fa5dc4dcb0bf77767d2c127b3b554e92361d,True,,True,0,1,0,0,0,0,0
9535881,1,17,7439040,ce0ac7a61f394e68d9a13a114fc71375621c5e8c5b85c3fd638d4b3c9d1ef7a7,True,,False,0,1,0,0,0,0,0
9536048,1,17,7439040,96358002c2438f70df15cb4616e5c50856e057f473a6334c137923d4ed5dc2a9,True,,False,0,1,0,0,0,0,0
9536692,1,16,7246080,8ec506e82772c38aedf079e2d8a66c9d09076a0208c59a1802fffe3db83f28c0,True,,False,0,1,0,0,0,0,0
9536836,1,17,7439040,51f7284bd50e1a5ec6a3238b858051a5e6e71c829b7f85e6d9d7b6cacfe1a5b2,True,,False,0,1,0,0,0,0,0
9540450,1,14,5958720,97cd3eb19e33dde0c17526cb6a12312e1edee71d86390ac2d678f9d7c86105bf,True,,False,0,1,0,0,0,0,0
9540675,1,14,5958720,64aa480eada063e6723235ac2dfaf84af46d348c33f3aa43e305a3be49977f1b,True,,False,0,1,0,0,0,0,0
9541089,1,14,5958720,c30eaddd83a3a2814db9fc7fa27f647281d53d0fc3bc036ceea88cbeb250fbc9,True,,False,0,1,0,0,0,0,0
9541094,1,14,5958720,358af464aaf6daf659f725dfce69a54323cbdfa55358dc4d95f1894852808ef4,True,,False,0,1,0,0,0,0,0
9541163,1,14,5958720,76c16765bd1565cec9a41015c094d0c5c15e3314bbe50350f8883813e210d18d,True,,False,0,1,0,0,0,0,0
9541295,1,14,5958720,b2a26d06c0c597f7b99949f14c28c75df213c51505f96fcfbe0ba9c83f966ce2,True,,True,0,1,0,0,0,0,0
9541322,1,14,5958720,f4f67532bf3143faef4d4694b275a7f36a6d29a19df3e101a8c14aa11710d41c,True,,False,0,1,0,0,0,0,0
9541567,1,14,5958720,adbf3e7b5a1e9165cd0d70ff2fcf14bd8a18db1f505adbd6d47ddb431bb80006,True,,False,0,1,0,0,0,0,0
9549471,1,17,7439040,865c36635518b2e1179986b1d175988f9c53394c98c058cbc23a0ce7baa41fb3,True,,False,0,1,0,0,0,0,0
9549472,1,17,7439040,e94e7a138b8d3cd9c2d9b52107a1a6e6312b78ea4722ef2117e44a6faa600ce9,True,,False,0,1,0,0,0,0,0
9549648,1,17,7439040,1438f20623a922053d8363e37a96365336ede81503b24a0992527fcc6e85f2e3,True,,False,0,1,0,0,0,0,0
9551430,1,14,6312960,ee70968369d92a7119e329fc6c5b4cc76bdae78798f44b22547a495d457b1e53,True,,False,0,1,0,0,0,0,0
9552608,1,17,7439040,bd3d49029b10282b5e620948ef1de4bfb3828ef9e7be35b16544df0c0d985852,True,,False,0,1,0,0,0,0,0
9569711,1,17,7439040,6ec9a089e13d9b6e74bea3ceae45bd3d7058e717830ac4b5e65539a492eea4dc,True,,False,0,1,0,0,0,0,0
9569866,1,17,7439040,845940a5818f7b5005a7352bbef33cc2794c134feb09a6aaa2900c09a02702f5,True,,False,0,1,0,0,0,0,0
9570741,1,17,7439040,c8df440036e99d320a1df5fdc5d7be4e550926533e33caa88daa204be64fa504,True,,True,0,1,0,0,0,0,0
9573539,1,17,7439040,f8990eb61c102dc1a69b9240003575bb5448cdddc74e75b860e5995399acec0f,True,,False,0,1,0,0,0,0,0
9573685,1,17,7439040,081e25a800aa947763ed2f6a384a986bafc20b2b718ef5fba6687d73b2c6f682,True,,False,0,1,0,0,0,0,0
9574614,1,17,7439040,d55cfeed9e1f86f9137955da64682bc5d9c48fda13ed5579234f2eda7c4f2922,True,,False,0,1,0,0,0,0,0
9576197,1,17,7439040,02c3b039b28b281384ef23134fc168f90a2495cf4cf0ef7fe2353b0527330ef4,True,,False,0,1,0,0,0,0,0
9577855,1,8,3876480,e65d620fee67c06a3204317e6df7b7bdca89265abb72d173099b60992b80cda9,True,,False,0,1,0,0,0,0,0
9578686,1,17,7439040,ee02ef45a8d4f7ececbda3aa9b0c4692ca828daf14c8298660186f243391dda2,True,,False,0,1,0,0,0,0,0
9579192,1,17,7439040,2314bb0f41d3fbb03d17fec25085925bc8f251b2bbb6aeb16cf90aaa8fa77ed4,True,,False,0,1,0,0,0,0,0
9579499,1,17,7439040,902ce6d65f3d6fab73bec558358a6977c4f7d61dbed41d7e62422312533df091,True,,False,0,1,0,0,0,0,0
9579641,2,17,7439040,98674b18eff715506f029dd19da945e881dde6834e26c8cf6ea508bd0ec445c8,True,,False,0,2,0,0,0,0,0
9579753,1,14,6312960,8a7bc07d198ecc0a8a462cf6bdc51f0d3510a2cf02855065116f6ff630af6337,True,,True,0,1,0,0,0,0,0
9579789,1,17,7439040,660292798db8a90dab4f1c4ab9bbcb29394a39ad489e6d18ed1b0ecabe6f69c1,True,,False,0,1,0,0,0,0,0
9579860,1,17,7439040,6df631009bde917af9a193d5414bb5e6ab345a677dfd842783de34133deba93e,True,,False,0,1,0,0,0,0,0
9583881,1,17,7439040,85e8d977a22d906aa63a565d7b4db5294c9806445d11d6201f4a02f9ecb70af2,True,,False,0,1,0,0,0,0,0
9588822,1,17,7439040,2f48c271557231c29f8d57807c749b954502c8f4abc253aa19cc0c47d9554b16,True,,False,0,1,0,0,0,0,0
9588880,1,17,7439040,266eb44ef5cc0d0746ecdcd1af1e505c3f30b13a51c801b73f2dc65483a0c682,True,,False,0,1,0,0,0,0,0
9589323,1,17,7439040,ec49e3b919497f2c6ba97238f8d50e7613ab38f7cd9b4d86a08677bf7bbaf374,True,,False,0,1,0,0,0,0,0
9589524,1,17,7439040,10af4339d0e30b28abcb19fec910e8169d74a064017ee080dec5eb1e8f078354,True,,False,0,1,0,0,0,0,0
9590976,3,17,7439040,12c8c4b525cf02ac0888b70ef6e8195673f322f0d5996ba0785fc5edcc2ad947,True,,False,0,3,0,0,0,0,0
9591070,1,17,7439040,36fb5bf78da8f7c5a4a5c3ffeb70a06cfe521af7d5fe9970d2e1489173b5c042,True,,False,0,1,0,0,0,0,0
9591728,1,2,636480,47ebd71cae351b6475ff5b6e1e53aeece7a0b5d5f42f6f1ffe4cd01e89bf5aae,True,,True,1,0,0,0,0,0,0
9592575,1,14,6312960,52787464fb126bc9b978275fd6c4f14c335bb2222f9847582063d7d41ba88a0d,True,,False,0,1,0,0,0,0,0
9592579,1,17,7439040,f5ba13ebb674660ab7008d5f3142af4dd99d8b1cba6fe305aebb365a9b03425f,True,,False,0,1,0,0,0,0,0
9592705,1,17,7439040,2badd41d8e738a27e6ba929bafc6f17acf61906aead8570c44b650528cf8309f,True,,False,0,1,0,0,0,0,0
9592831,1,6,2609280,471ba4eaa641e56f35856cad24ae287220ae16933e79f025430eca42ac63f347,True,,False,1,0,0,0,0,0,0
9592850,1,3,1465920,97a7597c9d47742c0f44ab13b41981ce439b4f801ff5dfc5c87e6e78444045b0,True,,False,1,0,0,0,0,0,0
9592855,1,17,7439040,e79ae99843a28c6492b758fdc0e410cc11074f85bf1846a0b8be68374826f080,True,,False,0,1,0,0,0,0,0
9593757,1,7,3026880,532c011c84bb684b2b46a968a21748ad9cf9bd9e73d2aebf5f342e3b4cf920e1,True,,False,1,0,0,0,0,0,0
9593759,1,6,2784960,58713d68a3dbce41ea4067623af289bdde0350883d7f817579fec6947ad06e29,True,,False,1,0,0,0,0,0,0
9593773,1,16,7246080,0b14ffd415d130f34fe2d3bdc3f4f523691bcd93cb9f06e54e0976151c8140e6,True,,False,0,1,0,0,0,0,0
9594184,1,11,4878720,0f352ec938bc40dba49f7f00a58545b07aad372a0903f6bf9c16e936d0f4f7dc,True,,True,0,1,0,0,0,0,0
9595827,1,17,7439040,abb86825b3d9c0f40e2e3463373763b252462b03d3d4724925b137acb53ed04e,True,,False,0,1,0,0,0,0,0
9596089,1,1,486720,1c27a1ede65b9937def0b9ee50ac89f9aece280cbf5395970b116b12217cebae,True,,False,1,0,0,0,0,0,0
9597058,1,17,7439040,e981a0655317d00b939ac54a3c7f446218e79d622545d3dc7e12e722b8702ef7,True,,False,0,1,0,0,0,0,0
9597095,1,17,7439040,6ca614905357f2e2fb4e6a546d14b706958c1135a6da67e5d0c96827bb25dab5,True,,False,0,1,0,0,0,0,0
9597345,3,17,7439040,6ff9725e31e110a20f85d99bcaadded8ccf96631f349f5f9b4c58c9e4d019fec,True,,False,0,3,0,0,0,0,0
9597411,1,17,7439040,d893aaefe019f4be7bf86720071487fe3612e57775b50ca09c3c6d9d6a809b3d,True,,False,0,1,0,0,0,0,0
9597729,2,17,7439040,ce9d162c91ee939313c48deb955290de92bdf1f5658355d44df1b42da573a0b8,True,,False,0,2,0,0,0,0,0
9597806,1,14,6312960,3496732f84e76d3b9a588b7382d51c80173666df7d56bd6e93a1f3ed23ff276f,True,,False,0,1,0,0,0,0,0
9597854,1,16,7246080,cc33708aa28b37b4a1ff9e8c2fc48d91c358b5ad82c7343841998797a2ef8656,True,,False,0,1,0,0,0,0,0
9602421,1,14,5958720,55667aec6cb546b17d8178db787c4fa134c4299d745bf8a7d3a906e09692e855,True,,True,0,1,0,0,0,0,0
9602431,1,14,5958720,c27e39ddfed99a49b3f93bbda7b3c9cf4ad848d88832667bcfa2c8c125d518c5,True,,False,0,1,0,0,0,0,0
9602514,1,14,5958720,10b96cf9d1bf99ae52c7b3219874516cb0938003233ab788797db387a45c9959,True,,False,0,1,0,0,0,0,0
9602538,1,14,5958720,49f7788df077e3d08f0059622ad96c94030718c1ab6959bd5f39d11e8fe9e2e2,True,,False,0,1,0,0,0,0,0
9602562,1,14,5958720,567db94090e40c6de2d079abd2d9f089221808141f1666f60987048d10ff83f2,True,,False,0,1,0,0,0,0,0
9602595,1,14,5958720,966bb4ce8ff3b756e4f95552f0a9ad14a86f7c54e2cd7732624299b447081c38,True,,False,0,1,0,0,0,0,0
9602613,1,14,5958720,a6ef1c38fc6d7468d7e09dccf7075978878f8e2395458a302ee5d49867183d2f,True,,False,0,1,0,0,0,0,0
9602658,1,14,5958720,6bc744e5a4f1ae6626661b8f6887245a2bd75a02925a0c9ccf397ebabc9401b5,True,,False,0,1,0,0,0,0,0
9602775,1,14,5958720,6eeea9e833636412a0d59aa3622cf334e59632612c56a3197f701252687110f3,True,,False,0,1,0,0,0,0,0
9605514,3,14,5958720,cbf55d793bd517eede3441d1469670014ef9a39c6dcfbec84d39d633f2dbde02,True,,False,0,3,0,0,0,0,0
9607164,1,14,5958720,7602f379a4ea88b9afc68ea7d42669ec20618bfbe5f2291e8a65807e3b79b894,True,,True,0,1,0,0,0,0,0
9612825,1,10,4357440,ebaac52f58bba9ed19437c52a2be37793f3a30b975e1afcaa8f6e209eeb558c8,True,,False,0,1,0,0,0,0,0
9613070,1,1,486720,c6245ff4b5d3996b80eadfe1624d38338b8f685196da1aaa3f44cb3e9ee5b0e4,True,,False,1,0,0,0,0,0,0
9630640,1,17,7439040,762ec95dfc332d1668082047a4aa0c9e56d371602cff976b79f307855e27fd5c,True,,False,0,1,0,0,0,0,0
9631762,1,17,7439040,4d62c02df37c6ea9e2f7f3ddd94546801730be14bede8d911a7aca8d87554204,True,,False,0,1,0,0,0,0,0
9631995,1,17,7439040,c69ab33ac324d6ed64e3ae6dffc1781cacbf9a3219abcd459cf70acb341432ed,True,,False,0,1,0,0,0,0,0
9632895,1,17,7439040,e7bb9a3313b446649f689188b3758944099c28c371a6e09bbcb625ca9fe7e940,True,,False,0,1,0,0,0,0,0
9634821,1,14,6312960,01f6f3d23054191886825bbfc5b82347db19da98d7fcce5ac779d40ab59d0193,True,,False,0,1,0,0,0,0,0
9635510,1,14,6312960,7e8885ee5b2630a8a86ac9fb5e5483fb64d260f113bdf6fad92f7320762ce0a9,True,,False,0,1,0,0,0,0,0
9635529,1,17,7439040,33ac436ac7b10ecbc793460bab5a556dd806a52d4f232ab382c54de02b8062af,True,,False,0,1,0,0,0,0,0
9635606,1,17,7439040,4ff3049d491f0edb40d7c4c77fbbb58c4f4419637d36840a3050afe61a251ed7,True,,True,0,1,0,0,0,0,0
9636135,2,17,7439040,1a52c72218c8752c4c6ac7fb06e23875c2dd041f8c84eb045fb360d4fbbb05ad,True,,False,0,2,0,0,0,0,0
9636559,1,8,3551040,9e9f293e27d50cac793c762c4ad9ce8c3009e022d2a27c3c72329592eee26173,True,,False,0,1,0,0,0,0,0
9636563,1,17,7439040,9cf72d9a0339cdd983dee88a92149c8cf3c96c4058a1dbbcd98417c47d6a4165,True,,False,0,1,0,0,0,0,0
9636569,1,17,7439040,4ffcc53aed9efd0a4fcc647d815a8b8a7ebf9b6921ce082a4906643e93156711,True,,False,0,1,0,0,0,0,0
9637299,1,17,7439040,f2aae271668bbb5694f7a423712ebaa2caba92b9d344008d414b57d4bcf2fd7b,True,,False,0,1,0,0,0,0,0
9639021,1,17,7439040,03ae0122b2f07e509f17453ed4ca450fcae69e9ced87500537fdb0db77c93e75,True,,False,0,1,0,0,0,0,0
9640439,1,14,6312960,1eafa8c5b4a32f67503c526e94fbfd3d892b24f384af096cbe381db357e5a0ec,True,,False,0,1,0,0,0,0,0
9640907,1,17,7439040,24c5ac9b7db01a6188bf5ee9acd029ecf9cb3782c9e93cbb30e014a3c47f8518,True,,False,0,1,0,0,0,0,0
9640921,2,17,7439040,d556b481e1e1c32319e791a8cff7d81a543c50f036a5651535fd9a77d7f9a7b1,True,,False,0,2,0,0,0,0,0
9640924,1,17,7439040,d0456222873da9e6660bdea77887b81b814558faf0299d4dea1a142237f3dc3a,True,,True,0,1,0,0,0,0,0
9640931,1,17,7439040,b5f601016aaa217837777426cd5f360ab5a759d237d81a72f99df282cbb04992,True,,False,0,1,0,0,0,0,0
9640946,1,17,7439040,8292607afc14ac652101ce327fa961cbfe05160cb2f9c8664c3c64a37a066900,True,,False,0,1,0,0,0,0,0
9640962,1,17,7439040,192a6ed58f381ad7709d8445091bb07f0171228c63f7fd7718b02c7b4e77f4d7,True,,False,0,1,0,0,0,0,0
9640976,1,17,7439040,c9734019c43a0a7fd70ae8392f20e0667506ce3174cce20697d01de76b26dc9f,True,,False,0,1,0,0,0,0,0
9640985,1,17,7439040,0848f4aa97c823fe31ff5c94462ce1ecd386327767115908e5550d7587d74eba,True,,False,0,1,0,0,0,0,0
9641008,1,17,7439040,46461859357c49e87aba10b2828a30c59ddf7d7122759c0c8d70cbfa87a8acb0,True,,False,0,1,0,0,0,0,0
9641018,1,17,7439040,33481f6c50a27d6b43a2690f8fbe005817f6912c054baf405001b5e6fdefb89c,True,,False,0,1,0,0,0,0,0
9641031,1,17,7439040,99960aa421e46a38f7837a4dec53c7023cd21fcc163ba1b73d71ad03fb4ca74f,True,,False,0,1,0,0,0,0,0
9641041,1,17,7439040,ecab56cb6bb80b9315e705ca959d1903eec799e1f4010a658ec6c12df8376ac9,True,,False,0,1,0,0,0,0,0
9641076,1,17,7439040,2ded2ec83ca0a334a787c78166d99ddd5be27f549d176343badacc97449f1631,True,,True,0,1,0,0,0,0,0
9641103,1,17,7439040,ff69b278c2fcab2c2db25be25687e5b41419be0168bac056968dcbaad4136bd6,True,,False,0,1,0,0,0,0,0
9641144,1,17,7439040,b3ff34e701ed17671b5ee8d33c59dd029861223f065c67d1246ce8cc55a6f90c,True,,False,0,1,0,0,0,0,0
9641481,1,17,7439040,5b30aa54912e2466086a5d1b497e2f3ea0b0b8f4c8caac4bf7f84e4123e72b08,True,,False,0,1,0,0,0,0,0
9642018,1,17,7439040,be8b7eff8816b51765586ffc1b49fad6181e43c9822a081b13dcd33f6fa4c40a,True,,False,0,1,0,0,0,0,0
9642292,1,14,6312960,8e06ba4ddeaf4c7f8e824b9afead9c55cc46b70924aa8f13c408ae8f126ec615,True,,False,0,1,0,0,0,0,0
9643043,1,16,7246080,f3586d9e5177d9064a3d91b0cf91bded7ab7e58c459c26cd1e81b5457a37552a,True,,False,0,1,0,0,0,0,0
9643210,1,16,7246080,dafa69205d1aaca86aa22e29bfdb80b35e493968b94282badaeb2a1d381b97bb,True,,False,0,1,0,0,0,0,0
9643874,1,14,6312960,6ef18530463ff31309324f3e2203d12ef94e6c5e0e2a19a12183663c25102e73,True,,False,0,1,0,0,0,0,0
9644411,1,8,3551040,46482922bd8c969c7665f2ec63572ae6d6799fc7260e696054b8b6f64c02a39a,True,,False,0,1,0,0,0,0,0
9644683,1,14,6312960,93203a7618f764f2b084b2889741d40e5644f45e415a44e2a7105c78f6d6e33a,True,,True,0,1,0,0,0,0,0
9649205,1,8,3876480,142ab95fd253be9536b631efe45afec6d207514e713a5934c59d54d0fffad216,True,,False,0,1,0,0,0,0,0
9649222,1,17,7439040,fe4246cf924f7ef411bae2696af3f1b62f35559aaf1882371aacd7d97b3fe591,True,,False,0,1,0,0,0,0,0
9649706,1,17,7439040,8ed488a328dd08f47c62344cf6fa55f031df81bfc98939f20121d43ede145989,True,,False,0,1,0,0,0,0,0
9650808,2,17,7439040,cbbdc77110d93429b268e6efb622171246225ba8c68e655a83520219c19d4b4f,True,,False,0,2,0,0,0,0,0
9650989,1,17,7439040,3c7eef67a1769118ebc8d930f61a632b21fd53ab041e620d097a7a750aa287f2,True,,False,0,1,0,0,0,0,0
9651155,1,2,636480,63cc0d14a742522fcc167ecf6f94ae6cb7e8c3c07237d6591ad7183b08242a2c,True,,False,1,0,0,0,0,0,0
9651234,1,17,7439040,04c477c236e8fd85274a84e2e6709b59ddef89ad050fe0335208563a6055cf40,True,,False,0,1,0,0,0,0,0
9651668,1,17,7439040,dbe1637df7f3dbaf03d3d459455a2cc4b014c70664e66a4075bec84e55a46d5c,True,,False,0,1,0,0,0,0,0
9652166,1,17,7439040,50509a5de475d62d407fb32fd6ac3f4f703ca6da5e9b1003621e47bcf854d6e5,True,,False,0,1,0,0,0,0,0
9652632,1,17,7439040,fa469bbba466894a255b106acaf9c3b71f3aecb0df683140ad9b3560099c17ed,True,,True,0,1,0,0,0,0,0
9652649,1,17,7439040,7660ed7122d4509a42615bd8c22dd7956a3c7a44082581431fe16a91668c0370,True,,False,0,1,0,0,0,0,0
9652655,1,17,7439040,b62648a9838cdef77d293e84372364459e74c8d07f78ce158e9e1eba057594da,True,,False,0,1,0,0,0,0,0
9653622,1,17,7439040,fda33392bc21cb1ed1fd4be9531c12e887a280be426613c117be3bca33d0dbdc,True,,False,0,1,0,0,0,0,0
9654468,1,10,4472640,30c325c6608aafb44d41fdc95e75a609394318f811485067e8d4136afe29fff9,True,,False,0,1,0,0,0,0,0
9654875,1,17,7439040,2456de3fb6ceacffaecb7e9fe463818ef93daae6145226e3402c18f98121143c,True,,False,0,1,0,0,0,0,0
9655419,1,17,7439040,55b2834ada9337c3bd4837719e40af439a6d0b77c1fbd2a4b84122982436c235,True,,False,0,1,0,0,0,0,0
9655424,1,16,7246080,b9a610307bc3993e394818bce154e71e3e01a280adcc0271c339b4c3d632b855,True,,False,0,1,0,0,0,0,0
9655858,1,11,4881600,faa7921f415abb8a8e75ae18b0481f0e82d395b04558ae82117b0386aea8b0be,True,,False,0,1,0,0,0,0,0
9656252,1,15,6779520,af5e0ce8b57e38e4e1f998666812f409ba2e2e3e293d6c1d42252a77b00ec3e5,True,,False,0,1,0,0,0,0,0
9656397,1,17,7439040,48391ad961131cb51f54f25bbf8bd8bb60f5095f6e9c3819ad0a292f95077a14,True,,True,0,1,0,0,0,0,0
9656543,1,3,1463040,b9f97e2922da87b35e2e085a681460ad794cac4180ed28b295c03339b040c3b1,True,,False,1,0,0,0,0,0,0
9656547,1,17,7439040,1914dbb657a9374bfd0f0e698731eee8d213da0cf2ae73c7a65320c010dbd304,True,,False,0,1,0,0,0,0,0
9658118,1,3,1465920,6cf0cd47e3dbe30f8adf942c51a4fa23a862af1dbffd23f6e244f3af38c2af70,True,,False,1,0,0,0,0,0,0
9658192,1,17,7439040,66944e6405384d5c36eafcd2e94ce08773e041d7df3ac9d91896583eb361e359,True,,False,0,1,0,0,0,0,0
9661869,1,6,2537280,64191d2ea2fadd64445d7097719fa855d924ecd7612962ab2b8ea2e96b4aa955,True,,False,1,0,0,0,0,0,0
9661877,1,14,5958720,2b5ec43f6d0252847522f0ff26e056ae1fe608dbdc1c3c057754bfa0cacc95f8,True,,False,0,1,0,0,0,0,0
9661979,1,14,5958720,e8927928cfabc3d2ea661f66bdb7ed856a2201ca04a97ed8ea44e238d75b9843,True,,False,0,1,0,0,0,0,0
9662811,1,14,5958720,c174fd6d69f09703576625cf4de1038e52cb9b1e2db9dd6c1d342a5a9e386459,True,,False,0,1,0,0,0,0,0
9663113,1,14,5958720,3b0abfe3214a0e7ea8c92ff1ce39afc0922838612a743e3654bf8005f18a9acb,True,,False,0,1,0,0,0,0,0
9664142,1,14,5958720,4e98a3b63178840ac7fb29aaf4f9a34297e13f60b359422c9ba352cb7f368eb7,True,,True,0,1,0,0,0,0,0
9664215,1,14,5958720,4a47fe4d4a2f723d1ddd3517f2e3be421ee4907f00e9479ad4c1e3bf7e434b81,True,,False,0,1,0,0,0,0,0
9665503,1,14,5958720,87b43490d674f3877d0858056b2216024a6194f9263088c0ae011c9cd515e7e3,True,,False,0,1,0,0,0,0,0
9665922,1,14,5958720,d90b726180f162d42f144e641d1ea6fc8003d395a4eb4c6aea0144c35493e894,True,,False,0,1,0,0,0,0,0
9673173,1,17,7439040,8f34acf2f24ea24eecdc6eda75aaa1477aedfefd9487904943a10846f722dbb9,True,,False,0,1,0,0,0,0,0
9674564,1,17,7439040,5bc5a86515eab1c77fd260cd97a8080ca7a071ab8a4f71151118fc1f96e762fa,True,,False,0,1,0,0,0,0,0
9674592,2,14,6312960,31246b5320da6a116499e7fe40c29fe0cbb08789bb3f73973eacb8dc425f3a3e,True,,False,0,2,0,0,0,0,0
9674608,1,17,7439040,8f5ddf3fdf41beb7d165fd2ac86258353518f3e582d0901ec493357579442ff7,True,,False,0,1,0,0,0,0,0
9692128,1,17,7439040,ebb685555821917ba90e35fbef5801bbba7be484fc8399dfef4da04ed25d6149,True,,False,0,1,0,0,0,0,0
9692336,1,8,3551040,a3867bb879ea0212a20100a7741f154855dc96709928a087b0aa2318e7c8d523,True,,False,0,1,0,0,0,0,0
9692345,1,17,7439040,71458b74e85f39f5f5f1766adb885d1998718151d23f979ff54f38aab5b5d4f1,True,,True,0,1,0,0,0,0,0
9692557,1,17,7439040,6947441f7c77d25f7b1db8c7d692d6b080dee89850e6c6c8cd98bc4307afcaa6,True,,False,0,1,0,0,0,0,0
9693006,1,17,7439040,025afe21caa635e046864b7b04cf9dd81200204ccef25747932914f80ace1149,True,,False,0,1,0,0,0,0,0
9696358,1,17,7439040,ebe1471c176c93dd63bf01e7dd774cff49e7c1b2738a4ce1ef33ce70400e3f19,True,,False,0,1,0,0,0,0,0
9701962,1,17,7439040,6a4f9da58a5f7a37e0648736a7ddace9ba9bc0d25336e5f3beedf7080dccf002,True,,False,0,1,0,0,0,0,0
9702006,1,17,7439040,370ae2e8ae0b4c1936e735acd39401384dbd9ebedb770a48beb3b23d5f85607a,True,,False,0,1,0,0,0,0,0
9702072,1,17,7439040,b1f8e82fee8e04c40dd2ce9c7d9f213e81afa678fac5fec7de6bf013a3233f8b,True,,False,0,1,0,0,0,0,0
9704384,1,17,7439040,c2deeb696d71be70a489101087d8f17b298292ad87da4066b8a92de03b1c5f71,True,,False,0,1,0,0,0,0,0
9710326,1,17,7439040,66ea67ff1c73882fe04ac120bd6d72e44dec2018f6711a33ef88fb4a90752abc,True,,False,0,1,0,0,0,0,0
9710611,1,17,7439040,d3f29ea771b81527ec979836193c533c21e20ca36ea5f112155142337c9c6399,True,,False,0,1,0,0,0,0,0
9710626,1,17,7439040,ead6bfffc78695ec0e412335b2de8afd16a7597b0206f45af6dad033f74bb6a9,True,,True,0,1,0,0,0,0,0
9710792,1,17,7439040,f19f684d502dadde41723976e391563e1032aec85cbb947aa1e2d44cb1c60034,True,,False,0,1,0,0,0,0,0
9711751,1,17,7439040,bc08d12059084387b277d2a8aec91cdf603d374f72b586c716bba1e9be8e62a5,True,,False,0,1,0,0,0,0,0
9714123,1,16,7246080,f524a32da1b6112a5c0a525156d3d7d565956b52fbfea31b4a0637d669ab018b,True,,False,0,1,0,0,0,0,0
9714358,1,17,7439040,02f261feddf2b9caa320f7f606fc0d6202f6bd102388feb87f05b293a9c7f156,True,,False,0,1,0,0,0,0,0
9714550,1,17,7439040,6db756ab44dfafbbdc8dae0a85ada3cff6bcca3596ad51a7b9cd3ba9ddd1f0be,True,,False,0,1,0,0,0,0,0
9715631,1,17,7439040,00d24a115c6758d71b0d416fcc316930f7e9618521919a12193a9f1ec85d3f2d,True,,False,0,1,0,0,0,0,0
9715925,1,8,3735360,6c3e3d4622d68e96c00fad8d5ebb1c1a698325012386eb28792dbee2d888c456,True,,False,0,1,0,0,0,0,0
9715939,1,9,4057920,a0d8cad333e12830c4803d807c1c9e6b2b4e82ce4545933b63ee2fb6f6289950,True,,False,0,1,0,0,0,0,0
9716302,1,8,3565440,790b7236b90ca44d9ce855ac4b529ed5f78e4e94f7beebc52361b41fed3ef0b4,True,,False,0,1,0,0,0,0,0
9716391,1,14,6287040,1705e65ca6f42b3e126a17c14d9f5232f495366e89293f1fa542ad02e42fcde1,True,,True,0,1,0,0,0,0,0
9717943,1,17,7439040,e46ff1a0f096ca66db486092252fa97b8d1950ddfc57097e4f70618298c1356b,True,,False,0,1,0,0,0,0,0
9718066,2,17,7439040,8e2f5c1a517fbfd0c24a80fb418c6e83a2ffab5a69bc9f448b5c4691188a5a97,True,,False,0,2,0,0,0,0,0
9718379,1,17,7439040,0a81d738ef7cdeb2c7171ccbe087376936826bce05e39d14be6a4eab52aaaa4d,True,,False,0,1,0,0,0,0,0
9719634,1,17,7439040,d6e8d31d1048d71f5b6f3881fb283146422f837f7ee28aff3b293085f61407d8,True,,False,0,1,0,0,0,0,0
9719636,1,8,3551040,bfc8c0837a3b9deb0c7079512339035ab5ec9b02d859ff2e6fd66c7d4b9cd18c,True,,False,0,1,0,0,0,0,0
9724984,1,14,5958720,7094ba0d027666864dfd3cd946578c0c083be21a9944206b1e5c63943d5e1a4b,True,,False,0,1,0,0,0,0,0
9726659,1,11,4832640,74813e99a853bb7063af8684ff991fdac7ff59baee2c6bc6c327f7ec7e4441ad,True,,False,0,1,0,0,0,0,0
9728465,1,14,5958720,a00ae8e2c82e9e95e5043cff6e5ee1370f4ac0b7e768404170d7908c53db7467,True,,False,0,1,0,0,0,0,0
9729691,1,14,5958720,00cffbbb78cef222f6ee0e7333c445b3d73f8f11fa99dea1bdafb2105f54cd78,True,,False,0,1,0,0,0,0,0
9730163,2,8,3384000,1f589d08d111f9a9e113b93835a815a8b5a1fba6b72faac1ef853b4ad2b2768b,True,,True,0,2,0,0,0,0,0
9735426,1,17,7439040,8f9ed11b6380297c3eac118375ea7848a58edad1333c0c697a844b4bcff5203e,True,,False,0,1,0,0,0,0,0
9752973,1,17,7439040,0b2ec48b4561390d30e34972ba2d009b9784bf35e2d975b40fe6eeda9a6dfe45,True,,False,0,1,0,0,0,0,0
9752982,1,17,7439040,da8bc31e1b76cb2c34cdb0d5eb27cae30a826a3c2b3d820e5c3ddc52d19deb55,True,,False,0,1,0,0,0,0,0
9753154,1,17,7439040,b51b217ce8737d48661bbf5589619afb5b97fb725e4d2876afd703a9f8803d88,True,,False,0,1,0,0,0,0,0
9757613,4,17,7439040,95c104d4c6bb20df91063b2481a8795679a843d88105c54b010b29852d97cecf,True,,False,0,4,0,0,0,0,0
9758089,2,17,7439040,c9a2d6866222d3a88facab585e46b66647c85ec64e5f3a6670b15a890fe54754,True,,False,0,2,0,0,0,0,0
9761199,1,17,7439040,1755bc707075c972c2f2168d57ba898b5a8ad86a50477602c7a7718bd4a9e07d,True,,False,0,1,0,0,0,0,0
9761573,1,1,486720,9802dadc312a5775198537caf9e1246c7b4e37cf6852792ee459aeea448c96ff,True,,False,1,0,0,0,0,0,0
9761615,1,17,7439040,a582ce73dd3cb5b06a3948384356e53fbfa032561a8edf9522500d1a6318d65a,True,,False,0,1,0,0,0,0,0
9761882,1,17,7439040,e7d1edcb20f95996dd4516e899b1cfdf648c09c8658d896b70dbefd94d5d0bcb,True,,True,0,1,0,0,0,0,0
9762514,1,17,7439040,9b063c980fa27f045e27068d351af0ef863bf2e40808712af1b8ac3d4b021476,True,,False,0,1,0,0,0,0,0
9762519,1,17,7439040,686a0c4a489e190901b39deb3849da6524f2ea44197ac5a27a4b08f67934edeb,True,,False,0,1,0,0,0,0,0
9763348,1,17,7439040,c9d5ffac87abdd6050d9c244ed05dc6c1325356a51c9e07bb653f30670046d9d,True,,False,0,1,0,0,0,0,0
9765975,1,17,7439040,ae94caf107f9752f7da1ee8c92efd69c804bef5561584910a5c5b65312a6468e,True,,False,0,1,0,0,0,0,0
9766437,1,17,7439040,b8e67bfabe4b48dc9bbf5ab85758f67e2addf129ad5ad7297bb5954a610aa7cb,True,,False,0,1,0,0,0,0,0
9767392,1,2,979200,159bee1239de7a99587b2307614cac3c6d7c4c822d6c1649558f330c6840381e,True,,False,1,0,0,0,0,0,0
9770983,1,17,7439040,014208a4955621b9f44c4a4cd9609c677fc4ed3540160b38db2d3c6402504d0f,True,,False,0,1,0,0,0,0,0
9771576,1,17,7439040,43f390a7507e59c51e6698280179c3ec01ac2eda0abb277c445f5670dcb29997,True,,False,0,1,0,0,0,0,0
9773869,1,10,4415040,229da53bb0e13e11948422fa1f7841dfea5f3561e45c54117d163a33b3102bc5,True,,False,0,1,0,0,0,0,0
9774400,1,17,7439040,6a75830d070b19636f81fe3ad23c273c5fb23472d3dd587fda21444783271efc,True,,True,0,1,0,0,0,0,0
9775253,1,1,486720,1188c0f18204958dbf91c650f06730a884e58fc1005593db1c14aa58420d5409,True,,False,1,0,0,0,0,0,0
9775475,1,6,2615040,a484f3d23ca3f7b22c3a3d88f59b97c37439757c1daaee18a4e445669fbebc3e,True,,False,1,0,0,0,0,0,0
9775938,2,17,7439040,8f6ef2f48e2e2c8d2d0c41ae67d07f3082668db6bc47466fc52dd95e6de41139,True,,False,0,2,0,0,0,0,0
9776186,1,8,3720960,4c4bdcc0ec8913e70f458327bc8d1f0ff1c33fcc65c1e220d4e442eb87e511c7,True,,False,0,1,0,0,0,0,0
9777062,1,17,7439040,63c1b2815aab5458f39447c264ebbc86f41ae69501fd99fafcc065d50a45ea5e,True,,False,0,1,0,0,0,0,0
9777087,1,2,936000,2f331121b48deb4be7d690ab8b933af18016e32f571579572b83e788f4a34ada,True,,False,1,0,0,0,0,0,0
9777089,1,16,7246080,7533632ac5eb27f72b222b23a0e9b52e732b6321cc4ba9fc630e6ed704b9423b,True,,False,0,1,0,0,0,0,0
9777090,1,1,469440,8fda4c7ce4b3db90e412a46e921fce054fa45fda5e19a74b9ece13b91969506e,True,,False,1,0,0,0,0,0,0
9777200,1,16,7246080,3ad49191c0385612fa1d82383650b782491019bb3be56b37f56b3e7e4c1318b0,True,,False,0,1,0,0,0,0,0
9777251,1,14,6312960,cb8a8e426fdf56643b5ec0e6b7f92d604ba64bd22f522648c8cccba622bf7c7b,True,,True,0,1,0,0,0,0,0
9777256,1,10,4337280,7a3eac609c4fe45e8ba4e072f727a6427f2d7b8f6e18ab996f48239e356d45cb,True,,False,0,1,0,0,0,0,0
9777290,1,11,4881600,621b54167e0b9fbaaad109b98d7cc13f092395706c73996ffcd850081ab4f486,True,,False,0,1,0,0,0,0,0
9777556,1,2,956160,50eddb2a0c0960fdfc7ad5acdc60d14d33135f0bcbd23bf75def1af317310215,True,,False,1,0,0,0,0,0,0
9777724,1,14,6312960,6fdd09d33af543892f0d8a5be62fb2f3d228d7dc516752c276e8254d287094ce,True,,False,0,1,0,0,0,0,0
9777757,1,17,7439040,809bac4e4743d045405bb6a90d84dc66fd07b3eee3f1dadefccc9d72bb6c0978,True,,False,0,1,0,0,0,0,0
9777990,1,2,976320,e4aaf5e6465f0795ae3ace7fb1a83fa000b1ecb586b75479e74f76fbc18973a0,True,,False,1,0,0,0,0,0,0
9780149,1,1,192960,98334ac9847b426438ff20eca180b002635888d0ebf9fa3d00d664f000c7adbf,True,,False,1,0,0,0,0,0,0
9782691,2,14,5958720,cbf7e90377804865f4f0e7c55f32d0f2e1d96bc452d420522fa3d9064582996b,True,,False,0,2,0,0,0,0,0
9783760,1,14,5958720,b852777f6d03f61e8e56733cfc4c669647b60dd283a07b32c429a5694998383c,True,,False,0,1,0,0,0,0,0
9784222,1,14,5958720,67c7675548ef8d467a5180916d4ef7f2fdcccaaf0e802fa03c93b98d643c9d38,True,,True,0,1,0,0,0,0,0
9784230,1,6,2537280,df78fffeefa4d70b31a0494617c3121c2ad7d16e62d0c11b2b5d036dd8fba72f,True,,False,1,0,0,0,0,0,0
9785454,1,14,5958720,4cc73dd5d0b7e493aa2d1ed3e6e384f5f56214fbb67a49529750f5dfbbfdd1f1,True,,False,0,1,0,0,0,0,0
9785921,2,11,4832640,9784300497b586544710e1e2d12ee21452614fc10e366d4180bfb4a25ff406c1,True,,False,0,2,0,0,0,0,0
9786017,1,14,5958720,eb447ad196379e1985605a89d7f9a7fc80af19a8164eef652f7e6f3948c458c9,True,,False,0,1,0,0,0,0,0
9786821,1,14,5958720,724a8fe00ef4941e73fdc5144f2af985336575fea7f4854efb3877b32d0cdbc2,True,,False,0,1,0,0,0,0,0
9787239,5,14,5958720,c93fcbd7587fbfc2cf69037b6ca52650c65077c45833c1e98122f539aa57fea1,True,,False,0,5,0,0,0,0,0
9790806,1,14,5958720,0c1b2c2cf10af2dafa1615d6f62f5686eeda0bda1442a79dad3ed6f97c6383a2,True,,False,0,1,0,0,0,0,0
9790965,1,14,5958720,b715eb3251e35b2944e8b9fd9c89967add4b8bf8e9e991c2bf7cab4847316c02,True,,False,0,1,0,0,0,0,0
9813499,1,17,7439040,4a764ed8c4a690f8e24941c9b17742cfa24dc541affa27710b504daee4fffbab,True,,False,0,1,0,0,0,0,0
9813678,1,4,1650240,a6b3cee51394bec4d9bf2e985a81ab6b81349ba28458b33bc09a4ef0d6a5b3e4,True,,True,1,0,0,0,0,0,0
9818381,1,17,7439040,4c5f181d87583869467b7912bbec0f232e8df6e4574ce065b1a9161c5d28676f,True,,False,0,1,0,0,0,0,0
9818462,1,17,7439040,f89c7156a8a891a66317e4377f607161ea84c10e8dd5170e24cbafcdcaee2372,True,,False,0,1,0,0,0,0,0
9818732,1,17,7439040,46662b1399cd7d536bc9383fc330323cd7f53949b613c1a68aa3ad24083578d6,True,,False,0,1,0,0,0,0,0
9820483,1,16,7246080,373070e5319ce6cc3d817008945c4811f625717a8db50711c19029cc3439bf18,True,,False,0,1,0,0,0,0,0
9821078,1,17,7439040,ff52e4fe660d12edd14bbee2162f1bd2def024920fe847268286d5a3f3da240d,True,,False,0,1,0,0,0,0,0
9821151,1,17,7439040,2a3969215a34e53fabad3f25613ec6ec11525c4a4e2463ea3f03d6bcb0a52e41,True,,False,0,1,0,0,0,0,0
9821454,2,17,7439040,7d09cbfc1aafddc2ad588083dbc851d50f8a04620e3022fdfc3fbd5cf83a8ec7,True,,False,0,2,0,0,0,0,0
9823457,2,17,7439040,a5f2022cff1f2d045dbc3e04279b30b40fb9265db7468e7230329be006161c1d,True,,False,0,2,0,0,0,0,0
9823487,1,17,7439040,9dc0e3e5a4a37713b5b29aab893c0c2d89958382dd28152b0529313b81bdcc1b,True,,False,0,1,0,0,0,0,0
9823519,2,7,2914560,0015cb707d2262201e3e5caafa8471398af5ba9db7a642355ecdc76771fda989,True,,True,2,0,0,0,0,0,0
9824805,1,17,7439040,7227761388ace3857d80b74ade9422cb4ea721c9e75928307c93a50c8926d4dd,True,,False,0,1,0,0,0,0,0
9825174,1,16,7246080,b998938d57a97b752dd784707bc04ade4f015d27df96698924413a4e298c967e,True,,False,0,1,0,0,0,0,0
9825625,1,17,7439040,57eddd934b3685bb9140bc75261d2393aa01c4d6dae5586e4818b169f470c323,True,,False,0,1,0,0,0,0,0
9826551,1,17,7439040,664a24d07c3acdd3a1327f86de536ad6c826846db5b28e40ca62060c5aa5c346,True,,False,0,1,0,0,0,0,0
9827094,1,17,7439040,0ab815c238a80fe92018ced3b9a3f7f027eb370432001ae7822b3aab0877a756,True,,False,0,1,0,0,0,0,0
9827149,1,14,6312960,51a42c61ec02479562d3e542dc0cd6c7f6558b89c54a6b2c0cd1c7d822063041,True,,False,0,1,0,0,0,0,0
9827596,1,17,7439040,8fa2742b28cc528ce4f23de5e170873b6e36dd33f2b510dd5968196c3399aa1f,True,,False,0,1,0,0,0,0,0
9828127,1,17,7439040,0e7a46b0cedaeac662be39947a1703bb3890523ef07a20353726636c28088fb2,True,,False,0,1,0,0,0,0,0
9832208,1,17,7439040,d39ffaff858270667643c2ffe3a2e4e22278e82f3104da4aac9201270c8ff241,True,,False,0,1,0,0,0,0,0
9834040,1,17,7439040,fa981dc308d109fd4c8502bc620af7c7d78d22ec21f5f9aa8b533370bf411ccb,True,,True,0,1,0,0,0,0,0
9834257,1,17,7439040,5d0532d653e41d1564c6f29b28c8bb6cb6683b4bf46e477ea5b30070c7dbe8e7,True,,False,0,1,0,0,0,0,0
9834719,1,17,7439040,e9f11f057cfbe3d6a03cb897203ca2ca124def480c3054fd5e51fd0bba5a4f8e,True,,False,0,1,0,0,0,0,0
9836149,1,17,7439040,779459fd883427874771e992bd5aa7bee51ebc0619c92b54b3a4b006c8d8100c,True,,False,0,1,0,0,0,0,0
9836959,1,17,7439040,7024cba8b4b102428a81a586585613cef134e44e3c3d95b7e8f31123c093615d,True,,False,0,1,0,0,0,0,0
9837083,1,13,5843520,b52e84acfc1635f0e7ea33d8054158e302f84ab2d2c4bc725507df4f3d88956a,True,,False,0,1,0,0,0,0,0
9837544,1,14,6312960,fc888f94e977a8ae909792bd325361c0ef97e641b8093c2b0f13796f0d817cce,True,,False,0,1,0,0,0,0,0
9837578,1,17,7439040,c19975253a55990ed81b9a9a09253584bfb264234d950768f00301165b5865d9,True,,False,0,1,0,0,0,0,0
9837586,1,4,1592640,0af932f167302a8db269745c912f60426f5f7c78a715d473b796c7aeaab35fa0,True,,False,1,0,0,0,0,0,0
9837661,3,8,3513600,d2648cfd3ac49413f5f50aed332f9625fdefb7ff4db8c905c0432282dabccece,True,,False,0,3,0,0,0,0,0
9837685,1,14,6312960,48710adee74d3fe88dc27260b02acc008ace91ecaba42952ea2710cdf56a0094,True,,True,0,1,0,0,0,0,0
9837720,1,16,7246080,5dc6ef07474fba07e666a1f0f276d568c4d82ba62f28558d60d2a9ec31a9a4f6,True,,False,0,1,0,0,0,0,0
9838060,1,12,5376960,91eb6caa3552c33581d396d5cc15c6f2146e26f8160fce777635883998943968,True,,False,0,1,0,0,0,0,0
9838414,1,2,979200,578c2022d00256e1fbf1f6ef6fcb8df2c0b822e709fb4ed45b2f9888bbb2a45e,True,,False,1,0,0,0,0,0,0
9838468,1,17,7439040,21fa9159decf7621e975813cb7921fb3e91b59e91481af9dd8a8a131d148d0be,True,,False,0,1,0,0,0,0,0
9838537,1,17,7439040,8e820177d0bbb32b8e472a0e2f588c4ce56858bf47b9eaf88dad5867a6969cc9,True,,False,0,1,0,0,0,0,0
9838608,1,17,7439040,2b419b1206e9b9b3640860b6d8dcabae0ed2d76ce22558d1ca0220ddc749fe80,True,,False,0,1,0,0,0,0,0
9838761,1,14,6312960,7ecbbbbef90fe04fba42b041349ae7903394466d267b0a79ba5013f4c31ce0c9,True,,False,0,1,0,0,0,0,0
9838804,1,14,6312960,fdfda1f0e013d99d375942e21ebe04ef89c1b4f81348396310701e2c1c60b641,True,,False,0,1,0,0,0,0,0
9838949,1,17,7439040,f820a591d5cb21394e7df14c89e58d28a14a805cf40e1f2f791bf6f1da6044d6,True,,False,0,1,0,0,0,0,0
9838975,1,17,7439040,52aa70006c48b40558fc6e31304ceabc0d68f6c9bb88ca0ab3fe7a5bc5803018,True,,True,0,1,0,0,0,0,0
9839030,1,2,636480,c1aeb03a2a66222bcd88043bcce720c1bd51fcaf6ac8b691e33746ecd3c1e8f4,True,,False,1,0,0,0,0,0,0
9839062,1,14,6312960,c1f4dd93a0c150be2089cc66e40592d786c318db29807dcda8f5598bace4f09c,True,,False,0,1,0,0,0,0,0
9839081,1,17,7439040,fe72ce5ebce050bad8394c39defb7040f230e5616f3d8ecbc97b366fad1cc9eb,True,,False,0,1,0,0,0,0,0
9839821,2,17,7439040,414b31af87713cc30dd219a735948c95250f67eff5dc29d7d5391b06acfcb837,True,,False,0,2,0,0,0,0,0
9842890,1,11,4832640,641f3ee664360e6642f4ecbf2cfcbb136232a3f0d1929b63786c380b99275e67,True,,False,0,1,0,0,0,0,0
9842906,1,11,4832640,a4d2a87ca7e1a91cf7ee028203071a36a4798cd18be53f781adc962aca839253,True,,False,0,1,0,0,0,0,0
9842937,1,14,5958720,b33b8b1c5cbb868cbd51850e8a5d34b1eb7852ae888ab457b2403075904eb137,True,,False,0,1,0,0,0,0,0
9844088,1,14,5958720,ab65188b3d48182bf0bcf0279f442e6dff31ac7e76de4c19ac4d310d63b50af7,True,,False,0,1,0,0,0,0,0
9845898,1,14,5958720,6ec36981e52053c0b9f9641eb83f4579a450a4043f76122de719aed05bba4f16,True,,False,0,1,0,0,0,0,0
9845931,1,13,5765760,a0939e9f9e904a0862e726d45560e44cd8a8278fec8d42a6b495abd7935da172,True,,True,0,1,0,0,0,0,0
9846086,1,14,5958720,c6fe3f88c6af4959124037f9a405bdba76fb546b08e6f4d3fd3c1613a6a3034f,True,,False,0,1,0,0,0,0,0
9847239,1,14,5958720,1a3b81c781d6cc2dccb578a0ae527ee625a86de912fa43da93c608e6bc690d58,True,,False,0,1,0,0,0,0,0
9849884,1,14,5958720,8ba092ed26b9024997943ace403428ee1f6bf3c238e557eb5dd13a7fdaa53763,True,,False,0,1,0,0,0,0,0
9850387,1,14,5958720,cccbef13f84df6da2bb82fc37757b1bd8e031b5b7d3490edefbf838cae9d7ab9,True,,False,0,1,0,0,0,0,0
9850843,1,14,5958720,cf8aa3a3edfa749eb9041b7c69de0a3c19056f4545f5052857ef5b0f67a9a6d6,True,,False,0,1,0,0,0,0,0
9850893,1,14,5958720,2cc8719b3169b7ca6419ffc87dd5abf9afc853fe2d4b0b517d0b2a04849a76a1,True,,False,0,1,0,0,0,0,0
9850912,1,14,5958720,b62f07f73a29378d2b29cfbff30078956b04b6e58bb302b21195a1a9716e2574,True,,False,0,1,0,0,0,0,0
9850957,1,14,5958720,4ab9ed543645715fd1afc4dd1867464842900b2aeb3a35ac62f79f36a2647942,True,,False,0,1,0,0,0,0,0
9850966,1,14,5958720,3466f6888ff370f86db59adfc8a35edb68ec24bec6866ed95d766df1f2772744,True,,False,0,1,0,0,0,0,0
9851123,1,14,5958720,612e6a5a2e657fb4b1acde9e303be7ff95fae708b2a4b8a2c8fae9081f14945a,True,,True,0,1,0,0,0,0,0
9851126,1,14,5958720,018eaeac48b569a99b7876b7d94f9a6790417dbc4c02e1191f4e588e0228a199,True,,False,0,1,0,0,0,0,0
9851142,1,14,5996160,765a7be4291776724054cf68592e99903c7f608e0fc4218cb2c3fcb62d0b96cf,True,,False,0,1,0,0,0,0,0
9851226,1,14,5958720,32ce61b53601e5c1d1c20ec7947b02ee61b36fc52646bbf9a9578d5a5eecc4df,True,,False,0,1,0,0,0,0,0
9851271,1,14,5958720,c62e533b7b7a59af921be678dd500739a9a6479baa6b1245c80ac3bb3fd185c3,True,,False,0,1,0,0,0,0,0
9851360,1,14,5958720,565622b2866c715ffd21a25807c7387fc87f1086d490c4652ebc180557034892,True,,False,0,1,0,0,0,0,0
9851662,1,14,5958720,045cc1173c5c22739dc7f1cf08b9525f79913618a6083a269f75e5082acddbf4,True,,False,0,1,0,0,0,0,0
9851845,1,14,5958720,977c5073b249cd6ad0697abdf0ab373ec9f516b6b8f410fd17518458a9558ebb,True,,False,0,1,0,0,0,0,0
9851943,1,14,5958720,c8df06089769efa97753df7032a641fdc956493c99054c445dbe24351d67131f,True,,False,0,1,0,0,0,0,0
9851970,1,14,5958720,5a1518b99f08e39827a1a732647da6eb946b57d307a4f26d6a0c114cb6e27922,True,,False,0,1,0,0,0,0,0
9851983,1,14,5958720,e5fccb7fcaed704e6287852b00305a232fa72b375818d2d8d3b75693681dc0a1,True,,True,0,1,0,0,0,0,0
9872283,1,17,7439040,926c65089e03d1b13dc33743062c01aa79a6ebb92e26b8178d97e84d6d5fd267,True,,False,0,1,0,0,0,0,0
9872831,1,16,7246080,27ccc0c82992b0ff43a06f1528b3add58da352ed350cd730bfaf60507695855f,True,,False,0,1,0,0,0,0,0
9873254,2,17,7439040,bd85a51770d99c057ed89899cbaafd011dbd2f29a75360e3f9128b75db0d0faa,True,,False,0,2,0,0,0,0,0
9873604,1,17,7439040,570343561c304e45699cd9e89faef7ee53c9d91846f3c8dcbe78477b9d477f70,True,,False,0,1,0,0,0,0,0
9873759,1,17,7439040,2ff9c82b5ad2f25699ff198c2fb19abbf71bda48beb29227298120dbd46324f5,True,,False,0,1,0,0,0,0,0
9873869,1,17,7439040,54541eced9f23fcc9b214c5b287d15281194e8d9632d853ea66ba4859d11c257,True,,False,0,1,0,0,0,0,0
9874581,1,17,7439040,42dcc61c3042d3f1d98794363b52ff5c9f2d351be68d24503e9ea6a4a865e30a,True,,False,0,1,0,0,0,0,0
9875711,1,17,7439040,1226410639a781b9518ba2cac15608c54fc316d78bd48e23b370ec7d54f4941e,True,,False,0,1,0,0,0,0,0
9880190,1,17,7439040,a1ada580d14cb66c6a859a13c0645896852cc27f9279424b41227a9215eb5110,True,,False,0,1,0,0,0,0,0
9881077,1,17,7439040,5a1a9f4c52ab3a12e6f0750559dd51848bc2839d91ac65963d6f21bfb5ee1ba4,True,,True,0,1,0,0,0,0,0
9881258,1,17,7439040,3c9f76f694b61325f875c824d9fff406546b46f0fa3a94b05bd8473d32fff52a,True,,False,0,1,0,0,0,0,0
9881662,2,17,7439040,41ce7d702a63f54dee176d99cbcbebb179e361b8a880354a119d05dff6b6fad9,True,,False,0,2,0,0,0,0,0
9883606,1,17,7439040,3711075b875497680cc14ca0e038fd02c5cb8511bdf78290b93cb55049d81523,True,,False,0,1,0,0,0,0,0
9884104,3,17,7439040,898a2abe3e11d67a7240d857832455278be8e500f42cee169b694ed60e818c6d,True,,False,0,3,0,0,0,0,0
9885417,1,17,7439040,2cb9319f568d3e33cfe3561a02823d9eaa32fe17752d401e142d2c33a5e72dd4,True,,False,0,1,0,0,0,0,0
9886221,1,17,7439040,1a6f9b10174a4918ec8ccfae72e98515beba1252c85408be6c1bbbdbf6031e80,True,,False,0,1,0,0,0,0,0
9886224,1,8,3551040,ec33b6fa0d2b91e23d4e653fb8a636af9f4598adba4bef6830765bb0663140d5,True,,False,0,1,0,0,0,0,0
9886255,1,17,7439040,c186dec2f009b5a8bc2383b2fe35da7aa388a0cfc6e370d5d16ebc2ebe80c327,True,,False,0,1,0,0,0,0,0
9886361,3,17,7439040,8d727f9e1309fd9bb13ec7ca3efe520717ba29665fdff3bad8d4c47ed220fb56,True,,False,0,3,0,0,0,0,0
9886661,1,17,7439040,7ba2fb732657ea2bac0c9638b969b20fe6b901024a90d6f5a1ac33ce12301de7,True,,True,0,1,0,0,0,0,0
9887224,1,17,7439040,a965ec92f258cc89e8db02c1281d24f3b0ed76b41824ce064fede6bf967bd936,True,,False,0,1,0,0,0,0,0
9892471,1,16,7246080,431e2f96d55df09a3a6488c374fee62cac6e77eaee5c504c37ade1f630d1cf28,True,,False,0,1,0,0,0,0,0
9892816,4,17,7439040,ab526ae83b53131474cde67040b70a2ec57cfb5cae094e9f5c8e6daf676bfb85,True,,False,0,4,0,0,0,0,0
9892856,1,17,7439040,9218e29633f10af49b801f125305237bb93cbfe2a2ce5e0d5a1c1730522c0231,True,,False,0,1,0,0,0,0,0
9893318,1,9,3683520,14a57c60b6bc910653c8c1e637499cd888e1955b02e1bf396f7e75fc8b50d834,True,,False,0,1,0,0,0,0,0
9895004,1,17,7439040,4ed674bc482f5a10fb92f6f5b10ba0473ea83cceefef361b00d55fff6a2bdc64,True,,False,0,1,0,0,0,0,0
9895006,1,17,7439040,f86674c7eb13b797fc3763e2e8aef74886883969ef974da0e18a4d9bf55f35c5,True,,False,0,1,0,0,0,0,0
9895709,1,17,7439040,c9e0e149d9aafaa39f99a5e22f2113b31289b1e8ef1def53e55f55f07c8aef61,True,,False,0,1,0,0,0,0,0
9896018,2,17,7439040,0594b775a46784a80d2d051d20e0ee7d0b21b0cc67e65daec62ea185c6440480,True,,False,0,2,0,0,0,0,0
9896435,1,6,2609280,5757b658982539ddb55ae95877fba094023d0c0e3034ad2090ba41bb36f845fe,True,,True,1,0,0,0,0,0,0
9896438,1,6,2609280,914a31448f8dbe347547b71a35a4b550ad74e92141b7aae093350f288caad445,True,,False,1,0,0,0,0,0,0
9896558,2,12,5169600,65077cb8c8bf76c4082ad8e149ade07352af2987a9a5395ed3e3751f6758a1d4,True,,False,0,2,0,0,0,0,0
9897364,1,4,1955520,bfe099f8192c145e0578de46dd824f4cadcc138bc6fa6180367e748a787eef8c,True,,False,1,0,0,0,0,0,0
9898017,1,17,7439040,5cd810a4933875766f04b6a931eb0eb27866fb59b5a2ffd165280463b591d491,True,,False,0,1,0,0,0,0,0
9898364,1,17,7439040,1909537752aefadd7c65efa267c0c7b89581c7412570ec006cbb36a31b210d14,True,,False,0,1,0,0,0,0,0
9898447,1,17,7439040,fdb5f9cc8bf5814c1d555bfda22100468b2e21306d6454ad930084f548b86258,True,,False,0,1,0,0,0,0,0
9899065,1,14,6312960,fb80f15e9c353aefa645082ab35103a76c0d15c7a3795975de0e122db015014b,True,,False,0,1,0,0,0,0,0
9899141,1,17,7439040,eb31e0a17ad1dcdec6a022440ddb88ed1a938f5817c2514c5869976413bfd8da,True,,False,0,1,0,0,0,0,0
9899153,1,17,7439040,383f36709e8c68a2a947ad88118435bea98f76b8717ce15342301c644fd0dbad,True,,False,0,1,0,0,0,0,0
9899181,2,17,7439040,234fd964fa81806375c50d71a998110819d41d6c57f65061a8a310dcb4b0cae2,True,,True,0,2,0,0,0,0,0
9899193,1,17,7439040,70e605cff17ebf1e68907c51e4ffa8b8d7c883721b7c1515cfac396367cbca9b,True,,False,0,1,0,0,0,0,0
9899216,1,17,7439040,0c04e684e3d02a480759b7dbf181415cf97b3e4f578443b67a1cda9a0fbe59b9,True,,False,0,1,0,0,0,0,0
9899217,1,17,7439040,9973da2760dc4b103584e4c2b58d71f94dc6b1aa44d257b1700f0294ab2d39d1,True,,False,0,1,0,0,0,0,0
9899233,1,17,7439040,f63d61f8b5cf2007bc0fa4d59de0c4b781cb9ff0dc8a65b3422111203d2c62d8,True,,False,0,1,0,0,0,0,0
9899256,1,17,7439040,9325af2ee27bf571887f20a1de5a45e43cdf2b764a9bb6fc400adf27fdf52f7d,True,,False,0,1,0,0,0,0,0
9899280,1,17,7439040,bffb17b625141f24ba8bd286ba9c0a9d90e534ce06760cdc22bbf1ff1502985c,True,,False,0,1,0,0,0,0,0
9899315,1,17,7439040,15775abee3bbebc99a8bf0412f10f46df19c2b1b85e327c6d837d2f8b4a30f00,True,,False,0,1,0,0,0,0,0
9899345,1,2,636480,9eea83e0a78fa192aa3797d44d0900dca27bf376a79cf83ff78f4a5f8f83b0ce,True,,False,1,0,0,0,0,0,0
9899352,1,16,7246080,fe8b83b3056d70c7484350dcaeaee02b2180137dde96a304dd79c379fb230f45,True,,False,0,1,0,0,0,0,0
9899355,1,14,6312960,6cb7e34cf8453b227ce6e2f880997634ab278c0035b7840a8b80771ea024bfca,True,,True,0,1,0,0,0,0,0
9899410,1,15,6802560,820d845eb23537ca745c0c168f4f33b8eb5e0426383e90032592ed6ff12f898c,True,,False,0,1,0,0,0,0,0
9899414,1,14,6312960,de258cdefa8092edc1f0a570009e71bd44e7c01a2f6f029b7e06566e99cf21ad,True,,False,0,1,0,0,0,0,0
9899421,1,8,3562560,882423db44bd2c9695a006b5fcbcab2f49aa313a57ad6e39212271ec6f7da324,True,,False,0,1,0,0,0,0,0
9899449,1,16,7246080,64279a629904212026d196a68b9b8eb23bdbfd4c7ba552be46e00807d7ec9509,True,,False,0,1,0,0,0,0,0
9899483,1,17,7439040,c6e1c5d1e22e81fb09a0ed1ba70b6942a099989244750e7518ad04e69b91e187,True,,False,0,1,0,0,0,0,0
9899505,1,14,6312960,c2e880e23738b47169c34e384baccbb2d0516c5f1b1184940087e31a851c6a42,True,,False,0,1,0,0,0,0,0
9899514,1,14,6312960,215b587dcc9fe57578333e17b4167255a1fc61d0b984bc08746962519485607e,True,,False,0,1,0,0,0,0,0
9899577,1,17,7439040,6e527868e11e5b108a4de6de7c4de6027dd2b2ffac37ea06c55280580a26022b,True,,False,0,1,0,0,0,0,0
9899583,1,17,7439040,47d3fc75504d500113500192bd0b5f9e689646355f9e5aaa6596e5609473b430,True,,False,0,1,0,0,0,0,0
9899607,1,17,7439040,fcd8de7a91980e42fe52120810a1c17e8c554a96340821cd5c3b6a2ef0e813ee,True,,True,0,1,0,0,0,0,0
9899621,1,17,7439040,c2f305618c67d7043899a34b09ea23f87f523ce5759326a7ff78bd655b677ac3,True,,False,0,1,0,0,0,0,0
9899623,1,14,6312960,31a4066b7cd9cb82a4a468fe1b10e695e4d28d82fb82e3f37151402e0e1fa075,True,,False,0,1,0,0,0,0,0
9899630,1,17,7439040,4a724ad1a6d9cee6e25ad203d0107672d5d10f59227abdba2748791cc49f13c2,True,,False,0,1,0,0,0,0,0
9902856,1,13,5765760,6ed62e9f10a067e60c01456e0b7699ee29e408e99497c4766f0943848c2c670a,True,,False,0,1,0,0,0,0,0
9904006,2,14,5958720,45763b7260e4c20d01e59c8e29f43398b2a5f7a2b288d0c285726c78b2ce0d45,True,,False,0,2,0,0,0,0,0
9906489,1,14,5958720,cb08dcfa7d88f07a21bc000345dbefd00f925ef3c7870daa0bd361c443c7ef3b,True,,False,0,1,0,0,0,0,0
9907129,1,14,5958720,d1b869492d672d16a0bf75a66cd099a7ce67f8d61342067c998d690d8c4315c0,True,,False,0,1,0,0,0,0,0
9907505,1,13,5765760,263c0421fbcc1fdd60331b08db7e4b17276bd405bb75099ae7968d2c54f00ae7,True,,False,0,1,0,0,0,0,0
9908486,1,5,2082240,69e342370cbc33c84a6f763a8cb46dced8624efc8783bf29c54873a4e6b1a698,True,,False,1,0,0,0,0,0,0
9909735,2,14,5958720,66a07d7df6977a55c93bb2369d0aa387f8b630ad3848cfb2d6e4bb76cfbfb11c,True,,True,0,2,0,0,0,0,0
9910828,1,14,5958720,4b62b1c150d0ef69c4ce5f12d7ad872c361707718880bf4e4a2a28029e87ae0e,True,,False,0,1,0,0,0,0,0
9910942,1,14,5958720,3356306744ef7c85ac48c87ab3d0ca6bc62e5dfd83252e5bfdf7559d5ad83541,True,,False,0,1,0,0,0,0,0
9911112,1,3,1143360,4cfe7098acea5f62973ba9b86dcd2cc2504810e105487ffad5fd532ec65f776b,True,,False,1,0,0,0,0,0,0
9911882,1,14,5958720,b6e9b9e881396802b34ee43f7c2797e32b31420a5080bf0565bcc98446dab509,True,,False,0,1,0,0,0,0,0
9912977,1,14,5958720,17dd95076f3381d0f86056bf253af4fa07cc3d10d14a1788736e2210c9d4a784,True,,False,0,1,0,0,0,0,0
9913481,1,14,5958720,bbcce8d13b40f33be79f67ba45cdb15fbaf5ce9da9146c5b81b76c0fe28fcea7,True,,False,0,1,0,0,0,0,0
9913798,1,14,5958720,68039c4c815da0bd263dbaa72c9e9a4778f6f78af4a7c860306f633c3b004c40,True,,False,0,1,0,0,0,0,0
9932970,1,17,7439040,3a07e5764fea2579945f7363d044cb0a63e0eb5fc4434aac420d6d7f3a671fea,True,,False,0,1,0,0,0,0,0
9934208,1,17,7439040,581dcff68cc74962cb4b3b4a80a33a4243c48b84d36df44db643e1bb4547d360,True,,False,0,1,0,0,0,0,0
9934274,1,17,7439040,823bc5004eba4c3cad66e4723c4aac2a5435e157fbdbd19494ff2cb5ce68e4a3,True,,True,0,1,0,0,0,0,0
9936698,1,4,1650240,eea2fabbf4560ff2b4c15f596e4e063f6b2532fcc4010d212cef2cde8fd936af,True,,False,1,0,0,0,0,0,0
9940565,1,17,7439040,0f6ac8356081814478d5eda2c1e5c8cd889ce32ab21e7a9dddc5b418859c697e,True,,False,0,1,0,0,0,0,0
9941066,1,17,7439040,c2061711bf2d3a6dabd752ceef29fd11505231dbeb19e3a589afa7b5df3d1b1d,True,,False,0,1,0,0,0,0,0
9941387,1,17,7439040,7c57d2aa7f0ba48c4f4eaeff7878280646bd33caf72165ca362b7c3fd3bce27e,True,,False,0,1,0,0,0,0,0
9941425,1,17,7439040,dec7b33139f879744b2ec1e9c8a783a762c62a348d87404cf09f3764e11dbb4d,True,,False,0,1,0,0,0,0,0
9941550,1,17,7439040,87e4040e70317507ff719b1db0c6adb12b5c1e629c1d0cfba61e9c573368ffa5,True,,False,0,1,0,0,0,0,0
9941662,1,17,7439040,2776abd06bd1dfc895f492d026edd041d8064ec38629da6f00a557f1ed45ecf0,True,,False,0,1,0,0,0,0,0
9941859,3,17,7439040,8a4845833f2d113b968ef8b99382b2045b692f00e892ef5032dca047bcb9171c,True,,False,0,3,0,0,0,0,0
9943435,1,17,7439040,b5764c55fd513f2e8825a27647e74f90674b3adf39f141dd4ce69de1774c4524,True,,False,0,1,0,0,0,0,0
9944421,1,17,7439040,92cd434915bb8f4c1cde5ec1c48c9e1c13dbd0d326ff6d18c84942f6729a0829,True,,True,0,1,0,0,0,0,0
9945280,1,17,7439040,cf6554eb59b3a05ffb3a2a38d77d9ebea71ee4b2f51ebd6b052e13f2bdbb5a78,True,,False,0,1,0,0,0,0,0
9945370,1,16,7246080,0b78ed6c4084577a66a41d8fa45ceb9474f4fc2ebe369e1f1aa265d8aa6a7877,True,,False,0,1,0,0,0,0,0
9946525,3,17,7439040,6e1269cbc90225425919f3b1315509bff972f67a914bde589d14ba3eef626f43,True,,False,0,3,0,0,0,0,0
9948002,1,17,7439040,625c76a05b6ad889d0ab0cfc40b4e29410bb17e147143741d98206a185eb780a,True,,False,0,1,0,0,0,0,0
9950612,4,17,7439040,ffb3c21a84d7b5138f028a6fda122fd906095ced8108896e1093b13bbfdf2eeb,True,,False,0,4,0,0,0,0,0
9953736,1,17,7439040,b5a565baa15d04beeeb529f8e0bb694008318921a937338f8809d1a9ffa90ac5,True,,False,0,1,0,0,0,0,0
9954225,1,2,636480,dca98f5a5b6b3b59ff5996a25aa3eb8ac23c867de082b391b7083dd716907856,True,,False,1,0,0,0,0,0,0
9955262,1,17,7439040,50a5d1d6287708a848ca84a6a3ce2a733eb495529deecbd289981d06460ef5a3,True,,False,0,1,0,0,0,0,0
9955598,1,17,7439040,d602f6dde3dfe6e004f16d86621234a8efb8fdbbd3a5c95421ef016f341bb625,True,,False,0,1,0,0,0,0,0
9956082,1,17,7439040,eba461350726c0b52796381ca4e6cf0ac38b69831c466161019e575a1b196797,True,,True,0,1,0,0,0,0,0
9957351,1,3,1465920,ac1abc3c31f14ac0125a1a2948fcda99a29ef34e4b68029c58825ce59b0724a3,True,,False,1,0,0,0,0,0,0
9957627,1,17,7439040,e64587d72956379fcbbfbd5e2a6ede21e428e3d591127da02e69e8e03e291816,True,,False,0,1,0,0,0,0,0
9957659,1,5,2136960,5c93c55468f5f916e3a0ce4ec46b9ceb515cf8dcb71b473ba17071a7069ddc6a,True,,False,1,0,0,0,0,0,0
9957668,1,17,7439040,1dd9e7d240025cbba44db0606edf40ee874ebb619049d6d00db2007218665c7b,True,,False,0,1,0,0,0,0,0
9958053,1,17,7439040,e9b19c75fa079defed59fba5c268dbfa76308c17a38266a4dc96331eda00cb58,True,,False,0,1,0,0,0,0,0
9958962,3,17,7439040,452306b615ab7b5f29668ebe3ed6dc21ca46f2d37210d9327da72b292456e2ca,True,,False,0,3,0,0,0,0,0
9959093,1,17,7439040,8ae3f8a42ca64225c756ac0cf515653e4d560c438577c6017490268b970dea7d,True,,False,0,1,0,0,0,0,0
9959368,1,17,7439040,5dab157ed2ad7102755c36440752acfb092877f125a244cdcd22d0a5dbcb794c,True,,False,0,1,0,0,0,0,0
9959492,1,17,7439040,67f5b87a9c636491aedbbc2b0712dc5c33f204e9a6e7dcb98d737518d9e4b482,True,,False,0,1,0,0,0,0,0
9959494,1,17,7439040,9e70b5d9828ac7c1540c9f713d1aa1e706c23c44974e0c35d8eee920ea2e065f,True,,True,0,1,0,0,0,0,0
9959545,1,17,7439040,6ba381b62a21af6df2a89b794f68058d6fbc4ddb98e29f56d2ed58ad91290008,True,,False,0,1,0,0,0,0,0
9959589,1,15,6779520,e9ca7c62bf030ca22f12d14bcfc4ebd4392d0914d6059dd7140446f95368ccbe,True,,False,0,1,0,0,0,0,0
9959765,1,17,7439040,522488ccff42f06e63cbd6b332b33f46d6c13246db222c51d0c5268944ae0a81,True,,False,0,1,0,0,0,0,0
9962455,2,14,5958720,cebf9b282f1f3277ebf636ae689bae561a3a42cf65556075f5214a67aa575276,True,,False,0,2,0,0,0,0,0
9962595,1,14,5958720,8b7ab2b552579fd3cbed68f0d2c3401a09521525ef30a5c4243428fcd5db9b34,True,,False,0,1,0,0,0,0,0
9962731,1,14,5958720,cc355117b571fba29d0a854fc9620ae817c1e50dbd11cebd71254eba1827fa01,True,,False,0,1,0,0,0,0,0
9963009,1,14,5958720,3968be7b2ddc78294b5ad84a2d6b382e921a9568825044097e3d18db970cbe5e,True,,False,0,1,0,0,0,0,0
9963265,1,14,5958720,b5300b41e7e7da5dd29a6be256595b7e412dbebe3016e749a9ce7186bec1dd1a,True,,False,0,1,0,0,0,0,0
9963461,1,13,5765760,c0cfd3e6cebda279733e5e1da49c9b2a395c359659b59e4bbbade6fd0c66bbe9,True,,False,0,1,0,0,0,0,0
9963524,4,14,5958720,014d19106dc9320563ec1319500f0d9ce39c0cfa1b94a89a26b4dfd71f27340b,True,,True,0,4,0,0,0,0,0
9964670,1,14,5958720,b430a94e758c0206f2ef12a182800dcd8720ccaff370ba7048aa2cda4d1ee5ff,True,,False,0,1,0,0,0,0,0
9964748,1,14,5958720,aa0bdbc398150d4866bc66fe8df2c2a95453307ab889531ddb4b77291bacd198,True,,False,0,1,0,0,0,0,0
9964801,1,14,5958720,0670b4a7ba225bf8a21c1916b7eeeadd7631f472bec40d97ac1979e7e1b5e140,True,,False,0,1,0,0,0,0,0
9965184,1,11,4832640,2074b3229293c6ec5fa87f66fd56ce1073f17210e681236659e22ceb4e827a3c,True,,False,0,1,0,0,0,0,0
9965206,1,11,4832640,ecaf3e3989b46657a214ab1357a599881f63b13e64b9fed79cde03a662be33e0,True,,False,0,1,0,0,0,0,0
9965439,1,14,5958720,33ba99d5bb31dbc6b2dd9c744dd41d702342cfcf205559e1e80aa7208378932c,True,,False,0,1,0,0,0,0,0
9965691,1,14,5958720,8f68bdeef0cb5d49718f03b6c607b84e9ea9ede99271c84f5511c880020529e1,True,,False,0,1,0,0,0,0,0
9965957,1,14,5958720,0d95a86b1461ad740b15e7beeb9994fff06ec7b85aa8423356e50a2e5f157350,True,,False,0,1,0,0,0,0,0
9966115,1,14,5958720,c0f021757cbe9fe3d886fdd6d0c19975b10cbfa40d92f44b83ead663f8bdd8ff,True,,False,0,1,0,0,0,0,0
9967771,2,14,5958720,546c70ba27b1b52ab974a40cb7c7a9aa69bf99e4bb7a771fc43b9f52398e999e,True,,True,0,2,0,0,0,0,0
9967884,1,14,5958720,3bc71fd64573b180e5a09e3169ab84c8318b87a8a15c29cdca5277c7bb531810,True,,False,0,1,0,0,0,0,0
9971475,1,14,5958720,3c5c719182459bc326e436c811961f84263f6c79c55c434092bee1269abf1cfb,True,,False,0,1,0,0,0,0,0
9973109,1,14,5958720,9398932b655a8253edbbb6381ed0e9c54d7c2a7f8f10ea175a91e291f7fcd15d,True,,False,0,1,0,0,0,0,0
9973855,1,14,5958720,0f2b5569f917143c669b21021ae59f563412281d20651883c82f1d5c4ceb8f75,True,,False,0,1,0,0,0,0,0
9991621,1,17,7439040,b1480f5f388ad3513dac90f69508ed59d6ff3f4cbeadf9e560b1ed2c30a4dc87,True,,False,0,1,0,0,0,0,0
9992325,1,9,3781440,1d3e9ac4552d75e15778d2fc91667db39692919b2cbf07bbe869fbe7e1617f64,True,,False,0,1,0,0,0,0,0
9993529,1,17,7439040,e988571193adfc5f191f2e0c49735fc40998dc0985a62bfaccb00e883d4cdeb3,True,,False,0,1,0,0,0,0,0
9995402,1,17,7439040,bb2a1e9bdd6556e9b55b4b20d4080b9874cf74d41a31daf2c11d8fa1b9d5e750,True,,False,0,1,0,0,0,0,0
9995771,1,14,6312960,fdd055fcf5e5ed65fd57b50cf1993f881b16c653ff535619efceb587e99f4e48,True,,False,0,1,0,0,0,0,0
9996632,1,14,6312960,542e474726be0d6bc5643cca472b9a3aa3135a08e471387016515ae758d7f544,True,,True,0,1,0,0,0,0,0
10000490,1,17,7439040,b5be10f12a3779eaece963ae7ea01f8e8878ea08518ab7d2e5607255c7812e98,True,,False,0,1,0,0,0,0,0
10000941,1,17,7439040,3e10c99b58af4bd5871f81d4934d34d2a9b77cb8ebba85f4380f2905879eec47,True,,False,0,1,0,0,0,0,0
10001368,1,8,3513600,e8e68048e9895d28b1eae9b5b84d284ec34a53ce86b9ac208a713e3425721115,True,,False,0,1,0,0,0,0,0
10002266,1,17,7439040,e2615eef390947d42b4530496e21e7acc231d7e2c5a89a52fe67b1d3940137a7,True,,False,0,1,0,0,0,0,0
10002866,3,17,7439040,bb3c32c8304eb7d86016f4dce504fbd948ba6bf1474335cad6e36722f40eb233,True,,False,0,3,0,0,0,0,0
10004519,1,14,6312960,d2bbdc52a6fd1e9e23515f132fe8e33894e364e517d7dfbad06cad87c555fc37,True,,False,0,1,0,0,0,0,0
10004738,3,17,7439040,794d0793e751be1d22074dd741b54a4102f76ac7743ee5b0bc4a00b53c6515e8,True,,False,0,3,0,0,0,0,0
10005020,1,17,7439040,63ae7d4e5dfec8860db08ac07f1305344ad9c773113ea6cf22b62522708c4587,True,,False,0,1,0,0,0,0,0
10005758,2,17,7439040,6fff19cc5daa581fd423d9c60493f568a34c0e8ee0590fa249b181f97fa9bb82,True,,False,0,2,0,0,0,0,0
10005788,1,17,7439040,5ece62b89b78b2bc26c3a9daab523069e676c4a8f1cb9ff530e6ee2d983ff781,True,,True,0,1,0,0,0,0,0
10006096,1,17,7439040,bb441952b964af12a8daefb45ab95b9a402f7ce3af0a152ad1e24ab871c0dc52,True,,False,0,1,0,0,0,0,0
10006581,1,17,7439040,16440328f86233893baa58352aa8cf0cf86ceaa202536a4cfd6c0302faaad9fa,True,,False,0,1,0,0,0,0,0
10006641,1,17,7439040,60aeca7381db4666c2ffaf70c1c57baf0b8597082b75c88fbc86829de7718ebc,True,,False,0,1,0,0,0,0,0
10007492,1,17,7439040,8b13ba0341c20378b773f3aa5a3f2cb49cecbac9a3f9085b00412604c822aaee,True,,False,0,1,0,0,0,0,0
10010440,1,17,7439040,9e39eff694d138cb137686641da74e02adc209fbcd2c54257c88ee13eda0132a,True,,False,0,1,0,0,0,0,0
10010452,1,17,7439040,a417892f767e497ce4c508ec7742326260ff56390448d1788a511547505fd2d7,True,,False,0,1,0,0,0,0,0
10014702,1,17,7439040,4d4e48e3948d1874f95f6bb3aad669c2e32955a41e3ef227a7203f62c5b2f288,True,,False,0,1,0,0,0,0,0
10014875,1,17,7439040,800fae2f09a1b83adb50e88b15fd2b292bc831fbcda5a7aa8b79f7ad8f36dad6,True,,False,0,1,0,0,0,0,0
10015937,1,16,7246080,2d869851a4fe1bcd7440885295798d212a97ff643663305cb504108d8967aac2,True,,False,0,1,0,0,0,0,0
10018233,1,17,7439040,78db03c093063817e2abb3c25e44eb3a27bc288392dc1d0ec522586d2b308189,True,,True,0,1,0,0,0,0,0
10019065,1,17,7439040,b5a9464f3d0536e9d30fbe8a58c68d467adc54c6f7f9b8f4d3ef0154e1ba4fc0,True,,False,0,1,0,0,0,0,0
10019399,1,17,7439040,0aed645ec1de7ec8eaa39190cb323dfb29b375c12543f62441b319b64d67b6f7,True,,False,0,1,0,0,0,0,0
10019643,2,17,7439040,b3d47725232ef0860f2e9ede5927b3f964eb14e21b57ba68977d0e90d2187faa,True,,False,0,2,0,0,0,0,0
10019708,2,17,7439040,9f701029bd3d3b551cf191ef2c8d0e4e1abab31940e96fc3d3c6bd4ce084ed55,True,,False,0,2,0,0,0,0,0
10019763,1,14,6312960,cfb226fe07d1d4b273d20ea450cf1b18e6c843d119f51b4eb34841cda34caf02,True,,False,0,1,0,0,0,0,0
10020423,1,17,7439040,ce2c87271753043e8765609d7d52e11e2cf639f2b51b84b2e21976d5ebd4ccf0,True,,False,0,1,0,0,0,0,0
10022908,1,14,5958720,e3cfb1c708e9b1b0738ba8b634ca375850eab1366c7aecbf85d509f6db30e6c8,True,,False,0,1,0,0,0,0,0
10023069,1,14,5958720,9b64278d693a2a086079d0b7d05c944340084b2bf680f4030b70f937d97449ca,True,,False,0,1,0,0,0,0,0
10023469,1,11,4832640,6e84c379476cdae00a7e6283394a7fa1a4670108630d2527e94532cd28f7fc7a,True,,False,0,1,0,0,0,0,0
10024051,1,14,5958720,a76fed1a57048efc55295085ae3b0cfcff4e66f3b9eeaa35a25f78d9025459d3,True,,True,0,1,0,0,0,0,0
10024701,1,14,5958720,4be16bf5d6fd496ffb44ba1f79af83ddfcc02d36d393d235075b11f6532d4516,True,,False,0,1,0,0,0,0,0
10026136,1,14,5958720,8c8d6a2040fd8838c0c5fa76060d1a567bfd6445690e0325cf6c1d281048e3b4,True,,False,0,1,0,0,0,0,0
10026457,1,14,5958720,3eacdcd960e645fd8577a55e8c4743596aefcad9636df9ea776fffc7a56cf226,True,,False,0,1,0,0,0,0,0
10026458,1,14,5958720,ff10f16dcf9f1c245f94d1ffd55c8ee635836b3a304db5208c223c86b0944914,True,,False,0,1,0,0,0,0,0
10026502,1,14,5958720,d0b2c4f1d1c324050d10ee2d28d350a78ccd0b3340728cde3a3f522351ecb2af,True,,False,0,1,0,0,0,0,0
10027247,1,14,5958720,fe59e8fd87d68d9056f97adf7be50ca088f8292ad23962abf53b5461c1bf9b2a,True,,False,0,1,0,0,0,0,0
10027323,2,14,5958720,e7b9d4ebd13e05fd36f91ce393e127d5bc8dfba78915fe4f20f0ac70a6f71115,True,,False,0,2,0,0,0,0,0
10028140,1,14,5958720,c547dfb5091252647c19d3ac8b74bf2bb0d2c05342f2a3e4f6f7b25449d49887,True,,False,0,1,0,0,0,0,0
10028352,1,14,5958720,6511e6112aa1ec98fac27f090c92a1deae2578cd577942f747d94b710e719c5c,True,,False,0,1,0,0,0,0,0
10028535,1,14,5958720,f0f6c6a92eb75ec672b4d3375a906970c4846059723a6faba2362ac6bab2cbb9,True,,True,0,1,0,0,0,0,0
10028792,1,14,5958720,2cd64a0310c8c1d509a83d0894ff33c0cb0e8dc21faa327ab422be2801526134,True,,False,0,1,0,0,0,0,0
10030778,1,11,4832640,63cfb086f7a1e9ad18898470a475f3cbcc1dd9d0d120279f6d5cd9e23ab32f0d,True,,False,0,1,0,0,0,0,0
10031409,1,14,5958720,0ba618ba853ccd8a4830a27755f6fb59d183f4ce51e48232faab20e8bcc6f097,True,,False,0,1,0,0,0,0,0
10031500,1,11,4832640,beba9ff8caf7d960dc442a3d643b86ff2324da25fd80fe1d724254e307c414cc,True,,False,0,1,0,0,0,0,0
10031526,1,14,5958720,1991b780f43f9e6d38cdd5816349e2b6c1ec06b6e786e47837950752c7ffce0b,True,,False,0,1,0,0,0,0,0
10031643,1,14,5958720,d3b4b7475449fd93191d07a4cc0d5b43cc90d4eb43517baba2aa97b152091986,True,,False,0,1,0,0,0,0,0
10031656,1,14,5958720,697731f50e3e15e413fd90044b9b628f58e5c0337f362fcdc56cc5ac5e4164af,True,,False,0,1,0,0,0,0,0
10031707,1,13,5765760,512188f667aa81fd0174af935cbf27bde72cfbc3f7ed32546c7f397990d389c8,True,,False,0,1,0,0,0,0,0
10031808,1,14,5958720,2c43701cb4cc78110f346b927f4ab44a7037fa748a193123187cc5129229103f,True,,False,0,1,0,0,0,0,0
10031885,1,14,5958720,c51d3e19c4c7f65f1a4b9a20ac2decaef50dee3d67511dcc6a202e4b4fda733e,True,,True,0,1,0,0,0,0,0
10031907,1,14,5958720,dad93e1c196b44d935ee4c22734d6d6d7a6ceee86be8c451ae57c261900e4c28,True,,False,0,1,0,0,0,0,0
10031918,1,14,5958720,f266ec818f4d098813156a1225d09862f8261328a262d2aa9725b36b999e5879,True,,False,0,1,0,0,0,0,0
10033279,1,14,5958720,e8f96164e6deea36c01d7da136c76d620c873f3d0044f0fc4db2c5356b88de0b,True,,False,0,1,0,0,0,0,0
10034146,1,14,5958720,fc5b6e90658d957b700cbaf8f00686f2a4793922725802cc71775b235650a223,True,,False,0,1,0,0,0,0,0
10055126,3,17,7439040,1ee17c773b2251307527c7c7db45bd921963b0912c8795b07f8429660d70e903,True,,False,0,3,0,0,0,0,0
10057494,1,17,7439040,b22ff427b27a8f4767a8ce2e65befc748b35b6d052e8bf5a8e46e0d180251d01,True,,False,0,1,0,0,0,0,0
10059645,1,17,7439040,40a5bbbd7f667083e95e600bd761ea71af4f79117a807a3074e21aa7acdf9ec1,True,,False,0,1,0,0,0,0,0
10063044,1,17,7439040,6ab80e4c60ef6b06109db2462a50765c205d83eb481081be73440d857b17a5fe,True,,False,0,1,0,0,0,0,0
10063208,1,17,7439040,83c3ea9c17b7f2f7f7bb1d036d5f610772cb974cc9da1bd93b5f7ca2920c12b3,True,,False,0,1,0,0,0,0,0
10063802,1,17,7439040,c4d42ba3b7f1a5f8d8a7a1adfd9a2fe744d67a0b94ef1960673b6743fbba353f,True,,True,0,1,0,0,0,0,0
10064256,1,17,7439040,23618743361d9fc1545394318ebbba0c9e8038e0693df4e93258ceb6ed42f5ca,True,,False,0,1,0,0,0,0,0
10068024,1,17,7439040,f57704d6acf195e97fba63a58c34f988a53ad326447c2ad59d28553b207ebd6c,True,,False,0,1,0,0,0,0,0
10068030,1,17,7439040,5cae7fe44858d7a91313cf04532468a8967942dcffd3777e0287908a47359a16,True,,False,0,1,0,0,0,0,0
10068383,1,17,7439040,7d862da9d9413eb769d3fd9458713d524c1d8bcf8d3e8d0bd0ac4bcc4a303216,True,,False,0,1,0,0,0,0,0
10068659,1,17,7439040,a3c3c5a98eb2b7eb0b3e336638a0933dd11fd0db709585028d51721619c128de,True,,False,0,1,0,0,0,0,0
10068919,1,17,7439040,ea5c5db8b51a24ef4ce3b3331f9585201358c5d8ccaf75193daa7ab3adacde4b,True,,False,0,1,0,0,0,0,0
10070468,1,17,7439040,0ebd6755521e2370388848008fca1c124c05769245e0df4aa482a2c3d747d503,True,,False,0,1,0,0,0,0,0
10074466,1,17,7439040,e64bf6987c5ab97bce1fc5798c745899f2053b14a9689f5f75c35800a25bb390,True,,False,0,1,0,0,0,0,0
10079317,1,17,7439040,552f6e812afc590ebf2a7f05027de0172a2e22883f89e53c6f3b451e09448f6d,True,,False,0,1,0,0,0,0,0
10079481,1,17,7439040,e0b9f99ec2ba24a931a47c30a3addcf02d07cf3a9bde2a6ba91fe5492cdefd11,True,,True,0,1,0,0,0,0,0
10080248,1,17,7439040,d26dd5fe4c05471e8c37c476964ba4a23d08df5b3171ffc5aa9b26032562b7f9,True,,False,0,1,0,0,0,0,0
10081899,1,17,7439040,4ce3b7cbd8b6dcd2fafb907b1c7d619c7671b147130a7787b032f63ba2ecab26,True,,False,0,1,0,0,0,0,0
10083623,1,14,6312960,ba25170ba9b8164ad7a264cc912124cda0f2b5b93cb4496d74a792398e5d7418,True,,False,0,1,0,0,0,0,0
10089911,1,14,5958720,3b92ff6382becdb9e9af03b1cadd8a029e2c7cf8c68f653744eefa1a975a7509,True,,False,0,1,0,0,0,0,0
10090151,1,14,5958720,361614c8e51644dd078f6904f155b4b9a7138b4882f2db8ae4b69061b26e4b28,True,,False,0,1,0,0,0,0,0
10090219,1,14,5958720,1a4679d8f066371e401d95955d3c0532176ab38d7d852765993b8a60d0b1f1fb,True,,False,0,1,0,0,0,0,0
10090257,1,14,5958720,06085299cb55e7a3182c6521afdb96db19d10df1321677bb606aa9f391df2a7d,True,,False,0,1,0,0,0,0,0
10091110,2,11,4832640,1954cff9f357536bf551e3349424980a3276b9f9eaf853d3d3d671913dd3ef47,True,,False,0,2,0,0,0,0,0
10091257,1,14,5958720,d7c7dbaa3dcf7e8e0bf7ec806f87e8442e3b0ed02af7060242064b30c7a09c74,True,,False,0,1,0,0,0,0,0
10092312,2,14,5958720,e8f2e1c0cf241241791c3b13e8b5d01baef11e0d39cb096dec52f8c761b5ba9b,True,,True,0,2,0,0,0,0,0
10093664,1,14,5958720,5a405ed9b5abd598abe0f908351155cf58f835705ec433fc2fe54fb54aa95e47,True,,False,0,1,0,0,0,0,0
10094670,1,14,5958720,6ab7fe35ab53a0b007b0029e6c3f25eaa22e8b95ceceac74d875c625bb4795c0,True,,False,0,1,0,0,0,0,0
10095484,1,14,5958720,328c50c4f2620c9b3d66b78e7193ab760c430411b2e4ca60d0198984e0084a9f,True,,False,0,1,0,0,0,0,0
10095512,1,14,5958720,4e721e5fe1ac3d82995e32c232f30e4576eebbe22d173f498684f29103c25de7,True,,False,0,1,0,0,0,0,0
10098844,2,14,5958720,66c8ff9724160a09478903b47aaaeee79c417fb8cbab69a02d8343752006627e,True,,False,0,2,0,0,0,0,0
10118816,1,17,7439040,ccb836fa2bcab9144a9dd44cc760f32f3e9d6363ac7d13f9c127db42d775122b,True,,False,0,1,0,0,0,0,0
10122255,1,17,7439040,7a30a1cbc1f7092fb9548406f21cf2ebd517335d6dfd5db69bc9303ea71dc07e,True,,False,0,1,0,0,0,0,0
10122538,4,7,2914560,b9f0a70ebe45f7e28a6d6da00563d0f1e59868b9e1ca666eb63701652cd6875b,True,,False,4,0,0,0,0,0,0
10123064,1,17,7439040,e733a6d03d1cb8d77ae84ac219c91e4261a752329127ab32e6be6103638f2967,True,,False,0,1,0,0,0,0,0
10125352,1,17,7439040,8ffa523b51772f9ae6dd3f547d1f711476f5db02e6e8b0e47750c390d84c60c3,True,,True,0,1,0,0,0,0,0
10129482,1,17,7439040,0a77975c2b2527ebdebf13e9b0eecaaf398f2eb254d500995bc89d8a97424a37,True,,False,0,1,0,0,0,0,0
10130039,3,17,7439040,8c0d2d22cdadb71d68df14fd85533e9575c87efbacfff10bf0117b695ed1c761,True,,False,0,3,0,0,0,0,0
10130057,1,17,7439040,7336cc7c3b2e6cdcba3a7fc81ed57c471547624b312be515fa57940803cde55f,True,,False,0,1,0,0,0,0,0
10132832,1,17,7439040,695af2b0874b679dea1e128cfdbf9efe12ddeb290cffb666e98041fda1a209b0,True,,False,0,1,0,0,0,0,0
10134152,1,17,7439040,64cf558d0cdc7c5659f1d2dbae3c52cdb97bd4e36d71e401e11e9da9e602e10c,True,,False,0,1,0,0,0,0,0
10136549,2,17,7439040,181edc7640918c2ab8ee0409751d925c5632d8511313d3b5b794746b699115f0,True,,False,0,2,0,0,0,0,0
10139305,1,17,7439040,4123e2911c524041d492674859a4bdd98f25286aa35f6332f250ad48eaa17406,True,,False,0,1,0,0,0,0,0
10141271,1,17,7439040,a2cf1b56fb078d62712307a90c352739309828e149967d2f8b1c0f553a8e3cfb,True,,False,0,1,0,0,0,0,0
10141900,3,17,7439040,44c2998b4129a4b74de1bbf02c2db8c53c52efa188c8f00ef12500ac876edea7,True,,False,0,3,0,0,0,0,0
10147276,1,17,7439040,851f366bf900abf5e2979647d80099432b88d84d9a3cda4cf49d17e12ca458c5,True,,True,0,1,0,0,0,0,0
10148521,1,17,7439040,e49a38db12ce39a40daf8420a2dead76612f1f7fe753c26699f969d63dc9da08,True,,False,0,1,0,0,0,0,0
10149023,1,17,7439040,c9dd278ea0a101a14f69426c4a75141034d210bf5a33bc0335d5bfcb3bf7b0bb,True,,False,0,1,0,0,0,0,0
10152836,1,14,5958720,14c4ea15da4941cc285aefbc6a7bac614a233b997ab6b12dfdbe89161e8fbea1,True,,False,0,1,0,0,0,0,0
10153011,1,13,5765760,a4d630289701822d8b12552831209827bef0b84a6950a0776372f6407603ccd6,True,,False,0,1,0,0,0,0,0
10153855,1,14,5958720,7a8c95004defb6f0f1955b8666c06d59fea8a90b2b432fb1a1248afed988bec8,True,,False,0,1,0,0,0,0,0
10154388,1,14,5958720,ee78c53e92c64088ad96e41071cfac0a662f8a9d7bc2a0680114b07396ae90df,True,,False,0,1,0,0,0,0,0
10155080,1,14,5958720,043c115ab9e393b8fd603d0be76791ae94445b398a506c47939369ba32125854,True,,False,0,1,0,0,0,0,0
10155286,1,14,5958720,dd54eef291a30ad2fee6d786d4985e79e40e58cd3137b27ad045132cbb1d27d7,True,,False,0,1,0,0,0,0,0
10155434,1,14,5958720,7f8796f582ba7018c35db1030f0e51c767d96aba206888a89186e6ac914f62c3,True,,False,0,1,0,0,0,0,0
10156055,1,14,5958720,4b4e20605bb53cfb2bc92c0953890b1b101ccc87359f05c6aaa03dfd67ddeef6,True,,True,0,1,0,0,0,0,0
10156064,1,14,5958720,453812495f7ade404a4c73bca90a710928c45d5cccc66870b9f7e2d9d82553a7,True,,False,0,1,0,0,0,0,0
10156110,1,14,5958720,63289bb8bd04b72d218453937633769e96a72593864655eb66fd3feb91ea9937,True,,False,0,1,0,0,0,0,0
10157458,1,14,5958720,862d95e2e3045467a4a2fc307472cbe2bdfceb2c9641185f614af9d4bd8d2477,True,,False,0,1,0,0,0,0,0
10158729,1,14,5958720,9ee67e9159a4823b43bbad892baeaf510064226e7dbbd8653d91afc4020488bb,True,,False,0,1,0,0,0,0,0
10158990,1,14,5958720,d8425df1e58ba7d133bb54718e2d567b6f5a297caa6a6d5756677f927ed983eb,True,,False,0,1,0,0,0,0,0
10164018,1,14,5958720,603d47e887812c2ebef2d0f65456b0f54430a7b32da966d533353f8a74318b3c,True,,False,1,0,0,0,0,0,0
10166274,3,14,5958720,c120d753584e5a8bcbc3bf5c92410c61254a81a1bb98fa1d1c86fc4070911d8d,True,,False,0,3,0,0,0,0,0
10186945,1,17,7439040,175484c7cda50fce2cb888a6715a51eeee399e46ed378930cd250ba5bc6366d1,True,,False,0,1,0,0,0,0,0
10187017,5,17,7439040,de7f6d0f5c08efb5c7bc1b6c77a2f5e65e819cbbc6f6a86d655839a9b86c7af1,True,,False,0,5,0,0,0,0,0
10187159,1,17,7439040,cba6b494d39ea0cef4d99d8019558f466e3682b1ce0f2c62c51cf35ea8c51840,True,,True,0,1,0,0,0,0,0
10187563,1,17,7439040,5c999a0b7a93b792b55f8af4a7d77451fa470e02a07f648ca9180153b830dcf8,True,,False,0,1,0,0,0,0,0
10189523,1,17,7439040,a0c4561d40022589b8899d5a06ff3f41379e8c301ef17b0dad9a8e6e3e76789b,True,,False,0,1,0,0,0,0,0
10189542,1,17,7439040,c06971ed9de08676f4e9b74a719ccf8a54ce183f0ffe6408c36253fc2a792b6e,True,,False,0,1,0,0,0,0,0
10189546,3,17,7439040,fe08901781e4f567758b6173f0ad27f6f42e0b72e41d5b61f654b4045cd475ac,True,,False,0,3,0,0,0,0,0
10189557,1,17,7439040,08c3e5134f046fe53cfc15b8319c5915f4b07be608db5c7371b103804aa1f47b,True,,False,0,1,0,0,0,0,0
10190777,1,17,7439040,0e6ff28e96fefd50ad2f3a2a967ade5c3ad31a08c60d9db6a7e12152b34c8643,True,,False,0,1,0,0,0,0,0
10191036,1,17,7439040,4b66553f0d0b6da715a559f590e6ffaae206d0538114f9db4afadb62d594c95e,True,,False,0,1,0,0,0,0,0
10191056,1,17,7439040,e3d8902c5d2d560e154e1bedb4385004931be149de0f719a3843818700bc1cac,True,,False,0,1,0,0,0,0,0
10191070,1,17,7439040,e232e4acfc31830adc9cf29e7d59460f6c6c3e550a738abb76fd33887a9d019f,True,,False,0,1,0,0,0,0,0
10198109,1,17,7439040,fa3ace49f287393b16e00670d7c957fef3cafdd5f403d6336e0e0740b1363f63,True,,True,0,1,0,0,0,0,0
10199817,1,17,7439040,b99af1a2b03c68a7c7b7d290a0428a01cf1c5981419394e697ede08504ecdb92,True,,False,0,1,0,0,0,0,0
10202759,1,17,7439040,3ae3123ae53f702c0382ec25f0523f68bf2ecf26d01ab0f2250b06195599cec0,True,,False,0,1,0,0,0,0,0
10203349,1,14,6312960,dbda4910e7b1d69e78d2784b2b1f4abca659d992b863134245e7a4d38cb3c097,True,,False,0,1,0,0,0,0,0
10205598,1,17,7439040,c4904926b238032d6871cdc77a618a66c0ec52293cea5a9dc53b3de9e48469d4,True,,False,0,1,0,0,0,0,0
10206675,1,17,7439040,5e58cc01f409a716337198ba7698551b0c167ecb3343843f7ee2716406a7ec0d,True,,False,0,1,0,0,0,0,0
10208759,1,17,7439040,582fbabcc1542dbefb0faca0bae0fbb0055c89c9811526631f5e76213f07ae52,True,,False,0,1,0,0,0,0,0
10208894,1,9,4032000,a6fc2dbba558a7c25f773800910a45fc38709bb5a50127dc79154a5f6343ce9a,True,,False,0,1,0,0,0,0,0
10212441,2,17,7439040,46eaf3a1267a5ee58de4cc342bb056be670af690917ab1886b07b0d4e70c13f5,True,,False,0,2,0,0,0,0,0
10213902,1,17,7439040,676d9e6f26629e2c82da9f9a3d05cc8579b373d70dc5bd27f57e5138beeb142b,True,,False,0,1,0,0,0,0,0
10214162,1,14,6312960,f451e55b52ed9f089630d1cdea719a236ff3b91b8a5e6dbe036b21d552c14256,True,,True,0,1,0,0,0,0,0
10214328,1,17,7439040,375037b0c2e4c98e6cc5e88681f618a2f3fdf70f1ba1e89eb69a748bcd7b9128,True,,False,0,1,0,0,0,0,0
10214873,1,17,7439040,7f13913226c0bab8a945c10d2ffbefbd0838926288c87deaffd68e657123ef9f,True,,False,0,1,0,0,0,0,0
10215422,1,17,7439040,6c354a3e5392216a7613c98caf7ac753056d0f70c5906f74f716736019c16cb9,True,,False,0,1,0,0,0,0,0
10215869,1,2,956160,84da6886efc4e7171900ba78755e549460a76739b2e690853c7e0f7d9899d5d8,True,,False,1,0,0,0,0,0,0
10219288,1,1,192960,580f14117a94c562f47a7728eef21c4465e2038a6dc32e88b71861577637d928,True,,False,1,0,0,0,0,0,0
10220837,1,14,5958720,e7781d297e734181059ccf00b1f601c515052a04d40b2d91817781d4ff69deec,True,,False,0,1,0,0,0,0,0
10220950,1,14,5958720,665909d49b63d37d8f7fcd95c42073126863adddbb53cc7fba42a06ff645329c,True,,False,0,1,0,0,0,0,0
10223616,1,14,5958720,9887b44c511f801d72ed4489d1f7ba3b7a664b223b3facf2ef2a8420b98f72e8,True,,False,0,1,0,0,0,0,0
10225800,1,14,5958720,d3f6f604cb21ecba2596570c9d63d22f5318d5e458e5011dc1563a771b970574,True,,False,0,1,0,0,0,0,0
10226343,1,13,5765760,fec61cc5b8d8b96893f71d1888c3162f77ab9fe4cf38294c28283cc86e3eb4c2,True,,True,1,0,0,0,0,0,0
10226420,1,14,5958720,f1a70313aaa45ceccfb06c3dbe6487b911a2b7a7f995b1baba4c9bc2495d1da1,True,,False,0,1,0,0,0,0,0
10227020,4,13,5489280,693371910e9387b53d0b81800554e96fc7927fadb8062a13ab6963e654e40900,True,,False,0,4,0,0,0,0,0
10227501,1,14,5958720,ae2cd7d2e826d595c277b979047591dfb9a4a7543ddfce713f552ccb3c9fedc8,True,,False,0,1,0,0,0,0,0
10227863,1,14,5958720,ec076d6f82307f7bf02593c9774dec68046f2d44ced92aff53de26e5e6982e92,True,,False,0,1,0,0,0,0,0
10227881,1,11,4832640,a1ddeb0c75e0ac4bf652d1d10ea73fe08811d9b58fa32ba722a9cbf93778d071,True,,False,0,1,0,0,0,0,0
10228942,1,14,5958720,976c3299c5c969cd17b25e3dd956eeb2ae9f0cd8d87a3116a5b5922bae8be9c9,True,,False,0,1,0,0,0,0,0
10232693,1,9,3562560,bafa4cce4b64911737695c76925b89f5187c36b117f486885f11f62fdc704da2,True,,False,0,1,0,0,0,0,0
10252275,2,17,7439040,d36a1df0fbea1f356023ff735874ce01d4ec5476459bc27dc85efa24eccca3c4,True,,False,0,2,0,0,0,0,0
10253547,2,17,7439040,730d66ab7860b44c0ca26aa6f2ea9f4b93d74a752e6027f868c8d627b247a86a,True,,False,0,2,0,0,0,0,0
10253638,1,17,7439040,744ad77fb75699816814ad0db9b332d222062ac4a4dda11cc901895dea2ac218,True,,True,0,1,0,0,0,0,0
10258558,1,17,7439040,b43ca1e1d66cc668547b9772d52e4968d525b0b07df8dff2a80affd30c6bd545,True,,False,0,1,0,0,0,0,0
10259029,1,8,3551040,65b04b49e1ce596fcc0819da1d40c282a4e073044425ab0d4a630d1f00e73140,True,,False,0,1,0,0,0,0,0
10259031,1,17,7439040,5b0023fa7e788ce43f7c037b8e0afca20fcbb1f03afd03569aaa449285d11aa8,True,,False,0,1,0,0,0,0,0
10259301,1,17,7439040,63510f394c180ee80350546f4e785e8adc5fd01b6d8aa8d1d1f493caf9f11e6b,True,,False,0,1,0,0,0,0,0
10263598,1,17,7439040,ba62ab0bf1b027697c4606ef4bdac2a533410d777da398f58ce8f488fab13b4e,True,,False,0,1,0,0,0,0,0
10264202,1,17,7439040,8418e114b0a08536d70c9e79159a262019dda7f5cbd9b3b64b377c73d40627ef,True,,False,0,1,0,0,0,0,0
10264660,1,17,7439040,92155eb41626c786d94e21d95b2bac878ed7d88d8bbe8ddcdedf3c2d48b8511a,True,,False,0,1,0,0,0,0,0
10265898,2,17,7439040,4dfa2996715de567749c4bf55446270e5bf81e6dec5683933df0f3e86ea646e2,True,,False,0,2,0,0,0,0,0
10266615,1,17,7439040,86c3b6c2a92aeeb14b263d78b46749d451a38fcfe42843e0a01c61bd5321b803,True,,False,0,1,0,0,0,0,0
10266860,1,17,7439040,42e0135dc3cae03bb7aa0096de766601f1461764ce4dbb2694496bb6e4064ab1,True,,True,0,1,0,0,0,0,0
10267121,1,17,7439040,0b605e0e16b504e3ef13e6045b02b01a3cf34c7bed0e8d0acd98e32718e64ae5,True,,False,0,1,0,0,0,0,0
10268714,1,17,7439040,21fbecf19761e8a5ceaa90ea7e2516a3793d86fb3ee67152874b575ef91b0623,True,,False,0,1,0,0,0,0,0
10268809,1,17,7439040,07b84856948804c83dc67018e69e109c8dc4e0880d65f36ba53b6184dbf9589a,True,,False,0,1,0,0,0,0,0
10268903,1,8,3551040,d39f261b155ead3431618556f6f102dcc5a26b7550b8be564922879c394e5629,True,,False,0,1,0,0,0,0,0
10268907,1,14,6312960,e9d600a5544f86e3e2124c21ea95c177fc1c27c3d660051c25b9170aa3c8d10a,True,,False,0,1,0,0,0,0,0
10271806,4,17,7439040,c9bdf8c0485d70f866a05c80e31a49a54de7c95efc86f305b6ddd0b379b3fb63,True,,False,0,4,0,0,0,0,0
10272389,1,17,7439040,bfe048137f1e9cce6041a474edb24d9efaf97b31b0c8cec39f30c4bad7e6d119,True,,False,0,1,0,0,0,0,0
10272442,1,17,7439040,a6b371b0f0e295a1a2bb39f8e2a7062ced125441e68dfe0baff055e0bf47f882,True,,False,0,1,0,0,0,0,0
10272640,1,14,6312960,8ed55cb5b9528047b790de1f713bb0799c2d2e6c15295838bd177cb709e4718b,True,,False,0,1,0,0,0,0,0
10274244,1,17,7439040,139a9c8a4e2caa5a5ed5f5a6a82822fc67a96cd07ef2081778c727c6305b66d9,True,,True,0,1,0,0,0,0,0
10275074,1,1,486720,15997badab7329c03e42cc00a522bb76b4f80288e14fd7ffd34d6ecc5bb1800b,True,,False,1,0,0,0,0,0,0
10275766,1,17,7439040,4dfc3bf17d3b4b3228898f6bb65b64fed845d6cd974b3ee38dd23483838e7c66,True,,False,0,1,0,0,0,0,0
10275805,1,12,5293440,6fa801c238edf5e207d2663b3876469eb2dc9d0773933c637cac7a0cc76a742d,True,,False,0,1,0,0,0,0,0
10275880,1,17,7439040,a9363b3e16bc4e92dd585f333ffb3ca01df15ff6d9e94758f4b39b668748d1a7,True,,False,0,1,0,0,0,0,0
10275887,1,17,7439040,beb1248edd5d388ce0a6de1aaaff18b4e372672825994c45a68251c7d173a4a5,True,,False,0,1,0,0,0,0,0
10281311,1,17,7439040,85312393f2ab42f01df1683c46fb38daee4dac6df25589050115022687e41b0e,True,,False,0,1,0,0,0,0,0
10285631,1,14,5958720,d09533f85d547932e6e4aee87be731cde2a72eecd232dfbf3a94d551b48d858d,True,,False,0,1,0,0,0,0,0
10287248,1,13,5765760,4e747e477a48da6314355ee2e38ac44a060730445e01c5a1612c97df18612692,True,,False,0,1,0,0,0,0,0
10288922,1,14,5958720,88c0f0729fb9408e8dc02cc18943e569857d066229432aef67bf4f9e52882fa3,True,,False,0,1,0,0,0,0,0
10289119,1,14,5958720,a0738cd530bade74e56c24393042c5867c850df1a446720333477e35453840ea,True,,True,0,1,0,0,0,0,0
10290666,1,14,5958720,261c0c0f11d5683f2b4b24df64c280751df19ccda49ab7dec8cf14eced0ee446,True,,False,0,1,0,0,0,0,0
10292238,1,14,5958720,9954dc442bde34e57129b6d4ea2a42cb962a1519f3a1887ad499957cdd20484b,True,,False,0,1,0,0,0,0,0
10292465,1,14,5958720,26f96a75236622829b803c69eaa842b01a159d39316a6ce10c3e24971b2e9f73,True,,False,0,1,0,0,0,0,0
10292540,1,11,4832640,f691f650fc307c9778bc8c7bc58828dd25aa40564c928010ee81c0318648b956,True,,False,0,1,0,0,0,0,0
10294509,1,14,5958720,515ed0c070dd00daae621384f4e109714161cb85b7cefd696389732a52453677,True,,False,0,1,0,0,0,0,0
10294608,1,14,5958720,dacf9769ff6491baf1ed995450f9174b5ccd30a77cdd458a6385b635205b7aab,True,,False,0,1,0,0,0,0,0
10294613,1,14,5958720,9277cc00704ad298531aacb1993e9d161a2e84be541d93c732872d43a4e42adc,True,,False,0,1,0,0,0,0,0
10296163,1,14,5958720,a70876c8b1b95330cf6d32792278763a296adbc8808fd7b22bff50c0863e0744,True,,False,0,1,0,0,0,0,0
10318874,1,17,7439040,2d005b7f7930b1b15e6ae8db5353feb2961b82338a961e62934a15e010f8fa85,True,,False,0,1,0,0,0,0,0
10320341,1,17,7439040,0c393f83d0c694091cd1ea19b3a7b42ab725b472f2eae6111c3914baf10f9d96,True,,True,0,1,0,0,0,0,0
10321927,1,14,6312960,335eb8050987ea858fd8c2d3d5af29e150f3df18649b60302f346f2fe020015f,True,,False,0,1,0,0,0,0,0
10322797,1,17,7439040,a8aef2dca5679c9e6c53e142514d5963f2e26d2b41f019e775ee5c2a7ade9696,True,,False,0,1,0,0,0,0,0
10328393,3,17,7439040,f1482eb7a409f014636c5472e0b1ae48e3d72a3e700214791334bab904f4396d,True,,False,0,3,0,0,0,0,0
10328458,1,17,7439040,f8b3b30f8256b040e50af0604426836e807c259cf7078c7189185d335fcdbc78,True,,False,0,1,0,0,0,0,0
10329196,1,17,7439040,948381f8d40f5f35bc94bdcfa8ae7c66dfbc532f82a578406eb82872444344aa,True,,False,0,1,0,0,0,0,0
10329469,1,17,7439040,5109ef320c3ae7bbe097fbf609fecca97caf2d3a5fc6b9194749706d836a2d1f,True,,False,0,1,0,0,0,0,0
10329835,1,17,7439040,b1b19e368c1837ec35dfa39795493d6fd41ce72f45947800da717fb25b84f760,True,,False,0,1,0,0,0,0,0
10330115,1,17,7439040,5ae132d2d22cfdf0779790451e0d380a36f505aa43e74c489af1ddc708497463,True,,False,0,1,0,0,0,0,0
10330495,1,17,7439040,3d1dc67bd8d956534880c88a93f57e11af2e73ce30b417acb23a21614999909f,True,,False,0,1,0,0,0,0,0
10332213,1,17,7439040,b43f02fc508c0301e9d1f193896ecaadc025d08ab564dd00df3f5c3dd245a63a,True,,True,0,1,0,0,0,0,0
10332789,1,17,7439040,63c70af63a310a57b56560fa8ce5851bea5398eb7c9e2a931c2de97361403d17,True,,False,0,1,0,0,0,0,0
10332883,1,17,7439040,6857195bad410373725f33449286f5a5eb2c2efa79e5561105566ff850891518,True,,False,0,1,0,0,0,0,0
10337258,1,17,7439040,1996724fb626a231e9d497bc167031e7c942a24fa597c8b2dfca8553479a9fb2,True,,False,0,1,0,0,0,0,0
10337517,2,17,7439040,51057898145ff91700cf2c82794dcac33429b16c4945ca3c834dca7954d983d1,True,,False,0,2,0,0,0,0,0
10338279,1,17,7439040,e284da82d80570479917bfeb9d0f9302fc9a30fb7ad077dbda85b0d612e79984,True,,False,0,1,0,0,0,0,0
10338529,1,17,7439040,8cd7552f7bb92ae485fa905a8a5ba059c5989fbadcc733463aba57b9e7f182e8,True,,False,0,1,0,0,0,0,0
10340212,1,16,7246080,cf3d4e8146ce1a105bbf543bdc94f14176b58564cfcfe5bee725e02198105e0f,True,,False,0,1,0,0,0,0,0
10340228,1,17,7439040,536b3808da486534e3c8398b708f5dfefe8daaa6545c19ca6e497d8aedec38f9,True,,False,0,1,0,0,0,0,0
10340423,2,17,7439040,bd5f139e03c8bef87361e07117c94c617696c362f6e8b912bb490d89aaf702bb,True,,False,0,2,0,0,0,0,0
10341777,1,17,7439040,d69fcbf94c83459b953b79c11d10cf8ebb6948dc941dea77d88bfa12a73929eb,True,,True,0,1,0,0,0,0,0
10341781,1,14,6312960,2a4d2d971391ed90c9f0fdbeed5ee6c784546cf659d4935c6b992d207ba61cea,True,,False,0,1,0,0,0,0,0
10341787,1,14,6312960,1666012a3f6c968f06d9b5829571603745cf15836b6eae20d66ff4949d84e10a,True,,False,0,1,0,0,0,0,0
10341831,1,17,7439040,f8d75e7ef8873408a6b8a07139f2d3bd9e6c02f3eedffc0c1b0e3b2aa394dc3f,True,,False,0,1,0,0,0,0,0
10341876,1,16,7246080,76d9c3562f81ed2c9dc5e02dfecef00ae541a5f72d29dad45d31092e565ed33f,True,,False,0,1,0,0,0,0,0
10341878,1,17,7439040,23d77be5004f43debddf0d2ea5e1553eae72d5dcf8f350dde791aadacea62926,True,,False,0,1,0,0,0,0,0
10341905,1,17,7439040,e7e716deea26082675580cb5a4cd972e4c0cdce442f0a5665b755dc56bffd3a4,True,,False,0,1,0,0,0,0,0
10341913,1,17,7439040,0da74c312bb636819d6798bc098b0d1fa3fa784b8dac516326edb5841d96d916,True,,False,0,1,0,0,0,0,0
10341917,1,14,6312960,04987258881f7ecd8755572acd37f9f6a52268d2dcc782e04fdb55b6be43d051,True,,False,0,1,0,0,0,0,0
10342041,1,17,7439040,e1e719fc8361976fe99693ff81e444039c90a8ac3562590ce8d9a598bcfc97df,True,,False,0,1,0,0,0,0,0
10342065,1,17,7439040,d47b77b83720918e700e0d16b10770774120241177002a019e6bfac26df387e6,True,,True,0,1,0,0,0,0,0
10342097,1,7,3096000,13ce4bc1257a9e5fba40c832ebf349322c7a7549fdbf66ba0d86f555738c0cf1,True,,False,1,0,0,0,0,0,0
10342248,1,8,3657600,a4cc1768655b4c5c027ce183742bf7f92a7c3f7f17f8986155fcc37e15d47c56,True,,False,0,1,0,0,0,0,0
10342316,1,17,7439040,30a4069d667c22842265e9c9916b49701671d117b404ec19f6635f0b0ac81f40,True,,False,0,1,0,0,0,0,0
10345478,1,17,7439040,bebe54806041ab818ff54347630365643b55c60fa7259a35abef4e1bcd207afd,True,,False,0,1,0,0,0,0,0
10345862,1,17,7439040,3da22d0dca70435201a01b2efd8663b4fe2244beecb3fd3e82556e6076142698,True,,False,0,1,0,0,0,0,0
10346522,1,17,7439040,553a1dee0b6fc2ed1d4cb7a05f71a7b34c243a61ea59233a6b51b33530d6704c,True,,False,0,1,0,0,0,0,0
10350571,3,14,5958720,ef55711d14f35a3050a7c4f7770f1755ce37a705d495d08f78ad1cb22d400d9b,True,,False,0,3,0,0,0,0,0
10351231,1,14,5958720,54385d3f8b3f96e4224c7599fb7799e5862d4cd58b0e675ec7698ec842e1b93c,True,,False,0,1,0,0,0,0,0
10351767,1,14,5958720,9cda0938fa02a32475d2be03fd47bfde5b7098e4cc216da1dc0c368e1779f1ee,True,,False,0,1,0,0,0,0,0
10352603,1,14,5958720,da6bce3bb986abfe830f5e6cbf419ab5d44a4daa4a3c36674edff57143eb5d2e,True,,True,0,1,0,0,0,0,0
10352938,1,6,2537280,2effb18bcf90982c0dcb7f5b8b37ea0a7812f5ec59b5032a418d324f22bd89cb,True,,False,1,0,0,0,0,0,0
10352945,1,11,4832640,5d2ce8ba07c30370fd717a62bf41e1d052e4f55a3cf9145d72af61cefa5ad73f,True,,False,0,1,0,0,0,0,0
10353968,1,14,5958720,2e3f4a920cf7cb04537523410f504d0aed9cd19137fd021002abdc36d0324505,True,,False,0,1,0,0,0,0,0
10354039,1,14,5958720,534a2b07a16020ee9e4ddcdebbf7dd75525c295dd5eb383eda069639490296ad,True,,False,0,1,0,0,0,0,0
10356124,1,14,5958720,a931391cf1cd41e510042d42f42467b6fb7952ee81e548b5727e4392a35bda7e,True,,False,0,1,0,0,0,0,0
10357831,1,3,1143360,83301199f9037a0ff464b91976a8884769d8fee74a59c5bbfd91af4e324466f1,True,,False,1,0,0,0,0,0,0
10358759,2,14,5958720,960002aa5d6c9a921245649a56425a96ff1e9c0ca6c0ca685ca38ddeb007cf70,True,,False,0,2,0,0,0,0,0
10360722,1,14,5958720,98f3b4d0ff308f5bf959c19c8a484ff7b7264c177db81a38c42f504338f6f896,True,,False,0,1,0,0,0,0,0
10362031,1,14,5958720,e5f8d85147c92ba779a4b569ccee4fb39361d6f8fa7490eb5480b007cf5b1435,True,,False,0,1,0,0,0,0,0
10363115,1,14,5958720,3a1fd9a86ea4f0795ba8594202eb06ab2f5c81abbd2f1f6acc1fafd1cf09a5cb,True,,True,0,1,0,0,0,0,0
10363281,1,14,5958720,484405cd9218f5ebebb9a4046514fdcb154fd92e02cb8bcda65393b613e1fcdc,True,,False,0,1,0,0,0,0,0
10363300,1,14,5958720,91500aa6a8f51d76d253833a79af8b865e080a6a040da01cea84bb6c3e58fb69,True,,False,0,1,0,0,0,0,0
10383687,1,17,7439040,c63019c3a55d8095b74c4fccce586ab1998cebb5a718452cdf0c928cfd8f56e0,True,,False,0,1,0,0,0,0,0
10383696,1,8,3551040,6e0e2a12d870084edc1e5bac321244b8e73d1a307ce8bbf838818dc5a87f1aef,True,,False,0,1,0,0,0,0,0
10383729,1,17,7439040,06351f6f9a573969d3b0ee42d4f5b9fdafcee63a7bc8cf971378c5b38a40602e,True,,False,0,1,0,0,0,0,0
10384798,1,17,7439040,714735602815b3b4687a81fcbde60ca116abb7ac28a4b1a892b8e8fc6879e635,True,,False,0,1,0,0,0,0,0
10385682,1,17,7439040,06098f5ea87d779566340fd0e13037347e6fc425d66bdd8199811d1adaeae88c,True,,False,0,1,0,0,0,0,0
10385708,1,17,7439040,2245313223fd64245c4eebc488adaf83c087f56cbe2d1e3831a71ac63239e5f6,True,,False,0,1,0,0,0,0,0
10386922,2,17,7439040,82eec25e28f962ec8928386cbd0fd94f8acc25184f7ecc9a3faeab77e4fbb52a,True,,False,0,2,0,0,0,0,0
10386984,1,17,7439040,bb8a76ef8f513743e5f4b1cbae9445e377ebc3b94afdabacfe69b2b553fcd7a7,True,,True,0,1,0,0,0,0,0
10387742,2,17,7439040,344b311b22282247982b2b9136e6b1d89cbba1a2015b07276212bbc3f1c87161,True,,False,0,2,0,0,0,0,0
10388286,1,17,7439040,2db2de36933bbcd4c4e6290e44a7375856c06202ea52f9eff4147a5eedb85575,True,,False,0,1,0,0,0,0,0
10389280,1,17,7439040,4c87291c2808e5b6d8c6b885c489590154ead93c25445e61c8e4083c2ba309e7,True,,False,0,1,0,0,0,0,0
10395381,1,17,7439040,3daa8f5401e87e9f0b99e9d8641d07ce62c92550a98831cbc00e2b8e409f571d,True,,False,0,1,0,0,0,0,0
10397315,1,17,7439040,31b7d7c3bd48cfb12d159ea263b06bf0548d5a0d540d5eb727367a64e083e152,True,,False,0,1,0,0,0,0,0
10397751,2,17,7439040,815872c29f124c53651cc601ef4b48927e3546b4ca5bd7ac122476a1455c9143,True,,False,0,2,0,0,0,0,0
10399321,1,17,7439040,b494146571c89c2c7a80367c6f5a320fecc513b629b88c8cf10b09d6df2cec7f,True,,False,0,1,0,0,0,0,0
10404545,1,17,7439040,0bccf6038b9799f5282d8043f4e3bdf24994abb728cbaf66bc3068a28c6f5e34,True,,False,0,1,0,0,0,0,0
10404582,2,17,7439040,55a0aad9562f55026efb8de5a3783af8b12d3d9c2fedbcbf5d757af21072fea9,True,,False,0,2,0,0,0,0,0
10405224,1,17,7439040,41cdaa050529171dd2d64b275c818a27a4649aa45e633ba941a6543989937964,True,,True,0,1,0,0,0,0,0
10405482,1,17,7439040,3a6624e3048c7341b76ed90049219eb80da3752bba5e09bc3a5f713218bd1810,True,,False,0,1,0,0,0,0,0
10405546,1,17,7439040,c4fdefa620661efcb763f853da580a5489824f04eecc72d20d78fb54146711de,True,,False,0,1,0,0,0,0,0
10407020,1,17,7439040,e16777af7ba02807f777e80a2293e45386bb720419754e8c4937cc0a815c5b6a,True,,False,0,1,0,0,0,0,0
10407047,1,8,3876480,bbe4f865948ca276c91b45d9314e6a52b737bdfa64d259f9a796a09c06ddcc3b,True,,False,0,1,0,0,0,0,0
10407054,1,17,7439040,0fd3637f3916e2cd4a41f8718a85734381983038c5c6d3aa30769ea9c5157656,True,,False,0,1,0,0,0,0,0
10407086,1,17,7439040,85679881e78ce6dcdfd57540374db78fb6dcb05f73e98939304520887db16228,True,,False,0,1,0,0,0,0,0
10407210,1,17,7439040,43b3817f51189df25eb1d30c9730a2d25193c269c5a0d22711f6d6d4f7ee1196,True,,False,0,1,0,0,0,0,0
10407221,1,16,7246080,c4e0cb6f24c12640c3e31f8a99572142c99f1db3baef7eed685772b4ce19ae0a,True,,False,0,1,0,0,0,0,0
10407271,1,17,7439040,c303f865f6c3e5688d6d8eeef3f0a79958e0f36d359333a85fd99ea39e8c744d,True,,False,0,1,0,0,0,0,0
10407430,1,14,6312960,88155bdaabbadccf752bd94b4b29207b57d9cee3b6245bd344265d2f0724584f,True,,True,0,1,0,0,0,0,0
10407464,1,17,7439040,8f546d2ef12036676932c8abe5ea067779de634c63cea909d527de0949fe5342,True,,False,0,1,0,0,0,0,0
10407482,1,15,6477120,9d8b924d5c16bcf41ceb550ccb7e8790afad6f747f5ede8054879647401b49dc,True,,False,0,1,0,0,0,0,0
10415227,1,14,5958720,425d59488be12d273a3b1b413eb864f506fcc82e3be7a2b7ff78347aaf82c969,True,,False,0,1,0,0,0,0,0
10416390,1,11,4832640,49dfd9143ebaa59ecaabd4098b066be6e89ee21444ec75d09eb0e825de7a318c,True,,False,0,1,0,0,0,0,0
10417704,1,14,5958720,b2bf64e97e4821f2863647ac4fea02c5da5a3a8f323ba3d15bc72dd62cf2ce62,True,,False,0,1,0,0,0,0,0
10418224,1,14,5958720,48f75590b1bae2c6d16939854be8463f90c410e004ff2ba90d85e89622c1fe01,True,,False,0,1,0,0,0,0,0
10418797,1,14,5958720,447c0024de60ef0893ac7d1913d6b2fc211e6eed98d04b13b6ae99f17b9b93a6,True,,False,0,1,0,0,0,0,0
10419211,1,14,5958720,bcef39cf9a137e9e9ea6714069c116b5f7b0f680e43fcbf64a0f9dc567b79a7e,True,,False,0,1,0,0,0,0,0
10419312,1,14,5958720,17dd7e3c3f3537b5798236d4119a15781caa176ad9811a92465031bf0a39c2e1,True,,False,0,1,0,0,0,0,0
10419797,1,14,5958720,8183029a370efd1cf5b7350283d8ac668729e56f9137333df2a0b054633ecb70,True,,True,0,1,0,0,0,0,0
10420279,1,14,5958720,d83bb621203ec74ed23fd87fc3a80d239c53ed7e7890e2af5cb010f7a90cd18d,True,,False,0,1,0,0,0,0,0
10420301,1,13,5765760,064f7d07e86cab357bfec4263db69146d0f2bc084b726d43b622cbb0a62f515e,True,,False,0,1,0,0,0,0,0
10422852,1,9,3781440,7eca2072602bbb0f6c886cbb9b3f4ac6a0791a470a54f12c17153c1a9f055a33,True,,False,0,1,0,0,0,0,0
10425070,2,14,5958720,047ceab42a6d2e133f130bb4d819b6f28878992d79d60c1f20ef301f94866334,True,,False,0,2,0,0,0,0,0
10426656,3,14,5958720,5c462a50a0973f6441fc69d1f276edcfc8a40fc73a03b8dde7e4418e29acfea0,True,,False,0,3,0,0,0,0,0
10427700,1,14,5958720,b822224caa201b88d27fb398d6f4b8b724720346a274b66facbcef0d29fa6490,True,,False,0,1,0,0,0,0,0
10453588,1,17,7439040,17d2d225ee55c919d547c63d68db4e91e151197a04ba1c1b672626d32e22d493,True,,False,0,1,0,0,0,0,0
10454313,1,17,7439040,845f0f51d8626917c7ec3dd01d2b1b3963c39b0a7895d1f4b34cb96f69bd20f0,True,,False,0,1,0,0,0,0,0
10454401,1,17,7439040,b8f5d780219e7247735ad1530834d61f5f98068b43815ab97e8c82eb142ca89c,True,,False,0,1,0,0,0,0,0
10454632,1,17,7439040,8744f9287b019b73a605f4424852babbc3f4ae6aa1526e91690897571ff807a1,True,,True,0,1,0,0,0,0,0
10459805,1,17,7439040,da0b21c68466dc09447de01dbb564c7fe211b54595e02973d1f210ddf2391369,True,,False,0,1,0,0,0,0,0
10460984,4,17,7439040,c9688580afbe5ed3af3097c56d02b5e6552b414f49ad67a0fa305f83caeb2fa0,True,,False,0,4,0,0,0,0,0
10461045,1,17,7439040,438bcaf51db95273540c28554361f51cee1c2942e5b446c88c8a65d894662a84,True,,False,0,1,0,0,0,0,0
10462462,1,1,357120,3b1a4cee8cd0e41460ca5676e4f89d715fd5dedace3f3a87e123caa394af339e,True,,False,1,0,0,0,0,0,0
10462826,1,17,7439040,6881f1a011e4539a9305d2228905ce2bb343b0daa02e1d26dda17802128af575,True,,False,0,1,0,0,0,0,0
10464050,1,17,7439040,6b3c0fa06768cf7957c1eb00def7157f3d472557977bf7034a55d2231364ba9c,True,,False,0,1,0,0,0,0,0
10464078,1,17,7439040,ef8846fee206e2a06393d690a1ea87c68b0272f491b2dde2ec4af664ee8409f5,True,,False,0,1,0,0,0,0,0
10464666,1,17,7439040,a2132c3e2e1edaf4abd9bfa93cf5a1bc8d45faca22f9a1e1a1c7b5e113c170ec,True,,False,0,1,0,0,0,0,0
10468885,1,17,7439040,a09b3921f3bd5e0f2d7873f05b62c7721d1d5b27b6a0dd8bb69a6e584d226c6c,True,,False,0,1,0,0,0,0,0
10468940,2,17,7439040,a24fa57f9e0c45feae8bc442609faac619e08088467921184f495da5eba28980,True,,True,0,2,0,0,0,0,0
10470206,1,17,7439040,52dc8de4f00b0ecfed8aa640917479557b3c4fe7f4dd63a7c865f644c012fbb8,True,,False,0,1,0,0,0,0,0
10470616,1,17,7439040,81ddbb075a41cf95886983ce6c50dcb873ca289c0e6286b76072d987cee26f75,True,,False,0,1,0,0,0,0,0
10470779,1,17,7439040,0022c29c1d7edd4660d2d45411d82d53ec9b44c5a69b1e479091bd28b036ed30,True,,False,0,1,0,0,0,0,0
10470882,1,14,6312960,0a9e9335bb818fef0968768136cbe3f4039fb0d13867b186a0ab60269b1879d9,True,,False,0,1,0,0,0,0,0
10470993,1,17,7439040,f110228ce8bb2dc0675a7ea8c9ce5a5732359b29d8120c23758ffa8ee86abe17,True,,False,0,1,0,0,0,0,0
10471005,1,17,7439040,c507c805def7794d06a83cf25152704e647ab7d6b84dbff2cfd2ab58fae3d9be,True,,False,0,1,0,0,0,0,0
10471055,1,14,6312960,c062f05303a2fb045b04332eaf10467de663e33164eaee656a8014cca65037b0,True,,False,0,1,0,0,0,0,0
10471090,1,17,7439040,3c23ff5d4c51b3ba9dbc976a4cb0c57e95b866aed363e4571affee02a43404c8,True,,False,0,1,0,0,0,0,0
10471167,1,17,7439040,d28ca68a173712890d642e3937ea45576fedbcfc624ca3c8fdd11254468503e8,True,,False,0,1,0,0,0,0,0
10471174,1,14,6312960,aab96c754aaa4ceac2074f3e2be601638c28df8b2ed7304b1d4e41844e815cc9,True,,True,0,1,0,0,0,0,0
10471204,1,17,7439040,9860c1f0af910e25cac7b81d8aa2d6015f0d95f621374363f206ab89c5bda199,True,,False,0,1,0,0,0,0,0
10471243,1,17,7439040,44bdf92c4db17bd4bc825e0d86899821936f9bc179afbb5673d65cb741bf6506,True,,False,0,1,0,0,0,0,0
10471296,1,17,7439040,efe122582be45c08cf7c8c0447c223ea62586c0f609e32c9735621412f594f3e,True,,False,0,1,0,0,0,0,0
10471345,1,17,7439040,b668118ef4022fa87fb6369d34195081946409e72a7d0d24008515273bdd9399,True,,False,0,1,0,0,0,0,0
10471515,1,17,7439040,472cdd4b99c447efaa1d2bc0a9d2d81a8e7963494654edca0d40a4ae6244b77a,True,,False,0,1,0,0,0,0,0
10473272,1,16,7246080,3843c54c554a02604936e1a798cd36dbac8db3e6c81152e3f69f8705a19b5bdf,True,,False,0,1,0,0,0,0,0
10480915,1,14,5958720,d79266bf87d4390a492766ea3e88e7f479e93890a10bcd03e7a68795d2238a7e,True,,False,0,1,0,0,0,0,0
10480921,1,14,5958720,1ed202b4bad66f35a7a1be8142707efe00b1957101a52c6a524ab4997c00794d,True,,False,0,1,0,0,0,0,0
10480952,1,14,5958720,63670d0ff94abb11af99448393e9723ba214e4fd685c32c5f3ab02296292c9c8,True,,False,0,1,0,0,0,0,0
10480982,2,14,5958720,591ef5e77ab87fa5a16b7c0baa389c32d6fdb8ce3c579c73dc7b3bb03cc48767,True,,True,0,2,0,0,0,0,0
10481045,1,14,5958720,242686b509593dfafabb5696a37dc05d48dc62a4f0b51ef966c63163c67e6098,True,,False,0,1,0,0,0,0,0
10481054,1,14,5958720,3d6824cdc22d56acb21ff020a36cf8ae7046f1b615bc68350d12938f29f523a7,True,,False,0,1,0,0,0,0,0
10482160,1,14,5958720,bcee92fa3794379f1fe8d2b181c09d980be18974af6fa8d97a721b75d6cbf5b0,True,,False,0,1,0,0,0,0,0
10483644,1,14,5958720,d850521d29201c188dd326f09c2e1c5133e0dd61b06efcd01a9973e7775f3a22,True,,False,0,1,0,0,0,0,0
10484409,1,14,5958720,06fe4d8cdfb32339d1b865d67df8ab9d0c0436ffcf4bc842a025fa52b1640d5b,True,,False,0,1,0,0,0,0,0
10485179,1,14,5958720,02b0e4663a701f39e68a90ab0d522087297149a1b334fdbd804789aceaf8240b,True,,False,0,1,0,0,0,0,0
10485250,1,13,5765760,e84e8ae1b069cb21ea46590e4dcd431f0c61ca44a38a33c9e445463d7ad1f794,True,,False,0,1,0,0,0,0,0
10486425,1,13,5492160,949d245599b06cec79ec3545e2497ac1f75328dd922512b9bf7ae97032d67064,True,,False,0,1,0,0,0,0,0
10487119,1,5,2396160,ba97d3d591868c7fcf82593ffea05d81cf2640ac1116c4592d5d2b792cba4414,True,,False,1,0,0,0,0,0,0
10488450,1,14,5958720,7f6ddbcda9fc556122aa81780dfddc80a7e0bd0b5aa29f8a48e5cfabb1edce49,True,,True,0,1,0,0,0,0,0
10489206,2,14,5958720,124182125241eefd96d4294031c1816c8de3629719f307b05e269d9b45508887,True,,False,0,2,0,0,0,0,0
10489345,1,11,4832640,d50a672d297a1e5be25df1d52be8129fe9e64bcbfa755570f72db3308f98646e,True,,False,0,1,0,0,0,0,0
10489521,1,6,2537280,958f97ef1c3f463f4fd75601261076cdeef011388f0d41a646b7d24c9cf27982,True,,False,1,0,0,0,0,0,0
10489525,1,14,5958720,0880aa55a4ee24ca6a11c39ac5940dc3fbb919932e956ea9e74bd8766abe5b0f,True,,False,0,1,0,0,0,0,0
10489539,1,14,5958720,c9650b98a26690b67711fff2c6f38e0475afa421c7742bd294729035e871047b,True,,False,0,1,0,0,0,0,0
10490960,1,14,5958720,52892548e6a0291097ac5985c16be486b7ca4438577a62985d32ee95dc2a4c46,True,,False,0,1,0,0,0,0,0
10491031,1,14,5958720,b659f17a8e52411f5fe1fab7d01868c9d6330205f753c39c4cdfa9d5b01bb0c8,True,,False,0,1,0,0,0,0,0
10491044,1,14,5958720,3c60224ee0eace751656776539527e632f1b32ffd0d7a593214aa3851497b0cb,True,,False,0,1,0,0,0,0,0
10491062,1,11,4832640,c0938c90f41c1578fd0812c41821e097425eb7dbfa9fb14b993520d4d5e5c741,True,,False,0,1,0,0,0,0,0
10491525,1,14,5958720,7d9aca2c69c0b10329f36100f07947fd41b9eeba979504a6dc4272c47087919c,True,,True,0,1,0,0,0,0,0
10491544,1,14,5958720,a5b73b151e161aafa61b64a8093c1789d81672ba100c85890e6bd754fe6a0883,True,,False,0,1,0,0,0,0,0
10491554,1,8,3401280,ceb571433df698ecef78bc766c13feb0a23dcea5241f59e0c760b5052e936210,True,,False,0,1,0,0,0,0,0
10493253,1,3,1333440,812494cb1dc611307ba3f61d883831717aee5c4b4b56b2c56dfbcf03877439fc,True,,False,1,0,0,0,0,0,0
10513530,2,17,7439040,4e13a07d941992ac42b5b7eb19e999252bc281a356953f7c43af092fbcee2f13,True,,False,0,2,0,0,0,0,0
10514429,1,17,7439040,83f7a3503340cf3465089cf6d5f393ef3b0c5cd3972269ddde3413df08781043,True,,False,0,1,0,0,0,0,0
10514430,1,17,7439040,9ae12de001d4c58794cf0040bffc4c1293e2ac36fcfa5dbf4954f60d8c6e847d,True,,False,0,1,0,0,0,0,0
10514770,1,17,7439040,c49436a4bb0047ebe04ecb29a1c6fe4641f83972d0067e7c348610e4b7384eed,True,,False,0,1,0,0,0,0,0
10518399,1,17,7439040,3ecc005e406a00b3b23044f2564fd1048c9dd731b9c5ee57765ad8aedbbd0a7f,True,,False,0,1,0,0,0,0,0
10518424,1,17,7439040,467b0d8f689c37a0752baad21b84c5ed59f0d66688fc8498fe123723a1af55c2,True,,False,0,1,0,0,0,0,0
10518725,1,17,7439040,8ced8df092c2370dae74b094f53f5a9e8790778a1c56c3efd1b12937e7c81298,True,,True,0,1,0,0,0,0,0
10518735,1,8,3551040,f3af7edef13bf72f7389fe71a3a2c26eccbd7aed63cc7cad47c53c0b884f6ad3,True,,False,0,1,0,0,0,0,0
10519701,1,17,7439040,8a59db977e16f925ae3cffa39914fdedc5f086cb9f3a836f4e26c39d037a7fbf,True,,False,0,1,0,0,0,0,0
10525027,1,17,7439040,1c70c5e85ed0731c5ac534580c14dc6daea141591aaa922a31cafdc3a4e98b46,True,,False,0,1,0,0,0,0,0
10525049,1,17,7439040,637fa7810f29274f5c96a2928f6d5026cbda0e64d11754f8e8a4d62f41b1f797,True,,False,0,1,0,0,0,0,0
10526549,1,17,7439040,e8f3a4e0b684cda3619f9af1c13c1055906666fe8bed4cfdcc9cfb79319bc17d,True,,False,0,1,0,0,0,0,0
10526887,1,17,7439040,a7e0d965627231b54353782d0f8eb8d49710d9bf075f6ba6cacba8f40151ddaa,True,,False,0,1,0,0,0,0,0
10527135,1,17,7439040,e699d472a6573a70a445d19b825c70001acde49dd4d723fe576c20781e2c4b4f,True,,False,0,1,0,0,0,0,0
10528068,1,17,7439040,a1d94ccaeeb84d7ad35372945a5b6710646bbb632bf0b7bba28657ed17fc2e21,True,,False,0,1,0,0,0,0,0
10531955,1,17,7439040,a143a7b9b34c4e8c3bc1722a382ab6da98ff2b00b8f56f2af2dc5c75e6933483,True,,False,0,1,0,0,0,0,0
10532751,1,17,7439040,267cba0d3455a2fdf5ada283aee4b34f0b5ba4e3315c412795e2fcf28335d1ae,True,,True,0,1,0,0,0,0,0
10535708,1,17,7439040,bec9d781ef1263b24729818e872f8af9a0aa4242db8d3a8e4a14ccdd7414be82,True,,False,0,1,0,0,0,0,0
10535807,1,17,7439040,ff10bfa6c776a5588d98552e90cf2672b8cf39d391529bab4da05903b51eafd2,True,,False,0,1,0,0,0,0,0
10535858,1,17,7439040,45506ae84d0ea502a208a494936a98dbe334aa0bc11f3f81a5679a25752e6ba0,True,,False,0,1,0,0,0,0,0
10535886,1,17,7439040,ae9b8c256e396a758d0614adbd1cc69b79b196d41da9cf1ebcee6a612e2df70f,True,,False,0,1,0,0,0,0,0
10535897,1,17,7439040,b49a7f8609584e1ebbd0713b6e1f740575bd6af16fbf4a1160c1763ac27c9372,True,,False,0,1,0,0,0,0,0
10535926,1,17,7439040,8bbdebcda683d3a05a7a7347cda20999e829ce3bc5c11c26895043ca5c72f948,True,,False,0,1,0,0,0,0,0
10535991,1,17,7439040,1f34b2e04c83b6fb8df3c326409c00fda87d8040f0cb762c1e17a1361ea575ad,True,,False,0,1,0,0,0,0,0
10536177,1,17,7439040,1b9540100a02db3e6afd3d0a7c731febec28f5b663ea5ac3cca795622247eb53,True,,False,0,1,0,0,0,0,0
10538176,2,15,6779520,d839f991ce3724ae46ad2e25c6bb31e6eb7220c5515e6609f4841172620a702c,True,,False,0,2,0,0,0,0,0
10544677,1,14,5958720,9de163566a98aae249c31066475c72200e5d48439e536ed05da3a64345b51e1d,True,,True,0,1,0,0,0,0,0
10545066,1,14,5958720,908f06a36b18f54d9f7c38a5f5202cf01d651ecf696e7e8dfedb2931aa45f46f,True,,False,0,1,0,0,0,0,0
10547378,1,14,5958720,a6d64ac3243dd5d9c051cb50a795a8f1472b0296d1ea5bab49aea02f95ea10d9,True,,False,0,1,0,0,0,0,0
10547685,1,14,5958720,4458c1d019de10ca803d3fcea7439f37ec5e7ce3ea2b8a1a2e04f5deefebce4f,True,,False,0,1,0,0,0,0,0
10549023,1,14,5958720,bc0a1151a30c05a56b9e3eae522a5f69d72033221cc42085fcdeacfe48dc72e8,True,,False,0,1,0,0,0,0,0
10549562,1,14,5958720,06ebf42c24f7118840bbebb86eaf8eb0ed47454c0b6920e15e6a1059a69a1d67,True,,False,0,1,0,0,0,0,0
10549576,1,14,5958720,6aaa642fdd63675a44a4c437ade80b405e7805699fe6f4b185de548b4e652d4b,True,,False,0,1,0,0,0,0,0
10549924,1,14,5958720,ca48fdd32952b5682f0609b33babab034cdd2bcb16c220db5c9ec038c443da28,True,,False,0,1,0,0,0,0,0
10551346,1,14,5958720,3d91fba799a6c4893416c66786dcaa266e5e54f73aa2a416e361e5e89d9bd094,True,,False,0,1,0,0,0,0,0
10552151,1,14,5958720,c26d9067bdfcb39ec659865d2af137bd5131eaeec254d613c43ecc51150d7f52,True,,False,0,1,0,0,0,0,0
10552611,2,14,5958720,4cc92c609e28886cee9ddd751f1cbc58c9bcb5bb7d9139fae365986fca76776e,True,,True,0,2,0,0,0,0,0
10552700,1,14,5958720,3a22c2e20881c584d96fcf8e3b74332a92ae89de7967fede1d6dd709ce87d41d,True,,False,0,1,0,0,0,0,0
10554967,1,9,3781440,913e864b2794459132c852c91a83ceaf887b62e51062136015e22e6ae8d67fb7,True,,False,0,1,0,0,0,0,0
10554999,2,14,5958720,c6aa72d7c4ee43344ae54eced378bf02037b4258dac49ce7396fdc607d0b42ae,True,,False,0,2,0,0,0,0,0
10555375,1,14,5958720,d6ee084637b9f24a436c081c820866b73f6773e403ba5c9421118ba7dcc410f0,True,,False,0,1,0,0,0,0,0
10556578,1,13,5765760,a0447b97cf05ff854a2ae77401b56c8bd18742dfed79381e9bcc689911914494,True,,False,0,1,0,0,0,0,0
10577994,2,17,7439040,1290b8c234ee500a40ba8333c308edcb84f185c288dd4ff1f5d78f2c03805eb9,True,,False,0,2,0,0,0,0,0
10581918,1,12,5587200,e89c2d3b17f000fe0e62dbe1557f0e3b5074f5de47f9798ea0648a13b402d4b4,True,,False,0,1,0,0,0,0,0
10583066,1,17,7439040,fb5c47f7eaa382dd6bb2db99e7b78ce0ecfe904ed26817c02add1e3f6220e06a,True,,False,0,1,0,0,0,0,0
10583180,1,17,7439040,08c9ad925a265dfabf921ecb71a859ce1c7841bcbeb7c7ff80bd925269f0b876,True,,False,0,1,0,0,0,0,0
10583181,1,17,7439040,5731569384121aeafe4d372df3005a7373ebf35adec0bcbd8f4f7fd9384da561,True,,True,0,1,0,0,0,0,0
10583225,1,17,7439040,a66e22cbab7bea58be7ca908c2700a1cd44ed76fb512ad637b2a37a52676a14e,True,,False,0,1,0,0,0,0,0
10583761,1,17,7439040,d0917210174e2e8aac6e66a9fd49dc7e920397a2ae46c5a86aa033527e55957a,True,,False,0,1,0,0,0,0,0
10585738,1,14,5860800,434ab499acc5a74f9ab1b962c4b1bb5e0b699c3aec4664e5e07e1d672d662161,True,,False,0,1,0,0,0,0,0
10585852,1,14,5860800,0a468eec615fac5cdebeea56b485f3e651c9f3d6c7d8d2883b12e2c4647d5a93,True,,False,0,1,0,0,0,0,0
10585887,1,14,5860800,0fe60b89a679ef1235d2a5f670e8ee85565d5ef390ffff59ddff03c07391e795,True,,False,1,0,0,0,0,0,0
10586004,2,14,5860800,e622e716dc93b44e5bdba182c00182749dd14268afb3c93cbe671bd009ab931d,True,,False,0,2,0,0,0,0,0
10586208,1,14,5860800,4f13d7828e4e911aad6382b39e39e98925772828742ef998cc15069008740687,True,,False,0,1,0,0,0,0,0
10587105,3,14,5860800,3e95a7be4f5f04376a9bf833de4d4cbf71ddf03365944ffbb30459387fb6c435,True,,False,0,3,0,0,0,0,0
10591855,1,17,7439040,7a56a8157ec0f03afbbcddd740a106ef373e3204687fc0e9a3a9a438972c0bb4,True,,False,0,1,0,0,0,0,0
10592163,1,17,7439040,8727747ebfe73063da51ef5b6258090a69b4cde944016421815bb81ce0ecf6f4,True,,True,0,1,0,0,0,0,0
10593535,1,17,7439040,a509ec8980341cb1d0c19457431161e2768df3a47d35ccd3961772a9e5936555,True,,False,0,1,0,0,0,0,0
10593626,1,17,7439040,8be3c2b09d5e26a98a1869a9b0f110ba54510bbd986b9dcbd44f009aa680fbea,True,,False,0,1,0,0,0,0,0
10593759,1,17,7439040,a3b89681e7e70c921627bc9f051235bd2f0bbeee897e37b7bf19ca0a4e65f83e,True,,False,0,1,0,0,0,0,0
10599206,1,17,7439040,61f446bcba36d135600dfb488226a71c74da2925b6cd2b2f1a7f011a77359c5e,True,,False,0,1,0,0,0,0,0
10600261,3,17,7439040,fca504038b676b5661b808e46421328a013ead2c975ad50b2a0fe6e622dc1ec6,True,,False,0,3,0,0,0,0,0
10600955,1,17,7439040,961c5fc54e16aec80970fbd935f72f944510631fec88f35ffeed649b9499dc27,True,,False,0,1,0,0,0,0,0
10601284,3,17,7439040,ebc892a2851081db864b74ed44f6f65e26d0afee229c17471f80fed1d542c738,True,,False,0,3,0,0,0,0,0
10601538,1,17,7439040,d46017bfebc30009e13845875ddcb81c3422f8c4827f2adc6364f174a2b43e3a,True,,False,0,1,0,0,0,0,0
10601549,1,17,7439040,a81bf3ace123524ecf5c65911ffd4290ceef738e45950a12763ffbd772ea90e6,True,,False,0,1,0,0,0,0,0
10601579,1,17,7439040,1d6a0cb962de5405ed53b22278fad69b59cf161f6fbb4540ecf4d6cf73786c16,True,,True,0,1,0,0,0,0,0
10602291,1,17,7439040,04019c9e48562b54711d8fee7e2bb04795d66f7408fc782c4bb350b055dbcf95,True,,False,0,1,0,0,0,0,0
10604335,1,17,7439040,b645c81b28683ac0b368609b918840d910bc3335678354fd1ee0693870e37c54,True,,False,0,1,0,0,0,0,0
10604592,1,17,7439040,737c122fc3bbc5ae09a599c8635eba80756d0d1ce0cd94cc49c0952b108da98d,True,,False,0,1,0,0,0,0,0
10611420,1,14,5958720,657cea523c66ff6f2ae398b961063b26389aadc3524513965be34b7262f00fd0,True,,False,0,1,0,0,0,0,0
10613718,1,14,5958720,d32e2ca03ceec71815e3ad46481dd245b3e876af3d29294ee4b43a4818a9d391,True,,False,0,1,0,0,0,0,0
10614158,1,3,1393920,d2c9a7b8a0b5e80d00b727695d557c29fdf981846e2351defe19a8ab6eeab81f,True,,False,1,0,0,0,0,0,0
10614845,1,14,5958720,83439270f3198207a45ec84e7614f0d3b21aaf9eb11952db6ac650ce616c9359,True,,False,0,1,0,0,0,0,0
10615440,1,14,5958720,df3fb613390b38439a75aa416f1f745b039e61a24670d4e82e172a59392a59fc,True,,False,0,1,0,0,0,0,0
10616415,1,14,5958720,d0dbafc16d402e5f8b327956f9362e65efd52eeba3c09d756b56e0755055a584,True,,False,0,1,0,0,0,0,0
10616571,1,14,5958720,a98d0c0e9f5c151976882885a6a65b228744cb0634036fa68a248d22b736b076,True,,True,0,1,0,0,0,0,0
10616656,1,14,5958720,917c102fef68275355caed80b244097fcd38b1093ac6a081be7e8aeaa6eac793,True,,False,0,1,0,0,0,0,0
10616679,1,14,5958720,27658d05b8486005f334162d9e52f10e11a8b15f0df3223b809f56f43440214a,True,,False,0,1,0,0,0,0,0
10616829,1,14,5958720,a1b243ade60f9715b3f72bda661b89203eacfcfe9136d03d65f554b7cbb6aea9,True,,False,0,1,0,0,0,0,0
10617017,1,14,5958720,64ad83258ba6dd0d93faa513eb7f0c7f7a8302e42c8e832148c374e88ba4cd06,True,,False,0,1,0,0,0,0,0
10617638,1,14,5958720,0726d959968b4d58c8d1d48511e97199e5d1dc84f3a483ecf9c1be5f3f76bff3,True,,False,0,1,0,0,0,0,0
10619109,1,14,5958720,35f4ca402839ae8723458b17a880949bcbae04cd13cd32e6fd36b1400fd60fa7,True,,False,0,1,0,0,0,0,0
10619142,1,9,3945600,c53726ad60f103c024624aea79daacfb28df9d90d31bf95707c5b50473e8744f,True,,False,0,1,0,0,0,0,0
10619192,1,14,5958720,d55c13c772d5e536049b11fc6058ff8fababc98d59dfce64d41204013136b5d7,True,,False,0,1,0,0,0,0,0
10620329,1,14,5958720,176cab3f8c1e5c220079a1dd5f856bfd0c27163d55f19630c71f80509a319163,True,,False,0,1,0,0,0,0,0
10621666,1,14,5958720,f588c6faa33ab73a26e8e9f5179abf98aaab9ab0e14b2e97f4baa81ced68bd1c,True,,True,0,1,0,0,0,0,0
10646620,1,17,7439040,63111c549b7b0f5c51c39ab5a19d0feb278f900e34b7270fabd30217fad952c6,True,,False,0,1,0,0,0,0,0
10649230,1,17,7439040,706f7582a3590b50a5bca55783bb28fa4dcbfdaff9bfa944e0023b48f939e7ba,True,,False,0,1,0,0,0,0,0
10651816,1,14,5860800,299d487be2c4f95fd1cf7643367dc69ee115f86e22e03d5e8d91481e6f175847,True,,False,0,1,0,0,0,0,0
10651945,1,12,5535360,ec34a6932cdc37ad7f18f8d6ffe21d4d01c5465ba57f66704270541ceedf3a46,True,,False,0,1,0,0,0,0,0
10653179,1,14,5860800,f1e39620756c7b2d7e24c5b0fe06b4b0dd29eabb5ab15df5a862303d2baa9855,True,,False,0,1,0,0,0,0,0
10656823,2,17,7439040,08f2394521c977f1425452e245125dcfbcec93c8ed9e4544b5129a9715133d06,True,,False,0,2,0,0,0,0,0
10657406,2,17,7439040,ee1f292a1af34ef656da2964e75a187aefd36c7a6ed023aaaaaab556bb86bf3e,True,,False,0,2,0,0,0,0,0
10657664,1,17,7439040,c75bf6cfb8a2088359f3c49205e42b7bf9adbb0dadaf90f5abdbd7ec45e4ee3d,True,,False,0,1,0,0,0,0,0
10659313,1,17,7439040,340fe4107e60b11406ef3efeaba8c97a85fb039359c18e800175bc08d9596751,True,,False,0,1,0,0,0,0,0
10661679,1,17,7439040,31c4d8440b024f47aec05fe94d9c4e201cef6fd71daf11345793775536397e1f,True,,True,0,1,0,0,0,0,0
10661718,1,17,7439040,e4827af030ec06a5433f6925eea5581d734a4dc173bf5870f3753e7c63185768,True,,False,0,1,0,0,0,0,0
10661771,1,17,7439040,5b043e0d9f5a11e1981be07224305d7d2f44f336d48d689eab3c5c62da55e5bc,True,,False,0,1,0,0,0,0,0
10661778,1,11,4875840,c8a3632672e15a766cf19c057d5279632177d185ad1c6fa1a0b8caa1d84e3a76,True,,False,0,1,0,0,0,0,0
10661913,1,17,7439040,cb308e77f96f363fa0e07a801bdec9b1fdd6cd3bc821eeb4abc821a397f03181,True,,False,0,1,0,0,0,0,0
10661917,1,17,7439040,28ca5c71a77a929471f2dc5cd57ffcca6551397e747c22445fedfa5005b18eaf,True,,False,0,1,0,0,0,0,0
10661976,1,17,7439040,3c703b2afbfce7d2bd4886d280c2c7ade72997e7a7aec2f003c52cc3b9f8339e,True,,False,0,1,0,0,0,0,0
10662021,1,17,7439040,4c4f789a6d193b9afe7105b49af60f051f4c7682e317932ec79bdf7f4146f04e,True,,False,0,1,0,0,0,0,0
10662202,1,17,7439040,d8a09804a9166885a170ddd9feeb21ca279486e4d76644d84c0722fd249d9b3a,True,,False,0,1,0,0,0,0,0
10663396,1,9,3781440,542a3baf07eca8ad701e5c472239b433bb894663fecd99e6564b01eea43f0eb2,True,,False,0,1,0,0,0,0,0
10664150,1,16,7246080,d773f1ca5e13f54ea316c78dfb4bd18d112b21737c6144630763abd0aca2ce6a,True,,True,0,1,0,0,0,0,0
10664416,1,17,7439040,4d4c2afe4fc89614902bfd9d49dbd356d6f27c3afdbdf06740d605469fd7e3bf,True,,False,0,1,0,0,0,0,0
10666230,1,17,7439040,f79351638fc1d000e1c430593963d4754f54921fbb410d3745243ae25cc1dfe2,True,,False,0,1,0,0,0,0,0
10666242,1,17,7439040,279aa27c4431d4553332f60ff8d6d3739ec3c1011eb59a6a087321f5f299d670,True,,False,0,1,0,0,0,0,0
10666592,1,17,7439040,afdd1fa8e1ca97a01ccb82049f8c5cfb5c66791609c7f4b210150947883f200f,True,,False,0,1,0,0,0,0,0
10668665,1,14,6312960,278c979465b4b831881a6b76c92e07f4dead957773bada4a564b8825f93fe938,True,,False,0,1,0,0,0,0,0
10669994,1,17,7439040,090dcedae3bf87e91406becf05b843509f086d63b59589801dadeaebb1c50d1d,True,,False,0,1,0,0,0,0,0
10670119,2,14,6312960,444ccee1dc6b9a8972467303865a68688ff4b9b63d7650c602618e1d18b24693,True,,False,0,2,0,0,0,0,0
10676014,1,14,5958720,7351c2c4761e7a62678ba4ae7d0a0c2172279e4ba2a78e2d42492f997d45a9a1,True,,False,0,1,0,0,0,0,0
10676824,1,14,5958720,7ee7c19713e63217aa001e9b851cfaa9f35dcb74eb85a0806ea416c0626cbc15,True,,False,0,1,0,0,0,0,0
10676923,1,14,5958720,8a970301ca45d403aefd89fd05ac4a71fe52dfa4e19bfe12c80b5e2a4a228d23,True,,True,0,1,0,0,0,0,0
10676927,1,6,2537280,5e3ef25cb25c6aeca9f7a7a3b310215f98410e1f8aebc1fdc023ff425fe9721f,True,,False,1,0,0,0,0,0,0
10677186,1,11,4832640,2b048472806bd9fc15d61911b9d7c9693660d83c98a12bbc7a9e3eb0681cef31,True,,False,0,1,0,0,0,0,0
10679583,1,14,5958720,3bbc664c66130fd9af24701b38744f48275f0d1def758c05c18b776687e3b4e2,True,,False,0,1,0,0,0,0,0
10682541,1,13,5765760,bd33121092d35ccbd51a59fa40f1ad38175dbf71996cb72aad56e577a80d1da9,True,,False,0,1,0,0,0,0,0
10684670,1,14,5958720,f0c2b8f054925309b9b6afd84054bba95ab14408d9a854c3b2dcbc2d68fcb6f0,True,,False,0,1,0,0,0,0,0
10685175,1,14,5958720,2fbe23165d4572aab84f39a6969e39248e279ce548807392fe7296082c5d76d5,True,,False,0,1,0,0,0,0,0
10686814,1,14,5958720,cdc7b393d91b7c0f359e97073cee35429451dfc8d87a6a578ed98d43fae74cb1,True,,False,0,1,0,0,0,0,0
10686864,1,14,5958720,ff2c7278893e8af0836df014d074cfad4de2aba2afabe2d707127544da5c6a6f,True,,False,0,1,0,0,0,0,0
10686876,1,14,5958720,31be54ba226dbf8b45c8e85ebf477bb515035a210319c5ebc49b6e5b4fbaea46,True,,False,0,1,0,0,0,0,0
10686909,1,14,5958720,c7769f7f91bdcaef3748b358ed6329a3d0c9c4093e9d6d5b807657c3018c9270,True,,True,0,1,0,0,0,0,0
10686930,1,14,5958720,920a33547a5580a1acb46f8767b8e178935a073de5a0fe07842c7003b1d8b1ad,True,,False,0,1,0,0,0,0,0
10709622,1,17,7439040,7bdb3944be2a60c1658a69f37fdbca1f60400e43121ba1a5be244dcbb45037f3,True,,False,0,1,0,0,0,0,0
10710755,1,17,7439040,c41962a1ab609817154bd26b07a245291801823b18fe1ba5eb435506a3681304,True,,False,0,1,0,0,0,0,0
10711551,1,16,7246080,155e13a363d7981da259d4f7eee6ee9745963c4ca8c7c9fb48b061b3ec84f4ab,True,,False,0,1,0,0,0,0,0
10711913,1,15,6776640,542c91205a6e7e5a577ca8b098a3196762c062a9dcd6ec752b70e0a9bac4db49,True,,False,0,1,0,0,0,0,0
10713616,1,17,7439040,d96405ebd57151806ae080b07c4e238351846c4120a70adf68a0cffe4a5a41cf,True,,False,0,1,0,0,0,0,0
10714072,1,17,7439040,4575a982795186e5489662e6f47f9d7533188e51ca3c9ade7980b0d3f4937626,True,,False,0,1,0,0,0,0,0
10717220,1,14,5860800,29634bec110c2ead7edb7c530342b34bc33c0edd0ecb5f55c215aa5cf9d57e0e,True,,False,0,1,0,0,0,0,0
10717241,1,14,5860800,0edbbdea24d257a3ec7b12a0978920fb4d664c645074873e74c4a8a87d3a4e0d,True,,False,0,1,0,0,0,0,0
10718726,1,14,5860800,29cf8de772405780d0442db9d06bf0f51965195bae62c02573fd0700b11d661c,True,,True,0,1,0,0,0,0,0
10722485,1,17,7439040,3743a85f408c9293e00f67d856e719cc7af5febe65f3b153a05f9205214a06ac,True,,False,0,1,0,0,0,0,0
10723367,2,17,7439040,d5ae36d916a66f0286f6bd222d4c1c89959c9072e87f214a31cd5e55c1cb58ba,True,,False,0,2,0,0,0,0,0
10723750,2,17,7439040,97e992d4b549a1487b2867ee1547507c73d9f6de44e30a40e158590da8a202f1,True,,False,0,2,0,0,0,0,0
10724369,1,17,7439040,8d2851518b0e645c717b8e1fec61b3ee39698fc40dba594aa34fab2c7e033ae4,True,,False,0,1,0,0,0,0,0
10724569,1,17,7439040,cb1b49e539d1cef10271b28df4d38270c785b7ad4d17a480bddbeec9b1f837d2,True,,False,0,1,0,0,0,0,0
10727668,1,4,1650240,b9cfd79e2ef30d82dbd8774ce6e07c7606b8b3b8c0df23b632d6030e0a52e4f9,True,,False,1,0,0,0,0,0,0
10728219,1,14,6310080,d26c5c273109a658d0cd7f179735d4bb7d8c7ef53b5c3ba431c6a17663fc4d5d,True,,False,0,1,0,0,0,0,0
10729472,1,17,7439040,7003a049e5a9870af2c73f59478443c8e489352d2911b24b12c73406fec5b78e,True,,False,0,1,0,0,0,0,0
10730034,2,17,7439040,9aab6c7c271277e74836f234728f76280b8a39e3b700b4940513b232861333b7,True,,False,0,2,0,0,0,0,0
10730070,1,17,7439040,0a7ade0484bfb86782b28c207ac371700e50d4ac46e4501c42700364bd568ba9,True,,True,0,1,0,0,0,0,0
10730250,1,17,7439040,c7bd1ef5df227710c49605951fed9c196be3e98d007e876b1d15c229f4fbd949,True,,False,0,1,0,0,0,0,0
10730703,1,17,7439040,1948079e5e651be200abe7b0df6e478fda3c3697940ac9d85d1dcd35098b6285,True,,False,0,1,0,0,0,0,0
10732401,1,9,3562560,002b6a08e932718fbfd9cc7d25d745dcf096c7140908917ddca0fe3d28d8b4ed,True,,False,0,1,0,0,0,0,0
10733174,1,17,7439040,80f1c3167f902db1636013072c98fe4bf253f55ad9448c6989669d1dcbc817e0,True,,False,0,1,0,0,0,0,0
10735331,1,17,7439040,a6ab3e571778f72c785d54e2f74985b265585ac9ef71e766b05d9bf2f1aa37e0,True,,False,0,1,0,0,0,0,0
10735519,1,17,7439040,0259b4a8dc999afe90a7c859a386f4729c43d0a46ef12cddb57e58f2aece3fec,True,,False,0,1,0,0,0,0,0
10735564,1,13,5843520,9902bc81a7c404e424bb189f831c79a3f563fbffe3f36322a306677f0c6f4091,True,,False,0,1,0,0,0,0,0
10735575,1,17,7439040,ccca2cf8b63df9af00a00296dcf8738cac66e3aabee938de97462c6edd78c6e9,True,,False,0,1,0,0,0,0,0
10736179,1,17,7439040,6616009f9769fa76ec10d69036133922119a0b219218fa458f4654a3ddac1335,True,,False,0,1,0,0,0,0,0
10736223,1,17,7439040,bc379ba41b0ea14ec7d65781bc9d10e93fabe17171a5595e06c1a3b399416165,True,,True,0,1,0,0,0,0,0
10736489,1,17,7439040,3d6d33c4b144b21f906b2b59a822f63e25441781df045ef35330e72844c61205,True,,False,0,1,0,0,0,0,0
10743597,1,14,5958720,e50cfb04e1c85d93e30fb3858d777139726bf93a5f456f8a6ffeee5d1be0a7ba,True,,False,0,1,0,0,0,0,0
10743600,1,8,3401280,d6204a8726fa4b1462e296f5dc9d4f75fa30b6b61ac806688abe73968b6e4781,True,,False,0,1,0,0,0,0,0
10744335,1,14,5958720,574ae585693f9ab2e5ee2b9496fb1c91e2c2a04e64997ff081bdf39c2850b9a0,True,,False,0,1,0,0,0,0,0
10747439,1,14,5958720,c96c84b7042c4060d4321c1a21a0fdc37c7add79528dd1d7f7f33d0db435b2df,True,,False,0,1,0,0,0,0,0
10747445,1,8,3401280,54c004534ff6c13d4bb2fd866599d7571e069538af088510343a87c6b5435d40,True,,False,0,1,0,0,0,0,0
10748390,1,14,5958720,60f2856128bbf3ef3476975eacc3725f368dfb69df66de52de8baf07db033f94,True,,False,0,1,0,0,0,0,0
10748393,2,11,4832640,bc0cecd403d52c0d991493c59f8792d94eb8bbfe5dc87a888259314e7644939a,True,,False,1,1,0,0,0,0,0
10748621,1,14,5958720,d6379cf827ba90c8bdfc624739d86be71831024e2929519824047bc2056fa481,True,,False,0,1,0,0,0,0,0
10751515,1,11,4832640,86f58035d1f579f1ef0df70e849f996fa58d77bd4fe6e81fe9ac1ee38ae70b64,True,,True,0,1,0,0,0,0,0
10753394,1,14,5958720,27e5cb21f216bbfbfff6c6c2a5b0dd8f00e7d425cdef738089e51e1ff34dd4f9,True,,False,0,1,0,0,0,0,0
10753734,1,14,5958720,01719e4ef41aae91b102faed96a52e42b99b5490f6d5ac1828912de21e2489c1,True,,False,0,1,0,0,0,0,0
10753922,1,14,5958720,140e99c2244ccedf6b0bf47b203c72090c76d3220116b398c487f0b018953aae,True,,False,0,1,0,0,0,0,0
10777591,1,17,7439040,bc95a67025838d4e453419ab688a3a0b93c6a2b122baf8a5f81b8c6983e69118,True,,False,1,0,0,0,0,0,0
10779233,1,17,7439040,effcbe81ad2d1ba9cd43d3438a90f8cf961e08467b7d02754c4dfec1189e9a80,True,,False,0,1,0,0,0,0,0
10785538,1,14,5860800,4a865f6a2b35d40042c12835cb1c096883effdbc2122b04440374f5a2051e613,True,,False,0,1,0,0,0,0,0
10788461,3,1,486720,464a59b79f88803a7ab8f03edc97d3f73997902bfac69c8f549180b6168c5f5a,True,,False,3,0,0,0,0,0,0
10790387,1,17,7439040,139d3f263307587319b9382089190dfc1a94b7b2acec049742effceef3ea1b8b,True,,False,0,1,0,0,0,0,0
10793172,2,17,7439040,d797a61653831c986fea583123c27fac6e5b708ee9d69b8a01e3e661be1da554,True,,False,0,2,0,0,0,0,0
10794087,1,17,7439040,6249c1ce12a478d21fc8cbed4eb342e184fe3357d8b85e8d44778e298f206539,True,,True,0,1,0,0,0,0,0
10794242,1,17,7439040,773ea4509b1f80671191ca3ecf2439a17977f0b5be8ba40738f623fa6b68c1c3,True,,False,0,1,0,0,0,0,0
10794405,1,17,7439040,3fd1dad530452936bd87a1dcdfe5cff880667ef6d5a27f6bac9d9f2fd69c98f0,True,,False,0,1,0,0,0,0,0
10795103,1,17,7439040,bc38009599077ac2d5c61cc16142414687261fed1a12f628b91be3d1a9d85f9c,True,,False,0,1,0,0,0,0,0
10797460,2,17,7439040,340d5e5565ebf400f09dccaaa97caad6cbc8ed020b0a0d8bb70075d6d736657b,True,,False,0,2,0,0,0,0,0
10798605,1,17,7439040,90de55c335b81b142776a6b0c1adb89f591071b0d16e89f5035f5434633bce61,True,,False,0,1,0,0,0,0,0
10798838,1,17,7439040,3cf3b7e267110145e8878c01547f89b9a072318fa497b31cfdd1ee314d847c77,True,,False,0,1,0,0,0,0,0
10799735,1,17,7439040,95bc60bea41a47a887ade92a56bbaf79289d3f07c87acd5fd208e6a3298d2954,True,,False,0,1,0,0,0,0,0
10801100,1,17,7439040,d099bc21c0a1d9a32557e4444ec65d478e1175383995a5bb876f105d1d33edb5,True,,False,0,1,0,0,0,0,0
10801249,1,17,7439040,5770755f418def04b8482a96c7a11cbc17b08c800e77043ea5d09bdce8820ba9,True,,False,0,1,0,0,0,0,0
10801951,1,17,7439040,fb89158e52744c582bcd35eaa0876a13b48203667a5c46c5bbc43598405fcc6a,True,,True,0,1,0,0,0,0,0
10809677,1,14,5958720,af92b87581356b9567013d6447cabcee680c8ea039cc7c3f7e4c31f7c4511f73,True,,False,0,1,0,0,0,0,0
10810838,1,14,5958720,f54854da83586479b6d014583a890b942c2cd2463060d0bd1e380131d6b17263,True,,False,0,1,0,0,0,0,0
10811496,1,14,5958720,1e956df0c44f31406d03f78469a07b0f19f8b1a2e848032d98f65f9cb8f4aa98,True,,False,0,1,0,0,0,0,0
10812504,1,14,5958720,866dca55f345b2730354f08fbc54569a6c8760de5d62c546ff00e7a3f44a63ae,True,,False,0,1,0,0,0,0,0
10813132,1,14,5958720,5ecb3c170ccee9b6fdd46cb767bc853c50868d391baa6b15edb053aafc3961a6,True,,False,0,1,0,0,0,0,0
10815916,1,14,5958720,77ebd121657ea843fc7964b46010b323b1060ee777bfa0f5b32e4e8c4f5180cd,True,,False,0,1,0,0,0,0,0
10816107,1,14,5958720,007f7f78ec4937ffe96b9791dd8d9ac5b5df8bf60ab12e690d12b4d5a22de71d,True,,False,0,1,0,0,0,0,0
10817600,1,14,5958720,9943f765c8ff0eaf76fd3bf982c19d5eeb80470453d2a66eb01db7728d4e0a4b,True,,False,0,1,0,0,0,0,0
10842192,1,17,7439040,63afd4126205a1715142d08164ab9994dd2ea882812df9793b00b90a8e80ce28,True,,False,0,1,0,0,0,0,0
10843203,1,14,6312960,766c8574a75c7df9ade31a2eb46c82555095a3a592ee8eb753764ca063255884,True,,True,0,1,0,0,0,0,0
10843431,1,4,1650240,63c47e7da1b196519a7cfba0069b01dd3b386bde954bd66550457c10ef97fa07,True,,False,1,0,0,0,0,0,0
10843590,2,17,7439040,8c1784b1bca12308584baeda9d4d999d158379ca9a0ae6f96808dfccc0bb5c93,True,,False,0,2,0,0,0,0,0
10845188,1,17,7439040,76a4f81eb814580abdfb17ad73b0ba21791677aeacbb272aa47bb3bdd96abfa0,True,,False,0,1,0,0,0,0,0
10847907,1,14,5860800,3558344d93f7b547a62b012bd1a01c4c6d329236ff9d0627bb8b316849769f36,True,,False,0,1,0,0,0,0,0
10848459,1,14,5860800,c55d85880ef897f0d6199df9cad8efe21a8c9bc6ce9478668945d2cbc92b1930,True,,False,0,1,0,0,0,0,0
10849244,1,14,5860800,c95a1fdeaa865471f386ea055bcc43428581d002e567778a4583e74438bf71d6,True,,False,0,1,0,0,0,0,0
10854546,1,17,7439040,a8895c76c637c4c003d8df30baa19ffda275a8c38937f0619d2ec7b48802a003,True,,False,0,1,0,0,0,0,0
10854555,1,16,7246080,0ecdc58db907f16ba9c35276482bae746b11130880cb1b6523bef41cabece9ff,True,,False,0,1,0,0,0,0,0
10854768,1,17,7439040,6e611266d7e19fea357ddb85e8320d161001c72bca034a2200672bb0b5a717f2,True,,False,0,1,0,0,0,0,0
10855545,1,11,4832640,edbdb6f65d9332c10b149bcd0da59674a99205dea71b3ed60179cc76e44d2b43,True,,True,0,1,0,0,0,0,0
10857342,1,4,1895040,ccb0d5aefe8fa7171140f88f6ef56b8b234045db2e32037a11b609c376667e70,True,,False,1,0,0,0,0,0,0
10857519,1,17,7439040,4650300b61360a4c016ad9189093d367a977ee500e2bed55974c86480033111f,True,,False,0,1,0,0,0,0,0
10857589,1,17,7439040,b9171f71bf82a369d90cd7c2a397b490975ceaa878d75a810caa4bf282072b18,True,,False,0,1,0,0,0,0,0
10858691,4,17,7439040,bfb2ef271d658f87200cf028f9276b9f952ab9a62ed521fbca87a57c7a6c2808,True,,False,0,4,0,0,0,0,0
10858737,1,17,7439040,e97311e6c0a191d15b9ee25d14b526045b9a27a8db432482cac6ebb4dd98faf4,True,,False,0,1,0,0,0,0,0
10858785,1,17,7439040,cb1123320d29daf84f2492a5d5ef43216c116f440e1d6ed6aa0b82332a5ff584,True,,False,0,1,0,0,0,0,0
10858803,1,17,7439040,2ea53555ec8066636a9da9b5d7699d9579b93d5b7fc3db0a7d2de9a00e860810,True,,False,0,1,0,0,0,0,0
10858832,1,17,7439040,6995d3e7d84699b16ff15878c656fa0156c25adaf8508c53badfa80c32203180,True,,False,0,1,0,0,0,0,0
10862284,1,14,6312960,03cdc6b221db38ba782e62080d4e9a68ccbf689e5d5b88234eae6802bd85bd9e,True,,False,0,1,0,0,0,0,0
10863608,1,16,7246080,f9cdb1228a3d2308540d512557f3b31c2e7e0b4c1819df319f6adbf6e8766bd5,True,,True,1,0,0,0,0,0,0
10864531,2,17,7439040,8db798a7e9df31609b46520ba80cea8b9cf8d58248f97366b71acd5f059fa8b0,True,,False,0,2,0,0,0,0,0
10864656,1,17,7439040,b893ebd29a597e355cd00958edc5a29898cb3e4d332a0d8ba8a6a4e7f2b18078,True,,False,0,1,0,0,0,0,0
10867017,1,17,7439040,4068a3041c2d09da8cd0530ea2529c342df3bbc187bad1c290a358ce08c45452,True,,False,0,1,0,0,0,0,0
10872983,3,13,5765760,828384984cfced456350444900d88700fed49075b118425c60e3c1eaca1f9dee,True,,False,0,3,0,0,0,0,0
10873260,1,14,5958720,059169c066e4897c59ae70c32b8a311f5575e27b42bae5799b1ea93d3aed0208,True,,False,0,1,0,0,0,0,0
10874215,1,14,5958720,fbf48732d43d49cc25de6055d76686aeb4021675a35c7998c4a80d94c8ab8aa1,True,,False,0,1,0,0,0,0,0
10874226,1,14,5958720,562dc7c73eff22d5f3b28138e21dd955fb5386be87100f5edcaa181c7231a182,True,,False,0,1,0,0,0,0,0
10874614,1,14,5958720,bbdc2c11a91f9b5e788fb20e1aa8988f4ed3b6931983787d03fad4b7837413c7,True,,False,0,1,0,0,0,0,0
10874926,1,14,5958720,2fa130ef650a4653360122ae40ba3cb92a6771a5413c08221d9bd8695e9c1bd7,True,,False,0,1,0,0,0,0,0
10875245,4,14,5958720,5041c4ca2c8730cff6ce2ba1301c8c5be20b9d10c8fc0a7ff53906944958cae7,True,,True,0,4,0,0,0,0,0
10875937,1,9,3870720,c98ee1273b6ef9717bc91a95b8a49911834390513cb733a70572dde05fd366e0,True,,False,0,1,0,0,0,0,0
10876237,1,14,5958720,c493e90251a40058bb32a2ee7fc5e9af6d765d13647311f550047279884d1e5a,True,,False,0,1,0,0,0,0,0
10877024,1,14,5958720,898fe36644e51c48b982a87b3193482160bb4c5e40c65c22341327781761ca2b,True,,False,0,1,0,0,0,0,0
10878263,2,14,5958720,ef81f119874bd002d42ee0130a18c8e3b684fcee17c1b74f035a41778b6d05fe,True,,False,0,2,0,0,0,0,0
10879038,1,14,5958720,acf76bcd5591b5f4920cb0d6f57d3651e8b80216c26f0eb6edad6e174b99c31e,True,,False,0,1,0,0,0,0,0
10879208,1,13,5765760,a80ff110115d38baaf7d1b176b5e7160392b233c65076f478a2f4f59ee69d10a,True,,False,0,1,0,0,0,0,0
10879213,1,6,2537280,bd13468bef3fb68ee246bbb7deac033c043828d3655015c5ef5b2afdf80dc32f,True,,False,1,0,0,0,0,0,0
10879656,1,14,5958720,eaf28c23322932e6d51ea98e1954081020b36fa33147605d071fad52ca936216,True,,False,0,1,0,0,0,0,0
10880507,1,14,5958720,11401b18335b4eb5daaca9b405eedfe736731307f68c4d8a9f56e567f503d007,True,,False,0,1,0,0,0,0,0
10881457,1,11,4832640,2ef98b2e6d44611add70ae2f0cb5c08592a954147159154060b910cca63c3d0a,True,,True,0,1,0,0,0,0,0
10904857,1,17,7439040,9024000c19c7fbea59095e448d01a1ca85ebb32c7af420ce8b141a5e6a950041,True,,False,0,1,0,0,0,0,0
10905239,2,17,7439040,d5f1aaaaa219060af200e8992a8da68a5360be1cbdf0f1529e549cad6eb3a7ac,True,,False,0,2,0,0,0,0,0
10905641,1,17,7439040,676ad33970de4741fc4b7a243f93a61859d6e658a91d6d3007a6d96a0d6a1bf0,True,,False,0,1,0,0,0,0,0
10905746,1,8,3257280,9d8858153b80e1187ec94cdc172734d4519b4c7b2751de3034daa7e449fc3098,True,,False,0,1,0,0,0,0,0
10905911,1,9,3562560,f3a2f96218d109e8c9ae617903e11d9b471492d46a95d98d1b3368f0ab7e07c9,True,,False,0,1,0,0,0,0,0
10907307,1,14,5860800,e45fa56151baaaba17bb1934cf525376814c46f771cc468e0cebed8b1d8ce3ac,True,,False,0,1,0,0,0,0,0
10908248,1,14,5860800,893eb49f4c3c9b257edaa75b9be0b85a56f98bf9bb04b5ba387f6fedf91b75b9,True,,False,0,1,0,0,0,0,0
10909127,1,14,5860800,9904b77cb1e70ecf29faebd36cb2da3db1287e74b84ba8cf4154a4211869c33b,True,,False,0,1,0,0,0,0,0
10909274,1,14,5860800,96ae7bb2473a5938428afbe9a38d2bcaee681e8ebf4850ecfb1d346c3d68b095,True,,False,0,1,0,0,0,0,0
10910878,3,14,5860800,d45405554387d10adc1f7a9cb93b86e11db3f9ce8ef8fc0d618658cb82610866,True,,True,0,3,0,0,0,0,0
10916600,1,17,7439040,146ec7e4ba869d684c7156f9f5af47e9402c21d2ff48585ab1d6b24a5fe7e6f9,True,,False,0,1,0,0,0,0,0
10920086,1,17,7439040,611d023de9a4648321fb04863d027ba1c0dfc9b8a7badf57501928d32ed14543,True,,False,0,1,0,0,0,0,0
10920420,1,17,7439040,839774e3fd7b8d3e45ded5f9075395d59c1e4857975546843f950e48d65213df,True,,False,0,1,0,0,0,0,0
10920813,1,17,7439040,d981e3d621f63e5bc285690dd8a27f4d6d4da864cb8159497315637ff02be82c,True,,False,0,1,0,0,0,0,0
10922659,1,14,6312960,70c8cbfd1b065ec1ec502a0050b2cd19a03dec157f908b8c7fb0de61fa4b2ef4,True,,False,0,1,0,0,0,0,0
10923260,1,17,7439040,0f1775a080b7e09ac63bcdc34a6fb2a3b5a6e45c574c3515be3c93f3851516f8,True,,False,0,1,0,0,0,0,0
10924340,1,17,7439040,eacbe2f4590c1086949a17df2cc0eb615d4990776a76104f697ea9c1ac8e55d0,True,,False,0,1,0,0,0,0,0
10924400,1,17,7439040,320695fc61de3731c546f5fd5db21d98f456a933974269e06b02ec3e7597e154,True,,False,0,1,0,0,0,0,0
10924562,1,14,6312960,40d6e05f6b7551446e35d3d47ef835fbf95000a0464bbfb2095602b1bc229ac5,True,,False,0,1,0,0,0,0,0
10924853,1,17,7439040,6a2c5f569d564a9405bfe412ee71797bd18476937eb776b9c2a174298706d53d,True,,True,0,1,0,0,0,0,0
10925104,3,17,7439040,426a6b6de29d92fed2bc99880e28b543dee27d9d10e8e23c4fd886845d376b00,True,,False,0,3,0,0,0,0,0
10925113,1,14,6312960,7a7c6803ff3213f33ffb54360948b2d44ea82a16b9d0c43eff1cd682bc0dafc2,True,,False,0,1,0,0,0,0,0
10933561,2,14,5958720,315ee8c6371860d0512ccbe16de30b1c43709cd0a430e8f104a68960ab5dc08f,True,,False,0,2,0,0,0,0,0
10934313,1,14,5958720,9d1497351c102cf122fc87a93ff5122c0863b83e1330d99d796a52511ad12ec6,True,,False,0,1,0,0,0,0,0
10934674,1,14,5958720,7acc84c1a7772824fd2dc649290fd5798671dabc6ef7b624a267b04666c9d2bf,True,,False,0,1,0,0,0,0,0
10935310,1,14,5958720,fecb2052f660817ba58fcffdea136317de9815640e958394b5fffbdd85088b81,True,,False,0,1,0,0,0,0,0
10936427,1,14,5958720,3007926015bbdc7403ccad84c5797139d35d5c706d6e67d530f6c47cd270ba6a,True,,False,0,1,0,0,0,0,0
10936786,1,14,5958720,7844dc624bf536fd64fd3f00ce7f545ce19662764611c545bce18ea1a2f2c1be,True,,False,0,1,0,0,0,0,0
10937029,2,14,5958720,3dc5f12a05144419d6094e8bd3959c5e95eb03629a672e492b66cd879d08613f,True,,False,0,2,0,0,0,0,0
10937609,1,14,5958720,358fcffa3a66d9b528dad8fa1e8947a198d5a218d1eed4e89a03f64b11a50a4c,True,,True,0,1,0,0,0,0,0
10960993,1,17,7439040,917998bf6a06503d2377e421a49bfdd5918e95944b4fb641514f234322e553e1,True,,False,0,1,0,0,0,0,0
10960995,1,14,6312960,2ddaa93fbf7693f454d368b5767e497415b3efbc8c0d129b1fb1a45408cb6670,True,,False,0,1,0,0,0,0,0
10963065,1,14,5860800,0393000fa2def6f5abb1bf0afbed782497d3d2357f8204c0db19d9d5577ba8e6,True,,False,0,1,0,0,0,0,0
10963242,1,14,5860800,1dcd933c94cf56f4b9be98b4f482c324bdc2c20f04d6d260b7f4d757f42af5b6,True,,False,0,1,0,0,0,0,0
10964265,1,7,2799360,3eb6bf7c16b8c100b42d667e37ae45e091ae7e54dd949196d5fdc426718fbd45,True,,False,1,0,0,0,0,0,0
10964440,1,14,5860800,5876d9d86c998ee23e4e8a08a9ea295a3c86da930d2a114422a7bbc300ce5bf8,True,,False,0,1,0,0,0,0,0
10965008,1,14,5860800,e69c01b9db3191cb7787a98af97b28fc02c79c99c3d461c0d3fabf189e485f36,True,,False,0,1,0,0,0,0,0
10965588,1,14,5860800,07f4c4704d980f64f9f22dd49b9314aef0c414c2d5eed1673edecbbc92caeab3,True,,False,0,1,0,0,0,0,0
10965740,1,14,5860800,b58934601f8598debcd4a4b1f3ead36ea638d33e59e211a570912a7e136e4f3d,True,,False,0,1,0,0,0,0,0
10965963,1,14,5860800,3267fb2884b29def14fbaf9db000537de92a863cf25a8105c893479daf1037d4,True,,True,0,1,0,0,0,0,0
10973583,1,16,7246080,bc3112babd230ed77597235fbcc990f6b58bbb6226cff9c50a3d3eac4badd67f,True,,False,0,1,0,0,0,0,0
10973664,3,17,7439040,a6a10f8d16330af7621f92128b3e7f3775f192abe12b3a67c3812accdf948985,True,,False,0,3,0,0,0,0,0
10973814,2,17,7439040,0e1d9204d6cb6c7ba31409fc39a20c22a20853f783e3468e20e4e9998bf219fd,True,,False,0,2,0,0,0,0,0
10975146,1,17,7439040,4403fc060cd32999c82ab43f131daf83e261f7f220202b8e609aa35d1ac2db56,True,,False,0,1,0,0,0,0,0
10977671,1,17,7439040,227a8333a2d010bfa05ce338a3a7c114d2e19dcc8cc00a0f0cfa64e624296438,True,,False,0,1,0,0,0,0,0
10978763,3,17,7439040,dc25558bab4c59b5e528fca4dc6fff0b158cdd136238ddae537d0e6d16e8df1c,True,,False,0,3,0,0,0,0,0
10979716,1,17,7439040,043b3e9597069d34ffc1738e42e6261c593c28a043afd567934092025cc70ae3,True,,False,0,1,0,0,0,0,0
10982373,1,17,7439040,3725fe9b566b5bbfbe96e947fa8ea210762758023f60c81749c54cbef27c6718,True,,False,0,1,0,0,0,0,0
10982872,3,17,7439040,7db6002b62237710fc0ef0bb9a0834e316647b10055d5b5f956f076c96d39538,True,,False,0,3,0,0,0,0,0
10984090,2,17,7439040,6f987c5daf5261c5ce194166532c8ed39d613a7e5932109b3e9bd9d4d2a572d0,True,,True,0,2,0,0,0,0,0
10987439,1,7,2845440,fa136153dcedffe45813310402f0d33efbb1d075fb26befc352b0216042ce171,True,,False,1,0,0,0,0,0,0
10987985,1,13,5489280,5a2b14bab41ae652749e0b841fd35a23ddf47fbef1691d73b5c23efa5a746057,True,,False,0,1,0,0,0,0,0
10989032,1,14,5958720,a953fdfc86d5e2affae441b40ed33901a743ce0ce96c499ad697c5496caac810,True,,False,0,1,0,0,0,0,0
10989274,1,14,5958720,e13f9f6c18a4aa3024daa3ff88d30ad4be4b349f0d3b46c85ccb798c8bb6aeae,True,,False,0,1,0,0,0,0,0
10990886,1,14,5958720,3bb27dcc9663008af42f21c8d9752fdde8cdb4278dd2f2080c650e30e4ce599b,True,,False,0,1,0,0,0,0,0
10990917,1,14,5958720,a7ff831786418a2441aed846e81d22e35b06ab8da81456125d28aaee452ef4a4,True,,False,0,1,0,0,0,0,0
10991989,1,14,5958720,41cd149b79c74f7aa7f3c3a7d47aad7186d0a787fc9c975d46148dfbabee7c43,True,,False,0,1,0,0,0,0,0
10992011,1,14,5958720,a3964d64b2de0dc32733a44b18299a457b66abe1cd99cbd5cb34ee77d517f3fb,True,,False,0,1,0,0,0,0,0
10992733,1,14,5958720,ae35ee6e3eb68eafd675830a4e2635801ae12b6e67c033b6727cfc30e856a24d,True,,False,0,1,0,0,0,0,0
11013201,1,17,7439040,790deb5d8505e2318c2a11ad84ae36d96a988185dad333516fe84a78bd7e31f5,True,,True,0,1,0,0,0,0,0
11014932,4,17,7439040,3c23dc81aa3f9f52626914d823c8be12da406e540cff4a4c5d3efecec4b57276,True,,False,0,4,0,0,0,0,0
11015108,1,17,7439040,6d6597f99cbada1dbb87d59d8b70a274fe6f902f025a75be2c6f78d8456150bc,True,,False,0,1,0,0,0,0,0
11015323,1,17,7439040,a5ae9bb7d8a8f893d11177acf417d6c9619f0d3cae0f670d76fdb4f2f6840d56,True,,False,0,1,0,0,0,0,0
11017094,1,14,5860800,31f0f12ff69842f710504a932e89f45f8e3f9f0858ef23c7762f04d33f0d9c22,True,,False,0,1,0,0,0,0,0
11017901,1,14,5860800,82dfac6f2053a5084b52ca2d708362d7a9d5996e97e73ba2d984d6c36d5ac8b0,True,,False,0,1,0,0,0,0,0
11018648,2,14,5860800,a9be7e17e2286c4011c163c6b8aae850271423b092dc7d1caf5f460410573176,True,,False,0,2,0,0,0,0,0
11019987,1,14,5860800,aeef588f360f30dffc62d6a6a85bd22c8736c6bf188f7686135a82254bc88379,True,,False,0,1,0,0,0,0,0
11021252,1,14,5860800,ea4eb1370bc9b790eb5904c1a2b6fca6e73599b7938a778504eb37779994a230,True,,False,0,1,0,0,0,0,0
11027624,1,17,7439040,ffc22f23de18dbdb91c0693586d49f115c057380b09ebb423054c798653e6dc4,True,,False,0,1,0,0,0,0,0
11027722,1,17,7439040,935d94c2b692300eccd5c93a9ad9305de69e7c79a5c8fb1194b136e29e81e224,True,,True,0,1,0,0,0,0,0
11029877,1,17,7439040,9c219e49233c334f08952e46827c3ab0473a26439d5b9eda14d438dfd22a4421,True,,False,0,1,0,0,0,0,0
11030475,1,17,7439040,b8e7f2c460fc0d84f8c7cd0264dcc7bdbb35d1cf6d253ca78349a61ecd4d0a8c,True,,False,0,1,0,0,0,0,0
11030711,1,17,7439040,c084e2ce4ced44dd7230a666913018b74870df9831fcab30ef9c344a4ebcf936,True,,False,0,1,0,0,0,0,0
11032227,1,17,7439040,76159e8a6558c9ad0f1da8eb4ca79c07020ea3816fdc9a165c3a64639f063332,True,,False,0,1,0,0,0,0,0
11037128,1,14,6312960,af5e9f026372ba7b15779e558e65b606e5cf9891770f67df80ae03400d9b59f9,True,,False,0,1,0,0,0,0,0
11037335,2,17,7439040,4d8aca12ca4e76162199123468a049e2df59960a576132d8ed1ccdc8eeedf1d1,True,,False,0,2,0,0,0,0,0
11037511,1,16,7246080,2cd274ce2cfe4c73c9acb585504edf4f239d4d3bcec7a713913dae48b677b0b4,True,,False,0,1,0,0,0,0,0
11037818,1,17,7439040,3037b9c9b39794e26d3eabdacfe3b3d1f815916d61571eb35eb1b6993c173ced,True,,False,0,1,0,0,0,0,0
11043136,1,11,4832640,f952ea6d579c48db533c41a251bd225d9200dbf3aa6890c2982cabc949b2183b,True,,False,0,1,0,0,0,0,0
11043167,1,14,5958720,537ff39a96d484a757970b1ef6c4783357671a3803e527fa30577b6dfd283d2a,True,,True,0,1,0,0,0,0,0
11044770,1,14,5958720,18a6c0bee680912beee139cde69e4b9fe680c562fb4e51090c3b6ea7be3c971f,True,,False,0,1,0,0,0,0,0
11044779,1,11,4832640,8e4cc0606c9ff305e72b9144e73144d5ef15718b022ab6831cdb0bc350514a90,True,,False,0,1,0,0,0,0,0
11045383,1,14,5958720,f7ec01d5ea387e6f213c0e6c2649dae1e7ddfdc27094b463c7b1e1791efe1a43,True,,False,0,1,0,0,0,0,0
11046025,1,14,5958720,486d137b48376738caf53a11b646e5253479b60f383c6c3420cb465bef10e113,True,,False,0,1,0,0,0,0,0
11046458,1,14,5958720,b83e2977ca354ac3d3e7d7288fd3e8f6f61d10389877f5086d3182c807c3aafd,True,,False,0,1,0,0,0,0,0
11046870,1,14,5958720,1b001417142f219c3915737cffb2b48ea9374a1b7ba757308a9a018c96327eb6,True,,False,0,1,0,0,0,0,0
11069176,2,17,7439040,9a8f16f9239524bd07762a021ccb66aa85facd30fc312d327bafd96a2ac0bd5e,True,,False,0,2,0,0,0,0,0
11071207,1,14,5860800,0fecbef4aebbcf2fdb04bed834c02451898943264afc272cd2d7f16768f2d4c1,True,,False,0,1,0,0,0,0,0
11073223,1,14,5860800,4495d337e935eeb9a2a46cc13f296770919203b1dbc4d4a15a92b1ef455981f8,True,,False,0,1,0,0,0,0,0
11073351,1,14,5860800,70878bc3c8a39ef93bd4aa02c33a708d1f8eb199d0ff150b459ec84e209db6d8,True,,True,0,1,0,0,0,0,0
11074178,2,14,5860800,cf465d1e46d18575a9b1991ca938eb71ebcffd287a555692bc4702cfa4a0e3e6,True,,False,0,2,0,0,0,0,0
11074541,1,14,5860800,66649bcd7f9ec737562c87174f18f475172717f973916976a8ae46584520ba6b,True,,False,0,1,0,0,0,0,0
11074835,1,14,5860800,f03c6a83d28ff9633413c33f6a4b41732d328d5d45cb40233adfb0bd41fd013c,True,,False,0,1,0,0,0,0,0
11075429,1,14,5860800,407d272b870832fb75718c4b60f62aa8ec39aa6719bd248d2f6ff52ffa41c05a,True,,False,0,1,0,0,0,0,0
11075737,1,14,5860800,de743ea85bf170679f3fa5714c80dc61ba7de554202b51dc790d6a4c8e59968d,True,,False,0,1,0,0,0,0,0
11076176,1,14,5860800,289822da3807e3545857cd2b3eb757098a2106c0430296ed83df72f1884a22ec,True,,False,0,1,0,0,0,0,0
11076276,1,14,5860800,8cdd08d011eb952d9801a263dff224274edacd2a096a131214c7ed55f4a2dbde,True,,False,0,1,0,0,0,0,0
11076279,1,9,3680640,f10b14eb834a8b3779a1b5f5e566615a70baf5973e4d623a624a693b76408d5e,True,,False,0,1,0,0,0,0,0
11080405,2,16,7246080,844384c3fd0ff57d760de7382d49b7545dcbfd9f0a2baae09c301c1d1dcf1343,True,,False,0,2,0,0,0,0,0
11081512,1,14,6312960,3b7ea480ff5f3b040fe30addad3db05d654c90c1a063ef2dcc7c83f282dbc39d,True,,True,0,1,0,0,0,0,0
11086270,1,17,7439040,39a08aafdf1470904b8739f534fdc027557d071a178b163866cf135fa45aeee8,True,,False,0,1,0,0,0,0,0
11087662,1,17,7439040,610720cd67aeb649647b870133ceaae8c46066b40fbf8fb5645372fc11a30d56,True,,False,0,1,0,0,0,0,0
11090556,2,17,7439040,216b37527c13184f636e4b2bb682cc03f88c8790e0c5321c5bd0ec4bef3c2896,True,,False,0,2,0,0,0,0,0
11090561,1,17,7439040,cb0dbe59607f43f4163ede50e3f9f2303838485f2d8bf2b5b6251d5083c1930b,True,,False,0,1,0,0,0,0,0
11090765,1,17,7439040,b6d0102af29451555805a1fc36789da529b99eede1603721618a666787f5a5a3,True,,False,0,1,0,0,0,0,0
11093538,1,7,3191040,268c9f936166f43ed5ba8f47639b821980b288521509ec46caaa1e83c894a5ff,True,,False,1,0,0,0,0,0,0
11098004,1,14,5958720,472afc3a40d3857e51d4fc941288784ba29118f4cae26981d1f80a529ac32ee8,True,,False,0,1,0,0,0,0,0
11099109,1,6,2537280,3fc9fbf064a3cd7285c6fe736830944f1fd5279d507545ab5b26402aca5bc06e,True,,False,1,0,0,0,0,0,0
11099351,1,14,5958720,c1315151873b2ca5b48de6303d5f37690f9fd952d8a44ca5cb1f23577cf8cf9a,True,,False,0,1,0,0,0,0,0
11100383,1,14,5958720,91f1edf9ec6a5a24c57be268dd5abf0a1fc3887a84996a945b91e9288ab1a5b9,True,,True,0,1,0,0,0,0,0
11100657,1,11,4832640,21fcbe35f186ceadc18d575b8769e47fe4c156c9c4efc944ff6cdfd460e7dd35,True,,False,0,1,0,0,0,0,0
11100670,1,9,3562560,78674a725e25d46ef96330e98466be20f0a7143d4ae2080107ed9acdf6503309,True,,False,0,1,0,0,0,0,0
11121752,2,17,7439040,3954fd706b6a7525674380a36835b05e82a150508b051f8bd74f6a0c20207f13,True,,False,0,2,0,0,0,0,0
11122894,3,17,7439040,329a6fea5354fe6e32c206ff789e98ee6b17a994c59dd05ebe9478c387118687,True,,False,0,3,0,0,0,0,0
11124353,1,13,5667840,bf423918c8d64f3cccb700aa9d1441412de4739620257c4da1d009fced5b5c96,True,,False,0,1,0,0,0,0,0
11124509,1,14,5860800,28f68290867a836f8f70230857d4c2d1af59b5c0a9778b271e1169f422efc6c9,True,,False,0,1,0,0,0,0,0
11125613,3,14,5860800,00c31f55ca4a935ccb298093bcaaf170267b05fd9373ac4e1401a9d573ad5bfa,True,,False,0,3,0,0,0,0,0
11125797,1,14,5860800,2e24bc65b81dc3f063675e9962ca93bb71a75f1009c55c3da0882368911da8cd,True,,False,0,1,0,0,0,0,0
11125936,1,13,5667840,c825d77026e325a5e381ae03d7ccd8880bd01d766f4cd7df9be77643138f5d44,True,,False,0,1,0,0,0,0,0
11126381,1,14,5860800,b5d2830dc229c87b58bcf7372d60524e6c94c8bb728bc3d1446c0976b170e304,True,,True,0,1,0,0,0,0,0
11127479,1,14,5860800,e27681abbcfc53f339a1230434af066fec498319fe76c889a8e86d336c54cc79,True,,False,0,1,0,0,0,0,0
11129258,1,14,5860800,87740525ba4fe7ee956642915a1061f049ec7b9da66ee189eb1f7e76e94d8a74,True,,False,0,1,0,0,0,0,0
11129738,1,14,5860800,44da2b07a98bc6f20efa6a9ed5b2f9e789170423afe870f990ae40544f7c3d36,True,,False,0,1,0,0,0,0,0
11133306,1,17,7439040,a9fc3f03a5ca2ff59996eb2a2ddc6a3ed97c7f3b3d7dd4b907debe9582dc2990,True,,False,0,1,0,0,0,0,0
11134879,1,17,7439040,a6637bdd83ce215657ca511d9edddf473acd9b307fca2591b9a8ba19cb54f222,True,,False,0,1,0,0,0,0,0
11135119,1,17,7439040,248c02e9544d810bb7878995dfa1361a21b026c46774a2541334e63a76868d57,True,,False,0,1,0,0,0,0,0
11135308,1,17,7439040,0f79560b2ad1552a813d6082273bf268f09f51091a6a90b6799bd33ba759797d,True,,False,0,1,0,0,0,0,0
11137065,1,5,1851840,15f9c06de8a539d350a0b5bb14ad6feecc6212f76527ee5e89e1444a307fe27c,True,,False,1,0,0,0,0,0,0
11137180,1,17,7439040,d9bbda80b56fdbabbdd08dd597b815b200090c943da73f530f9e2bd55e515ef9,True,,False,0,1,0,0,0,0,0
11138155,1,17,7439040,a7b9c7cf7a5045b56d33d3e3f135e6ce567e1f3e313fb0b17cf185885a8477eb,True,,True,0,1,0,0,0,0,0
11144439,1,14,6312960,a9de24a28f7eedfe5c1439c85cf913c98f82be3ffa908fc2506c124c04fb1fcb,True,,False,0,1,0,0,0,0,0
11145726,1,15,6802560,496caa5354d3fc491b73b8b0b0b49e29ae9406f6f0712180a4a0f1c9e84088e1,True,,False,0,1,0,0,0,0,0
11145831,1,17,7439040,75067dcf77c33defc05f923f71c18eac8595dab502c094ae6e360173eba7ae17,True,,False,0,1,0,0,0,0,0
11147276,1,17,7439040,94cdf935a56eb00fab6c0f2f13f438413369f70e37ecc72beb6079e60031055d,True,,False,0,1,0,0,0,0,0
11147460,1,17,7439040,07dd354144eb4c41f1618bd8b4623682aa9ee991c234727690edfb12c35cab94,True,,False,0,1,0,0,0,0,0
11147814,1,17,7439040,6a6e6569e72bce49611afbd7022ef9a793e9e40198168604c5f67f6762ba1de0,True,,False,0,1,0,0,0,0,0
11151677,1,14,5958720,8f8bb9c63aa3e505b93a57c08da4e7e478f8e93e708a58c610cf18f0a6505920,True,,False,0,1,0,0,0,0,0
11152159,1,13,5765760,84a04ae0001690b21f57e0bcd08d9bf98f8fff902df3b0796b533f0da41ddb94,True,,False,0,1,0,0,0,0,0
11152950,1,14,5958720,fd01751e3d4fa5ea0b6b615ff55fff43df7c2fb78ec46e358184404b467e8d14,True,,False,0,1,0,0,0,0,0
11153121,2,14,5958720,b7caa1a2f0b4311bd4b6bd73cc6a99a1cc83a964551911009616ab9ea8847642,True,,True,0,2,0,0,0,0,0
11153539,1,14,5958720,da1b903fafd6965c1eaa4835effbecfe5eddecd5d185707c87617deb26b9f4d1,True,,False,0,1,0,0,0,0,0
11154043,1,14,5958720,4ded11c9a1fe18ec2ee88a4263801f3bce1dac9cd9ce4747f4023959a6db520e,True,,False,0,1,0,0,0,0,0
11176127,3,17,7439040,96cd77a843538d88cf9fc7bff903089f5227a38a63ab657e824b60f5117bf7ee,True,,False,0,3,0,0,0,0,0
11176166,2,2,921600,c197cd7d22dc04d3e83e4116afd5af09034863f721dd2a5c40c6a2bde525b954,True,,False,2,0,0,0,0,0,0
11177543,1,14,5860800,9b67ad3c8cb239b6d46aaa16e153c9485a4b707e4b70a402dfdcfa6a73a96482,True,,False,0,1,0,0,0,0,0
11177676,1,14,5860800,97601958162c5e0433ae7414884c80093adc11e7d6170189af34d903c21911e8,True,,False,0,1,0,0,0,0,0
11177707,1,14,5860800,65452ce8c90d49a2abeaeaeaa67267d255a866034233808aa0f43456f9671109,True,,False,0,1,0,0,0,0,0
11179076,1,14,5860800,e0f5d70426a421775a082d8e91eeba603ce0f272ab4335a4b96f70dd8b3840cb,True,,False,0,1,0,0,0,0,0
11182260,1,14,5860800,7b31c6bd16d3982b0718fc10474f4bf3cf961f3a0e3633eded6861cff575cb63,True,,False,0,1,0,0,0,0,0
11187436,1,17,7439040,c68a548302833eeb3dc43293a7d05b13416479b0c1e023c96f030f78859889f4,True,,True,0,1,0,0,0,0,0
11187837,1,17,7439040,c39469944314f5f6de45eaaeaa53048b53bc95b91e4ed351f43bde494a5423b2,True,,False,0,1,0,0,0,0,0
11188249,1,16,7246080,97308a3fb188d1111891e0967d7870dc86526d22e02f2b9bf36a1ee7fa10e66d,True,,False,0,1,0,0,0,0,0
11189311,1,17,7439040,7a6c9c017fead8c095d2abd2f462745a11a88406300f61b0407812d37771c18b,True,,False,0,1,0,0,0,0,0
11192235,1,17,7439040,7d051125203d7aaf0f4a6c666cd58c145bc41d00ac6310cb38a25418fbdbf49c,True,,False,0,1,0,0,0,0,0
11192998,3,17,7439040,2aa81591b9bef0d7cce6759fca9b9d747f89549139e4edfe121f488da4d3f1f1,True,,False,0,3,0,0,0,0,0
11193263,1,17,7439040,a86cca32d6130dd7e9a9118860b257fdaece8df9b23245ba3a9cc06843b96e77,True,,False,0,1,0,0,0,0,0
11194032,1,17,7439040,18e26ee5aae221b4d4c5f712a58c375913733627a176e2d8d510ec415accc2ff,True,,False,0,1,0,0,0,0,0
11197126,1,17,7439040,a38f138f86f4bce57fbc4bd3f0f9f6a580e77f9e35e8a8fbc644a33d4df50085,True,,False,0,1,0,0,0,0,0
11198723,1,17,7439040,88d171b25abb1301a2fe30db2f4a4e55d2f452d4ec3c2e071fc891917eca7b0c,True,,False,0,1,0,0,0,0,0
11199725,1,15,6802560,05e61a10886ee14493aea32f54cd16482941013eb2fe1d1375e0ffe5370bfecd,True,,True,0,1,0,0,0,0,0
11200405,1,8,3551040,da988f93c791620231ca3c43ecf7498567549756beab20817e376936fa08ada5,True,,False,0,1,0,0,0,0,0
11200415,1,17,7439040,3234327446d2a359977d342e3678008e1061399269fa3aedd8f0080cf67eaa81,True,,False,0,1,0,0,0,0,0
11200767,1,17,7439040,08787649b596b0dc1155411b70c0f12b8da978f706450ef976643d6de960f977,True,,False,0,1,0,0,0,0,0
11200773,1,17,7439040,eee825ac00f75c65365c6d02f5a8c6a8b5a809958d7b0c68405f377aa8656599,True,,False,0,1,0,0,0,0,0
11228612,1,17,7439040,800a90134118e0e7eae316c00d208d54da53028d00b7be63b385559a7319e38d,True,,False,0,1,0,0,0,0,0
11231334,1,14,5860800,b7fd549625706085998c798f058ee876649ed9cfdf7d28af3830c44762209a2a,True,,False,0,1,0,0,0,0,0
11232745,1,14,5860800,b5480fc4368ff3df4c135a43e706db0f4ad14b125978e3249b1c1a696dc0e87d,True,,False,0,1,0,0,0,0,0
11233911,1,14,5860800,ba18d01c7c11b051394fa826c149814a0e155b858e3fc9578f04fc5fef2723dc,True,,False,0,1,0,0,0,0,0
11234677,1,14,5860800,05b194d34405fb71d870e1399c219f2c66afec2835d9ec78e5aa8cb44dc0c825,True,,False,0,1,0,0,0,0,0
11235323,1,14,5860800,ee9350b00111e58ee32ad333dfb10bfa971fd14b84bd2584309be92baeb03600,True,,True,0,1,0,0,0,0,0
11236244,1,14,5860800,79fd567a5b224b47dfaa71aa62de1e655ec5f44111b1d96ad2e68f85fca13ce9,True,,False,0,1,0,0,0,0,0
11240948,1,17,7439040,00c201fe32df37f96502c138fec00d4aab0077b81e9dd5559050cb70386f3438,True,,False,0,1,0,0,0,0,0
11241814,1,17,7439040,5007a0e0db4cd246c09117d6ba050202107b31bb00412fa6d7a9c8e5f66d5da0,True,,False,0,1,0,0,0,0,0
11241912,1,17,7439040,e54c7a8849cc2990de3653e1b1b694be0af244e87d39b9dd411e945017421e5a,True,,False,0,1,0,0,0,0,0
11242721,1,15,6776640,2094d518efb5eb96fefccbf6c66bfcdb415893244e1227caa81257b31906b403,True,,False,0,1,0,0,0,0,0
11243547,1,17,7439040,a81a8eef8770bec3e12d2434e9172b8112bf7db737ecbbe96d6f274755ac83f1,True,,False,0,1,0,0,0,0,0
11244137,1,17,7439040,b66f2604b11da70b49df199bc80d48e43bf7259e4975564f165fcf7940fd0fb0,True,,False,0,1,0,0,0,0,0
11244682,1,17,7439040,73710a8550e74feff98bce51b0499c0aaaa31ba6e60ead527bd499439a1e872e,True,,False,0,1,0,0,0,0,0
11249624,1,17,7439040,1beabccd13c1f3294e537db59e04b2044561c75d892f4b407b175cda0182673d,True,,False,0,1,0,0,0,0,0
11250587,1,17,7439040,b459b91a2a8b6afde8044c84e58aee0803c371487e068dfd1158a2a51e8af1c5,True,,True,0,1,0,0,0,0,0
11250867,1,17,7439040,16603dfdd195e405e3992307dd8b1aab577faec8cc307b8d8b1298769fc8e078,True,,False,0,1,0,0,0,0,0
11251058,1,17,7439040,667a1a48a0c2a979f2d77dece2ce19ea2b2c9757ee5e0236136c4422f73411cc,True,,False,0,1,0,0,0,0,0
11252617,2,16,7246080,f1bed45702675ef3fc491a52505439e0c5d880661910909679d6f3eb1fb74e9d,True,,False,0,2,0,0,0,0,0
11253711,1,17,7439040,08e94c42c310f39a3144d42b1d742b297042e4de468a802795d75e7e48c19515,True,,False,0,1,0,0,0,0,0
11253827,2,17,7439040,cd043be7cff63945bc0047127e7131e41e4dca0573b4d47738a3f7724e48427c,True,,False,0,2,0,0,0,0,0
11254382,1,17,7439040,e7260f40f3a6a9115232bd5ca6f782c66c6fba1a2739043ab2df5cd5f5d0db22,True,,False,0,1,0,0,0,0,0
11255231,1,13,5728320,d7d0b623b5721094334116883467b61db57384d9e90815c7bf8cbaa6ecd57147,True,,False,0,1,0,0,0,0,0
11255761,1,17,7439040,946cb810be832f5ed776aa8c333a35e16b4fb918b50d8efe2f465013bd1059ef,True,,False,0,1,0,0,0,0,0
11259686,1,14,5958720,6a06844f1c8abce48801afa670ca0893e8ff8a77cff6264fdd61a5a89dbdf0c5,True,,False,0,1,0,0,0,0,0
11283615,1,14,5860800,92264dd4858cf697b30d0e70e2c6053312e4a75e71f3ce92a7ac9c315ab91bf8,True,,True,0,1,0,0,0,0,0
11284772,1,14,5860800,97cb05652e278c38ccd98173639e01bc31844ffd9ca6041e83e9d37575e422fb,True,,False,0,1,0,0,0,0,0
11285136,1,12,5535360,72d5d5efcb300396c8732fa6ce4742dd54fec8af349eae254084e8e480d69e35,True,,False,0,1,0,0,0,0,0
11285625,1,14,5860800,7ca97a701854a88c31afe080f5a780005600833e62d96d353a7b00366eb323bd,True,,False,0,1,0,0,0,0,0
11285870,1,14,5860800,57e33c6c6f6372f31da40037ffa4a473eedb91eb9b937ae0b2aa227b41d1e8d7,True,,False,0,1,0,0,0,0,0
11287726,1,14,5860800,151c5db2e5cf182639c7ca58d2d49baaf5330147af65fdb6905eb99dd1f4ea64,True,,False,0,1,0,0,0,0,0
11288051,3,14,5860800,b13e3b813bb3584198c9b3bd812d8278c7cb7ece8011bb734ca808a94964469c,True,,False,0,3,0,0,0,0,0
11288505,1,14,5860800,e5566e292b7faac1e5610a0ac300e24fb3d823a4c21e158fb30a6dd95b439df2,True,,False,0,1,0,0,0,0,0
11295085,1,17,7439040,5c9bfafd2579175a0425fe274daca543d08d448dddc2da41cefb68b860f75809,True,,False,0,1,0,0,0,0,0
11295426,2,17,7439040,0c98f05446baafda5d7738eaa0559783484a01c107ce9779bc898b205a510d6c,True,,False,0,2,0,0,0,0,0
11297236,1,17,7439040,2c6aaddc08d3b781d7de183dd127ec07ea359137cc74e469e9bb41b4dbe87910,True,,True,0,1,0,0,0,0,0
11298298,1,17,7439040,a85b52b33e6f3ded903b480bc7d22fbba68073ce3cdaf886a572d727fae9e789,True,,False,0,1,0,0,0,0,0
11298815,1,17,7439040,559f7735c5aba6ae41c271af80fc98060d6141a15ea8985a84f6d986f9cfa238,True,,False,0,1,0,0,0,0,0
11303322,1,17,7439040,f25981dc4de105ffa5812d259667769bb1f78d15319204d70a7f2e9f2c61c828,True,,False,0,1,0,0,0,0,0
11303811,1,14,6312960,1095531a1ec2108790c50ab27d561207fe6f22730864a47c50fb1a7edde5af09,True,,False,0,1,0,0,0,0,0
11303815,1,17,7439040,7b20cabd954e369f961cb504ed55bb7ac33f2413d6ca961e35ee31ca79927945,True,,False,0,1,0,0,0,0,0
11304958,1,17,7439040,99ed9e189ae4af95296f5977db972a2afddadf473d78822ea9ddc54aefcf9098,True,,False,0,1,0,0,0,0,0
11304987,1,17,7439040,738335f8e21dfa3ad7c9fae107ce1014678f9e8327450e02f7d0f774912b8383,True,,False,0,1,0,0,0,0,0
11308499,2,17,7439040,2547732d876ee3ba18b3698d28c6903ffb636728ef12ca8d8a3d3b9b283c82d7,True,,False,0,2,0,0,0,0,0
11336883,1,14,5860800,f3ce153a4746c19dd015f0ddf3bbd764625dc14fb9a94f647b96dc59c209a615,True,,False,0,1,0,0,0,0,0
11337141,1,14,5860800,6be1754eba7cc4c522248ee5fa143fe1042bb76e23623a54ddc269d7f3a33750,True,,True,0,1,0,0,0,0,0
11337372,2,11,4734720,86678b6adb990a078bd5015605f0cd3d772da36283ebf868c40f302df19000e4,True,,False,0,2,0,0,0,0,0
11337566,1,14,5860800,57c333c0c6be4f832415ccc12ab727d9f1d042f21e1c249a583ae6493cf94b09,True,,False,0,1,0,0,0,0,0
11337833,1,14,5860800,790751470a484efacd5ec2bc20fcc95be1579b4964fc076cb720d78639cc750b,True,,False,0,1,0,0,0,0,0
11338091,1,14,5860800,188795f1c251904b1528ae8538c59eacf5b190e4b95137c856cad7db17d34a28,True,,False,0,1,0,0,0,0,0
11341314,1,14,5860800,03a08f979d9eda939f433e9de49a0e5d02a7bb75181d399390e0ef9ec72cb762,True,,False,0,1,0,0,0,0,0
11342416,1,14,5860800,816a8aec5cf5f3909fdfe3e82e56f56c0cee669b2a50839f8011bfe1548f97e0,True,,False,0,1,0,0,0,0,0
11342573,1,13,5667840,be40853acecec5f57ba31f35dfa1773f517421d6da298fd8e23fb5b4d441c4c6,True,,False,0,1,0,0,0,0,0
11348086,1,17,7439040,270257367a2a6b1de9066beebe028bafecbf40512f5eef89c5aab485a71ca8f4,True,,False,0,1,0,0,0,0,0
11348997,1,14,6312960,cd9137866d656776bd9ac840c99b9c1fe0ae480458c8248c843029677f28d2a4,True,,False,0,1,0,0,0,0,0
11350389,1,17,7439040,d5ce2ea471368eee145dbfcdc8884fdff0085b3b6e0bbad1eeeee853b5a6829e,True,,True,0,1,0,0,0,0,0
11356260,1,17,7439040,63bc01844dca1ca8076c9809f0ce5195a97f909c93b781087ed714dd1018783f,True,,False,0,1,0,0,0,0,0
11356602,1,17,7439040,eb6c5b0afa5ec5ef376c43a287c514c42b43734300e7a3857ac32b0a51a6101b,True,,False,0,1,0,0,0,0,0
11357185,1,17,7439040,9e3200712324b567d1b404a5e41c6531528a60d9438ee6e1d51b692243779aed,True,,False,0,1,0,0,0,0,0
11357192,1,17,7439040,f8a1f415071851c5f509cbc7a6cf940881acdce09c92ab96efd20825a5b91ed2,True,,False,0,1,0,0,0,0,0
11358389,2,17,7439040,e94625e91345095790e365848829a5d4c8f48e1d51236efbbcd4aa8d477b23ce,True,,False,0,2,0,0,0,0,0
11358392,1,17,7439040,a30d3242f2918136d758fa5a163be9ad2008f92c6acb182df090d1b199fdacef,True,,False,0,1,0,0,0,0,0
11359305,1,17,7439040,56903a0347ae043813daef5ed5c79f594ad81ad69a7017a643daf8de28170250,True,,False,0,1,0,0,0,0,0
11359879,1,17,7439040,43c10d527bbadcb70ed7899b9257613e4554032813531d0798cf5656b3fcb67d,True,,False,0,1,0,0,0,0,0
11360571,1,17,7439040,7c71349d360fa2ae8b4c788f04d0822d71e68234f454f2d62e1f6a6e7d8a9da9,True,,False,0,1,0,0,0,0,0
11360805,1,17,7439040,ceee7866245cf2dd58acaf4b1e747c25ffd9fda103fb11d2b2e6b4fc326d1da3,True,,True,0,1,0,0,0,0,0
11361646,2,17,7439040,a47d4fdd95d99a278e03490101d2aeb0c416f1816cbd7b2341feeb9409c5f466,True,,False,0,2,0,0,0,0,0
11389771,3,14,5860800,cca79e1a0dd1971ada41f41d41060b369e773f796f188f88373de9e976d0b62d,True,,False,0,3,0,0,0,0,0
11391018,1,14,5860800,2a2d82b6b8ff2dab3d7032c88ed11393f6a4b7d2b867346ff1a458f95f9678e6,True,,False,0,1,0,0,0,0,0
11391181,1,14,5860800,c1702916de8b817112a6ada4f3af539342d3c7cbde72480616262c4431c6e236,True,,False,0,1,0,0,0,0,0
11391667,1,14,5860800,16a54c17310deef7ab906ff88185e1f2ee4d94113ca8ca3635027b4d991c5cdd,True,,False,0,1,0,0,0,0,0
11391957,1,14,5860800,0e590388f445242a8d72752d6eef320221b0a44c7e4066ca8c039371b28b72d7,True,,False,0,1,0,0,0,0,0
11392017,1,14,5860800,4cd6b0a378defa178e989f6af34e18b9d8170c9f399717c67d864bf54024ccdc,True,,False,0,1,0,0,0,0,0
11392618,1,14,5860800,088c357d332e1fd7fd6b8e3fc288cbf80a2fa39c11b23bc810aff4eec2d41fa9,True,,False,0,1,0,0,0,0,0
11394027,1,14,5860800,ccf190987c3df1f33547da615e49afea071827f78d94ee83e0885414f7a52ff6,True,,False,0,1,0,0,0,0,0
11400356,1,16,7246080,1a37825f25b524f092a1b981568dccd9e03243ecb60e0c401f31294788a23d22,True,,True,0,1,0,0,0,0,0
11401182,1,17,7439040,c48192a218f6e7f96ebab0535c9a9810680ae5bc0abb8629035ee8e0c082382d,True,,False,0,1,0,0,0,0,0
11401755,1,17,7439040,12bba69dcdd9f0b7951382f1ed18a0e0f3313cd3d80a0286e7a417fa5213b5cf,True,,False,0,1,0,0,0,0,0
11401767,3,17,7439040,8981003989709cbd3733f46eb705a76d932a5154d85efb127705fc4bcff13bc5,True,,False,0,3,0,0,0,0,0
11401822,1,16,7246080,631a0ba5c7ec6666400399e5176b51479dae62228dab0ac0eee3b31989e83f9d,True,,False,0,1,0,0,0,0,0
11401845,1,2,921600,e54bc1d7f4d016d9a9409e6aa63336ba056d02766fdc61fd00d40a20951f2e0e,True,,False,1,0,0,0,0,0,0
11401869,1,16,7246080,b8fa9fe1c7249fa9e2dbe0a32174ae17518fa7dd2cb9c2e2b524fbf8b662f2da,True,,False,0,1,0,0,0,0,0
11402995,1,17,7439040,e5268d9aaec20029b734630a06431b77c6b441d9ee9215fe8898c7f663c11e13,True,,False,0,1,0,0,0,0,0
11403044,1,16,7246080,33c9cced71fb9099f6ec531330f9d7e679822b3f53e2654c10def48835d2c2c9,True,,False,0,1,0,0,0,0,0
11403216,1,14,6312960,0d394f8976cd84864880c7840384ab1dc8392e29f78774fba6ced037a3cbe34e,True,,False,0,1,0,0,0,0,0
11403339,1,17,7439040,4b82254b07e04bf903c4f406e91ac3cee2541ca1a088afb37c12471dc1638816,True,,True,0,1,0,0,0,0,0
11403389,1,17,7439040,908f1a2b0e30f387abf8f1ba43c98ff761c12ba78081e9bebb5aa96a73c089cc,True,,False,0,1,0,0,0,0,0
11403530,1,17,7439040,8a9f5ff6acf8875a6ec771137a7d98f2f3c622c18c0472f76dc9ccd38197dd67,True,,False,0,1,0,0,0,0,0
11404644,1,17,7439040,cb5e9c25ac5237d06d4c52f0a7af398e0dd0e6d9a825d92f07ef63c46aea4ceb,True,,False,0,1,0,0,0,0,0
11408935,1,17,7439040,8b68b28b7489a5a27654efd5f96c35563307bc37909e5327c47ddf340e119fa4,True,,False,0,1,0,0,0,0,0
11409698,1,17,7439040,449a1fc0fe0c37165c28c4e8dd306421be8aedefbeb163d460ccb7e35988e800,True,,False,0,1,0,0,0,0,0
11410904,1,17,7439040,b91c36a58d5aa59dbf2e42cd1a976ec129ce0c15e68c5aa577c610a8a510c608,True,,False,0,1,0,0,0,0,0
11413812,1,17,7439040,764d1fac66533afd9f7fc3515487f9423f29882737390fe037a37684aa4301ef,True,,False,0,1,0,0,0,0,0
11414465,1,15,6477120,28cf1f90a187d657d1fccaa0e633a7152d0bfec38b2dd88cb3c45f61fd9413b5,True,,False,0,1,0,0,0,0,0
11414511,1,17,7439040,d44b69686b6f10dbfa811c13d032ab19d3409832f4102572bfbb2bd15f77d0b9,True,,False,0,1,0,0,0,0,0
11415243,1,17,7439040,ef3add011089b2603bd1b1ade6541d01a2efb25f881e8d7314a1f1fbc0570b6d,True,,True,0,1,0,0,0,0,0
11442465,1,14,5860800,b45ff1e594496ce7444a699367df3aee2ab8a4360d21c3436a78c078c8f7f364,True,,False,0,1,0,0,0,0,0
11442793,6,14,5860800,7c78ea4593d6d3f039b21b1d95981fe56610512e33b545cce528e0184f41158b,True,,False,0,6,0,0,0,0,0
11444514,1,14,5860800,5505e0659dfca23587d161ccf9ae2e1e609847862914b60b474feab0128b4606,True,,False,0,1,0,0,0,0,0
11444952,1,14,5860800,a7533e021d1505e8f7944df1fd9da2f9a64e727c143ebe7907075d0ce987004b,True,,False,0,1,0,0,0,0,0
11446443,1,14,5860800,7e12c1c7a7a8af6c23dd9a845f355977087644d34919cff543c23c2905b4babf,True,,False,0,1,0,0,0,0,0
11449696,1,8,3876480,ad686d8a923f8e7473146eb3557b1a806bff4716783cbc83c2943e2780c5bdaf,True,,False,1,0,0,0,0,0,0
11449844,1,17,7439040,27eac061e683874597fb7e0a4b14627c732357a5c32d26c7ae3c94c7075051c0,True,,False,0,1,0,0,0,0,0
11450414,2,17,7439040,84ec28d7474e8a01814266028dbadc985ab4f1e095aa7e86dd167a196d28ed5c,True,,False,0,2,0,0,0,0,0
11453592,1,10,4357440,f13cdb11aa19be25d64d611ca2350bea3425f65954e9aeec9997a2cfe8ad9067,True,,False,0,1,0,0,0,0,0
11455181,1,16,7246080,e6d4651059e2f01ca1335af1c11fca179bfe7cfa90cd3924a67976a35a04c6b6,True,,True,0,1,0,0,0,0,0
11455428,1,17,7439040,f6d722dde5d566b61265e9d3103f121030e5de12be1f49ce8662ba4dd75588f8,True,,False,0,1,0,0,0,0,0
11455484,1,8,3551040,fbeba0353734179fdc46dc38c9b671a038d27491419638ce25a6d8838296eb99,True,,False,0,1,0,0,0,0,0
11455491,1,17,7439040,0e9931241b695ac04f47014d45e35ed45b0fbc0ca71f29bc4f32dfce508fed65,True,,False,0,1,0,0,0,0,0
11456382,1,17,7439040,93d4aa880d270bb024f8a894029a7c297edbe85b3af5a13f9de6b383f3f58df4,True,,False,0,1,0,0,0,0,0
11456405,1,17,7439040,53bdaeb3c94a66a5b711edd1080c9265030a6ad60b82be0fd4e06b5c1b026ca5,True,,False,0,1,0,0,0,0,0
11456839,1,5,2082240,32528ec7b0d3d91d74b11d8d6599f47e1842ffca41fe3131bbed8a62431c7cd6,True,,False,1,0,0,0,0,0,0
11457191,1,17,7439040,3b9b7e0172925a364b485f580e34caf8c0bb876df56d3083693f0248eeaa9edf,True,,False,0,1,0,0,0,0,0
11457726,1,17,7439040,bf41004a7a646e8782a079a4e4f420fe033f4dd487ef945027060bdc286943fe,True,,False,0,1,0,0,0,0,0
11460018,1,17,7439040,1e5340d49bd12361607dde9bba9db7a73af05333c7fd0a843e385c8a37eeeec3,True,,False,0,1,0,0,0,0,0
11460462,1,17,7439040,bea7291565a09dbfd7e32473d41f43819ec491364041c3184c0b37043262affe,True,,True,0,1,0,0,0,0,0
11461433,1,17,7439040,c00ad08d9b8390bf9f8302d75ec953338310306763e7c1363d89f2ab14855c59,True,,False,0,1,0,0,0,0,0
11461844,1,17,7439040,2c89bc2b16e02c130026f86bb757f76f3540bafeb88587b3a6ce5889e75ca172,True,,False,0,1,0,0,0,0,0
11463211,1,17,7439040,96c4c5294651892d62a4439910c45655ed62f2c4e8adaeae53cb7d2f0a06305f,True,,False,0,1,0,0,0,0,0
11463950,1,17,7439040,addbd8fde9eb456fd780aaa0a97109bfdd9e56b6c488620f6e3a4dd6a49f8b7c,True,,False,0,1,0,0,0,0,0
11465651,1,17,7439040,c81b020d009e6c85ff3b1a6d3cbf1ebc2c96967730f6930cdc2645e122efcc20,True,,False,0,1,0,0,0,0,0
11465813,1,14,6007680,1997d9c0a90a9ff3283c3d5f09327d79172d54545f0b99f23902e6ace67d05d5,True,,False,0,1,0,0,0,0,0
11465950,1,17,7439040,add879210682379d27444ae68659815e5ad1de0ae07a8b8749381f6dd3fbff69,True,,False,0,1,0,0,0,0,0
11466960,1,17,7439040,cd941df92b23a9c89d3e6f7ec13ced19e0af69103a557e9303ae66a34e130133,True,,False,0,1,0,0,0,0,0
11493431,1,14,5860800,f20bc55350abbe8b9f9d9b6650908a0139420dec36515cfa65048c3a48899b23,True,,False,0,1,0,0,0,0,0
11493732,1,11,4766400,9c58647a8edb3076bd5ac312ac8b346996da1807e79281f57dd848151e471f9c,True,,True,0,1,0,0,0,0,0
11494130,1,14,5860800,ade3706172066e06ef8958d266a4c3b0fba13ba2fdb262fcd983985e8f6039b9,True,,False,0,1,0,0,0,0,0
11495458,1,14,5860800,1c877bed6f6c248c222ead6043e967f583e540493144f3da543d335bcc9fc884,True,,False,0,1,0,0,0,0,0
11497958,5,14,5860800,7f6afb10c3ae39ad64ffd53d8b390e5a2ad3f7442ee3d02f3517592213239dcd,True,,False,0,5,0,0,0,0,0
11497977,1,14,5860800,396ed64a6244d6e318e3512a04b88d2c85a31d2467208f82f067a0189c65d5cb,True,,False,0,1,0,0,0,0,0
11498128,1,14,5860800,fbb3bc541165ad253c06b9cc9e7347233e66d3b2b1ea0ce8af3b8556d8b85b9f,True,,False,0,1,0,0,0,0,0
11499192,1,14,5860800,808250a7f4c5638633bf342b320e74e84f2707898e3a4b9ee29ed0b1f5c71954,True,,False,0,1,0,0,0,0,0
11499228,1,14,5860800,9787ff992164aa0e76db3c3f487535440c318a1d30df5e8202f1c8c28ff0a96e,True,,False,0,1,0,0,0,0,0
11499263,1,14,5860800,77d45e825489abb6afc8feb05231373f44a60e5f64612f3696f711a0a5a2479f,True,,False,0,1,0,0,0,0,0
11499757,1,14,5860800,f12dd939b09eb8b682a5d0b0c5d2a0c56bb9a053e51329ef422183818bf4f67f,True,,False,0,1,0,0,0,0,0
11501492,1,17,7439040,103698f58d1badb72f299f6bf361b58c5b8c683456fdb82fa50b44081467aa7e,True,,True,0,1,0,0,0,0,0
11502172,1,17,7439040,8122783824724c0486f6688a6e6f0b41a5e5b945ac290d1f7e5413cdc76d22fc,True,,False,0,1,0,0,0,0,0
11502218,1,17,7511040,4bfc4b20005cd05d9edef544e2300fc4e412a4a4d98b51aee71fa687c1ddd234,True,,False,0,1,0,0,0,0,0
11502867,1,17,7439040,be804385e55c65df788777ea7c586e0f284b6d6829b7dd753c75ad7f5b9964b2,True,,False,0,1,0,0,0,0,0
11506235,1,17,7439040,f3646a01477bf67fb21902e487350530a42db1a2a25ffbc6c31282946a52abdf,True,,False,0,1,0,0,0,0,0
11506938,1,17,7439040,bb81d0a9b3e635d3794ced993b6e70f32655d589735baaf8492c9dbe9eaf2108,True,,False,0,1,0,0,0,0,0
11507101,1,17,7439040,bc3fadfef5e09d5164e471f6d7a4574a88d21d4e25fd751cbb4921ea64c71e49,True,,False,0,1,0,0,0,0,0
11508644,1,17,7439040,a5b88d302e82caa3ddb8ca11048550b315c67de3f8421f54fba0ff9da22cf39d,True,,False,0,1,0,0,0,0,0
11509504,1,17,7439040,f6826d6ac05628b90afe58f0f351c55d2a48e612ee093eaaa124dfaf4628e2aa,True,,False,0,1,0,0,0,0,0
11512246,3,17,7439040,1b5b7f8599aa374f709087450df08a1062dc2f8e0debdd9aef197eac2fa39435,True,,False,0,3,0,0,0,0,0
11513441,1,17,7439040,9bfe44984cddc7f96c5e9362aea7e3a498dd543622877c1df06fdd8ddd0eb512,True,,True,0,1,0,0,0,0,0
11513486,1,16,7246080,ad07092ccb1a09fdb03c1d5d3599926ba2493b9aa85d85193520ab5dd2245bd1,True,,False,0,1,0,0,0,0,0
11516930,1,17,7439040,7ff6ef864304a3284b34f12d7b3f5626b3abceb57e2e1acf4560b5c710196e53,True,,False,0,1,0,0,0,0,0
11517719,1,17,7439040,c6b940a61a5de8bf14a149db0b8cd3344301c16e31569059c0062f00c6672034,True,,False,0,1,0,0,0,0,0
11518142,1,17,7439040,040072c41e8818044f3fb54e6acc0f5f824c9e61007aa98359f4935e4191abc3,True,,False,0,1,0,0,0,0,0
11519134,1,17,7439040,a4cb297706a26e00c38c2050a2ce8b535ec0c2ea9ea5d727efc137eccd7f6002,True,,False,0,1,0,0,0,0,0
11519226,1,17,7439040,68bc24026b83b488dc3f95c5799ec83450ce0bf286d1bb9f9e6e1b0997881e0e,True,,False,0,1,0,0,0,0,0
11521048,1,17,7439040,b163b0a40a96be5a10ba45b5b732fc4adafc38aed9fa92e86bc59f59ee5d66b7,True,,False,0,1,0,0,0,0,0
11521793,2,17,7439040,9423de57260da43e417c5d7ac5d19833ed2fbabccb994375e9b3cdb4e54ac04c,True,,False,0,2,0,0,0,0,0
11546211,1,14,5860800,1d6dc8946582282780e2035fc840060ec9412b84a29229155ae716bac56217ba,True,,False,0,1,0,0,0,0,0
11547505,1,14,5860800,c4286d59b99b3b3c3143f1e34050c46a552a8b65f2e0759918a30416f06ed9f6,True,,True,0,1,0,0,0,0,0
11547513,2,14,5860800,f681ee3fc1aed795c686203d758c6b96075696fa485634daf8602239c2d6fbda,True,,False,0,2,0,0,0,0,0
11547869,1,1,506880,6b5c5b5d50fe818ebc439478b415780b1f5301438481d19958ee3d5384e6d2c5,True,,False,1,0,0,0,0,0,0
11548140,1,14,5860800,c3918667ac6eb6b438b13a8b4ce78cbfc01323d43b39ea57b6d92f11adf06d43,True,,False,0,1,0,0,0,0,0
11551692,3,14,5860800,d21ce3f3601d8f240919c95814e2e72d3aa723f22be1b919e090cab1148ab06a,True,,False,0,3,0,0,0,0,0
11553706,1,17,7439040,2e361cdf7be3765de34960956187dd0153bd708df1cdd48d1085126cc1561ec0,True,,False,0,1,0,0,0,0,0
11554435,1,17,7439040,2f06d0efa37b6dc7b463fe2740361bb1fa333a3b3b17676f66fb58df8dd04e76,True,,False,0,1,0,0,0,0,0
11558217,1,17,7439040,2a14d02da98b8a20f98f022a8ad7bebceb9e83acb41ab63c88f8a363dd3b891a,True,,False,0,1,0,0,0,0,0
11558882,1,17,7439040,1ba7c93ec5943e790cfa7cc89b982c3276ebdb4bc1c95ae9f8ade160fd53da49,True,,False,0,1,0,0,0,0,0
11560037,1,17,7439040,65e75d77c5ab09b7cd5d5e09b26516bdded32ed71a039a2e1caf9a9c9b5821b2,True,,False,0,1,0,0,0,0,0
11560382,1,17,7439040,3e137ba8ce5ad020f44c974d7fdd98ba566b29a9b6802a76cff030c099c496ae,True,,True,0,1,0,0,0,0,0
11560397,1,17,7439040,764d8a2c857296f81b986cf92e6c479d47f7ba1b3d40d8d7c4e037244d9c2220,True,,False,0,1,0,0,0,0,0
11560431,1,17,7439040,6bae8791649a3938aceb5a3d255fb4630860bf3fd892ae02f84f63c3d1170602,True,,False,0,1,0,0,0,0,0
11560447,1,17,7439040,9e9acf8e4d469f101522939e28d6dde3fc504787ac3d19bbf38145b1d483156c,True,,False,0,1,0,0,0,0,0
11560897,2,17,7439040,be74c57152d718a9c854c585afcc7695587a429fe5f4132408bab32f9d9ee08f,True,,False,0,2,0,0,0,0,0
11564013,1,14,6312960,7537e27043632dbaf6d91b3ffc4721ac4aec69598912b634eef396b6bc1dc27d,True,,False,0,1,0,0,0,0,0
11565903,1,17,7439040,6216d18f99cb4742b1bcd7a35adf382fdc86ba23058b80b01145411491661c23,True,,False,0,1,0,0,0,0,0
11565924,1,17,7439040,b71518ace5421a6b75adfccb326971c3239fcebd16259b6d0d8b7edf648f9019,True,,False,0,1,0,0,0,0,0
11566064,1,17,7439040,c31fd9bd85a7781f6b58dc1acd50753367d2879dc5a756d0e7d1c6134d09c7c5,True,,False,0,1,0,0,0,0,0
11566256,1,17,7439040,70793db2f0dce33decd37ade3322063af2a7bb0141330e50f999ca16ebb1b37c,True,,False,0,1,0,0,0,0,0
11568224,1,17,7439040,e479ea78871c39197a6004848b59d963a64f950d9e38f4dd6b39e30ece3c6444,True,,True,0,1,0,0,0,0,0
11568987,2,17,7439040,74c22132984418164cf3b24257983f8f3f903c41289a48e2272b266d72b238a6,True,,False,0,2,0,0,0,0,0
11569475,1,17,7439040,f98ca9c7d4339c71236384d9d320ba2cb506adb5d2328df385a38fce2b2e779c,True,,False,0,1,0,0,0,0,0
11569782,1,17,7439040,24f2368d837e340ea6b5c13803bb4da3299b9543d746ccf658398f95671aefd6,True,,False,0,1,0,0,0,0,0
11572193,1,17,7439040,14dd9e63decf0feaa1fe8dddab2e0280f39d938aa1a3c0a4f7a5e70277bac090,True,,False,0,1,0,0,0,0,0
11599038,3,14,5860800,1f8183aa109a8604b9b1cce24a1f7e4aa5354d6c35dba0732301096a173eee3b,True,,False,0,3,0,0,0,0,0
11599264,1,11,4734720,2214f5f68e2539386d1d290e062136d467a1776f06e7a2bd66a9bbbad42df755,True,,False,0,1,0,0,0,0,0
11599937,1,14,5860800,69165cf6a1467eb0790c093c8b08a81abb0109217ce0dac2863b73d5a7dd2e77,True,,False,0,1,0,0,0,0,0
11600889,1,14,5860800,5956552ef1fd0dcee750417358ad6f6457bba7065b3e4df2615b2a124212618e,True,,False,0,1,0,0,0,0,0
11601357,1,11,4734720,ef6595c9b8f9bbd3abd0811f3f9a0c5458bf740d120a45ca082d18fd0b6f777e,True,,False,0,1,0,0,0,0,0
11601584,4,14,5860800,40cb598442f9bf0e67ba559c90cab770fbd7a25a30fbc6b16595116c3ea57339,True,,True,0,4,0,0,0,0,0
11601597,1,14,5860800,9dc9b63ebfa6870a7b065cb663f8799db5b3972d9f47ea869c472e6b8640cfff,True,,False,0,1,0,0,0,0,0
11601972,1,14,5860800,1e98a2eb930f3f86619ca691dbd052492c7d4386bc91c23c07702a095cb1ed8b,True,,False,0,1,0,0,0,0,0
11607176,1,17,7439040,6a4d62d4bf6a6e5320536411991b16749ca263cd78937d2487f2a34eb3eb5884,True,,False,0,1,0,0,0,0,0
11607193,1,17,7439040,2670e797c7bb7980b953256d503c4d0970cda1735f08bd037cef22357c60a3c2,True,,False,0,1,0,0,0,0,0
11611275,1,17,7439040,9a5e009c223e20eebded84d8657162302f6a101746f0b05cad5358e69ccebc20,True,,False,0,1,0,0,0,0,0
11611600,1,17,7439040,2f5ff8273d33dfb4b7cad3eb7d6a7a4172e7e9bcca975a42ea72419c3d8e569f,True,,False,0,1,0,0,0,0,0
11612241,1,17,7439040,8539ec69a7394fbcab5d2a2a928c71b74c4a083cf1636aedd6b7c540d3d9d043,True,,False,0,1,0,0,0,0,0
11612280,1,17,7439040,d966e34fab6d4fe2933c5634dbc1e5a61b4ba1a9e12f4d183ccd71ba451c6557,True,,False,0,1,0,0,0,0,0
11614528,1,14,6312960,e861401b5c5e5a924991596a5c7380e22dbfd028bbbd29b80cca855e5cdc59b6,True,,False,0,1,0,0,0,0,0
11614617,1,17,7439040,4ae69d5dcc8ff09a6424ee57b2530a4ae05d99bad3a8753818e5e24d45f92b18,True,,True,0,1,0,0,0,0,0
11615258,1,17,7439040,ef4bfac58b5e064e0037c921783ffa11f31ba901702c481b6ba63f6a714ac3a5,True,,False,0,1,0,0,0,0,0
11615481,1,2,933120,5868b02ac8e6c8d9ac8993f9550c1c55feb2037dcc5a49c5748bbbb9c0192d0d,True,,False,1,0,0,0,0,0,0
11616200,1,17,7439040,fca46cd6a2113cb92fe461b6e0f198cfa2c6337dc981e37d7c933fa3933de856,True,,False,0,1,0,0,0,0,0
11616596,1,17,7439040,d31b07df0377b8f4e95da75e0feca1229746b285d4789d053c74123b8d387949,True,,False,0,1,0,0,0,0,0
11616631,1,17,7439040,f67ecdb1b0fcb1c20d93b631a287e91fea158102df4254501dd557a2fa95f4ca,True,,False,0,1,0,0,0,0,0
11616663,1,17,7439040,a2a7170e3552ff3730949d52d5837f8920fea3c5cdde91550c7d5c40540daf66,True,,False,0,1,0,0,0,0,0
11618601,2,17,7439040,b37a6de9baffa866d9590e69bd4187298ac237da9d24e23f8aa1da0820359b16,True,,False,0,2,0,0,0,0,0
11619964,1,17,7439040,791130d089f907ba77665c739b9c8cfe057c074e5459d900a72f3ae43b85f0f9,True,,False,0,1,0,0,0,0,0
11621223,1,17,7439040,caeac9bd47a62bfb182221915bf08e01beaaa70cc501c1b0323d473785f97d8b,True,,False,0,1,0,0,0,0,0
11621897,1,17,7439040,496c49d5861e651755a6967db79c8916b2e024dba0bda6609950bdf6461eee22,True,,True,0,1,0,0,0,0,0
11622600,1,17,7439040,64ff489933ef82e4de56362bda6ad4f081f0afe219bf8706e5d27f7b75961835,True,,False,0,1,0,0,0,0,0
11623629,1,17,7439040,016b729d92d2f7c27a320e66c3594c4c726cec6844b52ca20c034db95adb37d0,True,,False,0,1,0,0,0,0,0
11624249,1,17,7439040,6fb8979fb5a6b58ea8d7fd3bbb36353cf09b792b896fec398db70c11be2a9a7c,True,,False,0,1,0,0,0,0,0
11649292,1,14,5860800,edab7f7f55b473a5689e9902fb382ec9feca13c1b401b551ce073e074b46df12,True,,False,0,1,0,0,0,0,0
11650401,1,14,5860800,ec4c69e3f385e5c577d225675ee245ea44768e1b48248242b38e1bb534e6e988,True,,False,0,1,0,0,0,0,0
11651105,1,14,5860800,4a809eb6ba5cf3645cffb7ce16601b84273eaf01e0d1666c63e5872473fe0236,True,,False,0,1,0,0,0,0,0
11651712,1,14,5860800,e22e604e7e91325b56fc3a9913dc5ea41d68f9f1680d22d9a64c928a60298059,True,,False,0,1,0,0,0,0,0
11656246,1,17,7439040,c76622442ddb3c255a5bd0fb4dae8556183d249d1ca64c1f68150b552ed4b626,True,,False,0,1,0,0,0,0,0
11656302,1,17,7439040,6c6d081861e75ee99b858ba53a0e44df7ca9076d4cd3bb2181b55e485005700f,True,,False,0,1,0,0,0,0,0
11656721,1,17,7439040,a01ae5603b7865195a2204e9e3569f9e1885bb7f047d6107af34f687d00d6a8c,True,,True,0,1,0,0,0,0,0
11656840,1,17,7439040,95bdb3c54dc755c96b65de49dd2f2c24f8c9ff5be43e20c224dec3452ca08c23,True,,False,0,1,0,0,0,0,0
11656918,1,17,7439040,4d8ff1ae8d600cc74ed8d00c0b5f7e852a18abdaa5625ee7d843cbdf8e21a459,True,,False,0,1,0,0,0,0,0
11657614,1,17,7439040,c725e50cfa8368f2aa18c422d02e6b1608ae25e5542f858446b426361b353f63,True,,False,0,1,0,0,0,0,0
11657891,1,17,7439040,2fa97de27953f6441d093d2fb0e8a2fb9db0b27baf5f208684a10792d5fc6e33,True,,False,0,1,0,0,0,0,0
11661803,2,17,7439040,4e5a3f2863e9dee73f2b6009f0e688c1a8708b6a119ec752a34832446242ccd1,True,,False,0,2,0,0,0,0,0
11662184,1,17,7439040,2389914b45aef786d2da5fcd88ce4a980f2924a6e726a4c5abafd02f607d1e72,True,,False,0,1,0,0,0,0,0
11662440,1,15,6779520,4935f4641ce093ec6fc46e5ddda64521fdff04d7175d0a0419de9ca4a1420e2f,True,,False,0,1,0,0,0,0,0
11666881,1,17,7439040,f06769074e0b92bd2929f9493f148f902ad8a3fec3a3bfc6731ba266b05a1446,True,,False,0,1,0,0,0,0,0
11667548,1,16,7246080,6b210f1f7121109c77ebbebae4b2e44b0d0113f8ab51cccc5c324ae693a90d78,True,,False,0,1,0,0,0,0,0
11669125,1,17,7439040,d6d574917e5a2e9558be0e60ab5b167d0c36ae4adb8f6cb796b2e5db18dbe3d4,True,,True,0,1,0,0,0,0,0
11669239,2,17,7439040,94fbe7d13d823c4c9e83b7ff28e6e399da02c6fce3d749555e6effa0459aa999,True,,False,0,2,0,0,0,0,0
11670125,1,16,7246080,03101abb56357e0dbb27c94b00cc9bfe5385723c9d52773120df2b94aa91be26,True,,False,0,1,0,0,0,0,0
11670599,1,17,7439040,82cdf2e92f4afe859c111306077cc677406ba5cda8468ac0854c118408b1b137,True,,False,0,1,0,0,0,0,0
11671429,1,17,7439040,31eaf5cc508c6f10eba62422d10cce46a40e8564f2037eae305ab9ab79b7c764,True,,False,0,1,0,0,0,0,0
11671579,1,17,7439040,4b83003399d717bb63531ede0c64ed04f5cb27592c20acc62e62ada2bb16ca3e,True,,False,0,1,0,0,0,0,0
11673674,1,17,7439040,47646e9008aa2d2d1cc3e4dc864d59dc515daa893b1f64084ef4f38a80b3f74f,True,,False,0,1,0,0,0,0,0
11673686,1,17,7439040,82bbabc2c21ee5d51cba92a98b5e1bcd09da3c6456d22201f7269d62e2a46e74,True,,False,0,1,0,0,0,0,0
11673802,1,17,7439040,acbf38a055436616c32ee05320596fe6ffdfed6253da65f6c87c7b0c2e796755,True,,False,0,1,0,0,0,0,0
11701407,1,11,4734720,e2d51ad959565df48053ea177f5992aeac8ff9bbe25a7ac2b7021d7dbec40fd5,True,,False,0,1,0,0,0,0,0
11702948,1,14,5860800,ef608c0add051072dc252092dcf606e8966551d007d3c3b202bf254b00545a38,True,,True,0,1,0,0,0,0,0
11704044,1,12,5535360,820f3f3104588d10448f9ed5f1f1b0da1f58e84674aaa99e3d2ac4382cbb0718,True,,False,0,1,0,0,0,0,0
11705004,1,14,5860800,71ed6287a15a88f356a07234f973954bfd3bc33f6858f4489253fec25e6aa9c9,True,,False,0,1,0,0,0,0,0
11706658,1,17,7439040,36ce375394cce864f768d0c4eba4f2d45565612c0a4d5f6ff1a1cdce57215a97,True,,False,0,1,0,0,0,0,0
11709022,1,17,7439040,1d3b644c928790663e7e16ebdd603b8387cff221d6e20ed5edcee3afd128a561,True,,False,0,1,0,0,0,0,0
11709124,5,17,7439040,a5ea0d307c1da8d7b84e0c6d6c995788836a38bb8a36a1c9b5d0a278b8d06d9c,True,,False,0,5,0,0,0,0,0
11709244,3,17,7439040,7df75c1a3e4a493038629ed130c3bc8a2eb8b2ded41c7ee1c4d08109a1565d58,True,,False,0,3,0,0,0,0,0
11709423,1,14,6312960,d721c8a0baf61bcad41c295c16766fffd83f18d589aec306d10e1a90f20ed8f5,True,,False,0,1,0,0,0,0,0
11714231,1,17,7439040,c3ce407ad9a26785122762251cb5765bea9edff7889d9bc098b32d050885f515,True,,False,0,1,0,0,0,0,0
11718144,1,17,7439040,5ff11d9dd878b36a28eedd89999ad221bb4616be37d20ecb450da06a3e96302a,True,,False,0,1,0,0,0,0,0
11718389,1,17,7439040,c0783b53cd8e763f15e3c16cca34413e9674f61129006837d8178607f686d053,True,,True,0,1,0,0,0,0,0
11720424,1,17,7439040,9695ccf363663f46e9bf777f57a2189b3bb3596499e78fe0c8116675ec8a4f5f,True,,False,0,1,0,0,0,0,0
11724091,1,17,7439040,ab0f6e88385d3184f3cee332059ae44919cb81515bff2bea1f545c7e2dc7e31c,True,,False,0,1,0,0,0,0,0
11724094,1,17,7439040,f65a1ee0b8ffcfc9b0d481e4edca8cf1ef7cce1a51effa772a27ee596a3dca36,True,,False,0,1,0,0,0,0,0
11724210,1,17,7439040,9d18cad39212e3e7503da5ab79d67fdf6dbfceed0edb8e1eb0600aa77316722e,True,,False,0,1,0,0,0,0,0
11752632,1,14,5860800,fdcf0ccd7484aac4bd4116b2418bd3fd4b9d9c42a64ebf750630a6223ddd753f,True,,False,0,1,0,0,0,0,0
11752906,2,14,5860800,2935f78ff7ec2001d6c2f4b3b22ce2ccee7753b4541429e965e7459c65010242,True,,False,0,2,0,0,0,0,0
11752908,1,11,4734720,d2c600adf58db663215ef641602a7ee8721785a05c6e2bc5e7f8cab7f34bb353,True,,False,0,1,0,0,0,0,0
11754430,2,14,5860800,a91cf49fa0e2b73816b0b145e2eab36373fc71dc3d4f974b6dc279e7b103e5dc,True,,False,0,2,0,0,0,0,0
11754553,3,14,5860800,5608bf6aafc310200f14b1b0bad27e64b133677e27d872fdc13f67d16f3b298d,True,,False,0,3,0,0,0,0,0
11756821,1,8,3876480,fb5562d344430a55842909974ed35cec0c8dfd71ffaeb3217fa1f2ea91205b2b,True,,True,0,1,0,0,0,0,0
11757422,1,17,7439040,d5eda2848613ac2463e44f55f658823d4416d9d7494e4d54d8d3b5e6bf9d0c77,True,,False,0,1,0,0,0,0,0
11757451,1,17,7439040,cfc26538320e89cc9efe3f70ec80a3abc8314b62d37a4ffad805039c9711fe02,True,,False,0,1,0,0,0,0,0
11758544,1,17,7439040,d3657fc6c5bb7176a56c4ec4170f80519cf55c75739146ae39a03ba6c2895db8,True,,False,0,1,0,0,0,0,0
11760231,1,17,7439040,20313bbb4fd5424b363d7ef48d8cec2ccf066c9e435b50c0918685daa501b7e8,True,,False,0,1,0,0,0,0,0
11760860,1,17,7439040,8bd7ab221a87de85189ce0cd210bc80dbc8a6403dc402efa0a43f018c0259199,True,,False,0,1,0,0,0,0,0
11760931,1,17,7439040,30171082a9c8cd936f79a55e02e9af0577746afa55b2ad375c2b5ebf042e5f1b,True,,False,0,1,0,0,0,0,0
11760959,1,14,6312960,704f5645a1e7612db8daca3b53c9a5b35331e9ec2c20f1e0a656ec38c7b37f88,True,,False,0,1,0,0,0,0,0
11761199,1,17,7439040,a62c87d74624f6dbc9823e141247760974f8554c58839fb6e0299c312635bc6c,True,,False,0,1,0,0,0,0,0
11763910,1,17,7439040,880d44cd5dcc0e2e1a084d0f5954cf99d5c95dc7d70944675a9ff04bb9992063,True,,False,0,1,0,0,0,0,0
11764462,1,17,7439040,b391f175f6c1fa0a51430ab89966066269569d5de57acf2798cd809667a4cff7,True,,True,0,1,0,0,0,0,0
11768142,1,17,7439040,6c3b9e5697cae718d2fb1918639ffb7c99ae8c3acdbafe7c2baaace8fb0dce3e,True,,False,0,1,0,0,0,0,0
11768970,1,17,7439040,fb5784fc971c9bc44a7c2dfb1eda791087750d34f33171bdc96ed7ea613cef10,True,,False,0,1,0,0,0,0,0
11769146,1,17,7439040,e66b78f24f41fa10311ad167c47a9fed6402fa9c37e9b5859238d7b1f5716e0f,True,,False,0,1,0,0,0,0,0
11769801,1,17,7439040,b8a314965c9b121187863381d4b6f05532a211edf2e6c4bcf7abaa1bcc3acc13,True,,False,0,1,0,0,0,0,0
11769890,1,17,7439040,b7007c6ec858d0095562c78cf3d89d8d1edd4db5170c7850b18b498a031f58c7,True,,False,0,1,0,0,0,0,0
11771430,1,17,7439040,31e3a2804b1c30aad558f7eeb05a1f398ee31f1575b650e63a06add0d8b16e48,True,,False,0,1,0,0,0,0,0
11773022,3,17,7439040,12ce30173da59222a90b47dc392d76327d92b5c58dfd0942efd6d2e76562453c,True,,False,0,3,0,0,0,0,0
11774303,1,17,7439040,793c94263c8babc828065711a9ea4863abcda0e46035d05ca23f122c879653ff,True,,False,0,1,0,0,0,0,0
11774383,1,8,3551040,6efcc315976dc71ade80c5931e7f0bf2c25433a49f88d7f9ce584f0aeaecf048,True,,False,0,1,0,0,0,0,0
11774387,1,16,7246080,2bb0dd04ea9102f02658f1dec771e1f9ac44762582ea34639d952a84bd900b75,True,,True,0,1,0,0,0,0,0
11774991,1,17,7439040,2c432678fa44e25566e0f04a1b8657919b3d88d3974b068e192963400388749d,True,,False,0,1,0,0,0,0,0
11775507,1,17,7439040,c4e305a74848f205c49522548ebd7560876a68011f98df29be6e94de4c920027,True,,False,0,1,0,0,0,0,0
11802615,1,14,5860800,fe4eaf59ae115dda67b7151f69a047b99ae289268d6a353c4efd84e20c655071,True,,False,0,1,0,0,0,0,0
11804465,1,14,5860800,18e68f8fbdd7bff9ce5c58a7a62b30ea421036311c6d562fcdd4e880bfd60b09,True,,False,0,1,0,0,0,0,0
11804952,1,13,5673600,d1e64aaed26ba266df99fe5d311acdb2eba208cee292889136832b65118b1da2,True,,False,0,1,0,0,0,0,0
11807274,2,17,7439040,b7b92430ceceba2bccfb8960e41d6a5c9e4d118a5adc972788b67e61da2ceffa,True,,False,0,2,0,0,0,0,0
11810124,2,17,7439040,c92894d6dab8bf1e9171b16eb4d4414b750dbb9fb525b8493bf9e7b8f8acddda,True,,False,0,2,0,0,0,0,0
11811193,1,17,7439040,bac4edfb2bdeefac9bcb5df22378df41aa4794e089649205d5b62e1800d271d6,True,,False,0,1,0,0,0,0,0
11811454,1,17,7439040,82db56545dfcaff94fee368f75691388c944bbdc80767e59cdb1fc1b721a1b49,True,,False,0,1,0,0,0,0,0
11812062,1,17,7439040,77271b1455a1695296a131bb6c9a954c0846b61da09adee6c2f3a112dd8f4ed7,True,,True,0,1,0,0,0,0,0
11812199,1,17,7439040,e838c7ef9a584df58b37034a350cdc471cfe945033f2ff9a7787098e47b84245,True,,False,0,1,0,0,0,0,0
11817750,1,17,7439040,cdc2fce619314ab2548d984fee80d34f239178979edb5f4b76a9d3eebe00f310,True,,False,0,1,0,0,0,0,0
11818607,1,17,7439040,920d440656ea7976fa90ab1b5c609d919c49b9ae3cca97adda82171e32f84836,True,,False,0,1,0,0,0,0,0
11818872,1,17,7439040,d9f3baaa27c8ebc48a2fe6e69dce513dea3d290ad2deb81f14124d4dcbb783ee,True,,False,0,1,0,0,0,0,0
11819135,1,2,921600,be2a19c0defd270523ff4a4da895a1e48b1f5a24c15d8a52c62dcc02889a26e5,True,,False,1,0,0,0,0,0,0
11821363,1,9,3562560,4b0c8e8235af0d3880ee7381687855943dd9c2babef037dc479376c4bfdbb340,True,,False,0,1,0,0,0,0,0
11823054,2,17,7439040,33904111c756a502687b2a92647ec9da71d13ab741234feab2f970bc7fb10af0,True,,False,0,2,0,0,0,0,0
11824218,1,16,6969600,c6803b4ac2cb409dc817206bbcedf7d79a2fdedcbf266c61c23fddfbba343712,True,,False,0,1,0,0,0,0,0
11824222,1,17,7439040,fe8238c475dced1193de12d86d850dede2e742d0e3ed3d904f4eec89b6a09709,True,,False,0,1,0,0,0,0,0
11824786,1,17,7439040,e06deb2e030dd9f4f7bc9c0855d956fb8e61ebddd583055e9a2b5c40aa5dd1fc,True,,True,0,1,0,0,0,0,0
11825057,1,10,4415040,10d58d82d84f4644e01abe2ef1424179a98b704ab56de181b7ef13ff1ddf3d5e,True,,False,0,1,0,0,0,0,0
11826400,1,17,7439040,d864d4592c72e9d79ab5d34b78dc44155c8942cb271a3181ba2de1deff673e18,True,,False,0,1,0,0,0,0,0
11852982,1,14,5860800,ab4f1d7f06ca4304a230427b7f12ce1b665cd398bc27b3895506cc9903c2fa25,True,,False,0,1,0,0,0,0,0
11853255,1,14,5860800,2fac4a8a78b3b324433ed6e949909acfab66c0822df0be22b089bfd63698fdd0,True,,False,0,1,0,0,0,0,0
11853878,3,14,5860800,81244e5bfde47493ed1d9f93323bfd459d127afd39903c9a687993a5f5a451ca,True,,False,0,3,0,0,0,0,0
11853905,1,14,5860800,e62f3f2f47b17abff5beee019918911827cd47755f45b8c47a664f2c6a2076bf,True,,False,0,1,0,0,0,0,0
11854061,1,14,5860800,ef8c46b889ac8fe7854841e325230f999874b217c14e77e49d4bd7e833723af5,True,,False,0,1,0,0,0,0,0
11854636,1,14,5860800,5c21c3539d7e7bf749ef453d13b1ba3f4dce9dd81a5385d9a49d05caca726f7b,True,,False,0,1,0,0,0,0,0
11855538,1,14,5860800,534d6a24c9fb448569916480c7fe4c59f6d90f071539b6e2e883224109145dba,True,,False,0,1,0,0,0,0,0
11858541,1,17,7439040,61992624f306dd44e4fd0662dc9e0cb2e04adb975e7aceb0b9a8799b8c55f9de,True,,True,0,1,0,0,0,0,0
11858741,1,8,3551040,63138d16fb12baac84ecdb9a2264ae592d25d173a6a0727c9786933a2d54637e,True,,False,0,1,0,0,0,0,0
11858748,1,16,7246080,e4a5e9d2c19b126f0bdc781f3bd4bd4b61c6509336133a59d48584f83f155c8b,True,,False,0,1,0,0,0,0,0
11858979,1,1,486720,0e6022d44e10f0b16c12c8a3a4571d04a5abb00711928065dc8aaf4d29c5e268,True,,False,1,0,0,0,0,0,0
11860395,1,17,7439040,d1952572c99ea6be93d179a600843c5ae0f635ac8bfd700f9c9aa81db6f6f0ff,True,,False,0,1,0,0,0,0,0
11867071,1,2,921600,e7c10ecd43c2d2b27c952d93ce0eb3671111e866759eaec0d6c3da4edafbf165,True,,False,1,0,0,0,0,0,0
11867733,1,17,7439040,988ca166625f4199809b7bf8067dc51323b7c2b8912441abaf3152dbbaa33ae5,True,,False,0,1,0,0,0,0,0
11868122,1,16,7246080,04f0ffda540245af6c6e62d0494dd7f1fbbb86e77d32fa8c36d0067c25e024a6,True,,False,0,1,0,0,0,0,0
11872139,1,17,7439040,0c4d8dd9bdabfd40f06e55d2f75a6ec81df4a9dcf84ce33af1b57bae43d8c349,True,,False,0,1,0,0,0,0,0
11873166,1,17,7439040,8ea058ae3fbec2d528b804f3f301c840943e165acc173adc4a3beedb612b2a7c,True,,False,0,1,0,0,0,0,0
11873171,1,17,7439040,e8d51c01b5e7800fdfe02f5004403248efcd2ab531ca874d2ce51cf2271ffe6e,True,,True,0,1,0,0,0,0,0
11874338,1,17,7439040,86a663aa7e27992aba0f79bb503a5e1e4e05c70c293481c827c966910bb65b7b,True,,False,0,1,0,0,0,0,0
11874577,1,17,7439040,d4e79162a8633bde68a5231c8b00b4367690975f3209db48e99d8e1103e5b662,True,,False,0,1,0,0,0,0,0
11875511,1,17,7439040,29cf154bcc119c7a0056660514fa5b78253a6560aa3b744eafb97557ef4f9b92,True,,False,0,1,0,0,0,0,0
11875734,1,17,7439040,fd66fe31e30f69b803868d0d9d6de9c4b7836e6a606b93295cca3aa190ef8d3f,True,,False,0,1,0,0,0,0,0
11904151,1,14,5860800,d0346d2e69e948acc8b0c43755d83f18c8b4d2a985af7060d09836a1db959073,True,,False,0,1,0,0,0,0,0
11905011,1,14,5860800,c1467ce1ef4a260d6bb75c4321f0239f314fedd1e0856eea9c9ac9e946f26de8,True,,False,0,1,0,0,0,0,0
11905398,1,11,4734720,e5746a0815a969f73e25b2e590ac7e03509aadc845e1be4e88e50d7c76c0b1a4,True,,False,0,1,0,0,0,0,0
11906217,1,14,5860800,6b88e4b96a4f06bd4da2e2702d788e402e928e30de63ebd03193308513f70096,True,,False,0,1,0,0,0,0,0
11909686,1,17,7439040,8bb9e548bf303c689b4df04c945d43cb2abf30d059d85603af292ce1cd710ad8,True,,False,0,1,0,0,0,0,0
11909839,1,15,6776640,781f4c9e548d9fe0e23f2bf1af911f167a57570a0f0086320b2f31677488e89a,True,,True,0,1,0,0,0,0,0
11911580,1,17,7439040,706213e69cb2eeea9a67eab5d92e843ee48fb9776e78884a2edef1e7f25e8f59,True,,False,0,1,0,0,0,0,0
11912911,1,17,7439040,353e420264f93d43d0667f14daa9e27241161f98ebbbacf269623742ff492284,True,,False,0,1,0,0,0,0,0
11912916,1,17,7439040,63ec1def5f04fa83caf843f65f3d3d8b62dd1271909b66b730f06e84d8825210,True,,False,0,1,0,0,0,0,0
11912932,1,17,7439040,4e7690d47d988b563bafe442725d9bd1596e2b94882be41302c56e65a798478a,True,,False,0,1,0,0,0,0,0
11912941,1,17,7439040,bd893f2a97cde45002a4fad234f812bf4194098e033bebccdd2e598b487c0d30,True,,False,0,1,0,0,0,0,0
11912987,1,17,7439040,6726189069a8c97c2209401ec3061aa4e26af0120af10a191761664192b75e3c,True,,False,0,1,0,0,0,0,0
11913012,1,17,7439040,2fcd3247dc824ccac1eae78d0390372a3d999c0847d48cf0b56d1aa1f6914557,True,,False,0,1,0,0,0,0,0
11913013,1,11,5019840,7543dace675abf1ae961c14128e837b94bc38e3302a36455279cd8ce9542c6b2,True,,False,0,1,0,0,0,0,0
11913052,1,15,6802560,ee8aa4e96a2cb4376577a4ae9db3b955c9b6be09c2ae485369584ab4684c4fbb,True,,False,0,1,0,0,0,0,0
11913071,1,17,7439040,f383f904bb810acb493a8a966d367f5ddc740d2f395e7b83e006d1e23233415a,True,,True,0,1,0,0,0,0,0
11913072,1,17,7439040,1857ecb153800ca268227c608e812090057b6484ecf62a06428a879eb31c6e7c,True,,False,0,1,0,0,0,0,0
11913073,1,17,7439040,08c5081579fb483bcd605fe9e05a71038e222034a8cf2998ddbae2a49b06d353,True,,False,0,1,0,0,0,0,0
11918099,1,17,7439040,f4a82b2be33e71b83e040870cbfebef910a0c7c376189a7e3dc11d5005c19de9,True,,False,0,1,0,0,0,0,0
11918793,1,3,1126080,fe5b161d0eb2ceac1a789fdf64ef98a4d63711863110f24c3254b58cdab95bee,True,,False,1,0,0,0,0,0,0
11922290,1,17,7439040,83922c9978a6597e0a01a0855948c5f4e7d0032c5350526ee5cc21cbe392f8dd,True,,False,0,1,0,0,0,0,0
11922648,1,17,7439040,82f202ca5260fcae46cec6fa2580a0b723d20e19b7318c0b76ad9d7d776da01d,True,,False,0,1,0,0,0,0,0
11922678,1,17,7439040,b31257cff518d4e4161bf554381173a6ffaf76cebb31fa1996996a03f6be8081,True,,False,0,1,0,0,0,0,0
11922722,1,17,7439040,0023c82a6fd38be66a36b95bbf0257ba2773a2898f91bad58c6987090868a868,True,,False,0,1,0,0,0,0,0
11922782,1,17,7439040,bd1346ba3b4117ea9d96f2e09a999959493e563ac6615f9b42ff7126f29954db,True,,False,0,1,0,0,0,0,0
11923074,1,17,7439040,71e75acf422e50a1fe75d5465d2530c4daad4fb88c395833886c755ffbf13505,True,,True,0,1,0,0,0,0,0
11923270,1,17,7439040,0b715a11a42a9cce4648c4402de1a128e758f5274e14a0bcbd04fad147c17792,True,,False,0,1,0,0,0,0,0
11923284,1,17,7439040,c9188f825064b65ce8ffc573bb86a0642f19b1c74891e9f1869c12326939339f,True,,False,0,1,0,0,0,0,0
11923819,1,17,7439040,52da528730576c82bae1beb757782aa519b5f7eeb987ca2058ada9c6ecc7b68e,True,,False,0,1,0,0,0,0,0
11924426,1,17,7439040,7a5dfde35d4af603b2c7117c652504f440e91cc3e04751c9e40457eb62405f7a,True,,False,0,1,0,0,0,0,0
11954842,1,14,5860800,99ae310475b670ac272382fcb57aa6346b759a9f430bf386b1d17df82aca6ab0,True,,False,0,1,0,0,0,0,0
11955499,1,14,5860800,c9bd335f40ea095f53a052986ac113d7ba6bb6fa0ac8ee10c18e83979c94073e,True,,False,0,1,0,0,0,0,0
11959569,1,17,7439040,7c31fa4b2db7b0722841461cb4c2913b1c997599013daa7b27f7cec1caee87da,True,,False,0,1,0,0,0,0,0
11960862,1,17,7439040,b8c6f85834092864405d60b6c9c4d6ad2cfbfc6b2d3c8b65c2c1c74f15b77108,True,,False,0,1,0,0,0,0,0
11962284,1,17,7439040,7689acf31029d0f7ab035506d186e283b0236bb491bbdc3b46fab37a25d1f7ab,True,,False,0,1,0,0,0,0,0
11963206,1,17,7439040,1c2994e0868a424ca65937fd738989ad623b27bfaf4c820e38ce4a953d62cfa4,True,,True,0,1,0,0,0,0,0
11966253,1,17,7439040,110f488532c7d85dce8f194a5877be4587e6a5a8e6ffbd4b4217265e10da5a51,True,,False,0,1,0,0,0,0,0
11966557,1,2,933120,f36a57e039039673aaa481ac2505471f5a1cd569092f9a908a789f268abe44cf,True,,False,1,0,0,0,0,0,0
11966668,1,17,7439040,49d9d6ee924636ac7d8fee6be21e95e59e7baf759a1133c46aa4b5dd88cfbe14,True,,False,0,1,0,0,0,0,0
11967004,1,17,7439040,29569b489077bb1354f0454607743e45685d3e094d57f2a5f72667e8bf1a441f,True,,False,0,1,0,0,0,0,0
11967872,1,14,6312960,ca94050bff6d9870956c725bbb425226308f621189510d9ff20f1a0ed640ee01,True,,False,0,1,0,0,0,0,0
11968463,5,14,6312960,33b8f723a7fb060d9e20a7d5e377e3d7556c81799d51e7be24d2ab9b6ed7dadf,True,,False,0,5,0,0,0,0,0
11968490,1,17,7439040,78137894acfecf654f8a7cc0b228a666c4bb7fdd07d0b41ff4aa75e695a633a0,True,,False,0,1,0,0,0,0,0
11968513,1,14,6312960,239cbb2876d805087d952b3dbfd7e5d90e511168af3f041981b414cf91019005,True,,False,0,1,0,0,0,0,0
11968514,1,17,7439040,4fd9b819dd707d70f7fe3e296d405adebef28906ea0c2f365a6abf57b2b78893,True,,False,0,1,0,0,0,0,0
11969092,1,17,7439040,6f0432336e6953b143176d08c5eaa117a87f4542511577dd98816cdd20cdb874,True,,True,0,1,0,0,0,0,0
11970288,1,17,7439040,cf668ec0b2734b53246a528dcb49dc47842212356c203ecbcb2dbd81b3897211,True,,False,0,1,0,0,0,0,0
11972666,1,17,7439040,a979805e0c06c969be98bd551c795b3be432b655b6273144294881a48a8f8595,True,,False,0,1,0,0,0,0,0
11972872,1,17,7439040,3192d576bb42f8ecd38f22287427926f592bd34b200395f7ff2c243bc5e5508c,True,,False,0,1,0,0,0,0,0
11974540,1,17,7439040,d074038be951c7835e13fbf5c6be2ba6bd1a9dba81b006fa3cdc358675d9f6e8,True,,False,0,1,0,0,0,0,0
11975363,1,17,7439040,70083a44626c07d206f55b0ec7cdbdae9faee3a6b51dd4416d627f1b6caba48a,True,,False,0,1,0,0,0,0,0
12004656,1,14,5860800,4525fe87c190d1955698a62b3a8399f85798cb52d1446fa042e7bfe149ef668f,True,,False,0,1,0,0,0,0,0
12004679,1,14,5860800,479cf38d7ad4b49b69bd140d6ed5110005625d73e2a8f6b027fb2bd1cb245390,True,,False,0,1,0,0,0,0,0
12004680,1,14,5860800,364faabd0d05a652de872a3846007c590fa74760b24bb3535b207ee724bbcae5,True,,False,0,1,0,0,0,0,0
12008872,1,17,7439040,d3401b4f4de442eb60aa1e9e7c33a6631e7fba1b2969eaf979fb2a9a822b9be7,True,,False,0,1,0,0,0,0,0
12008916,1,17,7439040,dc382cd8b8587ca659e7d60fbbca259d21eeb1f90aea7bfe62e6e7c79ad75caf,True,,True,0,1,0,0,0,0,0
12009347,1,17,7439040,0e2a7238642a994d13615bd48896933bf0d4c842a4fb8cd3d5bdac2d621263e1,True,,False,0,1,0,0,0,0,0
12010534,1,17,7439040,1404fc98e9874e008b14a9852e80bba0f0f68f265471b67f9d542bbbb4df8d07,True,,False,0,1,0,0,0,0,0
12012872,1,17,7439040,508188225b0cabf7dc8e9cea84bf804452321c2e926484c38209d95b88f2f3c4,True,,False,0,1,0,0,0,0,0
12013615,1,17,7439040,872f283918f9281048962f6ce7a346543c633140533886276d3733c2d3251254,True,,False,0,1,0,0,0,0,0
12017109,1,17,7439040,d68d3f8db70b4ac9c5d970bfaaf488d0bbc04d31b708d72e0ff73f4a175649a4,True,,False,0,1,0,0,0,0,0
12017140,1,17,7439040,0fc83f392dce9c036a1baab886f112d673f43491944d2a2fe1ebff8af161e4b2,True,,False,0,1,0,0,0,0,0
12019440,1,17,7439040,17eea2148bab7c712079ea6f3e822aef25d609db52a0d7a4007c8e8c799ae3e1,True,,False,0,1,0,0,0,0,0
12020218,1,17,7439040,101fcc079b84ce1e44c6b4dc301cf4d200b634d317d9b0e20eaea484b70ebeaa,True,,False,0,1,0,0,0,0,0
12020329,1,17,7439040,9931b80e410358cb7685949c2fcc260b09cc32895cb169472e487ebb773c65b3,True,,False,0,1,0,0,0,0,0
12021625,1,17,7439040,c0614fd5475f5c83c7bced802c854267d96c31cbf93e55993080949051bd94f5,True,,True,0,1,0,0,0,0,0
12021811,1,17,7439040,11f4692ab90fcf0c10855b56a77a87df8f8d44a28adeb66e6541b1ec11523e86,True,,False,0,1,0,0,0,0,0
12021943,1,17,7439040,16d8ab36f50c95400a1b0be50525e9ffe5a19d578fd54119d97f3558c702aae7,True,,False,0,1,0,0,0,0,0
12022517,1,15,6776640,ffdc68a5a9ebbe7938b8a256b9b7a0aa39595596f28f87ef6d7c9dd7bc699bdd,True,,False,0,1,0,0,0,0,0
12022718,1,17,7439040,f54a33247ef1ae10f080294b9065f14000b215fb59eb42c315d5237b632ee88a,True,,False,0,1,0,0,0,0,0
12023078,1,17,7439040,9fa5e0be3d90390bdb14ba273bf1182f8d0a1876a9b8e7579e9bf084fa221c73,True,,False,0,1,0,0,0,0,0
12024120,1,17,7439040,c02e9fb808e12828ea51cf344179a3219956e9b5c1cffd38cd5b04963b6484dd,True,,False,0,1,0,0,0,0,0
12055539,1,17,7439040,22372de8700cbf5c0aa4620ce4799a966cb190e9587b226e897bfb3138a8ce02,True,,False,0,1,0,0,0,0,0
12056139,1,17,7439040,96a0b1a17ad7632355dbaad01a04b7bf43cf72948935f1ed8106343d52cc7704,True,,False,0,1,0,0,0,0,0
12058147,1,17,7439040,e579dfc2bd2d26c253df23627f452fe3b0f48965ac5aee97080b1f6716091442,True,,False,0,1,0,0,0,0,0
12058204,2,17,7439040,d82ee89b84dd7e18cc33881869dd9b15c61231ce8a0af1829415289606c7c1a9,True,,True,0,2,0,0,0,0,0
12058931,2,17,7439040,6512fb3b613deac6e297ccecf1d4821e1598188db97bb21640058542e519a3b8,True,,False,0,2,0,0,0,0,0
12061222,1,17,7439040,3471f91fe4ca8e09dca69fbdcd7d0fcf9b29898f6ab870c52076ef293cf8b5e9,True,,False,0,1,0,0,0,0,0
12061238,1,17,7439040,48fee0cbb481cda7cd957d323bbd8189044b2d6a5cc62890a5de4a375f55f600,True,,False,0,1,0,0,0,0,0
12061969,1,17,7439040,f81d056abdd6c0e6e0512b1edf19f91f2ec9c761536912009576e348e02e354d,True,,False,0,1,0,0,0,0,0
12062660,1,8,3551040,50d438181d3c1ecb7cf087cfc79f4ae828ab3c35f6ab0c557da13573f8fdbc1f,True,,False,0,1,0,0,0,0,0
12062667,1,17,7439040,ed7462c85abeaa61c21b2d8171937177553effe8104b4b7c49ba484d626d55f3,True,,False,0,1,0,0,0,0,0
12066335,2,17,7439040,0e6ade86fcc8b0efe482c4d2dc0ad35d5305a10ab4c409e9c8f62d136f60eab8,True,,False,0,2,0,0,0,0,0
12066569,1,17,7439040,b27fa21e0f71af7ccb2e64a744759cfe36e77df2ba125f426c6366d297309f24,True,,False,0,1,0,0,0,0,0
12068975,4,17,7439040,47ad353ad36114a743d7858553a52e949187c902915f142a53ded294508f45fa,True,,False,0,4,0,0,0,0,0
12069319,1,7,3096000,f07f4fdbd9b3cf85092202d3b607d878047c1b1240521fe208827b999d2273c9,True,,True,1,0,0,0,0,0,0
12069414,1,14,6312960,68daf67dba8aeda31bbbec701238edb2392f3d3d26409d88436482f64ec7f273,True,,False,0,1,0,0,0,0,0
12070811,1,17,7439040,c9bb8b754b799eb2f8f51228dc99548a22111786d29ad176b281b744d0c6a1d2,True,,False,0,1,0,0,0,0,0
12071006,1,17,7439040,2ee72ed30632f411a4fb2e0ae5422ba3fa0bdb74b6c72912d3b9df960123f00f,True,,False,0,1,0,0,0,0,0
12071037,1,17,7439040,f74587070ae39a2426cdbbfffb078de64e6b531ef180446bdc6aa3e8e3abbe8c,True,,False,0,1,0,0,0,0,0
12105785,1,17,7439040,a7574fe7de0d0fdbd6977c3598572f98da4358998b8ecc189e94b3e495388c8b,True,,False,0,1,0,0,0,0,0
12106929,1,16,6969600,885dd1c9e77e2dc7230fccb0df2b4ee607afb0d31fb46ce97786dbb017bb063c,True,,False,0,1,0,0,0,0,0
12106934,1,6,2666880,b02f0f90df65165c7f3fbdbb3319f121e1e518699e45fd502fda7581a7aa5fb3,True,,False,1,0,0,0,0,0,0
12107008,1,17,7439040,04e183c1f76f381ec804488d03160514ac7ac7fa891b2224d3a7eb25c397400f,True,,False,0,1,0,0,0,0,0
12107021,1,9,3781440,fa939e21bafd190c8cf03eae6a61c90d508219426f24e7c67f21925aebf27456,True,,False,0,1,0,0,0,0,0
12108293,1,17,7439040,4b3208a5377d859d56be434abe664dbe1d8684e33a25b2bcaee0a4b8fb7071a0,True,,True,0,1,0,0,0,0,0
12108312,1,17,7439040,f2911c2d24579c2085a4362bcb91677f4b433d0be732203bc9e9c6fd5a110b2e,True,,False,0,1,0,0,0,0,0
12108364,1,17,7439040,a8b9c0f74a4ce0b3f98cec4d952cbc2144eea9d04965e543ca5b7fe3ab1384a5,True,,False,0,1,0,0,0,0,0
12109845,1,5,2393280,6be13e192e4d19a439c7f7aa6fa5f566a4a41062d6aa51b33a1ae5c0d4f18181,True,,False,1,0,0,0,0,0,0
12110786,1,17,7439040,c4ce08fdfa51487ea480f961737e332948d8fbbc5fc67bd6bb9db3fecbf83b6d,True,,False,0,1,0,0,0,0,0
12110942,1,17,7439040,e4461d82c33ac10d6d67f47f6665b5ff9710e8ff1728fdc4fa6d454c923738a1,True,,False,0,1,0,0,0,0,0
12115188,1,17,7439040,6fb42abd699ecc8635dd34d129c4a14e5c0dc47a9e45a4ec90f3416a4a92410d,True,,False,0,1,0,0,0,0,0
12116380,1,17,7439040,6157f58d73e5a5287a8e428f64672e07b8b636f7b2fd3ec6b473d83ed2a14e0e,True,,False,0,1,0,0,0,0,0
12116489,2,17,7439040,d79c1289a94f97dba8f7ab59006ad22d83714c0b6e5aa5d625d4e509727f80a8,True,,False,0,2,0,0,0,0,0
12117215,1,13,5492160,ea936a844ddc5b4800e357f2bbb9fab78c2c2354c7c5bbc039829a038afec0f0,True,,False,0,1,0,0,0,0,0
12120307,3,17,7439040,170647638795b359aaea7b84ea5228b3a53772bcfe72bb020ba5adceecfab6f0,True,,True,0,3,0,0,0,0,0
12120484,1,17,7439040,e72e65249024a98d5d609e3ec4f2eea0105a8d831972b4b27f530b5dda685e06,True,,False,0,1,0,0,0,0,0
12121118,1,17,7439040,458172cbb4b25529b1093d1fff890c12f6bf838c34c8c0f317ddd743cde9a3cb,True,,False,0,1,0,0,0,0,0
12121470,1,17,7439040,7a0063a2b9432a0f281dfd13d69024f211a828bb93b8d709ef89704b7a3b877f,True,,False,0,1,0,0,0,0,0
12121570,1,17,7439040,5812078374b87150f27cba05eb66fa0d931e5d055aba6796733f3dbec7752f77,True,,False,0,1,0,0,0,0,0
12154526,2,17,7439040,fb40da3e09a4430a3aa54d416996f69a791d685c3361f2070a7dd8844a36b69d,True,,False,0,2,0,0,0,0,0
12156174,1,9,3562560,82c391c2a98ba0b22e3934fc902b0ea3f7e2b56fa6e2bab419949e1a55e71180,True,,False,0,1,0,0,0,0,0
12156347,1,17,7439040,072bcf2d19852265d8c679553d0a936a379b43ea171d04c46ce079bd966d615d,True,,False,0,1,0,0,0,0,0
12157983,1,17,7439040,517c5e79ccc7ff1dd2044e55ab19f764f67cb9d56edf8740cbacad113bfa060e,True,,False,0,1,0,0,0,0,0
12159249,1,17,7439040,beabcf9c1dfd196e2a71b64358cf1f114325c1a8c8174713da28d75cf29511ae,True,,False,0,1,0,0,0,0,0
12164564,1,16,7246080,2eadb6650a64b453f722bff7e6da2fb57ccee064f478a6acdef2d55b56e74254,True,,True,0,1,0,0,0,0,0
12164634,1,17,7439040,f009d3cd1a9fbafd1b3d418e0db26c9e0ed4e928d3f0982cd61b5a191e38adb4,True,,False,0,1,0,0,0,0,0
12164751,1,12,5595840,59bf09232e883067733a7de0270ce2f5b9c9fbef9e7bdde71a479bf655dbb386,True,,False,0,1,0,0,0,0,0
12164770,1,17,7439040,e03903d769cc49307c9ae761ddbc76398bd2a69724330814f0d30fe1febbc356,True,,False,0,1,0,0,0,0,0
12167361,1,17,7439040,7a0e4a650daf0f296164825b351132df4e10bedec1ca43d9981232b3b411f565,True,,False,0,1,0,0,0,0,0
12168280,1,17,7439040,66d8f1fef21b18d3ceeec2857e9ad71702853743243d345145e109bd5e3b3b8d,True,,False,0,1,0,0,0,0,0
12170648,1,17,7439040,72cf82e79b8b8d5d66dd0f1f7725a15ea96cea60b0dc65c7c3e9d86bf8238485,True,,False,0,1,0,0,0,0,0
12206313,3,17,7439040,39c0fa0f741ce19ae136f142337bf4e6140ecd756e2cef546a2a65d530551b3d,True,,False,0,3,0,0,0,0,0
12207117,1,17,7439040,ed08832147d878132b05611ebb8ded458943d5d163d3a487d7042b53ce4ea5e5,True,,False,0,1,0,0,0,0,0
12208887,1,16,7246080,1c2081cc0538264260d9cb3d801137fa664ecf5a4e62146a0de67635e9bf313b,True,,False,0,1,0,0,0,0,0
12216278,1,14,6312960,f8cf5ddbeb22bc0de80cc730e26d2413e994f691a32503ef10fada88da9df2b7,True,,True,0,1,0,0,0,0,0
12216706,1,4,1895040,fa7a95887380441c5744d60e8f282ac8b341c42277ddf80dba6c3e887e1d6231,True,,False,1,0,0,0,0,0,0
12217907,1,17,7439040,123a20d51df5679e0cf6a115d271a8ae4ba5854ecf2f4a3cb760170285bfb08a,True,,False,0,1,0,0,0,0,0
12251650,1,17,7439040,65a44526016ed07df727050579c6d6947a174f024c1faecdbea8b867ee579dea,True,,False,0,1,0,0,0,0,0
12251779,1,17,7439040,8b8defde1ab923df998ec2bd4faf4abbfd037e12d069c60ad0afae0da49ebfd5,True,,False,0,1,0,0,0,0,0
12252424,2,17,7439040,0bea60049a46e8f4aa083d11d89511f1284358eb8ed45d8f1a01d8bb7321e5da,True,,False,0,2,0,0,0,0,0
12252732,1,17,7439040,2a002ed14c2226509dd44525e9cd1a948e35f19e379470e28929cc3249b7f59a,True,,False,0,1,0,0,0,0,0
12253490,1,17,7439040,25c6201a778886c53e79c0b77aeedaf4eb9e191664b74efca5cc1ae8c6f07920,True,,False,0,1,0,0,0,0,0
12254378,1,17,7439040,93c38802a9d340cdd0fd2e18e6a80eed2e915f606e13dd4446e07250d0d140c7,True,,False,0,1,0,0,0,0,0
12254688,1,17,7439040,b87b34d849d4ae4f2e3c63a0232066c4e353a728fd3d38a20badb6f1b15672fc,True,,False,0,1,0,0,0,0,0
12254792,1,17,7439040,c237e8d747e9deba1d04486ae38e4f3cbcd6e327dc811b07051d39c53a3822ba,True,,True,0,1,0,0,0,0,0
12254909,1,17,7439040,40808920807658d6842d0932dedf5e872cd1b08bdd581a1c6fce44515ff8e519,True,,False,0,1,0,0,0,0,0
12255382,1,17,7439040,d45b1415b682f517b1fb8efdd9939815ae24d83c31ae30674020b262efaf3b8f,True,,False,0,1,0,0,0,0,0
12256520,1,17,7439040,9521d9e6282f7b674a9d354b42949cbce10cc25e8f99b4b464fc5ddcc143a396,True,,False,0,1,0,0,0,0,0
12257851,1,17,7439040,2e5d6b987d1b4defad6c3cae56bc3e794101a2869a9514f13987605611b3f107,True,,False,0,1,0,0,0,0,0
12257886,1,17,7439040,81073fe2f8c63555cb322588c4679fa050afee44665203e6db0e63d25cfb3a8f,True,,False,0,1,0,0,0,0,0
12265150,1,17,7439040,5daec93b45db06b2459dd42d19dd4c70c1e9a31c2e654b1a70ab62c2217c08a6,True,,False,0,1,0,0,0,0,0
12266636,1,17,7439040,5a8e80ff794ac8c664610b1262d0f969ccf752aa23de7cd2a39fe7588174f4c8,True,,False,0,1,0,0,0,0,0
12268220,1,17,7439040,82f59ae07134979498d635aa54b90b3c7e44ec070ec3ceb7c4b58c81b6569f01,True,,False,0,1,0,0,0,0,0
12301181,1,17,7439040,646fad1e24cee4bd36f1410d4fd241622b60a100ba2d8cecad8d013a2fc3c1e7,True,,False,0,1,0,0,0,0,0
12302391,1,17,7439040,6a74be4408afc33fcb67f988fe71f817e0920c8578ff0ac7a58d56bee1f9f77b,True,,True,0,1,0,0,0,0,0
12302530,2,17,7439040,c791ec5953e09a8807e1e32ed588276992abf41b3eafc01fb11964e6c5ab67db,True,,False,0,2,0,0,0,0,0
12306058,2,17,7439040,00aa70ae56e1c08b2c1535fdcc8f45b9e6899f5a1198cc0d6d9078aaeb2e3d28,True,,False,0,2,0,0,0,0,0
12306699,1,17,7439040,741c5da6cff3aa55a805eb38505badf43e8f715a93270c0dd0d55b047de62442,True,,False,0,1,0,0,0,0,0
12306808,2,17,7439040,80c72be63d16a7975bbb5bec04c64a126c6762cad608389fd5168e153bcc072a,True,,False,0,2,0,0,0,0,0
12314973,3,17,7439040,1ebf354f2b4da33dad4aa3809e2100a716fc9f3a9e37b3a8e78e68fad6ef541b,True,,False,0,3,0,0,0,0,0
12316431,1,17,7439040,8aeaaa66d72738124daad7daf8d80e64948f6bd0da8e365001d9b4a2a0b63db7,True,,False,0,1,0,0,0,0,0
12316447,1,8,3551040,ffd15cc16acfca2045ad67d902cab87c269894547f07546f0ae9c956d578d6b7,True,,False,0,1,0,0,0,0,0
12351927,1,17,7439040,f6faa9ea8b18be05045c674e12b5059e51c50c3bca0d47440ca8f38714f4d5a8,True,,False,0,1,0,0,0,0,0
12352520,1,17,7439040,ff13e2c82e9add490d0ffe461603c3e0e46ae842c8f372a0eeb6c9523f70c554,True,,False,0,1,0,0,0,0,0
12353633,1,17,7439040,018f3096f5df24688d59d8715ce72b00da06e2d18e06b1ed38dcba1d6f9e942a,True,,True,0,1,0,0,0,0,0
12353720,1,17,7439040,6784d8e5b5dfa126c268b36693f31fbff251cbf43174166fe653e2fd3f066800,True,,False,0,1,0,0,0,0,0
12356746,1,17,7439040,2a67fe714c03ce5d67996bda0d162f3862565825d2246cce2f7d7ffa98bbde76,True,,False,0,1,0,0,0,0,0
12356914,1,17,7439040,c162715c1cd4c0f78b6479d90d1fac19e61eddbe2e8aa06617a80de6308713bf,True,,False,0,1,0,0,0,0,0
12365000,1,17,7439040,79bd9369891fce3f93d5ccb562a17c988c5da8d5928ae97000cd74ce10734e98,True,,False,0,1,0,0,0,0,0
12365015,1,17,7439040,ccb21267143960e2f9cd57a94d1e35f5ca6cb2b9e5c5e3460ef779d7b478d611,True,,False,0,1,0,0,0,0,0
12365184,1,17,7439040,e3cef3c6c0f1fc7f678006e271e9ef66458d5270af7e7d39b8e359262437575c,True,,False,0,1,0,0,0,0,0
12366084,2,17,7439040,e058666ce91d39a1927fb692e59929ea1f03f6418050e5645451f9a40231bbf6,True,,False,0,2,0,0,0,0,0
12367017,1,17,7439040,6d702641822ca1d238b354d50517fce716a22dff2290c9a239233fef51128281,True,,False,0,1,0,0,0,0,0
12367310,1,17,7439040,877ca1ddbc3120f056310336970d4d44fe0a6985a7cc72721899fecf3d0dca25,True,,False,0,1,0,0,0,0,0
12400538,1,17,7439040,648d58a021f286e556f88fb20c85886876443ff44f784f4c1c25000a452e3ed5,True,,True,0,1,0,0,0,0,0
12401863,1,17,7439040,6d1bce0e48f80a724606ddaba3445e50edb3d84d6ee8bab7da2c42031035f4b7,True,,False,0,1,0,0,0,0,0
12403119,1,17,7439040,98deeb157750f13973a956b9b8c82d250711cf634d2f7a0a72a6518d627dc1ce,True,,False,0,1,0,0,0,0,0
12403968,1,17,7439040,6f8a8fcea0e97d390f27fa14b01627e8587f8146830ba9e8cf8c39d6eb99e8cc,True,,False,0,1,0,0,0,0,0
12404086,1,17,7439040,622b6f90d2346ce9925b8a700b0a819f7bb183aea2d0f47f7d2dc5b0e6c2f77d,True,,False,0,1,0,0,0,0,0
12404305,1,17,7439040,021206163ad1520376f29d5e31d9dbda6447084b565fcd8bd826ba3ccee4f647,True,,False,0,1,0,0,0,0,0
12404954,1,17,7439040,9c2a17e6ef9189f75d4bc5e2635c7c20ec800786600c2093e2c5f765a3c0c494,True,,False,0,1,0,0,0,0,0
12405333,1,17,7439040,ff51b4307880060791c05e95450198ae1843198076297c9c7cf2c87f941de32a,True,,False,0,1,0,0,0,0,0
12405950,1,12,5316480,5232749ad57acae0d15aeb81ea248ff515f5316bb99a9a5b52860d807aecef38,True,,False,0,1,0,0,0,0,0
12406749,1,16,7246080,74177ca67b1635d24a78a14b32000527ed15d203dcb5fdee9649de732f774dcb,True,,False,0,1,0,0,0,0,0
12406807,1,17,7439040,e690399b0d5c42f7ec16388aef0648918f5ff493c834a1a61a09a3d2dbfb9989,True,,True,0,1,0,0,0,0,0
12407623,1,17,7439040,2d910f5b00f85f37ec416660bab34b0e9c8a9c2e56447254715e57b20afe91e4,True,,False,0,1,0,0,0,0,0
12416661,1,17,7439040,47dcef45a040b06b5d49a771581be8f82114ca73dcdbcc7e7fceeb518567d486,True,,False,0,1,0,0,0,0,0
12416987,1,17,7439040,0f50fe10771d453fe93677d673e989ad2a6f9ca6bac653c75437aa2030acb311,True,,False,0,1,0,0,0,0,0
12418662,1,17,7439040,db49b9b89f8a9c31465b4d8fcbaaec5136bfca1c62514076513e70427d113a53,True,,False,0,1,0,0,0,0,0
12418724,1,17,7439040,01e98f8792eed0c7c86e81509ea0963411aca0c74d9a0c979a067f1c4b5002c2,True,,False,0,1,0,0,0,0,0
12418816,1,17,7439040,323f716826237ebc7d057943ab44a08d31971b8e78cafc9077d707fbf0ea559e,True,,False,0,1,0,0,0,0,0
12418891,1,17,7439040,b6be77bb1d550372511e20684d824b72f063134970dda5283fcd128b51c87813,True,,False,0,1,0,0,0,0,0
12419303,1,17,7439040,a78d5d91880c13debea1503d736f21a369aa052643b90df0b81c5fd3fbf5e431,True,,False,0,1,0,0,0,0,0
12453581,1,17,7439040,9d819c6e1468f568f1783fec141bb092f93bac4420dff46925a4667a7949999c,True,,False,0,1,0,0,0,0,0
12453855,1,17,7439040,1d8c0281cba6544759a630bc353d416b9ffd5407d50addc766c2a2f97ec5e096,True,,True,0,1,0,0,0,0,0
12454461,1,17,7439040,49bdb726c4f73466d96cd528dfe937b2646eb1f3a0e2c37be6d9f7c686770c6a,True,,False,0,1,0,0,0,0,0
12456601,1,17,7439040,bbcfb88f40a0cfacd41d97aa807a2bc406a864b96b909469d61322dc0ad8c839,True,,False,0,1,0,0,0,0,0
12459731,1,8,3551040,e76b555504e59254693bd0bbaf858304d73ccb08e2e0885f4fdd5095c48f4b76,True,,False,0,1,0,0,0,0,0
12459808,1,17,7439040,4fd4afe6dba40078573dd77db7a0fcd7eef37a7786602739a2335caaf84e8cb6,True,,False,0,1,0,0,0,0,0
12459913,1,17,7439040,a6e6946a3dc250f4e67f52dc56129b7f458f385e0bae41bc9b8c830651304aed,True,,False,0,1,0,0,0,0,0
12469800,1,17,7439040,75f226c7cd52c343fa192de21a051571c24be4759366fc7c5484d013b9c50f27,True,,False,0,1,0,0,0,0,0
12470041,1,17,7439040,1b8de620cf230f189f8d3e132b57d7d80720f20aab92935fc4e4bb8d72c7b27c,True,,False,0,1,0,0,0,0,0
12470530,1,17,7439040,8832deac228173f08185ba5ce3d6fecfb2211a917ee2683f11573544f77413fd,True,,False,0,1,0,0,0,0,0
12470844,2,17,7439040,bbba309e709249eab7c65e89c9c23bbf670d2bf81f6ae4aed6a30fc47ef909ba,True,,False,0,2,0,0,0,0,0
12470954,1,17,7439040,456d66f761c6c3d789b133d8d678957e517e18812a107abeb4bde71c41604ed5,True,,True,0,1,0,0,0,0,0
12504988,1,17,7439040,9870e25ecf5c61419956a00969d1fb16199c5565f703c05637699ef0f58c1ce7,True,,False,0,1,0,0,0,0,0
12505076,1,16,7246080,812458bd6faa2291a43a87de1fb20a2dd0b599eec242c3adaa60fced5edc5b74,True,,False,0,1,0,0,0,0,0
12505503,1,17,7439040,9a4908aabede496cf57bde415423920d2fd3f686ed39be034b536c6d8ddf7563,True,,False,0,1,0,0,0,0,0
12505654,1,17,7439040,fbeee8fa93737f2a066e21cef8aca82445258d06e0184476feb4c6f15c301c61,True,,False,0,1,0,0,0,0,0
12506342,1,16,7246080,460e69fed24ea4ee7a1d4dfbbc50ecfb3b8e5f5d567abea3ffc9b8b679988e92,True,,False,0,1,0,0,0,0,0
12506351,1,17,7439040,67c7ed150c779507c5b236d7b8cea7d1de7d6cbcc627b9a504cdaf574257be07,True,,False,0,1,0,0,0,0,0
12506770,1,17,7439040,92dc54150e84abca0c025a69a5454688f13348f6775d4444fdac6951c2e7b26a,True,,False,0,1,0,0,0,0,0
12508335,1,17,7439040,9dd881acbd13b8507e21348cd29bc1fe6d111418818b412d2d0193a448e8a761,True,,False,0,1,0,0,0,0,0
12509829,1,17,7439040,e9331918fbafa3d306fa41a34755792bd946869ae38d9b2d442df097c834fab8,True,,False,0,1,0,0,0,0,0
12554051,1,9,4032000,6705663870caf8424a601e0b815cd745333af1ca5f54bf94c7cd3788f723cc06,True,,True,1,0,0,0,0,0,0
12555140,1,17,7439040,82dde16213631120ab16ff43c25e47c12a07c4ade34ed09d11029c6b09ac3e01,True,,False,0,1,0,0,0,0,0
12557548,1,17,7439040,803a1f2ec1778c7906e33bc0162f045dd11c87851f680b3e4b87abe3c6051ac1,True,,False,0,1,0,0,0,0,0
12557713,1,17,7439040,82d116fbb34a719d6b6c25c436f2eca4b7722427c61be4c9efb5f0bb0bf1776a,True,,False,0,1,0,0,0,0,0
12600735,1,17,7439040,ba9be0b1cb1abd29ded34580f747daa13cb11fd074c4da7e8b91e898402572ff,True,,False,0,1,0,0,0,0,0
12602568,1,17,7439040,5645966d60f030783fec8661d45b7f930845d25ae55de30f28c7f8c8af42afc5,True,,False,0,1,0,0,0,0,0
12643582,1,8,3551040,460cee8dc96b3a67d76363e2ad3074f7b3a9e239e7b1bac6d5d2638be9508543,True,,False,0,1,0,0,0,0,0
12643589,2,17,7439040,7ffac779223d1fdb410c6a448b8b8f03918a1dc78d1d708dd57d69ac93492de3,True,,False,0,2,0,0,0,0,0
12644020,1,17,7439040,67d8fd62a807e4ceacfa6ad810f540bf4fa55294798b77d1fb3ee7bb7f36ed36,True,,False,0,1,0,0,0,0,0
12644769,1,17,7439040,4e997d99322dc18cb53ab5676eb8a0696920d7cb7d264b2d83c1fafb22b371cb,True,,False,0,1,0,0,0,0,0
12644774,1,14,6312960,58ac1d1c81a5aabcaaacf281ab8b1d02460952e73b56b426f9c2fc17f95e0ec3,True,,True,0,1,0,0,0,0,0
12644822,1,17,7439040,717bc1dbcdf79560e1923c7c67386d8f308d1ef5b64b0c49ef2e6b421467ab08,True,,False,0,1,0,0,0,0,0
12645761,1,17,7439040,ff093e326635b849f8805395013ce748709056990809cf51270303cf87b40e50,True,,False,0,1,0,0,0,0,0
12647110,1,17,7439040,96010a42814f905a881622691e4380f58e552ea0a355fa108dae6b7415ca02f3,True,,False,0,1,0,0,0,0,0
12691412,1,8,3257280,fef392b8097be3c35fa0e320c80f1132a382eafad692056fe5bdd0f58b1f008f,True,,False,0,1,0,0,0,0,0
12734396,1,16,7246080,5f9a70c2c5abf5693884952c24aee20a379d807725d6c4f9210c62ee41c803ec,True,,False,0,1,0,0,0,0,0
12735740,1,17,7439040,d868598e40087889c8bc89e6499565c5445ba8e277262ff8eb665b8344b19abc,True,,False,0,1,0,0,0,0,0
12735830,1,17,7439040,2463bbe747c737580542c7df0e0f020d1f5ed711dde0ef045527fcd4fe433fd4,True,,False,0,1,0,0,0,0,0
12736658,1,17,7439040,8f9dfe4617a7499ee43dcc5b0a9cb0ae27065fe6c5b90f775373aac4f95c7393,True,,False,0,1,0,0,0,0,0
12784167,1,17,7439040,fab0338d72068fdf5280eae8d536321b2caa1b11d6458ef481a4f2586626bd63,True,,False,0,1,0,0,0,0,0
12785320,1,17,7439040,908c6884d75a3d8bf3f40fbe7adda43330d269e3352d4754e8614f78599b7d99,True,,True,0,1,0,0,0,0,0
12834874,1,17,7439040,2d561504757511b2d1b325fa6d925e4f9c26a8984194d5dae023df83d82a107c,True,,False,0,1,0,0,0,0,0
12885212,1,17,7439040,b58528c0e4ea8d30e1b8b00862e84d0f4b03815180f28092b8ada0167b7531b7,True,,False,0,1,0,0,0,0,0
12935144,1,17,7439040,2df3577ab98cf3d6a616d414e896cdc8c39103dcd6992e8f875c8f99fa0943d1,True,,False,0,1,0,0,0,0,0
