strategy,repeat_id,partition,label,host_multiplicity,period_stratum,technical_status,model_data_available,rows,assigned_denominator
host_group_stratified,0,test,0,multiple,0_to_lt10_days,constructed_qc_pass,True,9,9
host_group_stratified,0,test,0,multiple,100_days_or_more,constructed_qc_fail,True,1,7
host_group_stratified,0,test,0,multiple,100_days_or_more,constructed_qc_pass,True,6,7
host_group_stratified,0,test,0,multiple,10_to_lt100_days,constructed_qc_pass,True,5,5
host_group_stratified,0,test,0,single,0_to_lt10_days,constructed_qc_fail,True,21,385
host_group_stratified,0,test,0,single,0_to_lt10_days,constructed_qc_pass,True,364,385
host_group_stratified,0,test,0,single,100_days_or_more,constructed_qc_fail,True,2,58
host_group_stratified,0,test,0,single,100_days_or_more,constructed_qc_pass,True,56,58
host_group_stratified,0,test,0,single,10_to_lt100_days,constructed_qc_fail,True,6,130
host_group_stratified,0,test,0,single,10_to_lt100_days,constructed_qc_pass,True,124,130
host_group_stratified,0,test,1,multiple,0_to_lt10_days,constructed_qc_pass,True,80,80
host_group_stratified,0,test,1,multiple,100_days_or_more,constructed_qc_pass,True,9,9
host_group_stratified,0,test,1,multiple,10_to_lt100_days,constructed_qc_pass,True,93,93
host_group_stratified,0,test,1,single,0_to_lt10_days,constructed_qc_pass,True,96,96
host_group_stratified,0,test,1,single,100_days_or_more,constructed_qc_pass,True,14,14
host_group_stratified,0,test,1,single,10_to_lt100_days,constructed_qc_pass,True,108,108
host_group_stratified,0,train,0,multiple,0_to_lt10_days,constructed_qc_fail,True,4,55
host_group_stratified,0,train,0,multiple,0_to_lt10_days,constructed_qc_pass,True,51,55
host_group_stratified,0,train,0,multiple,100_days_or_more,constructed_qc_fail,True,1,19
host_group_stratified,0,train,0,multiple,100_days_or_more,constructed_qc_pass,True,18,19
host_group_stratified,0,train,0,multiple,10_to_lt100_days,constructed_qc_fail,True,2,42
host_group_stratified,0,train,0,multiple,10_to_lt100_days,constructed_qc_pass,True,40,42
host_group_stratified,0,train,0,single,0_to_lt10_days,constructed_qc_fail,True,134,1785
host_group_stratified,0,train,0,single,0_to_lt10_days,constructed_qc_pass,True,1651,1785
host_group_stratified,0,train,0,single,100_days_or_more,constructed_qc_fail,True,11,245
host_group_stratified,0,train,0,single,100_days_or_more,constructed_qc_pass,True,234,245
host_group_stratified,0,train,0,single,10_to_lt100_days,constructed_qc_fail,True,37,629
host_group_stratified,0,train,0,single,10_to_lt100_days,constructed_qc_pass,True,592,629
host_group_stratified,0,train,1,multiple,0_to_lt10_days,constructed_qc_fail,True,10,408
host_group_stratified,0,train,1,multiple,0_to_lt10_days,constructed_qc_pass,True,398,408
host_group_stratified,0,train,1,multiple,100_days_or_more,constructed_qc_pass,True,41,41
host_group_stratified,0,train,1,multiple,10_to_lt100_days,constructed_qc_fail,True,6,420
host_group_stratified,0,train,1,multiple,10_to_lt100_days,constructed_qc_pass,True,414,420
host_group_stratified,0,train,1,single,0_to_lt10_days,constructed_qc_fail,True,7,485
host_group_stratified,0,train,1,single,0_to_lt10_days,constructed_qc_pass,True,478,485
host_group_stratified,0,train,1,single,100_days_or_more,constructed_qc_pass,True,53,53
host_group_stratified,0,train,1,single,10_to_lt100_days,constructed_qc_fail,True,6,466
host_group_stratified,0,train,1,single,10_to_lt100_days,constructed_qc_pass,True,460,466
host_group_stratified,0,validation,0,multiple,0_to_lt10_days,constructed_qc_pass,True,8,8
host_group_stratified,0,validation,0,multiple,100_days_or_more,constructed_qc_pass,True,6,6
host_group_stratified,0,validation,0,multiple,10_to_lt100_days,constructed_qc_pass,True,8,8
host_group_stratified,0,validation,0,single,0_to_lt10_days,constructed_qc_fail,True,24,376
host_group_stratified,0,validation,0,single,0_to_lt10_days,constructed_qc_pass,True,352,376
host_group_stratified,0,validation,0,single,100_days_or_more,constructed_qc_pass,True,66,66
host_group_stratified,0,validation,0,single,10_to_lt100_days,constructed_qc_fail,True,4,130
host_group_stratified,0,validation,0,single,10_to_lt100_days,constructed_qc_pass,True,126,130
host_group_stratified,0,validation,1,multiple,0_to_lt10_days,constructed_qc_fail,True,2,72
host_group_stratified,0,validation,1,multiple,0_to_lt10_days,constructed_qc_pass,True,70,72
host_group_stratified,0,validation,1,multiple,100_days_or_more,constructed_qc_pass,True,12,12
host_group_stratified,0,validation,1,multiple,10_to_lt100_days,constructed_qc_pass,True,101,101
host_group_stratified,0,validation,1,single,0_to_lt10_days,constructed_qc_fail,True,4,94
host_group_stratified,0,validation,1,single,0_to_lt10_days,constructed_qc_pass,True,90,94
host_group_stratified,0,validation,1,single,100_days_or_more,constructed_qc_fail,True,1,16
host_group_stratified,0,validation,1,single,100_days_or_more,constructed_qc_pass,True,15,16
host_group_stratified,0,validation,1,single,10_to_lt100_days,constructed_qc_pass,True,106,106
host_group_stratified,1,test,0,multiple,0_to_lt10_days,constructed_qc_fail,True,2,11
host_group_stratified,1,test,0,multiple,0_to_lt10_days,constructed_qc_pass,True,9,11
host_group_stratified,1,test,0,multiple,100_days_or_more,constructed_qc_pass,True,7,7
host_group_stratified,1,test,0,multiple,10_to_lt100_days,constructed_qc_pass,True,5,5
host_group_stratified,1,test,0,single,0_to_lt10_days,constructed_qc_fail,True,31,398
host_group_stratified,1,test,0,single,0_to_lt10_days,constructed_qc_pass,True,367,398
host_group_stratified,1,test,0,single,100_days_or_more,constructed_qc_fail,True,1,58
host_group_stratified,1,test,0,single,100_days_or_more,constructed_qc_pass,True,57,58
host_group_stratified,1,test,0,single,10_to_lt100_days,constructed_qc_fail,True,3,114
host_group_stratified,1,test,0,single,10_to_lt100_days,constructed_qc_pass,True,111,114
host_group_stratified,1,test,1,multiple,0_to_lt10_days,constructed_qc_fail,True,1,87
host_group_stratified,1,test,1,multiple,0_to_lt10_days,constructed_qc_pass,True,86,87
host_group_stratified,1,test,1,multiple,100_days_or_more,constructed_qc_pass,True,9,9
host_group_stratified,1,test,1,multiple,10_to_lt100_days,constructed_qc_pass,True,91,91
host_group_stratified,1,test,1,single,0_to_lt10_days,constructed_qc_fail,True,4,112
host_group_stratified,1,test,1,single,0_to_lt10_days,constructed_qc_pass,True,108,112
host_group_stratified,1,test,1,single,100_days_or_more,constructed_qc_pass,True,3,3
host_group_stratified,1,test,1,single,10_to_lt100_days,constructed_qc_pass,True,98,98
host_group_stratified,1,train,0,multiple,0_to_lt10_days,constructed_qc_fail,True,2,50
host_group_stratified,1,train,0,multiple,0_to_lt10_days,constructed_qc_pass,True,48,50
host_group_stratified,1,train,0,multiple,100_days_or_more,constructed_qc_fail,True,2,24
host_group_stratified,1,train,0,multiple,100_days_or_more,constructed_qc_pass,True,22,24
host_group_stratified,1,train,0,multiple,10_to_lt100_days,constructed_qc_fail,True,2,39
host_group_stratified,1,train,0,multiple,10_to_lt100_days,constructed_qc_pass,True,37,39
host_group_stratified,1,train,0,single,0_to_lt10_days,constructed_qc_fail,True,124,1773
host_group_stratified,1,train,0,single,0_to_lt10_days,constructed_qc_pass,True,1649,1773
host_group_stratified,1,train,0,single,100_days_or_more,constructed_qc_fail,True,6,253
host_group_stratified,1,train,0,single,100_days_or_more,constructed_qc_pass,True,247,253
host_group_stratified,1,train,0,single,10_to_lt100_days,constructed_qc_fail,True,34,636
host_group_stratified,1,train,0,single,10_to_lt100_days,constructed_qc_pass,True,602,636
host_group_stratified,1,train,1,multiple,0_to_lt10_days,constructed_qc_fail,True,10,383
host_group_stratified,1,train,1,multiple,0_to_lt10_days,constructed_qc_pass,True,373,383
host_group_stratified,1,train,1,multiple,100_days_or_more,constructed_qc_pass,True,40,40
host_group_stratified,1,train,1,multiple,10_to_lt100_days,constructed_qc_fail,True,5,439
host_group_stratified,1,train,1,multiple,10_to_lt100_days,constructed_qc_pass,True,434,439
host_group_stratified,1,train,1,single,0_to_lt10_days,constructed_qc_fail,True,7,467
host_group_stratified,1,train,1,single,0_to_lt10_days,constructed_qc_pass,True,460,467
host_group_stratified,1,train,1,single,100_days_or_more,constructed_qc_pass,True,68,68
host_group_stratified,1,train,1,single,10_to_lt100_days,constructed_qc_fail,True,5,476
host_group_stratified,1,train,1,single,10_to_lt100_days,constructed_qc_pass,True,471,476
host_group_stratified,1,validation,0,multiple,0_to_lt10_days,constructed_qc_pass,True,11,11
host_group_stratified,1,validation,0,multiple,100_days_or_more,constructed_qc_pass,True,1,1
host_group_stratified,1,validation,0,multiple,10_to_lt100_days,constructed_qc_pass,True,11,11
host_group_stratified,1,validation,0,single,0_to_lt10_days,constructed_qc_fail,True,24,375
host_group_stratified,1,validation,0,single,0_to_lt10_days,constructed_qc_pass,True,351,375
host_group_stratified,1,validation,0,single,100_days_or_more,constructed_qc_fail,True,6,58
host_group_stratified,1,validation,0,single,100_days_or_more,constructed_qc_pass,True,52,58
host_group_stratified,1,validation,0,single,10_to_lt100_days,constructed_qc_fail,True,10,139
host_group_stratified,1,validation,0,single,10_to_lt100_days,constructed_qc_pass,True,129,139
host_group_stratified,1,validation,1,multiple,0_to_lt10_days,constructed_qc_fail,True,1,90
host_group_stratified,1,validation,1,multiple,0_to_lt10_days,constructed_qc_pass,True,89,90
host_group_stratified,1,validation,1,multiple,100_days_or_more,constructed_qc_pass,True,13,13
host_group_stratified,1,validation,1,multiple,10_to_lt100_days,constructed_qc_fail,True,1,84
host_group_stratified,1,validation,1,multiple,10_to_lt100_days,constructed_qc_pass,True,83,84
host_group_stratified,1,validation,1,single,0_to_lt10_days,constructed_qc_pass,True,96,96
host_group_stratified,1,validation,1,single,100_days_or_more,constructed_qc_fail,True,1,12
host_group_stratified,1,validation,1,single,100_days_or_more,constructed_qc_pass,True,11,12
host_group_stratified,1,validation,1,single,10_to_lt100_days,constructed_qc_fail,True,1,106
host_group_stratified,1,validation,1,single,10_to_lt100_days,constructed_qc_pass,True,105,106
host_group_stratified,2,test,0,multiple,0_to_lt10_days,constructed_qc_pass,True,8,8
host_group_stratified,2,test,0,multiple,100_days_or_more,constructed_qc_pass,True,8,8
host_group_stratified,2,test,0,multiple,10_to_lt100_days,constructed_qc_pass,True,9,9
host_group_stratified,2,test,0,single,0_to_lt10_days,constructed_qc_fail,True,26,370
host_group_stratified,2,test,0,single,0_to_lt10_days,constructed_qc_pass,True,344,370
host_group_stratified,2,test,0,single,100_days_or_more,constructed_qc_fail,True,3,56
host_group_stratified,2,test,0,single,100_days_or_more,constructed_qc_pass,True,53,56
host_group_stratified,2,test,0,single,10_to_lt100_days,constructed_qc_fail,True,8,143
host_group_stratified,2,test,0,single,10_to_lt100_days,constructed_qc_pass,True,135,143
host_group_stratified,2,test,1,multiple,0_to_lt10_days,constructed_qc_pass,True,82,82
host_group_stratified,2,test,1,multiple,100_days_or_more,constructed_qc_pass,True,9,9
host_group_stratified,2,test,1,multiple,10_to_lt100_days,constructed_qc_pass,True,94,94
host_group_stratified,2,test,1,single,0_to_lt10_days,constructed_qc_fail,True,1,106
host_group_stratified,2,test,1,single,0_to_lt10_days,constructed_qc_pass,True,105,106
host_group_stratified,2,test,1,single,100_days_or_more,constructed_qc_fail,True,1,9
host_group_stratified,2,test,1,single,100_days_or_more,constructed_qc_pass,True,8,9
host_group_stratified,2,test,1,single,10_to_lt100_days,constructed_qc_fail,True,1,100
host_group_stratified,2,test,1,single,10_to_lt100_days,constructed_qc_pass,True,99,100
host_group_stratified,2,train,0,multiple,0_to_lt10_days,constructed_qc_fail,True,3,54
host_group_stratified,2,train,0,multiple,0_to_lt10_days,constructed_qc_pass,True,51,54
host_group_stratified,2,train,0,multiple,100_days_or_more,constructed_qc_fail,True,2,18
host_group_stratified,2,train,0,multiple,100_days_or_more,constructed_qc_pass,True,16,18
host_group_stratified,2,train,0,multiple,10_to_lt100_days,constructed_qc_fail,True,1,40
host_group_stratified,2,train,0,multiple,10_to_lt100_days,constructed_qc_pass,True,39,40
host_group_stratified,2,train,0,single,0_to_lt10_days,constructed_qc_fail,True,133,1792
host_group_stratified,2,train,0,single,0_to_lt10_days,constructed_qc_pass,True,1659,1792
host_group_stratified,2,train,0,single,100_days_or_more,constructed_qc_fail,True,8,252
host_group_stratified,2,train,0,single,100_days_or_more,constructed_qc_pass,True,244,252
host_group_stratified,2,train,0,single,10_to_lt100_days,constructed_qc_fail,True,34,619
host_group_stratified,2,train,0,single,10_to_lt100_days,constructed_qc_pass,True,585,619
host_group_stratified,2,train,1,multiple,0_to_lt10_days,constructed_qc_fail,True,11,396
host_group_stratified,2,train,1,multiple,0_to_lt10_days,constructed_qc_pass,True,385,396
host_group_stratified,2,train,1,multiple,100_days_or_more,constructed_qc_pass,True,44,44
host_group_stratified,2,train,1,multiple,10_to_lt100_days,constructed_qc_fail,True,6,426
host_group_stratified,2,train,1,multiple,10_to_lt100_days,constructed_qc_pass,True,420,426
host_group_stratified,2,train,1,single,0_to_lt10_days,constructed_qc_fail,True,8,468
host_group_stratified,2,train,1,single,0_to_lt10_days,constructed_qc_pass,True,460,468
host_group_stratified,2,train,1,single,100_days_or_more,constructed_qc_pass,True,56,56
host_group_stratified,2,train,1,single,10_to_lt100_days,constructed_qc_fail,True,4,484
host_group_stratified,2,train,1,single,10_to_lt100_days,constructed_qc_pass,True,480,484
host_group_stratified,2,validation,0,multiple,0_to_lt10_days,constructed_qc_fail,True,1,10
host_group_stratified,2,validation,0,multiple,0_to_lt10_days,constructed_qc_pass,True,9,10
host_group_stratified,2,validation,0,multiple,100_days_or_more,constructed_qc_pass,True,6,6
host_group_stratified,2,validation,0,multiple,10_to_lt100_days,constructed_qc_fail,True,1,6
host_group_stratified,2,validation,0,multiple,10_to_lt100_days,constructed_qc_pass,True,5,6
host_group_stratified,2,validation,0,single,0_to_lt10_days,constructed_qc_fail,True,20,384
host_group_stratified,2,validation,0,single,0_to_lt10_days,constructed_qc_pass,True,364,384
host_group_stratified,2,validation,0,single,100_days_or_more,constructed_qc_fail,True,2,61
host_group_stratified,2,validation,0,single,100_days_or_more,constructed_qc_pass,True,59,61
host_group_stratified,2,validation,0,single,10_to_lt100_days,constructed_qc_fail,True,5,127
host_group_stratified,2,validation,0,single,10_to_lt100_days,constructed_qc_pass,True,122,127
host_group_stratified,2,validation,1,multiple,0_to_lt10_days,constructed_qc_fail,True,1,82
host_group_stratified,2,validation,1,multiple,0_to_lt10_days,constructed_qc_pass,True,81,82
host_group_stratified,2,validation,1,multiple,100_days_or_more,constructed_qc_pass,True,9,9
host_group_stratified,2,validation,1,multiple,10_to_lt100_days,constructed_qc_pass,True,94,94
host_group_stratified,2,validation,1,single,0_to_lt10_days,constructed_qc_fail,True,2,101
host_group_stratified,2,validation,1,single,0_to_lt10_days,constructed_qc_pass,True,99,101
host_group_stratified,2,validation,1,single,100_days_or_more,constructed_qc_pass,True,18,18
host_group_stratified,2,validation,1,single,10_to_lt100_days,constructed_qc_fail,True,1,96
host_group_stratified,2,validation,1,single,10_to_lt100_days,constructed_qc_pass,True,95,96
host_group_stratified,3,test,0,multiple,0_to_lt10_days,constructed_qc_pass,True,10,10
host_group_stratified,3,test,0,multiple,100_days_or_more,constructed_qc_pass,True,6,6
host_group_stratified,3,test,0,multiple,10_to_lt100_days,constructed_qc_pass,True,6,6
host_group_stratified,3,test,0,single,0_to_lt10_days,constructed_qc_fail,True,25,374
host_group_stratified,3,test,0,single,0_to_lt10_days,constructed_qc_pass,True,349,374
host_group_stratified,3,test,0,single,100_days_or_more,constructed_qc_fail,True,2,49
host_group_stratified,3,test,0,single,100_days_or_more,constructed_qc_pass,True,47,49
host_group_stratified,3,test,0,single,10_to_lt100_days,constructed_qc_fail,True,10,149
host_group_stratified,3,test,0,single,10_to_lt100_days,constructed_qc_pass,True,139,149
host_group_stratified,3,test,1,multiple,0_to_lt10_days,constructed_qc_fail,True,1,84
host_group_stratified,3,test,1,multiple,0_to_lt10_days,constructed_qc_pass,True,83,84
host_group_stratified,3,test,1,multiple,100_days_or_more,constructed_qc_pass,True,4,4
host_group_stratified,3,test,1,multiple,10_to_lt100_days,constructed_qc_pass,True,94,94
host_group_stratified,3,test,1,single,0_to_lt10_days,constructed_qc_fail,True,2,115
host_group_stratified,3,test,1,single,0_to_lt10_days,constructed_qc_pass,True,113,115
host_group_stratified,3,test,1,single,100_days_or_more,constructed_qc_pass,True,11,11
host_group_stratified,3,test,1,single,10_to_lt100_days,constructed_qc_pass,True,93,93
host_group_stratified,3,train,0,multiple,0_to_lt10_days,constructed_qc_fail,True,3,51
host_group_stratified,3,train,0,multiple,0_to_lt10_days,constructed_qc_pass,True,48,51
host_group_stratified,3,train,0,multiple,100_days_or_more,constructed_qc_fail,True,2,22
host_group_stratified,3,train,0,multiple,100_days_or_more,constructed_qc_pass,True,20,22
host_group_stratified,3,train,0,multiple,10_to_lt100_days,constructed_qc_fail,True,2,40
host_group_stratified,3,train,0,multiple,10_to_lt100_days,constructed_qc_pass,True,38,40
host_group_stratified,3,train,0,single,0_to_lt10_days,constructed_qc_fail,True,128,1785
host_group_stratified,3,train,0,single,0_to_lt10_days,constructed_qc_pass,True,1657,1785
host_group_stratified,3,train,0,single,100_days_or_more,constructed_qc_fail,True,8,251
host_group_stratified,3,train,0,single,100_days_or_more,constructed_qc_pass,True,243,251
host_group_stratified,3,train,0,single,10_to_lt100_days,constructed_qc_fail,True,35,626
host_group_stratified,3,train,0,single,10_to_lt100_days,constructed_qc_pass,True,591,626
host_group_stratified,3,train,1,multiple,0_to_lt10_days,constructed_qc_fail,True,7,384
host_group_stratified,3,train,1,multiple,0_to_lt10_days,constructed_qc_pass,True,377,384
host_group_stratified,3,train,1,multiple,100_days_or_more,constructed_qc_pass,True,49,49
host_group_stratified,3,train,1,multiple,10_to_lt100_days,constructed_qc_fail,True,3,435
host_group_stratified,3,train,1,multiple,10_to_lt100_days,constructed_qc_pass,True,432,435
host_group_stratified,3,train,1,single,0_to_lt10_days,constructed_qc_fail,True,5,467
host_group_stratified,3,train,1,single,0_to_lt10_days,constructed_qc_pass,True,462,467
host_group_stratified,3,train,1,single,100_days_or_more,constructed_qc_fail,True,1,63
host_group_stratified,3,train,1,single,100_days_or_more,constructed_qc_pass,True,62,63
host_group_stratified,3,train,1,single,10_to_lt100_days,constructed_qc_fail,True,6,475
host_group_stratified,3,train,1,single,10_to_lt100_days,constructed_qc_pass,True,469,475
host_group_stratified,3,validation,0,multiple,0_to_lt10_days,constructed_qc_fail,True,1,11
host_group_stratified,3,validation,0,multiple,0_to_lt10_days,constructed_qc_pass,True,10,11
host_group_stratified,3,validation,0,multiple,100_days_or_more,constructed_qc_pass,True,4,4
host_group_stratified,3,validation,0,multiple,10_to_lt100_days,constructed_qc_pass,True,9,9
host_group_stratified,3,validation,0,single,0_to_lt10_days,constructed_qc_fail,True,26,387
host_group_stratified,3,validation,0,single,0_to_lt10_days,constructed_qc_pass,True,361,387
host_group_stratified,3,validation,0,single,100_days_or_more,constructed_qc_fail,True,3,69
host_group_stratified,3,validation,0,single,100_days_or_more,constructed_qc_pass,True,66,69
host_group_stratified,3,validation,0,single,10_to_lt100_days,constructed_qc_fail,True,2,114
host_group_stratified,3,validation,0,single,10_to_lt100_days,constructed_qc_pass,True,112,114
host_group_stratified,3,validation,1,multiple,0_to_lt10_days,constructed_qc_fail,True,4,92
host_group_stratified,3,validation,1,multiple,0_to_lt10_days,constructed_qc_pass,True,88,92
host_group_stratified,3,validation,1,multiple,100_days_or_more,constructed_qc_pass,True,9,9
host_group_stratified,3,validation,1,multiple,10_to_lt100_days,constructed_qc_fail,True,3,85
host_group_stratified,3,validation,1,multiple,10_to_lt100_days,constructed_qc_pass,True,82,85
host_group_stratified,3,validation,1,single,0_to_lt10_days,constructed_qc_fail,True,4,93
host_group_stratified,3,validation,1,single,0_to_lt10_days,constructed_qc_pass,True,89,93
host_group_stratified,3,validation,1,single,100_days_or_more,constructed_qc_pass,True,9,9
host_group_stratified,3,validation,1,single,10_to_lt100_days,constructed_qc_pass,True,112,112
host_group_stratified,4,test,0,multiple,0_to_lt10_days,constructed_qc_pass,True,9,9
host_group_stratified,4,test,0,multiple,100_days_or_more,constructed_qc_pass,True,3,3
host_group_stratified,4,test,0,multiple,10_to_lt100_days,constructed_qc_pass,True,9,9
host_group_stratified,4,test,0,single,0_to_lt10_days,constructed_qc_fail,True,26,406
host_group_stratified,4,test,0,single,0_to_lt10_days,constructed_qc_pass,True,380,406
host_group_stratified,4,test,0,single,100_days_or_more,constructed_qc_fail,True,1,55
host_group_stratified,4,test,0,single,100_days_or_more,constructed_qc_pass,True,54,55
host_group_stratified,4,test,0,single,10_to_lt100_days,constructed_qc_fail,True,6,112
host_group_stratified,4,test,0,single,10_to_lt100_days,constructed_qc_pass,True,106,112
host_group_stratified,4,test,1,multiple,0_to_lt10_days,constructed_qc_pass,True,90,90
host_group_stratified,4,test,1,multiple,100_days_or_more,constructed_qc_pass,True,8,8
host_group_stratified,4,test,1,multiple,10_to_lt100_days,constructed_qc_pass,True,86,86
host_group_stratified,4,test,1,single,0_to_lt10_days,constructed_qc_fail,True,5,100
host_group_stratified,4,test,1,single,0_to_lt10_days,constructed_qc_pass,True,95,100
host_group_stratified,4,test,1,single,100_days_or_more,constructed_qc_pass,True,14,14
host_group_stratified,4,test,1,single,10_to_lt100_days,constructed_qc_fail,True,2,103
host_group_stratified,4,test,1,single,10_to_lt100_days,constructed_qc_pass,True,101,103
host_group_stratified,4,train,0,multiple,0_to_lt10_days,constructed_qc_fail,True,4,51
host_group_stratified,4,train,0,multiple,0_to_lt10_days,constructed_qc_pass,True,47,51
host_group_stratified,4,train,0,multiple,100_days_or_more,constructed_qc_pass,True,25,25
host_group_stratified,4,train,0,multiple,10_to_lt100_days,constructed_qc_fail,True,2,38
host_group_stratified,4,train,0,multiple,10_to_lt100_days,constructed_qc_pass,True,36,38
host_group_stratified,4,train,0,single,0_to_lt10_days,constructed_qc_fail,True,121,1755
host_group_stratified,4,train,0,single,0_to_lt10_days,constructed_qc_pass,True,1634,1755
host_group_stratified,4,train,0,single,100_days_or_more,constructed_qc_fail,True,11,257
host_group_stratified,4,train,0,single,100_days_or_more,constructed_qc_pass,True,246,257
host_group_stratified,4,train,0,single,10_to_lt100_days,constructed_qc_fail,True,34,648
host_group_stratified,4,train,0,single,10_to_lt100_days,constructed_qc_pass,True,614,648
host_group_stratified,4,train,1,multiple,0_to_lt10_days,constructed_qc_fail,True,12,380
host_group_stratified,4,train,1,multiple,0_to_lt10_days,constructed_qc_pass,True,368,380
host_group_stratified,4,train,1,multiple,100_days_or_more,constructed_qc_pass,True,42,42
host_group_stratified,4,train,1,multiple,10_to_lt100_days,constructed_qc_fail,True,6,442
host_group_stratified,4,train,1,multiple,10_to_lt100_days,constructed_qc_pass,True,436,442
host_group_stratified,4,train,1,single,0_to_lt10_days,constructed_qc_fail,True,4,471
host_group_stratified,4,train,1,single,0_to_lt10_days,constructed_qc_pass,True,467,471
host_group_stratified,4,train,1,single,100_days_or_more,constructed_qc_fail,True,1,60
host_group_stratified,4,train,1,single,100_days_or_more,constructed_qc_pass,True,59,60
host_group_stratified,4,train,1,single,10_to_lt100_days,constructed_qc_fail,True,4,477
host_group_stratified,4,train,1,single,10_to_lt100_days,constructed_qc_pass,True,473,477
host_group_stratified,4,validation,0,multiple,0_to_lt10_days,constructed_qc_pass,True,12,12
host_group_stratified,4,validation,0,multiple,100_days_or_more,constructed_qc_fail,True,2,4
host_group_stratified,4,validation,0,multiple,100_days_or_more,constructed_qc_pass,True,2,4
host_group_stratified,4,validation,0,multiple,10_to_lt100_days,constructed_qc_pass,True,8,8
host_group_stratified,4,validation,0,single,0_to_lt10_days,constructed_qc_fail,True,32,385
host_group_stratified,4,validation,0,single,0_to_lt10_days,constructed_qc_pass,True,353,385
host_group_stratified,4,validation,0,single,100_days_or_more,constructed_qc_fail,True,1,57
host_group_stratified,4,validation,0,single,100_days_or_more,constructed_qc_pass,True,56,57
host_group_stratified,4,validation,0,single,10_to_lt100_days,constructed_qc_fail,True,7,129
host_group_stratified,4,validation,0,single,10_to_lt100_days,constructed_qc_pass,True,122,129
host_group_stratified,4,validation,1,multiple,0_to_lt10_days,constructed_qc_pass,True,90,90
host_group_stratified,4,validation,1,multiple,100_days_or_more,constructed_qc_pass,True,12,12
host_group_stratified,4,validation,1,multiple,10_to_lt100_days,constructed_qc_pass,True,86,86
host_group_stratified,4,validation,1,single,0_to_lt10_days,constructed_qc_fail,True,2,104
host_group_stratified,4,validation,1,single,0_to_lt10_days,constructed_qc_pass,True,102,104
host_group_stratified,4,validation,1,single,100_days_or_more,constructed_qc_pass,True,9,9
host_group_stratified,4,validation,1,single,10_to_lt100_days,constructed_qc_pass,True,100,100
host_group_stratified,5,test,0,multiple,0_to_lt10_days,constructed_qc_pass,True,8,8
host_group_stratified,5,test,0,multiple,100_days_or_more,constructed_qc_pass,True,9,9
host_group_stratified,5,test,0,multiple,10_to_lt100_days,constructed_qc_pass,True,9,9
host_group_stratified,5,test,0,single,0_to_lt10_days,constructed_qc_fail,True,27,382
host_group_stratified,5,test,0,single,0_to_lt10_days,constructed_qc_pass,True,355,382
host_group_stratified,5,test,0,single,100_days_or_more,constructed_qc_fail,True,1,47
host_group_stratified,5,test,0,single,100_days_or_more,constructed_qc_pass,True,46,47
host_group_stratified,5,test,0,single,10_to_lt100_days,constructed_qc_fail,True,8,140
host_group_stratified,5,test,0,single,10_to_lt100_days,constructed_qc_pass,True,132,140
host_group_stratified,5,test,1,multiple,0_to_lt10_days,constructed_qc_pass,True,68,68
host_group_stratified,5,test,1,multiple,100_days_or_more,constructed_qc_pass,True,10,10
host_group_stratified,5,test,1,multiple,10_to_lt100_days,constructed_qc_pass,True,112,112
host_group_stratified,5,test,1,single,0_to_lt10_days,constructed_qc_fail,True,1,93
host_group_stratified,5,test,1,single,0_to_lt10_days,constructed_qc_pass,True,92,93
host_group_stratified,5,test,1,single,100_days_or_more,constructed_qc_fail,True,1,18
host_group_stratified,5,test,1,single,100_days_or_more,constructed_qc_pass,True,17,18
host_group_stratified,5,test,1,single,10_to_lt100_days,constructed_qc_fail,True,1,100
host_group_stratified,5,test,1,single,10_to_lt100_days,constructed_qc_pass,True,99,100
host_group_stratified,5,train,0,multiple,0_to_lt10_days,constructed_qc_fail,True,4,56
host_group_stratified,5,train,0,multiple,0_to_lt10_days,constructed_qc_pass,True,52,56
host_group_stratified,5,train,0,multiple,100_days_or_more,constructed_qc_fail,True,2,19
host_group_stratified,5,train,0,multiple,100_days_or_more,constructed_qc_pass,True,17,19
host_group_stratified,5,train,0,multiple,10_to_lt100_days,constructed_qc_fail,True,2,36
host_group_stratified,5,train,0,multiple,10_to_lt100_days,constructed_qc_pass,True,34,36
host_group_stratified,5,train,0,single,0_to_lt10_days,constructed_qc_fail,True,121,1772
host_group_stratified,5,train,0,single,0_to_lt10_days,constructed_qc_pass,True,1651,1772
host_group_stratified,5,train,0,single,100_days_or_more,constructed_qc_fail,True,11,262
host_group_stratified,5,train,0,single,100_days_or_more,constructed_qc_pass,True,251,262
host_group_stratified,5,train,0,single,10_to_lt100_days,constructed_qc_fail,True,33,628
host_group_stratified,5,train,0,single,10_to_lt100_days,constructed_qc_pass,True,595,628
host_group_stratified,5,train,1,multiple,0_to_lt10_days,constructed_qc_fail,True,9,406
host_group_stratified,5,train,1,multiple,0_to_lt10_days,constructed_qc_pass,True,397,406
host_group_stratified,5,train,1,multiple,100_days_or_more,constructed_qc_pass,True,41,41
host_group_stratified,5,train,1,multiple,10_to_lt100_days,constructed_qc_fail,True,6,417
host_group_stratified,5,train,1,multiple,10_to_lt100_days,constructed_qc_pass,True,411,417
host_group_stratified,5,train,1,single,0_to_lt10_days,constructed_qc_fail,True,8,479
host_group_stratified,5,train,1,single,0_to_lt10_days,constructed_qc_pass,True,471,479
host_group_stratified,5,train,1,single,100_days_or_more,constructed_qc_pass,True,60,60
host_group_stratified,5,train,1,single,10_to_lt100_days,constructed_qc_fail,True,5,470
host_group_stratified,5,train,1,single,10_to_lt100_days,constructed_qc_pass,True,465,470
host_group_stratified,5,validation,0,multiple,0_to_lt10_days,constructed_qc_pass,True,8,8
host_group_stratified,5,validation,0,multiple,100_days_or_more,constructed_qc_pass,True,4,4
host_group_stratified,5,validation,0,multiple,10_to_lt100_days,constructed_qc_pass,True,10,10
host_group_stratified,5,validation,0,single,0_to_lt10_days,constructed_qc_fail,True,31,392
host_group_stratified,5,validation,0,single,0_to_lt10_days,constructed_qc_pass,True,361,392
host_group_stratified,5,validation,0,single,100_days_or_more,constructed_qc_fail,True,1,60
host_group_stratified,5,validation,0,single,100_days_or_more,constructed_qc_pass,True,59,60
host_group_stratified,5,validation,0,single,10_to_lt100_days,constructed_qc_fail,True,6,121
host_group_stratified,5,validation,0,single,10_to_lt100_days,constructed_qc_pass,True,115,121
host_group_stratified,5,validation,1,multiple,0_to_lt10_days,constructed_qc_fail,True,3,86
host_group_stratified,5,validation,1,multiple,0_to_lt10_days,constructed_qc_pass,True,83,86
host_group_stratified,5,validation,1,multiple,100_days_or_more,constructed_qc_pass,True,11,11
host_group_stratified,5,validation,1,multiple,10_to_lt100_days,constructed_qc_pass,True,85,85
host_group_stratified,5,validation,1,single,0_to_lt10_days,constructed_qc_fail,True,2,103
host_group_stratified,5,validation,1,single,0_to_lt10_days,constructed_qc_pass,True,101,103
host_group_stratified,5,validation,1,single,100_days_or_more,constructed_qc_pass,True,5,5
host_group_stratified,5,validation,1,single,10_to_lt100_days,constructed_qc_pass,True,110,110
host_group_stratified,6,test,0,multiple,0_to_lt10_days,constructed_qc_fail,True,1,14
host_group_stratified,6,test,0,multiple,0_to_lt10_days,constructed_qc_pass,True,13,14
host_group_stratified,6,test,0,multiple,100_days_or_more,constructed_qc_pass,True,2,2
host_group_stratified,6,test,0,multiple,10_to_lt100_days,constructed_qc_pass,True,13,13
host_group_stratified,6,test,0,single,0_to_lt10_days,constructed_qc_fail,True,27,376
host_group_stratified,6,test,0,single,0_to_lt10_days,constructed_qc_pass,True,349,376
host_group_stratified,6,test,0,single,100_days_or_more,constructed_qc_fail,True,4,58
host_group_stratified,6,test,0,single,100_days_or_more,constructed_qc_pass,True,54,58
host_group_stratified,6,test,0,single,10_to_lt100_days,constructed_qc_fail,True,7,131
host_group_stratified,6,test,0,single,10_to_lt100_days,constructed_qc_pass,True,124,131
host_group_stratified,6,test,1,multiple,0_to_lt10_days,constructed_qc_fail,True,6,88
host_group_stratified,6,test,1,multiple,0_to_lt10_days,constructed_qc_pass,True,82,88
host_group_stratified,6,test,1,multiple,100_days_or_more,constructed_qc_pass,True,12,12
host_group_stratified,6,test,1,multiple,10_to_lt100_days,constructed_qc_fail,True,3,95
host_group_stratified,6,test,1,multiple,10_to_lt100_days,constructed_qc_pass,True,92,95
host_group_stratified,6,test,1,single,0_to_lt10_days,constructed_qc_fail,True,3,95
host_group_stratified,6,test,1,single,0_to_lt10_days,constructed_qc_pass,True,92,95
host_group_stratified,6,test,1,single,100_days_or_more,constructed_qc_pass,True,12,12
host_group_stratified,6,test,1,single,10_to_lt100_days,constructed_qc_fail,True,2,98
host_group_stratified,6,test,1,single,10_to_lt100_days,constructed_qc_pass,True,96,98
host_group_stratified,6,train,0,multiple,0_to_lt10_days,constructed_qc_fail,True,3,46
host_group_stratified,6,train,0,multiple,0_to_lt10_days,constructed_qc_pass,True,43,46
host_group_stratified,6,train,0,multiple,100_days_or_more,constructed_qc_fail,True,2,27
host_group_stratified,6,train,0,multiple,100_days_or_more,constructed_qc_pass,True,25,27
host_group_stratified,6,train,0,multiple,10_to_lt100_days,constructed_qc_fail,True,2,35
host_group_stratified,6,train,0,multiple,10_to_lt100_days,constructed_qc_pass,True,33,35
host_group_stratified,6,train,0,single,0_to_lt10_days,constructed_qc_fail,True,122,1793
host_group_stratified,6,train,0,single,0_to_lt10_days,constructed_qc_pass,True,1671,1793
host_group_stratified,6,train,0,single,100_days_or_more,constructed_qc_fail,True,9,253
host_group_stratified,6,train,0,single,100_days_or_more,constructed_qc_pass,True,244,253
host_group_stratified,6,train,0,single,10_to_lt100_days,constructed_qc_fail,True,34,621
host_group_stratified,6,train,0,single,10_to_lt100_days,constructed_qc_pass,True,587,621
host_group_stratified,6,train,1,multiple,0_to_lt10_days,constructed_qc_fail,True,1,394
host_group_stratified,6,train,1,multiple,0_to_lt10_days,constructed_qc_pass,True,393,394
host_group_stratified,6,train,1,multiple,100_days_or_more,constructed_qc_pass,True,42,42
host_group_stratified,6,train,1,multiple,10_to_lt100_days,constructed_qc_fail,True,3,423
host_group_stratified,6,train,1,multiple,10_to_lt100_days,constructed_qc_pass,True,420,423
host_group_stratified,6,train,1,single,0_to_lt10_days,constructed_qc_fail,True,7,486
host_group_stratified,6,train,1,single,0_to_lt10_days,constructed_qc_pass,True,479,486
host_group_stratified,6,train,1,single,100_days_or_more,constructed_qc_fail,True,1,62
host_group_stratified,6,train,1,single,100_days_or_more,constructed_qc_pass,True,61,62
host_group_stratified,6,train,1,single,10_to_lt100_days,constructed_qc_fail,True,4,466
host_group_stratified,6,train,1,single,10_to_lt100_days,constructed_qc_pass,True,462,466
host_group_stratified,6,validation,0,multiple,0_to_lt10_days,constructed_qc_pass,True,12,12
host_group_stratified,6,validation,0,multiple,100_days_or_more,constructed_qc_pass,True,3,3
host_group_stratified,6,validation,0,multiple,10_to_lt100_days,constructed_qc_pass,True,7,7
host_group_stratified,6,validation,0,single,0_to_lt10_days,constructed_qc_fail,True,30,377
host_group_stratified,6,validation,0,single,0_to_lt10_days,constructed_qc_pass,True,347,377
host_group_stratified,6,validation,0,single,100_days_or_more,constructed_qc_pass,True,58,58
host_group_stratified,6,validation,0,single,10_to_lt100_days,constructed_qc_fail,True,6,137
host_group_stratified,6,validation,0,single,10_to_lt100_days,constructed_qc_pass,True,131,137
host_group_stratified,6,validation,1,multiple,0_to_lt10_days,constructed_qc_fail,True,5,78
host_group_stratified,6,validation,1,multiple,0_to_lt10_days,constructed_qc_pass,True,73,78
host_group_stratified,6,validation,1,multiple,100_days_or_more,constructed_qc_pass,True,8,8
host_group_stratified,6,validation,1,multiple,10_to_lt100_days,constructed_qc_pass,True,96,96
host_group_stratified,6,validation,1,single,0_to_lt10_days,constructed_qc_fail,True,1,94
host_group_stratified,6,validation,1,single,0_to_lt10_days,constructed_qc_pass,True,93,94
host_group_stratified,6,validation,1,single,100_days_or_more,constructed_qc_pass,True,9,9
host_group_stratified,6,validation,1,single,10_to_lt100_days,constructed_qc_pass,True,116,116
host_group_stratified,7,test,0,multiple,0_to_lt10_days,constructed_qc_pass,True,14,14
host_group_stratified,7,test,0,multiple,100_days_or_more,constructed_qc_pass,True,9,9
host_group_stratified,7,test,0,multiple,10_to_lt100_days,constructed_qc_pass,True,7,7
host_group_stratified,7,test,0,single,0_to_lt10_days,constructed_qc_fail,True,30,374
host_group_stratified,7,test,0,single,0_to_lt10_days,constructed_qc_pass,True,344,374
host_group_stratified,7,test,0,single,100_days_or_more,constructed_qc_fail,True,5,44
host_group_stratified,7,test,0,single,100_days_or_more,constructed_qc_pass,True,39,44
host_group_stratified,7,test,0,single,10_to_lt100_days,constructed_qc_fail,True,8,147
host_group_stratified,7,test,0,single,10_to_lt100_days,constructed_qc_pass,True,139,147
host_group_stratified,7,test,1,multiple,0_to_lt10_days,constructed_qc_fail,True,1,81
host_group_stratified,7,test,1,multiple,0_to_lt10_days,constructed_qc_pass,True,80,81
host_group_stratified,7,test,1,multiple,100_days_or_more,constructed_qc_pass,True,12,12
host_group_stratified,7,test,1,multiple,10_to_lt100_days,constructed_qc_fail,True,1,97
host_group_stratified,7,test,1,multiple,10_to_lt100_days,constructed_qc_pass,True,96,97
host_group_stratified,7,test,1,single,0_to_lt10_days,constructed_qc_fail,True,1,88
host_group_stratified,7,test,1,single,0_to_lt10_days,constructed_qc_pass,True,87,88
host_group_stratified,7,test,1,single,100_days_or_more,constructed_qc_pass,True,14,14
host_group_stratified,7,test,1,single,10_to_lt100_days,constructed_qc_pass,True,109,109
host_group_stratified,7,train,0,multiple,0_to_lt10_days,constructed_qc_fail,True,3,45
host_group_stratified,7,train,0,multiple,0_to_lt10_days,constructed_qc_pass,True,42,45
host_group_stratified,7,train,0,multiple,100_days_or_more,constructed_qc_fail,True,2,23
host_group_stratified,7,train,0,multiple,100_days_or_more,constructed_qc_pass,True,21,23
host_group_stratified,7,train,0,multiple,10_to_lt100_days,constructed_qc_fail,True,2,40
host_group_stratified,7,train,0,multiple,10_to_lt100_days,constructed_qc_pass,True,38,40
host_group_stratified,7,train,0,single,0_to_lt10_days,constructed_qc_fail,True,126,1811
host_group_stratified,7,train,0,single,0_to_lt10_days,constructed_qc_pass,True,1685,1811
host_group_stratified,7,train,0,single,100_days_or_more,constructed_qc_fail,True,7,259
host_group_stratified,7,train,0,single,100_days_or_more,constructed_qc_pass,True,252,259
host_group_stratified,7,train,0,single,10_to_lt100_days,constructed_qc_fail,True,31,597
host_group_stratified,7,train,0,single,10_to_lt100_days,constructed_qc_pass,True,566,597
host_group_stratified,7,train,1,multiple,0_to_lt10_days,constructed_qc_fail,True,10,392
host_group_stratified,7,train,1,multiple,0_to_lt10_days,constructed_qc_pass,True,382,392
host_group_stratified,7,train,1,multiple,100_days_or_more,constructed_qc_pass,True,39,39
host_group_stratified,7,train,1,multiple,10_to_lt100_days,constructed_qc_fail,True,3,432
host_group_stratified,7,train,1,multiple,10_to_lt100_days,constructed_qc_pass,True,429,432
host_group_stratified,7,train,1,single,0_to_lt10_days,constructed_qc_fail,True,8,475
host_group_stratified,7,train,1,single,0_to_lt10_days,constructed_qc_pass,True,467,475
host_group_stratified,7,train,1,single,100_days_or_more,constructed_qc_fail,True,1,62
host_group_stratified,7,train,1,single,100_days_or_more,constructed_qc_pass,True,61,62
host_group_stratified,7,train,1,single,10_to_lt100_days,constructed_qc_fail,True,5,473
host_group_stratified,7,train,1,single,10_to_lt100_days,constructed_qc_pass,True,468,473
host_group_stratified,7,validation,0,multiple,0_to_lt10_days,constructed_qc_fail,True,1,13
host_group_stratified,7,validation,0,multiple,0_to_lt10_days,constructed_qc_pass,True,12,13
host_group_stratified,7,validation,0,multiple,10_to_lt100_days,constructed_qc_pass,True,8,8
host_group_stratified,7,validation,0,single,0_to_lt10_days,constructed_qc_fail,True,23,361
host_group_stratified,7,validation,0,single,0_to_lt10_days,constructed_qc_pass,True,338,361
host_group_stratified,7,validation,0,single,100_days_or_more,constructed_qc_fail,True,1,66
host_group_stratified,7,validation,0,single,100_days_or_more,constructed_qc_pass,True,65,66
host_group_stratified,7,validation,0,single,10_to_lt100_days,constructed_qc_fail,True,8,145
host_group_stratified,7,validation,0,single,10_to_lt100_days,constructed_qc_pass,True,137,145
host_group_stratified,7,validation,1,multiple,0_to_lt10_days,constructed_qc_fail,True,1,87
host_group_stratified,7,validation,1,multiple,0_to_lt10_days,constructed_qc_pass,True,86,87
host_group_stratified,7,validation,1,multiple,100_days_or_more,constructed_qc_pass,True,11,11
host_group_stratified,7,validation,1,multiple,10_to_lt100_days,constructed_qc_fail,True,2,85
host_group_stratified,7,validation,1,multiple,10_to_lt100_days,constructed_qc_pass,True,83,85
host_group_stratified,7,validation,1,single,0_to_lt10_days,constructed_qc_fail,True,2,112
host_group_stratified,7,validation,1,single,0_to_lt10_days,constructed_qc_pass,True,110,112
host_group_stratified,7,validation,1,single,100_days_or_more,constructed_qc_pass,True,7,7
host_group_stratified,7,validation,1,single,10_to_lt100_days,constructed_qc_fail,True,1,98
host_group_stratified,7,validation,1,single,10_to_lt100_days,constructed_qc_pass,True,97,98
host_group_stratified,8,test,0,multiple,0_to_lt10_days,constructed_qc_pass,True,10,10
host_group_stratified,8,test,0,multiple,100_days_or_more,constructed_qc_fail,True,1,3
host_group_stratified,8,test,0,multiple,100_days_or_more,constructed_qc_pass,True,2,3
host_group_stratified,8,test,0,multiple,10_to_lt100_days,constructed_qc_pass,True,8,8
host_group_stratified,8,test,0,single,0_to_lt10_days,constructed_qc_fail,True,27,382
host_group_stratified,8,test,0,single,0_to_lt10_days,constructed_qc_pass,True,355,382
host_group_stratified,8,test,0,single,100_days_or_more,constructed_qc_pass,True,44,44
host_group_stratified,8,test,0,single,10_to_lt100_days,constructed_qc_fail,True,4,146
host_group_stratified,8,test,0,single,10_to_lt100_days,constructed_qc_pass,True,142,146
host_group_stratified,8,test,1,multiple,0_to_lt10_days,constructed_qc_pass,True,74,74
host_group_stratified,8,test,1,multiple,100_days_or_more,constructed_qc_pass,True,7,7
host_group_stratified,8,test,1,multiple,10_to_lt100_days,constructed_qc_pass,True,104,104
host_group_stratified,8,test,1,single,0_to_lt10_days,constructed_qc_pass,True,106,106
host_group_stratified,8,test,1,single,100_days_or_more,constructed_qc_pass,True,12,12
host_group_stratified,8,test,1,single,10_to_lt100_days,constructed_qc_fail,True,1,97
host_group_stratified,8,test,1,single,10_to_lt100_days,constructed_qc_pass,True,96,97
host_group_stratified,8,train,0,multiple,0_to_lt10_days,constructed_qc_fail,True,2,50
host_group_stratified,8,train,0,multiple,0_to_lt10_days,constructed_qc_pass,True,48,50
host_group_stratified,8,train,0,multiple,100_days_or_more,constructed_qc_fail,True,1,29
host_group_stratified,8,train,0,multiple,100_days_or_more,constructed_qc_pass,True,28,29
host_group_stratified,8,train,0,multiple,10_to_lt100_days,constructed_qc_fail,True,1,36
host_group_stratified,8,train,0,multiple,10_to_lt100_days,constructed_qc_pass,True,35,36
host_group_stratified,8,train,0,single,0_to_lt10_days,constructed_qc_fail,True,121,1786
host_group_stratified,8,train,0,single,0_to_lt10_days,constructed_qc_pass,True,1665,1786
host_group_stratified,8,train,0,single,100_days_or_more,constructed_qc_fail,True,12,269
host_group_stratified,8,train,0,single,100_days_or_more,constructed_qc_pass,True,257,269
host_group_stratified,8,train,0,single,10_to_lt100_days,constructed_qc_fail,True,37,603
host_group_stratified,8,train,0,single,10_to_lt100_days,constructed_qc_pass,True,566,603
host_group_stratified,8,train,1,multiple,0_to_lt10_days,constructed_qc_fail,True,11,405
host_group_stratified,8,train,1,multiple,0_to_lt10_days,constructed_qc_pass,True,394,405
host_group_stratified,8,train,1,multiple,100_days_or_more,constructed_qc_pass,True,45,45
host_group_stratified,8,train,1,multiple,10_to_lt100_days,constructed_qc_fail,True,6,415
host_group_stratified,8,train,1,multiple,10_to_lt100_days,constructed_qc_pass,True,409,415
host_group_stratified,8,train,1,single,0_to_lt10_days,constructed_qc_fail,True,11,471
host_group_stratified,8,train,1,single,0_to_lt10_days,constructed_qc_pass,True,460,471
host_group_stratified,8,train,1,single,100_days_or_more,constructed_qc_fail,True,1,54
host_group_stratified,8,train,1,single,100_days_or_more,constructed_qc_pass,True,53,54
host_group_stratified,8,train,1,single,10_to_lt100_days,constructed_qc_fail,True,5,485
host_group_stratified,8,train,1,single,10_to_lt100_days,constructed_qc_pass,True,480,485
host_group_stratified,8,validation,0,multiple,0_to_lt10_days,constructed_qc_fail,True,2,12
host_group_stratified,8,validation,0,multiple,0_to_lt10_days,constructed_qc_pass,True,10,12
host_group_stratified,8,validation,0,multiple,10_to_lt100_days,constructed_qc_fail,True,1,11
host_group_stratified,8,validation,0,multiple,10_to_lt100_days,constructed_qc_pass,True,10,11
host_group_stratified,8,validation,0,single,0_to_lt10_days,constructed_qc_fail,True,31,378
host_group_stratified,8,validation,0,single,0_to_lt10_days,constructed_qc_pass,True,347,378
host_group_stratified,8,validation,0,single,100_days_or_more,constructed_qc_fail,True,1,56
host_group_stratified,8,validation,0,single,100_days_or_more,constructed_qc_pass,True,55,56
host_group_stratified,8,validation,0,single,10_to_lt100_days,constructed_qc_fail,True,6,140
host_group_stratified,8,validation,0,single,10_to_lt100_days,constructed_qc_pass,True,134,140
host_group_stratified,8,validation,1,multiple,0_to_lt10_days,constructed_qc_fail,True,1,81
host_group_stratified,8,validation,1,multiple,0_to_lt10_days,constructed_qc_pass,True,80,81
host_group_stratified,8,validation,1,multiple,100_days_or_more,constructed_qc_pass,True,10,10
host_group_stratified,8,validation,1,multiple,10_to_lt100_days,constructed_qc_pass,True,95,95
host_group_stratified,8,validation,1,single,0_to_lt10_days,constructed_qc_pass,True,98,98
host_group_stratified,8,validation,1,single,100_days_or_more,constructed_qc_pass,True,17,17
host_group_stratified,8,validation,1,single,10_to_lt100_days,constructed_qc_pass,True,98,98
host_group_stratified,9,test,0,multiple,0_to_lt10_days,constructed_qc_fail,True,2,10
host_group_stratified,9,test,0,multiple,0_to_lt10_days,constructed_qc_pass,True,8,10
host_group_stratified,9,test,0,multiple,100_days_or_more,constructed_qc_fail,True,1,4
host_group_stratified,9,test,0,multiple,100_days_or_more,constructed_qc_pass,True,3,4
host_group_stratified,9,test,0,multiple,10_to_lt100_days,constructed_qc_pass,True,10,10
host_group_stratified,9,test,0,single,0_to_lt10_days,constructed_qc_fail,True,23,379
host_group_stratified,9,test,0,single,0_to_lt10_days,constructed_qc_pass,True,356,379
host_group_stratified,9,test,0,single,100_days_or_more,constructed_qc_fail,True,3,57
host_group_stratified,9,test,0,single,100_days_or_more,constructed_qc_pass,True,54,57
host_group_stratified,9,test,0,single,10_to_lt100_days,constructed_qc_fail,True,4,134
host_group_stratified,9,test,0,single,10_to_lt100_days,constructed_qc_pass,True,130,134
host_group_stratified,9,test,1,multiple,0_to_lt10_days,constructed_qc_pass,True,73,73
host_group_stratified,9,test,1,multiple,100_days_or_more,constructed_qc_pass,True,11,11
host_group_stratified,9,test,1,multiple,10_to_lt100_days,constructed_qc_fail,True,2,100
host_group_stratified,9,test,1,multiple,10_to_lt100_days,constructed_qc_pass,True,98,100
host_group_stratified,9,test,1,single,0_to_lt10_days,constructed_qc_pass,True,96,96
host_group_stratified,9,test,1,single,100_days_or_more,constructed_qc_pass,True,15,15
host_group_stratified,9,test,1,single,10_to_lt100_days,constructed_qc_pass,True,106,106
host_group_stratified,9,train,0,multiple,0_to_lt10_days,constructed_qc_fail,True,2,48
host_group_stratified,9,train,0,multiple,0_to_lt10_days,constructed_qc_pass,True,46,48
host_group_stratified,9,train,0,multiple,100_days_or_more,constructed_qc_pass,True,24,24
host_group_stratified,9,train,0,multiple,10_to_lt100_days,constructed_qc_fail,True,1,38
host_group_stratified,9,train,0,multiple,10_to_lt100_days,constructed_qc_pass,True,37,38
host_group_stratified,9,train,0,single,0_to_lt10_days,constructed_qc_fail,True,126,1790
host_group_stratified,9,train,0,single,0_to_lt10_days,constructed_qc_pass,True,1664,1790
host_group_stratified,9,train,0,single,100_days_or_more,constructed_qc_fail,True,9,259
host_group_stratified,9,train,0,single,100_days_or_more,constructed_qc_pass,True,250,259
host_group_stratified,9,train,0,single,10_to_lt100_days,constructed_qc_fail,True,34,616
host_group_stratified,9,train,0,single,10_to_lt100_days,constructed_qc_pass,True,582,616
host_group_stratified,9,train,1,multiple,0_to_lt10_days,constructed_qc_fail,True,10,404
host_group_stratified,9,train,1,multiple,0_to_lt10_days,constructed_qc_pass,True,394,404
host_group_stratified,9,train,1,multiple,100_days_or_more,constructed_qc_pass,True,42,42
host_group_stratified,9,train,1,multiple,10_to_lt100_days,constructed_qc_pass,True,415,415
host_group_stratified,9,train,1,single,0_to_lt10_days,constructed_qc_fail,True,8,488
host_group_stratified,9,train,1,single,0_to_lt10_days,constructed_qc_pass,True,480,488
host_group_stratified,9,train,1,single,100_days_or_more,constructed_qc_fail,True,1,55
host_group_stratified,9,train,1,single,100_days_or_more,constructed_qc_pass,True,54,55
host_group_stratified,9,train,1,single,10_to_lt100_days,constructed_qc_fail,True,4,469
host_group_stratified,9,train,1,single,10_to_lt100_days,constructed_qc_pass,True,465,469
host_group_stratified,9,validation,0,multiple,0_to_lt10_days,constructed_qc_pass,True,14,14
host_group_stratified,9,validation,0,multiple,100_days_or_more,constructed_qc_fail,True,1,4
host_group_stratified,9,validation,0,multiple,100_days_or_more,constructed_qc_pass,True,3,4
host_group_stratified,9,validation,0,multiple,10_to_lt100_days,constructed_qc_fail,True,1,7
host_group_stratified,9,validation,0,multiple,10_to_lt100_days,constructed_qc_pass,True,6,7
host_group_stratified,9,validation,0,single,0_to_lt10_days,constructed_qc_fail,True,30,377
host_group_stratified,9,validation,0,single,0_to_lt10_days,constructed_qc_pass,True,347,377
host_group_stratified,9,validation,0,single,100_days_or_more,constructed_qc_fail,True,1,53
host_group_stratified,9,validation,0,single,100_days_or_more,constructed_qc_pass,True,52,53
host_group_stratified,9,validation,0,single,10_to_lt100_days,constructed_qc_fail,True,9,139
host_group_stratified,9,validation,0,single,10_to_lt100_days,constructed_qc_pass,True,130,139
host_group_stratified,9,validation,1,multiple,0_to_lt10_days,constructed_qc_fail,True,2,83
host_group_stratified,9,validation,1,multiple,0_to_lt10_days,constructed_qc_pass,True,81,83
host_group_stratified,9,validation,1,multiple,100_days_or_more,constructed_qc_pass,True,9,9
host_group_stratified,9,validation,1,multiple,10_to_lt100_days,constructed_qc_fail,True,4,99
host_group_stratified,9,validation,1,multiple,10_to_lt100_days,constructed_qc_pass,True,95,99
host_group_stratified,9,validation,1,single,0_to_lt10_days,constructed_qc_fail,True,3,91
host_group_stratified,9,validation,1,single,0_to_lt10_days,constructed_qc_pass,True,88,91
host_group_stratified,9,validation,1,single,100_days_or_more,constructed_qc_pass,True,13,13
host_group_stratified,9,validation,1,single,10_to_lt100_days,constructed_qc_fail,True,2,105
host_group_stratified,9,validation,1,single,10_to_lt100_days,constructed_qc_pass,True,103,105
object_stratified,0,test,0,multiple,0_to_lt10_days,constructed_qc_pass,True,11,11
object_stratified,0,test,0,multiple,100_days_or_more,constructed_qc_pass,True,5,5
object_stratified,0,test,0,multiple,10_to_lt100_days,constructed_qc_pass,True,14,14
object_stratified,0,test,0,single,0_to_lt10_days,constructed_qc_fail,True,29,389
object_stratified,0,test,0,single,0_to_lt10_days,constructed_qc_pass,True,360,389
object_stratified,0,test,0,single,100_days_or_more,constructed_qc_pass,True,50,50
object_stratified,0,test,0,single,10_to_lt100_days,constructed_qc_fail,True,2,125
object_stratified,0,test,0,single,10_to_lt100_days,constructed_qc_pass,True,123,125
object_stratified,0,test,1,multiple,0_to_lt10_days,constructed_qc_fail,True,1,84
object_stratified,0,test,1,multiple,0_to_lt10_days,constructed_qc_pass,True,83,84
object_stratified,0,test,1,multiple,100_days_or_more,constructed_qc_pass,True,9,9
object_stratified,0,test,1,multiple,10_to_lt100_days,constructed_qc_fail,True,2,82
object_stratified,0,test,1,multiple,10_to_lt100_days,constructed_qc_pass,True,80,82
object_stratified,0,test,1,single,0_to_lt10_days,constructed_qc_pass,True,99,99
object_stratified,0,test,1,single,100_days_or_more,constructed_qc_fail,True,1,17
object_stratified,0,test,1,single,100_days_or_more,constructed_qc_pass,True,16,17
object_stratified,0,test,1,single,10_to_lt100_days,constructed_qc_fail,True,1,108
object_stratified,0,test,1,single,10_to_lt100_days,constructed_qc_pass,True,107,108
object_stratified,0,train,0,multiple,0_to_lt10_days,constructed_qc_fail,True,3,51
object_stratified,0,train,0,multiple,0_to_lt10_days,constructed_qc_pass,True,48,51
object_stratified,0,train,0,multiple,100_days_or_more,constructed_qc_fail,True,1,23
object_stratified,0,train,0,multiple,100_days_or_more,constructed_qc_pass,True,22,23
object_stratified,0,train,0,multiple,10_to_lt100_days,constructed_qc_fail,True,1,37
object_stratified,0,train,0,multiple,10_to_lt100_days,constructed_qc_pass,True,36,37
object_stratified,0,train,0,single,0_to_lt10_days,constructed_qc_fail,True,119,1764
object_stratified,0,train,0,single,0_to_lt10_days,constructed_qc_pass,True,1645,1764
object_stratified,0,train,0,single,100_days_or_more,constructed_qc_fail,True,9,259
object_stratified,0,train,0,single,100_days_or_more,constructed_qc_pass,True,250,259
object_stratified,0,train,0,single,10_to_lt100_days,constructed_qc_fail,True,38,638
object_stratified,0,train,0,single,10_to_lt100_days,constructed_qc_pass,True,600,638
object_stratified,0,train,1,multiple,0_to_lt10_days,constructed_qc_fail,True,10,400
object_stratified,0,train,1,multiple,0_to_lt10_days,constructed_qc_pass,True,390,400
object_stratified,0,train,1,multiple,100_days_or_more,constructed_qc_pass,True,44,44
object_stratified,0,train,1,multiple,10_to_lt100_days,constructed_qc_fail,True,4,433
object_stratified,0,train,1,multiple,10_to_lt100_days,constructed_qc_pass,True,429,433
object_stratified,0,train,1,single,0_to_lt10_days,constructed_qc_fail,True,11,479
object_stratified,0,train,1,single,0_to_lt10_days,constructed_qc_pass,True,468,479
object_stratified,0,train,1,single,100_days_or_more,constructed_qc_pass,True,50,50
object_stratified,0,train,1,single,10_to_lt100_days,constructed_qc_fail,True,4,470
object_stratified,0,train,1,single,10_to_lt100_days,constructed_qc_pass,True,466,470
object_stratified,0,validation,0,multiple,0_to_lt10_days,constructed_qc_fail,True,1,10
object_stratified,0,validation,0,multiple,0_to_lt10_days,constructed_qc_pass,True,9,10
object_stratified,0,validation,0,multiple,100_days_or_more,constructed_qc_fail,True,1,4
object_stratified,0,validation,0,multiple,100_days_or_more,constructed_qc_pass,True,3,4
object_stratified,0,validation,0,multiple,10_to_lt100_days,constructed_qc_fail,True,1,4
object_stratified,0,validation,0,multiple,10_to_lt100_days,constructed_qc_pass,True,3,4
object_stratified,0,validation,0,single,0_to_lt10_days,constructed_qc_fail,True,31,393
object_stratified,0,validation,0,single,0_to_lt10_days,constructed_qc_pass,True,362,393
object_stratified,0,validation,0,single,100_days_or_more,constructed_qc_fail,True,4,60
object_stratified,0,validation,0,single,100_days_or_more,constructed_qc_pass,True,56,60
object_stratified,0,validation,0,single,10_to_lt100_days,constructed_qc_fail,True,7,126
object_stratified,0,validation,0,single,10_to_lt100_days,constructed_qc_pass,True,119,126
object_stratified,0,validation,1,multiple,0_to_lt10_days,constructed_qc_fail,True,1,76
object_stratified,0,validation,1,multiple,0_to_lt10_days,constructed_qc_pass,True,75,76
object_stratified,0,validation,1,multiple,100_days_or_more,constructed_qc_pass,True,9,9
object_stratified,0,validation,1,multiple,10_to_lt100_days,constructed_qc_pass,True,99,99
object_stratified,0,validation,1,single,0_to_lt10_days,constructed_qc_pass,True,97,97
object_stratified,0,validation,1,single,100_days_or_more,constructed_qc_pass,True,16,16
object_stratified,0,validation,1,single,10_to_lt100_days,constructed_qc_fail,True,1,102
object_stratified,0,validation,1,single,10_to_lt100_days,constructed_qc_pass,True,101,102
object_stratified,1,test,0,multiple,0_to_lt10_days,constructed_qc_fail,True,1,11
object_stratified,1,test,0,multiple,0_to_lt10_days,constructed_qc_pass,True,10,11
object_stratified,1,test,0,multiple,100_days_or_more,constructed_qc_fail,True,1,6
object_stratified,1,test,0,multiple,100_days_or_more,constructed_qc_pass,True,5,6
object_stratified,1,test,0,multiple,10_to_lt100_days,constructed_qc_pass,True,9,9
object_stratified,1,test,0,single,0_to_lt10_days,constructed_qc_fail,True,29,379
object_stratified,1,test,0,single,0_to_lt10_days,constructed_qc_pass,True,350,379
object_stratified,1,test,0,single,100_days_or_more,constructed_qc_fail,True,1,56
object_stratified,1,test,0,single,100_days_or_more,constructed_qc_pass,True,55,56
object_stratified,1,test,0,single,10_to_lt100_days,constructed_qc_fail,True,8,133
object_stratified,1,test,0,single,10_to_lt100_days,constructed_qc_pass,True,125,133
object_stratified,1,test,1,multiple,0_to_lt10_days,constructed_qc_fail,True,3,86
object_stratified,1,test,1,multiple,0_to_lt10_days,constructed_qc_pass,True,83,86
object_stratified,1,test,1,multiple,100_days_or_more,constructed_qc_pass,True,9,9
object_stratified,1,test,1,multiple,10_to_lt100_days,constructed_qc_pass,True,94,94
object_stratified,1,test,1,single,0_to_lt10_days,constructed_qc_fail,True,2,107
object_stratified,1,test,1,single,0_to_lt10_days,constructed_qc_pass,True,105,107
object_stratified,1,test,1,single,100_days_or_more,constructed_qc_pass,True,8,8
object_stratified,1,test,1,single,10_to_lt100_days,constructed_qc_pass,True,95,95
object_stratified,1,train,0,multiple,0_to_lt10_days,constructed_qc_fail,True,3,53
object_stratified,1,train,0,multiple,0_to_lt10_days,constructed_qc_pass,True,50,53
object_stratified,1,train,0,multiple,100_days_or_more,constructed_qc_fail,True,1,22
object_stratified,1,train,0,multiple,100_days_or_more,constructed_qc_pass,True,21,22
object_stratified,1,train,0,multiple,10_to_lt100_days,constructed_qc_fail,True,2,38
object_stratified,1,train,0,multiple,10_to_lt100_days,constructed_qc_pass,True,36,38
object_stratified,1,train,0,single,0_to_lt10_days,constructed_qc_fail,True,120,1803
object_stratified,1,train,0,single,0_to_lt10_days,constructed_qc_pass,True,1683,1803
object_stratified,1,train,0,single,100_days_or_more,constructed_qc_fail,True,10,245
object_stratified,1,train,0,single,100_days_or_more,constructed_qc_pass,True,235,245
object_stratified,1,train,0,single,10_to_lt100_days,constructed_qc_fail,True,31,611
object_stratified,1,train,0,single,10_to_lt100_days,constructed_qc_pass,True,580,611
object_stratified,1,train,1,multiple,0_to_lt10_days,constructed_qc_fail,True,8,382
object_stratified,1,train,1,multiple,0_to_lt10_days,constructed_qc_pass,True,374,382
object_stratified,1,train,1,multiple,100_days_or_more,constructed_qc_pass,True,42,42
object_stratified,1,train,1,multiple,10_to_lt100_days,constructed_qc_fail,True,5,438
object_stratified,1,train,1,multiple,10_to_lt100_days,constructed_qc_pass,True,433,438
object_stratified,1,train,1,single,0_to_lt10_days,constructed_qc_fail,True,8,471
object_stratified,1,train,1,single,0_to_lt10_days,constructed_qc_pass,True,463,471
object_stratified,1,train,1,single,100_days_or_more,constructed_qc_fail,True,1,65
object_stratified,1,train,1,single,100_days_or_more,constructed_qc_pass,True,64,65
object_stratified,1,train,1,single,10_to_lt100_days,constructed_qc_fail,True,5,478
object_stratified,1,train,1,single,10_to_lt100_days,constructed_qc_pass,True,473,478
object_stratified,1,validation,0,multiple,0_to_lt10_days,constructed_qc_pass,True,8,8
object_stratified,1,validation,0,multiple,100_days_or_more,constructed_qc_pass,True,4,4
object_stratified,1,validation,0,multiple,10_to_lt100_days,constructed_qc_pass,True,8,8
object_stratified,1,validation,0,single,0_to_lt10_days,constructed_qc_fail,True,30,364
object_stratified,1,validation,0,single,0_to_lt10_days,constructed_qc_pass,True,334,364
object_stratified,1,validation,0,single,100_days_or_more,constructed_qc_fail,True,2,68
object_stratified,1,validation,0,single,100_days_or_more,constructed_qc_pass,True,66,68
object_stratified,1,validation,0,single,10_to_lt100_days,constructed_qc_fail,True,8,145
object_stratified,1,validation,0,single,10_to_lt100_days,constructed_qc_pass,True,137,145
object_stratified,1,validation,1,multiple,0_to_lt10_days,constructed_qc_fail,True,1,92
object_stratified,1,validation,1,multiple,0_to_lt10_days,constructed_qc_pass,True,91,92
object_stratified,1,validation,1,multiple,100_days_or_more,constructed_qc_pass,True,11,11
object_stratified,1,validation,1,multiple,10_to_lt100_days,constructed_qc_fail,True,1,82
object_stratified,1,validation,1,multiple,10_to_lt100_days,constructed_qc_pass,True,81,82
object_stratified,1,validation,1,single,0_to_lt10_days,constructed_qc_fail,True,1,97
object_stratified,1,validation,1,single,0_to_lt10_days,constructed_qc_pass,True,96,97
object_stratified,1,validation,1,single,100_days_or_more,constructed_qc_pass,True,10,10
object_stratified,1,validation,1,single,10_to_lt100_days,constructed_qc_fail,True,1,107
object_stratified,1,validation,1,single,10_to_lt100_days,constructed_qc_pass,True,106,107
object_stratified,2,test,0,multiple,0_to_lt10_days,constructed_qc_fail,True,1,14
object_stratified,2,test,0,multiple,0_to_lt10_days,constructed_qc_pass,True,13,14
object_stratified,2,test,0,multiple,100_days_or_more,constructed_qc_fail,True,1,8
object_stratified,2,test,0,multiple,100_days_or_more,constructed_qc_pass,True,7,8
object_stratified,2,test,0,multiple,10_to_lt100_days,constructed_qc_pass,True,9,9
object_stratified,2,test,0,single,0_to_lt10_days,constructed_qc_fail,True,34,378
object_stratified,2,test,0,single,0_to_lt10_days,constructed_qc_pass,True,344,378
object_stratified,2,test,0,single,100_days_or_more,constructed_qc_pass,True,54,54
object_stratified,2,test,0,single,10_to_lt100_days,constructed_qc_fail,True,12,131
object_stratified,2,test,0,single,10_to_lt100_days,constructed_qc_pass,True,119,131
object_stratified,2,test,1,multiple,0_to_lt10_days,constructed_qc_pass,True,70,70
object_stratified,2,test,1,multiple,100_days_or_more,constructed_qc_pass,True,6,6
object_stratified,2,test,1,multiple,10_to_lt100_days,constructed_qc_pass,True,103,103
object_stratified,2,test,1,single,0_to_lt10_days,constructed_qc_fail,True,4,101
object_stratified,2,test,1,single,0_to_lt10_days,constructed_qc_pass,True,97,101
object_stratified,2,test,1,single,100_days_or_more,constructed_qc_pass,True,20,20
object_stratified,2,test,1,single,10_to_lt100_days,constructed_qc_fail,True,2,99
object_stratified,2,test,1,single,10_to_lt100_days,constructed_qc_pass,True,97,99
object_stratified,2,train,0,multiple,0_to_lt10_days,constructed_qc_fail,True,3,45
object_stratified,2,train,0,multiple,0_to_lt10_days,constructed_qc_pass,True,42,45
object_stratified,2,train,0,multiple,100_days_or_more,constructed_qc_fail,True,1,20
object_stratified,2,train,0,multiple,100_days_or_more,constructed_qc_pass,True,19,20
object_stratified,2,train,0,multiple,10_to_lt100_days,constructed_qc_fail,True,2,36
object_stratified,2,train,0,multiple,10_to_lt100_days,constructed_qc_pass,True,34,36
object_stratified,2,train,0,single,0_to_lt10_days,constructed_qc_fail,True,115,1797
object_stratified,2,train,0,single,0_to_lt10_days,constructed_qc_pass,True,1682,1797
object_stratified,2,train,0,single,100_days_or_more,constructed_qc_fail,True,11,253
object_stratified,2,train,0,single,100_days_or_more,constructed_qc_pass,True,242,253
object_stratified,2,train,0,single,10_to_lt100_days,constructed_qc_fail,True,29,621
object_stratified,2,train,0,single,10_to_lt100_days,constructed_qc_pass,True,592,621
object_stratified,2,train,1,multiple,0_to_lt10_days,constructed_qc_fail,True,9,402
object_stratified,2,train,1,multiple,0_to_lt10_days,constructed_qc_pass,True,393,402
object_stratified,2,train,1,multiple,100_days_or_more,constructed_qc_pass,True,43,43
object_stratified,2,train,1,multiple,10_to_lt100_days,constructed_qc_fail,True,4,426
object_stratified,2,train,1,multiple,10_to_lt100_days,constructed_qc_pass,True,422,426
object_stratified,2,train,1,single,0_to_lt10_days,constructed_qc_fail,True,7,471
object_stratified,2,train,1,single,0_to_lt10_days,constructed_qc_pass,True,464,471
object_stratified,2,train,1,single,100_days_or_more,constructed_qc_fail,True,1,51
object_stratified,2,train,1,single,100_days_or_more,constructed_qc_pass,True,50,51
object_stratified,2,train,1,single,10_to_lt100_days,constructed_qc_fail,True,4,483
object_stratified,2,train,1,single,10_to_lt100_days,constructed_qc_pass,True,479,483
object_stratified,2,validation,0,multiple,0_to_lt10_days,constructed_qc_pass,True,13,13
object_stratified,2,validation,0,multiple,100_days_or_more,constructed_qc_pass,True,4,4
object_stratified,2,validation,0,multiple,10_to_lt100_days,constructed_qc_pass,True,10,10
object_stratified,2,validation,0,single,0_to_lt10_days,constructed_qc_fail,True,30,371
object_stratified,2,validation,0,single,0_to_lt10_days,constructed_qc_pass,True,341,371
object_stratified,2,validation,0,single,100_days_or_more,constructed_qc_fail,True,2,62
object_stratified,2,validation,0,single,100_days_or_more,constructed_qc_pass,True,60,62
object_stratified,2,validation,0,single,10_to_lt100_days,constructed_qc_fail,True,6,137
object_stratified,2,validation,0,single,10_to_lt100_days,constructed_qc_pass,True,131,137
object_stratified,2,validation,1,multiple,0_to_lt10_days,constructed_qc_fail,True,3,88
object_stratified,2,validation,1,multiple,0_to_lt10_days,constructed_qc_pass,True,85,88
object_stratified,2,validation,1,multiple,100_days_or_more,constructed_qc_pass,True,13,13
object_stratified,2,validation,1,multiple,10_to_lt100_days,constructed_qc_fail,True,2,85
object_stratified,2,validation,1,multiple,10_to_lt100_days,constructed_qc_pass,True,83,85
object_stratified,2,validation,1,single,0_to_lt10_days,constructed_qc_pass,True,103,103
object_stratified,2,validation,1,single,100_days_or_more,constructed_qc_pass,True,12,12
object_stratified,2,validation,1,single,10_to_lt100_days,constructed_qc_pass,True,98,98
object_stratified,3,test,0,multiple,0_to_lt10_days,constructed_qc_pass,True,12,12
object_stratified,3,test,0,multiple,100_days_or_more,constructed_qc_fail,True,1,7
object_stratified,3,test,0,multiple,100_days_or_more,constructed_qc_pass,True,6,7
object_stratified,3,test,0,multiple,10_to_lt100_days,constructed_qc_pass,True,4,4
object_stratified,3,test,0,single,0_to_lt10_days,constructed_qc_fail,True,25,393
object_stratified,3,test,0,single,0_to_lt10_days,constructed_qc_pass,True,368,393
object_stratified,3,test,0,single,100_days_or_more,constructed_qc_pass,True,49,49
object_stratified,3,test,0,single,10_to_lt100_days,constructed_qc_fail,True,8,129
object_stratified,3,test,0,single,10_to_lt100_days,constructed_qc_pass,True,121,129
object_stratified,3,test,1,multiple,0_to_lt10_days,constructed_qc_fail,True,1,73
object_stratified,3,test,1,multiple,0_to_lt10_days,constructed_qc_pass,True,72,73
object_stratified,3,test,1,multiple,100_days_or_more,constructed_qc_pass,True,11,11
object_stratified,3,test,1,multiple,10_to_lt100_days,constructed_qc_fail,True,2,92
object_stratified,3,test,1,multiple,10_to_lt100_days,constructed_qc_pass,True,90,92
object_stratified,3,test,1,single,0_to_lt10_days,constructed_qc_fail,True,1,103
object_stratified,3,test,1,single,0_to_lt10_days,constructed_qc_pass,True,102,103
object_stratified,3,test,1,single,100_days_or_more,constructed_qc_pass,True,14,14
object_stratified,3,test,1,single,10_to_lt100_days,constructed_qc_pass,True,106,106
object_stratified,3,train,0,multiple,0_to_lt10_days,constructed_qc_fail,True,2,49
object_stratified,3,train,0,multiple,0_to_lt10_days,constructed_qc_pass,True,47,49
object_stratified,3,train,0,multiple,100_days_or_more,constructed_qc_fail,True,1,17
object_stratified,3,train,0,multiple,100_days_or_more,constructed_qc_pass,True,16,17
object_stratified,3,train,0,multiple,10_to_lt100_days,constructed_qc_fail,True,2,43
object_stratified,3,train,0,multiple,10_to_lt100_days,constructed_qc_pass,True,41,43
object_stratified,3,train,0,single,0_to_lt10_days,constructed_qc_fail,True,137,1772
object_stratified,3,train,0,single,0_to_lt10_days,constructed_qc_pass,True,1635,1772
object_stratified,3,train,0,single,100_days_or_more,constructed_qc_fail,True,8,260
object_stratified,3,train,0,single,100_days_or_more,constructed_qc_pass,True,252,260
object_stratified,3,train,0,single,10_to_lt100_days,constructed_qc_fail,True,31,631
object_stratified,3,train,0,single,10_to_lt100_days,constructed_qc_pass,True,600,631
object_stratified,3,train,1,multiple,0_to_lt10_days,constructed_qc_fail,True,7,407
object_stratified,3,train,1,multiple,0_to_lt10_days,constructed_qc_pass,True,400,407
object_stratified,3,train,1,multiple,100_days_or_more,constructed_qc_pass,True,43,43
object_stratified,3,train,1,multiple,10_to_lt100_days,constructed_qc_fail,True,4,433
object_stratified,3,train,1,multiple,10_to_lt100_days,constructed_qc_pass,True,429,433
object_stratified,3,train,1,single,0_to_lt10_days,constructed_qc_fail,True,9,464
object_stratified,3,train,1,single,0_to_lt10_days,constructed_qc_pass,True,455,464
object_stratified,3,train,1,single,100_days_or_more,constructed_qc_pass,True,58,58
object_stratified,3,train,1,single,10_to_lt100_days,constructed_qc_fail,True,4,471
object_stratified,3,train,1,single,10_to_lt100_days,constructed_qc_pass,True,467,471
object_stratified,3,validation,0,multiple,0_to_lt10_days,constructed_qc_fail,True,2,11
object_stratified,3,validation,0,multiple,0_to_lt10_days,constructed_qc_pass,True,9,11
object_stratified,3,validation,0,multiple,100_days_or_more,constructed_qc_pass,True,8,8
object_stratified,3,validation,0,multiple,10_to_lt100_days,constructed_qc_pass,True,8,8
object_stratified,3,validation,0,single,0_to_lt10_days,constructed_qc_fail,True,17,381
object_stratified,3,validation,0,single,0_to_lt10_days,constructed_qc_pass,True,364,381
object_stratified,3,validation,0,single,100_days_or_more,constructed_qc_fail,True,5,60
object_stratified,3,validation,0,single,100_days_or_more,constructed_qc_pass,True,55,60
object_stratified,3,validation,0,single,10_to_lt100_days,constructed_qc_fail,True,8,129
object_stratified,3,validation,0,single,10_to_lt100_days,constructed_qc_pass,True,121,129
object_stratified,3,validation,1,multiple,0_to_lt10_days,constructed_qc_fail,True,4,80
object_stratified,3,validation,1,multiple,0_to_lt10_days,constructed_qc_pass,True,76,80
object_stratified,3,validation,1,multiple,100_days_or_more,constructed_qc_pass,True,8,8
object_stratified,3,validation,1,multiple,10_to_lt100_days,constructed_qc_pass,True,89,89
object_stratified,3,validation,1,single,0_to_lt10_days,constructed_qc_fail,True,1,108
object_stratified,3,validation,1,single,0_to_lt10_days,constructed_qc_pass,True,107,108
object_stratified,3,validation,1,single,100_days_or_more,constructed_qc_fail,True,1,11
object_stratified,3,validation,1,single,100_days_or_more,constructed_qc_pass,True,10,11
object_stratified,3,validation,1,single,10_to_lt100_days,constructed_qc_fail,True,2,103
object_stratified,3,validation,1,single,10_to_lt100_days,constructed_qc_pass,True,101,103
object_stratified,4,test,0,multiple,0_to_lt10_days,constructed_qc_fail,True,2,10
object_stratified,4,test,0,multiple,0_to_lt10_days,constructed_qc_pass,True,8,10
object_stratified,4,test,0,multiple,100_days_or_more,constructed_qc_pass,True,7,7
object_stratified,4,test,0,multiple,10_to_lt100_days,constructed_qc_pass,True,12,12
object_stratified,4,test,0,single,0_to_lt10_days,constructed_qc_fail,True,35,389
object_stratified,4,test,0,single,0_to_lt10_days,constructed_qc_pass,True,354,389
object_stratified,4,test,0,single,100_days_or_more,constructed_qc_fail,True,1,44
object_stratified,4,test,0,single,100_days_or_more,constructed_qc_pass,True,43,44
object_stratified,4,test,0,single,10_to_lt100_days,constructed_qc_fail,True,7,132
object_stratified,4,test,0,single,10_to_lt100_days,constructed_qc_pass,True,125,132
object_stratified,4,test,1,multiple,0_to_lt10_days,constructed_qc_pass,True,95,95
object_stratified,4,test,1,multiple,100_days_or_more,constructed_qc_pass,True,9,9
object_stratified,4,test,1,multiple,10_to_lt100_days,constructed_qc_fail,True,1,78
object_stratified,4,test,1,multiple,10_to_lt100_days,constructed_qc_pass,True,77,78
object_stratified,4,test,1,single,0_to_lt10_days,constructed_qc_fail,True,2,110
object_stratified,4,test,1,single,0_to_lt10_days,constructed_qc_pass,True,108,110
object_stratified,4,test,1,single,100_days_or_more,constructed_qc_pass,True,7,7
object_stratified,4,test,1,single,10_to_lt100_days,constructed_qc_pass,True,100,100
object_stratified,4,train,0,multiple,0_to_lt10_days,constructed_qc_fail,True,1,50
object_stratified,4,train,0,multiple,0_to_lt10_days,constructed_qc_pass,True,49,50
object_stratified,4,train,0,multiple,100_days_or_more,constructed_qc_fail,True,2,19
object_stratified,4,train,0,multiple,100_days_or_more,constructed_qc_pass,True,17,19
object_stratified,4,train,0,multiple,10_to_lt100_days,constructed_qc_fail,True,2,36
object_stratified,4,train,0,multiple,10_to_lt100_days,constructed_qc_pass,True,34,36
object_stratified,4,train,0,single,0_to_lt10_days,constructed_qc_fail,True,119,1774
object_stratified,4,train,0,single,0_to_lt10_days,constructed_qc_pass,True,1655,1774
object_stratified,4,train,0,single,100_days_or_more,constructed_qc_fail,True,8,273
object_stratified,4,train,0,single,100_days_or_more,constructed_qc_pass,True,265,273
object_stratified,4,train,0,single,10_to_lt100_days,constructed_qc_fail,True,34,620
object_stratified,4,train,0,single,10_to_lt100_days,constructed_qc_pass,True,586,620
object_stratified,4,train,1,multiple,0_to_lt10_days,constructed_qc_fail,True,11,384
object_stratified,4,train,1,multiple,0_to_lt10_days,constructed_qc_pass,True,373,384
object_stratified,4,train,1,multiple,100_days_or_more,constructed_qc_pass,True,41,41
object_stratified,4,train,1,multiple,10_to_lt100_days,constructed_qc_fail,True,2,447
object_stratified,4,train,1,multiple,10_to_lt100_days,constructed_qc_pass,True,445,447
object_stratified,4,train,1,single,0_to_lt10_days,constructed_qc_fail,True,8,463
object_stratified,4,train,1,single,0_to_lt10_days,constructed_qc_pass,True,455,463
object_stratified,4,train,1,single,100_days_or_more,constructed_qc_fail,True,1,65
object_stratified,4,train,1,single,100_days_or_more,constructed_qc_pass,True,64,65
object_stratified,4,train,1,single,10_to_lt100_days,constructed_qc_fail,True,6,476
object_stratified,4,train,1,single,10_to_lt100_days,constructed_qc_pass,True,470,476
object_stratified,4,validation,0,multiple,0_to_lt10_days,constructed_qc_fail,True,1,12
object_stratified,4,validation,0,multiple,0_to_lt10_days,constructed_qc_pass,True,11,12
object_stratified,4,validation,0,multiple,100_days_or_more,constructed_qc_pass,True,6,6
object_stratified,4,validation,0,multiple,10_to_lt100_days,constructed_qc_pass,True,7,7
object_stratified,4,validation,0,single,0_to_lt10_days,constructed_qc_fail,True,25,383
object_stratified,4,validation,0,single,0_to_lt10_days,constructed_qc_pass,True,358,383
object_stratified,4,validation,0,single,100_days_or_more,constructed_qc_fail,True,4,52
object_stratified,4,validation,0,single,100_days_or_more,constructed_qc_pass,True,48,52
object_stratified,4,validation,0,single,10_to_lt100_days,constructed_qc_fail,True,6,137
object_stratified,4,validation,0,single,10_to_lt100_days,constructed_qc_pass,True,131,137
object_stratified,4,validation,1,multiple,0_to_lt10_days,constructed_qc_fail,True,1,81
object_stratified,4,validation,1,multiple,0_to_lt10_days,constructed_qc_pass,True,80,81
object_stratified,4,validation,1,multiple,100_days_or_more,constructed_qc_pass,True,12,12
object_stratified,4,validation,1,multiple,10_to_lt100_days,constructed_qc_fail,True,3,89
object_stratified,4,validation,1,multiple,10_to_lt100_days,constructed_qc_pass,True,86,89
object_stratified,4,validation,1,single,0_to_lt10_days,constructed_qc_fail,True,1,102
object_stratified,4,validation,1,single,0_to_lt10_days,constructed_qc_pass,True,101,102
object_stratified,4,validation,1,single,100_days_or_more,constructed_qc_pass,True,11,11
object_stratified,4,validation,1,single,10_to_lt100_days,constructed_qc_pass,True,104,104
object_stratified,5,test,0,multiple,0_to_lt10_days,constructed_qc_pass,True,8,8
object_stratified,5,test,0,multiple,100_days_or_more,constructed_qc_pass,True,2,2
object_stratified,5,test,0,multiple,10_to_lt100_days,constructed_qc_pass,True,6,6
object_stratified,5,test,0,single,0_to_lt10_days,constructed_qc_fail,True,27,387
object_stratified,5,test,0,single,0_to_lt10_days,constructed_qc_pass,True,360,387
object_stratified,5,test,0,single,100_days_or_more,constructed_qc_fail,True,2,65
object_stratified,5,test,0,single,100_days_or_more,constructed_qc_pass,True,63,65
object_stratified,5,test,0,single,10_to_lt100_days,constructed_qc_fail,True,9,126
object_stratified,5,test,0,single,10_to_lt100_days,constructed_qc_pass,True,117,126
object_stratified,5,test,1,multiple,0_to_lt10_days,constructed_qc_fail,True,1,83
object_stratified,5,test,1,multiple,0_to_lt10_days,constructed_qc_pass,True,82,83
object_stratified,5,test,1,multiple,100_days_or_more,constructed_qc_pass,True,13,13
object_stratified,5,test,1,multiple,10_to_lt100_days,constructed_qc_pass,True,86,86
object_stratified,5,test,1,single,0_to_lt10_days,constructed_qc_fail,True,1,111
object_stratified,5,test,1,single,0_to_lt10_days,constructed_qc_pass,True,110,111
object_stratified,5,test,1,single,100_days_or_more,constructed_qc_pass,True,7,7
object_stratified,5,test,1,single,10_to_lt100_days,constructed_qc_fail,True,2,99
object_stratified,5,test,1,single,10_to_lt100_days,constructed_qc_pass,True,97,99
object_stratified,5,train,0,multiple,0_to_lt10_days,constructed_qc_fail,True,3,57
object_stratified,5,train,0,multiple,0_to_lt10_days,constructed_qc_pass,True,54,57
object_stratified,5,train,0,multiple,100_days_or_more,constructed_qc_fail,True,1,24
object_stratified,5,train,0,multiple,100_days_or_more,constructed_qc_pass,True,23,24
object_stratified,5,train,0,multiple,10_to_lt100_days,constructed_qc_fail,True,2,44
object_stratified,5,train,0,multiple,10_to_lt100_days,constructed_qc_pass,True,42,44
object_stratified,5,train,0,single,0_to_lt10_days,constructed_qc_fail,True,125,1775
object_stratified,5,train,0,single,0_to_lt10_days,constructed_qc_pass,True,1650,1775
object_stratified,5,train,0,single,100_days_or_more,constructed_qc_fail,True,10,245
object_stratified,5,train,0,single,100_days_or_more,constructed_qc_pass,True,235,245
object_stratified,5,train,0,single,10_to_lt100_days,constructed_qc_fail,True,32,627
object_stratified,5,train,0,single,10_to_lt100_days,constructed_qc_pass,True,595,627
object_stratified,5,train,1,multiple,0_to_lt10_days,constructed_qc_fail,True,9,387
object_stratified,5,train,1,multiple,0_to_lt10_days,constructed_qc_pass,True,378,387
object_stratified,5,train,1,multiple,100_days_or_more,constructed_qc_pass,True,40,40
object_stratified,5,train,1,multiple,10_to_lt100_days,constructed_qc_fail,True,5,433
object_stratified,5,train,1,multiple,10_to_lt100_days,constructed_qc_pass,True,428,433
object_stratified,5,train,1,single,0_to_lt10_days,constructed_qc_fail,True,10,469
object_stratified,5,train,1,single,0_to_lt10_days,constructed_qc_pass,True,459,469
object_stratified,5,train,1,single,100_days_or_more,constructed_qc_fail,True,1,62
object_stratified,5,train,1,single,100_days_or_more,constructed_qc_pass,True,61,62
object_stratified,5,train,1,single,10_to_lt100_days,constructed_qc_fail,True,4,485
object_stratified,5,train,1,single,10_to_lt100_days,constructed_qc_pass,True,481,485
object_stratified,5,validation,0,multiple,0_to_lt10_days,constructed_qc_fail,True,1,7
object_stratified,5,validation,0,multiple,0_to_lt10_days,constructed_qc_pass,True,6,7
object_stratified,5,validation,0,multiple,100_days_or_more,constructed_qc_fail,True,1,6
object_stratified,5,validation,0,multiple,100_days_or_more,constructed_qc_pass,True,5,6
object_stratified,5,validation,0,multiple,10_to_lt100_days,constructed_qc_pass,True,5,5
object_stratified,5,validation,0,single,0_to_lt10_days,constructed_qc_fail,True,27,384
object_stratified,5,validation,0,single,0_to_lt10_days,constructed_qc_pass,True,357,384
object_stratified,5,validation,0,single,100_days_or_more,constructed_qc_fail,True,1,59
object_stratified,5,validation,0,single,100_days_or_more,constructed_qc_pass,True,58,59
object_stratified,5,validation,0,single,10_to_lt100_days,constructed_qc_fail,True,6,136
object_stratified,5,validation,0,single,10_to_lt100_days,constructed_qc_pass,True,130,136
object_stratified,5,validation,1,multiple,0_to_lt10_days,constructed_qc_fail,True,2,90
object_stratified,5,validation,1,multiple,0_to_lt10_days,constructed_qc_pass,True,88,90
object_stratified,5,validation,1,multiple,100_days_or_more,constructed_qc_pass,True,9,9
object_stratified,5,validation,1,multiple,10_to_lt100_days,constructed_qc_fail,True,1,95
object_stratified,5,validation,1,multiple,10_to_lt100_days,constructed_qc_pass,True,94,95
object_stratified,5,validation,1,single,0_to_lt10_days,constructed_qc_pass,True,95,95
object_stratified,5,validation,1,single,100_days_or_more,constructed_qc_pass,True,14,14
object_stratified,5,validation,1,single,10_to_lt100_days,constructed_qc_pass,True,96,96
object_stratified,6,test,0,multiple,0_to_lt10_days,constructed_qc_pass,True,15,15
object_stratified,6,test,0,multiple,100_days_or_more,constructed_qc_fail,True,1,5
object_stratified,6,test,0,multiple,100_days_or_more,constructed_qc_pass,True,4,5
object_stratified,6,test,0,multiple,10_to_lt100_days,constructed_qc_pass,True,13,13
object_stratified,6,test,0,single,0_to_lt10_days,constructed_qc_fail,True,25,380
object_stratified,6,test,0,single,0_to_lt10_days,constructed_qc_pass,True,355,380
object_stratified,6,test,0,single,100_days_or_more,constructed_qc_fail,True,2,54
object_stratified,6,test,0,single,100_days_or_more,constructed_qc_pass,True,52,54
object_stratified,6,test,0,single,10_to_lt100_days,constructed_qc_fail,True,7,127
object_stratified,6,test,0,single,10_to_lt100_days,constructed_qc_pass,True,120,127
object_stratified,6,test,1,multiple,0_to_lt10_days,constructed_qc_fail,True,2,102
object_stratified,6,test,1,multiple,0_to_lt10_days,constructed_qc_pass,True,100,102
object_stratified,6,test,1,multiple,100_days_or_more,constructed_qc_pass,True,16,16
object_stratified,6,test,1,multiple,10_to_lt100_days,constructed_qc_pass,True,71,71
object_stratified,6,test,1,single,0_to_lt10_days,constructed_qc_fail,True,3,101
object_stratified,6,test,1,single,0_to_lt10_days,constructed_qc_pass,True,98,101
object_stratified,6,test,1,single,100_days_or_more,constructed_qc_pass,True,10,10
object_stratified,6,test,1,single,10_to_lt100_days,constructed_qc_fail,True,1,99
object_stratified,6,test,1,single,10_to_lt100_days,constructed_qc_pass,True,98,99
object_stratified,6,train,0,multiple,0_to_lt10_days,constructed_qc_fail,True,2,47
object_stratified,6,train,0,multiple,0_to_lt10_days,constructed_qc_pass,True,45,47
object_stratified,6,train,0,multiple,100_days_or_more,constructed_qc_pass,True,22,22
object_stratified,6,train,0,multiple,10_to_lt100_days,constructed_qc_fail,True,1,33
object_stratified,6,train,0,multiple,10_to_lt100_days,constructed_qc_pass,True,32,33
object_stratified,6,train,0,single,0_to_lt10_days,constructed_qc_fail,True,129,1797
object_stratified,6,train,0,single,0_to_lt10_days,constructed_qc_pass,True,1668,1797
object_stratified,6,train,0,single,100_days_or_more,constructed_qc_fail,True,9,262
object_stratified,6,train,0,single,100_days_or_more,constructed_qc_pass,True,253,262
object_stratified,6,train,0,single,10_to_lt100_days,constructed_qc_fail,True,34,611
object_stratified,6,train,0,single,10_to_lt100_days,constructed_qc_pass,True,577,611
object_stratified,6,train,1,multiple,0_to_lt10_days,constructed_qc_fail,True,7,383
object_stratified,6,train,1,multiple,0_to_lt10_days,constructed_qc_pass,True,376,383
object_stratified,6,train,1,multiple,100_days_or_more,constructed_qc_pass,True,32,32
object_stratified,6,train,1,multiple,10_to_lt100_days,constructed_qc_fail,True,5,449
object_stratified,6,train,1,multiple,10_to_lt100_days,constructed_qc_pass,True,444,449
object_stratified,6,train,1,single,0_to_lt10_days,constructed_qc_fail,True,8,486
object_stratified,6,train,1,single,0_to_lt10_days,constructed_qc_pass,True,478,486
object_stratified,6,train,1,single,100_days_or_more,constructed_qc_fail,True,1,65
object_stratified,6,train,1,single,100_days_or_more,constructed_qc_pass,True,64,65
object_stratified,6,train,1,single,10_to_lt100_days,constructed_qc_fail,True,4,461
object_stratified,6,train,1,single,10_to_lt100_days,constructed_qc_pass,True,457,461
object_stratified,6,validation,0,multiple,0_to_lt10_days,constructed_qc_fail,True,2,10
object_stratified,6,validation,0,multiple,0_to_lt10_days,constructed_qc_pass,True,8,10
object_stratified,6,validation,0,multiple,100_days_or_more,constructed_qc_fail,True,1,5
object_stratified,6,validation,0,multiple,100_days_or_more,constructed_qc_pass,True,4,5
object_stratified,6,validation,0,multiple,10_to_lt100_days,constructed_qc_fail,True,1,9
object_stratified,6,validation,0,multiple,10_to_lt100_days,constructed_qc_pass,True,8,9
object_stratified,6,validation,0,single,0_to_lt10_days,constructed_qc_fail,True,25,369
object_stratified,6,validation,0,single,0_to_lt10_days,constructed_qc_pass,True,344,369
object_stratified,6,validation,0,single,100_days_or_more,constructed_qc_fail,True,2,53
object_stratified,6,validation,0,single,100_days_or_more,constructed_qc_pass,True,51,53
object_stratified,6,validation,0,single,10_to_lt100_days,constructed_qc_fail,True,6,151
object_stratified,6,validation,0,single,10_to_lt100_days,constructed_qc_pass,True,145,151
object_stratified,6,validation,1,multiple,0_to_lt10_days,constructed_qc_fail,True,3,75
object_stratified,6,validation,1,multiple,0_to_lt10_days,constructed_qc_pass,True,72,75
object_stratified,6,validation,1,multiple,100_days_or_more,constructed_qc_pass,True,14,14
object_stratified,6,validation,1,multiple,10_to_lt100_days,constructed_qc_fail,True,1,94
object_stratified,6,validation,1,multiple,10_to_lt100_days,constructed_qc_pass,True,93,94
object_stratified,6,validation,1,single,0_to_lt10_days,constructed_qc_pass,True,88,88
object_stratified,6,validation,1,single,100_days_or_more,constructed_qc_pass,True,8,8
object_stratified,6,validation,1,single,10_to_lt100_days,constructed_qc_fail,True,1,120
object_stratified,6,validation,1,single,10_to_lt100_days,constructed_qc_pass,True,119,120
object_stratified,7,test,0,multiple,0_to_lt10_days,constructed_qc_fail,True,1,12
object_stratified,7,test,0,multiple,0_to_lt10_days,constructed_qc_pass,True,11,12
object_stratified,7,test,0,multiple,100_days_or_more,constructed_qc_pass,True,5,5
object_stratified,7,test,0,multiple,10_to_lt100_days,constructed_qc_pass,True,5,5
object_stratified,7,test,0,single,0_to_lt10_days,constructed_qc_fail,True,38,399
object_stratified,7,test,0,single,0_to_lt10_days,constructed_qc_pass,True,361,399
object_stratified,7,test,0,single,100_days_or_more,constructed_qc_fail,True,5,57
object_stratified,7,test,0,single,100_days_or_more,constructed_qc_pass,True,52,57
object_stratified,7,test,0,single,10_to_lt100_days,constructed_qc_fail,True,6,116
object_stratified,7,test,0,single,10_to_lt100_days,constructed_qc_pass,True,110,116
object_stratified,7,test,1,multiple,0_to_lt10_days,constructed_qc_fail,True,2,80
object_stratified,7,test,1,multiple,0_to_lt10_days,constructed_qc_pass,True,78,80
object_stratified,7,test,1,multiple,100_days_or_more,constructed_qc_pass,True,7,7
object_stratified,7,test,1,multiple,10_to_lt100_days,constructed_qc_fail,True,1,90
object_stratified,7,test,1,multiple,10_to_lt100_days,constructed_qc_pass,True,89,90
object_stratified,7,test,1,single,0_to_lt10_days,constructed_qc_fail,True,1,103
object_stratified,7,test,1,single,0_to_lt10_days,constructed_qc_pass,True,102,103
object_stratified,7,test,1,single,100_days_or_more,constructed_qc_pass,True,18,18
object_stratified,7,test,1,single,10_to_lt100_days,constructed_qc_pass,True,101,101
object_stratified,7,train,0,multiple,0_to_lt10_days,constructed_qc_fail,True,3,50
object_stratified,7,train,0,multiple,0_to_lt10_days,constructed_qc_pass,True,47,50
object_stratified,7,train,0,multiple,100_days_or_more,constructed_qc_fail,True,1,22
object_stratified,7,train,0,multiple,100_days_or_more,constructed_qc_pass,True,21,22
object_stratified,7,train,0,multiple,10_to_lt100_days,constructed_qc_fail,True,2,41
object_stratified,7,train,0,multiple,10_to_lt100_days,constructed_qc_pass,True,39,41
object_stratified,7,train,0,single,0_to_lt10_days,constructed_qc_fail,True,115,1775
object_stratified,7,train,0,single,0_to_lt10_days,constructed_qc_pass,True,1660,1775
object_stratified,7,train,0,single,100_days_or_more,constructed_qc_fail,True,3,252
object_stratified,7,train,0,single,100_days_or_more,constructed_qc_pass,True,249,252
object_stratified,7,train,0,single,10_to_lt100_days,constructed_qc_fail,True,35,632
object_stratified,7,train,0,single,10_to_lt100_days,constructed_qc_pass,True,597,632
object_stratified,7,train,1,multiple,0_to_lt10_days,constructed_qc_fail,True,9,400
object_stratified,7,train,1,multiple,0_to_lt10_days,constructed_qc_pass,True,391,400
object_stratified,7,train,1,multiple,100_days_or_more,constructed_qc_pass,True,46,46
object_stratified,7,train,1,multiple,10_to_lt100_days,constructed_qc_fail,True,5,444
object_stratified,7,train,1,multiple,10_to_lt100_days,constructed_qc_pass,True,439,444
object_stratified,7,train,1,single,0_to_lt10_days,constructed_qc_fail,True,10,471
object_stratified,7,train,1,single,0_to_lt10_days,constructed_qc_pass,True,461,471
object_stratified,7,train,1,single,100_days_or_more,constructed_qc_fail,True,1,55
object_stratified,7,train,1,single,100_days_or_more,constructed_qc_pass,True,54,55
object_stratified,7,train,1,single,10_to_lt100_days,constructed_qc_fail,True,4,460
object_stratified,7,train,1,single,10_to_lt100_days,constructed_qc_pass,True,456,460
object_stratified,7,validation,0,multiple,0_to_lt10_days,constructed_qc_pass,True,10,10
object_stratified,7,validation,0,multiple,100_days_or_more,constructed_qc_fail,True,1,5
object_stratified,7,validation,0,multiple,100_days_or_more,constructed_qc_pass,True,4,5
object_stratified,7,validation,0,multiple,10_to_lt100_days,constructed_qc_pass,True,9,9
object_stratified,7,validation,0,single,0_to_lt10_days,constructed_qc_fail,True,26,372
object_stratified,7,validation,0,single,0_to_lt10_days,constructed_qc_pass,True,346,372
object_stratified,7,validation,0,single,100_days_or_more,constructed_qc_fail,True,5,60
object_stratified,7,validation,0,single,100_days_or_more,constructed_qc_pass,True,55,60
object_stratified,7,validation,0,single,10_to_lt100_days,constructed_qc_fail,True,6,141
object_stratified,7,validation,0,single,10_to_lt100_days,constructed_qc_pass,True,135,141
object_stratified,7,validation,1,multiple,0_to_lt10_days,constructed_qc_fail,True,1,80
object_stratified,7,validation,1,multiple,0_to_lt10_days,constructed_qc_pass,True,79,80
object_stratified,7,validation,1,multiple,100_days_or_more,constructed_qc_pass,True,9,9
object_stratified,7,validation,1,multiple,10_to_lt100_days,constructed_qc_pass,True,80,80
object_stratified,7,validation,1,single,0_to_lt10_days,constructed_qc_pass,True,101,101
object_stratified,7,validation,1,single,100_days_or_more,constructed_qc_pass,True,10,10
object_stratified,7,validation,1,single,10_to_lt100_days,constructed_qc_fail,True,2,119
object_stratified,7,validation,1,single,10_to_lt100_days,constructed_qc_pass,True,117,119
object_stratified,8,test,0,multiple,0_to_lt10_days,constructed_qc_pass,True,9,9
object_stratified,8,test,0,multiple,100_days_or_more,constructed_qc_fail,True,1,3
object_stratified,8,test,0,multiple,100_days_or_more,constructed_qc_pass,True,2,3
object_stratified,8,test,0,multiple,10_to_lt100_days,constructed_qc_pass,True,5,5
object_stratified,8,test,0,single,0_to_lt10_days,constructed_qc_fail,True,24,383
object_stratified,8,test,0,single,0_to_lt10_days,constructed_qc_pass,True,359,383
object_stratified,8,test,0,single,100_days_or_more,constructed_qc_fail,True,3,53
object_stratified,8,test,0,single,100_days_or_more,constructed_qc_pass,True,50,53
object_stratified,8,test,0,single,10_to_lt100_days,constructed_qc_fail,True,5,141
object_stratified,8,test,0,single,10_to_lt100_days,constructed_qc_pass,True,136,141
object_stratified,8,test,1,multiple,0_to_lt10_days,constructed_qc_fail,True,1,86
object_stratified,8,test,1,multiple,0_to_lt10_days,constructed_qc_pass,True,85,86
object_stratified,8,test,1,multiple,100_days_or_more,constructed_qc_pass,True,9,9
object_stratified,8,test,1,multiple,10_to_lt100_days,constructed_qc_pass,True,85,85
object_stratified,8,test,1,single,0_to_lt10_days,constructed_qc_fail,True,4,108
object_stratified,8,test,1,single,0_to_lt10_days,constructed_qc_pass,True,104,108
object_stratified,8,test,1,single,100_days_or_more,constructed_qc_pass,True,16,16
object_stratified,8,test,1,single,10_to_lt100_days,constructed_qc_fail,True,1,95
object_stratified,8,test,1,single,10_to_lt100_days,constructed_qc_pass,True,94,95
object_stratified,8,train,0,multiple,0_to_lt10_days,constructed_qc_fail,True,4,52
object_stratified,8,train,0,multiple,0_to_lt10_days,constructed_qc_pass,True,48,52
object_stratified,8,train,0,multiple,100_days_or_more,constructed_qc_fail,True,1,23
object_stratified,8,train,0,multiple,100_days_or_more,constructed_qc_pass,True,22,23
object_stratified,8,train,0,multiple,10_to_lt100_days,constructed_qc_fail,True,1,42
object_stratified,8,train,0,multiple,10_to_lt100_days,constructed_qc_pass,True,41,42
object_stratified,8,train,0,single,0_to_lt10_days,constructed_qc_fail,True,126,1769
object_stratified,8,train,0,single,0_to_lt10_days,constructed_qc_pass,True,1643,1769
object_stratified,8,train,0,single,100_days_or_more,constructed_qc_fail,True,8,253
object_stratified,8,train,0,single,100_days_or_more,constructed_qc_pass,True,245,253
object_stratified,8,train,0,single,10_to_lt100_days,constructed_qc_fail,True,40,633
object_stratified,8,train,0,single,10_to_lt100_days,constructed_qc_pass,True,593,633
object_stratified,8,train,1,multiple,0_to_lt10_days,constructed_qc_fail,True,8,390
object_stratified,8,train,1,multiple,0_to_lt10_days,constructed_qc_pass,True,382,390
object_stratified,8,train,1,multiple,100_days_or_more,constructed_qc_pass,True,43,43
object_stratified,8,train,1,multiple,10_to_lt100_days,constructed_qc_fail,True,5,448
object_stratified,8,train,1,multiple,10_to_lt100_days,constructed_qc_pass,True,443,448
object_stratified,8,train,1,single,0_to_lt10_days,constructed_qc_fail,True,7,458
object_stratified,8,train,1,single,0_to_lt10_days,constructed_qc_pass,True,451,458
object_stratified,8,train,1,single,100_days_or_more,constructed_qc_fail,True,1,59
object_stratified,8,train,1,single,100_days_or_more,constructed_qc_pass,True,58,59
object_stratified,8,train,1,single,10_to_lt100_days,constructed_qc_fail,True,5,478
object_stratified,8,train,1,single,10_to_lt100_days,constructed_qc_pass,True,473,478
object_stratified,8,validation,0,multiple,0_to_lt10_days,constructed_qc_pass,True,11,11
object_stratified,8,validation,0,multiple,100_days_or_more,constructed_qc_pass,True,6,6
object_stratified,8,validation,0,multiple,10_to_lt100_days,constructed_qc_fail,True,1,8
object_stratified,8,validation,0,multiple,10_to_lt100_days,constructed_qc_pass,True,7,8
object_stratified,8,validation,0,single,0_to_lt10_days,constructed_qc_fail,True,29,394
object_stratified,8,validation,0,single,0_to_lt10_days,constructed_qc_pass,True,365,394
object_stratified,8,validation,0,single,100_days_or_more,constructed_qc_fail,True,2,63
object_stratified,8,validation,0,single,100_days_or_more,constructed_qc_pass,True,61,63
object_stratified,8,validation,0,single,10_to_lt100_days,constructed_qc_fail,True,2,115
object_stratified,8,validation,0,single,10_to_lt100_days,constructed_qc_pass,True,113,115
object_stratified,8,validation,1,multiple,0_to_lt10_days,constructed_qc_fail,True,3,84
object_stratified,8,validation,1,multiple,0_to_lt10_days,constructed_qc_pass,True,81,84
object_stratified,8,validation,1,multiple,100_days_or_more,constructed_qc_pass,True,10,10
object_stratified,8,validation,1,multiple,10_to_lt100_days,constructed_qc_fail,True,1,81
object_stratified,8,validation,1,multiple,10_to_lt100_days,constructed_qc_pass,True,80,81
object_stratified,8,validation,1,single,0_to_lt10_days,constructed_qc_pass,True,109,109
object_stratified,8,validation,1,single,100_days_or_more,constructed_qc_pass,True,8,8
object_stratified,8,validation,1,single,10_to_lt100_days,constructed_qc_pass,True,107,107
object_stratified,9,test,0,multiple,0_to_lt10_days,constructed_qc_pass,True,14,14
object_stratified,9,test,0,multiple,100_days_or_more,constructed_qc_pass,True,3,3
object_stratified,9,test,0,multiple,10_to_lt100_days,constructed_qc_pass,True,8,8
object_stratified,9,test,0,single,0_to_lt10_days,constructed_qc_fail,True,23,362
object_stratified,9,test,0,single,0_to_lt10_days,constructed_qc_pass,True,339,362
object_stratified,9,test,0,single,100_days_or_more,constructed_qc_pass,True,64,64
object_stratified,9,test,0,single,10_to_lt100_days,constructed_qc_fail,True,5,143
object_stratified,9,test,0,single,10_to_lt100_days,constructed_qc_pass,True,138,143
object_stratified,9,test,1,multiple,0_to_lt10_days,constructed_qc_fail,True,1,89
object_stratified,9,test,1,multiple,0_to_lt10_days,constructed_qc_pass,True,88,89
object_stratified,9,test,1,multiple,100_days_or_more,constructed_qc_pass,True,9,9
object_stratified,9,test,1,multiple,10_to_lt100_days,constructed_qc_fail,True,1,89
object_stratified,9,test,1,multiple,10_to_lt100_days,constructed_qc_pass,True,88,89
object_stratified,9,test,1,single,0_to_lt10_days,constructed_qc_fail,True,2,100
object_stratified,9,test,1,single,0_to_lt10_days,constructed_qc_pass,True,98,100
object_stratified,9,test,1,single,100_days_or_more,constructed_qc_pass,True,10,10
object_stratified,9,test,1,single,10_to_lt100_days,constructed_qc_fail,True,1,102
object_stratified,9,test,1,single,10_to_lt100_days,constructed_qc_pass,True,101,102
object_stratified,9,train,0,multiple,0_to_lt10_days,constructed_qc_fail,True,2,46
object_stratified,9,train,0,multiple,0_to_lt10_days,constructed_qc_pass,True,44,46
object_stratified,9,train,0,multiple,100_days_or_more,constructed_qc_fail,True,1,17
object_stratified,9,train,0,multiple,100_days_or_more,constructed_qc_pass,True,16,17
object_stratified,9,train,0,multiple,10_to_lt100_days,constructed_qc_fail,True,2,35
object_stratified,9,train,0,multiple,10_to_lt100_days,constructed_qc_pass,True,33,35
object_stratified,9,train,0,single,0_to_lt10_days,constructed_qc_fail,True,125,1808
object_stratified,9,train,0,single,0_to_lt10_days,constructed_qc_pass,True,1683,1808
object_stratified,9,train,0,single,100_days_or_more,constructed_qc_fail,True,10,252
object_stratified,9,train,0,single,100_days_or_more,constructed_qc_pass,True,242,252
object_stratified,9,train,0,single,10_to_lt100_days,constructed_qc_fail,True,35,614
object_stratified,9,train,0,single,10_to_lt100_days,constructed_qc_pass,True,579,614
object_stratified,9,train,1,multiple,0_to_lt10_days,constructed_qc_fail,True,11,384
object_stratified,9,train,1,multiple,0_to_lt10_days,constructed_qc_pass,True,373,384
object_stratified,9,train,1,multiple,100_days_or_more,constructed_qc_pass,True,46,46
object_stratified,9,train,1,multiple,10_to_lt100_days,constructed_qc_fail,True,3,428
object_stratified,9,train,1,multiple,10_to_lt100_days,constructed_qc_pass,True,425,428
object_stratified,9,train,1,single,0_to_lt10_days,constructed_qc_fail,True,9,486
object_stratified,9,train,1,single,0_to_lt10_days,constructed_qc_pass,True,477,486
object_stratified,9,train,1,single,100_days_or_more,constructed_qc_fail,True,1,64
object_stratified,9,train,1,single,100_days_or_more,constructed_qc_pass,True,63,64
object_stratified,9,train,1,single,10_to_lt100_days,constructed_qc_fail,True,3,468
object_stratified,9,train,1,single,10_to_lt100_days,constructed_qc_pass,True,465,468
object_stratified,9,validation,0,multiple,0_to_lt10_days,constructed_qc_fail,True,2,12
object_stratified,9,validation,0,multiple,0_to_lt10_days,constructed_qc_pass,True,10,12
object_stratified,9,validation,0,multiple,100_days_or_more,constructed_qc_fail,True,1,12
object_stratified,9,validation,0,multiple,100_days_or_more,constructed_qc_pass,True,11,12
object_stratified,9,validation,0,multiple,10_to_lt100_days,constructed_qc_pass,True,12,12
object_stratified,9,validation,0,single,0_to_lt10_days,constructed_qc_fail,True,31,376
object_stratified,9,validation,0,single,0_to_lt10_days,constructed_qc_pass,True,345,376
object_stratified,9,validation,0,single,100_days_or_more,constructed_qc_fail,True,3,53
object_stratified,9,validation,0,single,100_days_or_more,constructed_qc_pass,True,50,53
object_stratified,9,validation,0,single,10_to_lt100_days,constructed_qc_fail,True,7,132
object_stratified,9,validation,0,single,10_to_lt100_days,constructed_qc_pass,True,125,132
object_stratified,9,validation,1,multiple,0_to_lt10_days,constructed_qc_pass,True,87,87
object_stratified,9,validation,1,multiple,100_days_or_more,constructed_qc_pass,True,7,7
object_stratified,9,validation,1,multiple,10_to_lt100_days,constructed_qc_fail,True,2,97
object_stratified,9,validation,1,multiple,10_to_lt100_days,constructed_qc_pass,True,95,97
object_stratified,9,validation,1,single,0_to_lt10_days,constructed_qc_pass,True,89,89
object_stratified,9,validation,1,single,100_days_or_more,constructed_qc_pass,True,9,9
object_stratified,9,validation,1,single,10_to_lt100_days,constructed_qc_fail,True,2,110
object_stratified,9,validation,1,single,10_to_lt100_days,constructed_qc_pass,True,108,110
