attempts,error,kepid,stage4a_config_sha256,status
1,,757450,a140d838b0f60c1e9fb46f882937175cfaf08655747013173623ee2b112012f8,products_found
1,,892772,a140d838b0f60c1e9fb46f882937175cfaf08655747013173623ee2b112012f8,products_found
1,,1025986,a140d838b0f60c1e9fb46f882937175cfaf08655747013173623ee2b112012f8,products_found
1,,1026032,a140d838b0f60c1e9fb46f882937175cfaf08655747013173623ee2b112012f8,products_found
1,,1026957,a140d838b0f60c1e9fb46f882937175cfaf08655747013173623ee2b112012f8,products_found
1,,1161345,a140d838b0f60c1e9fb46f882937175cfaf08655747013173623ee2b112012f8,products_found
1,,1293031,a140d838b0f60c1e9fb46f882937175cfaf08655747013173623ee2b112012f8,products_found
1,,1293046,a140d838b0f60c1e9fb46f882937175cfaf08655747013173623ee2b112012f8,products_found
1,,1432214,a140d838b0f60c1e9fb46f882937175cfaf08655747013173623ee2b112012f8,products_found
1,,1432789,a140d838b0f60c1e9fb46f882937175cfaf08655747013173623ee2b112012f8,products_found
1,,1433962,a140d838b0f60c1e9fb46f882937175cfaf08655747013173623ee2b112012f8,products_found
1,,1433980,a140d838b0f60c1e9fb46f882937175cfaf08655747013173623ee2b112012f8,products_found
1,,1434395,a140d838b0f60c1e9fb46f882937175cfaf08655747013173623ee2b112012f8,products_found
1,,1571511,a140d838b0f60c1e9fb46f882937175cfaf08655747013173623ee2b112012f8,products_found
1,,1572948,a140d838b0f60c1e9fb46f882937175cfaf08655747013173623ee2b112012f8,products_found
1,,1575690,a140d838b0f60c1e9fb46f882937175cfaf08655747013173623ee2b112012f8,products_found
1,,1717722,a140d838b0f60c1e9fb46f882937175cfaf08655747013173623ee2b112012f8,products_found
1,,1718189,a140d838b0f60c1e9fb46f882937175cfaf08655747013173623ee2b112012f8,products_found
1,,1718958,a140d838b0f60c1e9fb46f882937175cfaf08655747013173623ee2b112012f8,products_found
1,,1722276,a140d838b0f60c1e9fb46f882937175cfaf08655747013173623ee2b112012f8,products_found
1,,1724513,a140d838b0f60c1e9fb46f882937175cfaf08655747013173623ee2b112012f8,products_found
1,,1724719,a140d838b0f60c1e9fb46f882937175cfaf08655747013173623ee2b112012f8,products_found
1,,1725016,a140d838b0f60c1e9fb46f882937175cfaf08655747013173623ee2b112012f8,products_found
1,,1725193,a140d838b0f60c1e9fb46f882937175cfaf08655747013173623ee2b112012f8,products_found
1,,1849702,a140d838b0f60c1e9fb46f882937175cfaf08655747013173623ee2b112012f8,products_found
1,,1865042,a140d838b0f60c1e9fb46f882937175cfaf08655747013173623ee2b112012f8,products_found
1,,1868404,a140d838b0f60c1e9fb46f882937175cfaf08655747013173623ee2b112012f8,products_found
1,,1870398,a140d838b0f60c1e9fb46f882937175cfaf08655747013173623ee2b112012f8,products_found
1,,1871056,a140d838b0f60c1e9fb46f882937175cfaf08655747013173623ee2b112012f8,products_found
1,,1872821,a140d838b0f60c1e9fb46f882937175cfaf08655747013173623ee2b112012f8,products_found
1,,1873513,a140d838b0f60c1e9fb46f882937175cfaf08655747013173623ee2b112012f8,products_found
1,,1995519,a140d838b0f60c1e9fb46f882937175cfaf08655747013173623ee2b112012f8,products_found
1,,1995712,a140d838b0f60c1e9fb46f882937175cfaf08655747013173623ee2b112012f8,products_found
1,,1995732,a140d838b0f60c1e9fb46f882937175cfaf08655747013173623ee2b112012f8,products_found
1,,1996180,a140d838b0f60c1e9fb46f882937175cfaf08655747013173623ee2b112012f8,products_found
1,,1996679,a140d838b0f60c1e9fb46f882937175cfaf08655747013173623ee2b112012f8,products_found
1,,2010152,a140d838b0f60c1e9fb46f882937175cfaf08655747013173623ee2b112012f8,products_found
1,,2010191,a140d838b0f60c1e9fb46f882937175cfaf08655747013173623ee2b112012f8,products_found
1,,2010607,a140d838b0f60c1e9fb46f882937175cfaf08655747013173623ee2b112012f8,products_found
1,,2012722,a140d838b0f60c1e9fb46f882937175cfaf08655747013173623ee2b112012f8,products_found
1,,2013883,a140d838b0f60c1e9fb46f882937175cfaf08655747013173623ee2b112012f8,products_found
1,,2014991,a140d838b0f60c1e9fb46f882937175cfaf08655747013173623ee2b112012f8,products_found
1,,2019076,a140d838b0f60c1e9fb46f882937175cfaf08655747013173623ee2b112012f8,products_found
1,,2019477,a140d838b0f60c1e9fb46f882937175cfaf08655747013173623ee2b112012f8,products_found
1,,2021440,a140d838b0f60c1e9fb46f882937175cfaf08655747013173623ee2b112012f8,products_found
1,,2140389,a140d838b0f60c1e9fb46f882937175cfaf08655747013173623ee2b112012f8,products_found
1,,2141783,a140d838b0f60c1e9fb46f882937175cfaf08655747013173623ee2b112012f8,products_found
1,,2142522,a140d838b0f60c1e9fb46f882937175cfaf08655747013173623ee2b112012f8,products_found
1,,2161536,a140d838b0f60c1e9fb46f882937175cfaf08655747013173623ee2b112012f8,products_found
1,,2161623,a140d838b0f60c1e9fb46f882937175cfaf08655747013173623ee2b112012f8,products_found
1,,2162994,a140d838b0f60c1e9fb46f882937175cfaf08655747013173623ee2b112012f8,products_found
1,,2164169,a140d838b0f60c1e9fb46f882937175cfaf08655747013173623ee2b112012f8,products_found
1,,2165002,a140d838b0f60c1e9fb46f882937175cfaf08655747013173623ee2b112012f8,products_found
1,,2165352,a140d838b0f60c1e9fb46f882937175cfaf08655747013173623ee2b112012f8,products_found
1,,2166200,a140d838b0f60c1e9fb46f882937175cfaf08655747013173623ee2b112012f8,products_found
1,,2166206,a140d838b0f60c1e9fb46f882937175cfaf08655747013173623ee2b112012f8,products_found
1,,2167444,a140d838b0f60c1e9fb46f882937175cfaf08655747013173623ee2b112012f8,products_found
1,,2167890,a140d838b0f60c1e9fb46f882937175cfaf08655747013173623ee2b112012f8,products_found
1,,2302548,a140d838b0f60c1e9fb46f882937175cfaf08655747013173623ee2b112012f8,products_found
1,,2302758,a140d838b0f60c1e9fb46f882937175cfaf08655747013173623ee2b112012f8,products_found
1,,2304320,a140d838b0f60c1e9fb46f882937175cfaf08655747013173623ee2b112012f8,products_found
1,,2305255,a140d838b0f60c1e9fb46f882937175cfaf08655747013173623ee2b112012f8,products_found
1,,2305372,a140d838b0f60c1e9fb46f882937175cfaf08655747013173623ee2b112012f8,products_found
1,,2305543,a140d838b0f60c1e9fb46f882937175cfaf08655747013173623ee2b112012f8,products_found
1,,2306740,a140d838b0f60c1e9fb46f882937175cfaf08655747013173623ee2b112012f8,products_found
1,,2307206,a140d838b0f60c1e9fb46f882937175cfaf08655747013173623ee2b112012f8,products_found
1,,2307415,a140d838b0f60c1e9fb46f882937175cfaf08655747013173623ee2b112012f8,products_found
1,,2308411,a140d838b0f60c1e9fb46f882937175cfaf08655747013173623ee2b112012f8,products_found
1,,2308957,a140d838b0f60c1e9fb46f882937175cfaf08655747013173623ee2b112012f8,products_found
1,,2309585,a140d838b0f60c1e9fb46f882937175cfaf08655747013173623ee2b112012f8,products_found
1,,2309587,a140d838b0f60c1e9fb46f882937175cfaf08655747013173623ee2b112012f8,products_found
1,,2309719,a140d838b0f60c1e9fb46f882937175cfaf08655747013173623ee2b112012f8,products_found
1,,2309910,a140d838b0f60c1e9fb46f882937175cfaf08655747013173623ee2b112012f8,products_found
1,,2436378,a140d838b0f60c1e9fb46f882937175cfaf08655747013173623ee2b112012f8,products_found
1,,2437060,a140d838b0f60c1e9fb46f882937175cfaf08655747013173623ee2b112012f8,products_found
1,,2437112,a140d838b0f60c1e9fb46f882937175cfaf08655747013173623ee2b112012f8,products_found
1,,2437149,a140d838b0f60c1e9fb46f882937175cfaf08655747013173623ee2b112012f8,products_found
1,,2437209,a140d838b0f60c1e9fb46f882937175cfaf08655747013173623ee2b112012f8,products_found
1,,2437452,a140d838b0f60c1e9fb46f882937175cfaf08655747013173623ee2b112012f8,products_found
1,,2437488,a140d838b0f60c1e9fb46f882937175cfaf08655747013173623ee2b112012f8,products_found
1,,2437505,a140d838b0f60c1e9fb46f882937175cfaf08655747013173623ee2b112012f8,products_found
1,,2437783,a140d838b0f60c1e9fb46f882937175cfaf08655747013173623ee2b112012f8,products_found
1,,2437804,a140d838b0f60c1e9fb46f882937175cfaf08655747013173623ee2b112012f8,products_found
1,,2437897,a140d838b0f60c1e9fb46f882937175cfaf08655747013173623ee2b112012f8,products_found
1,,2438061,a140d838b0f60c1e9fb46f882937175cfaf08655747013173623ee2b112012f8,products_found
1,,2438062,a140d838b0f60c1e9fb46f882937175cfaf08655747013173623ee2b112012f8,products_found
1,,2438070,a140d838b0f60c1e9fb46f882937175cfaf08655747013173623ee2b112012f8,products_found
1,,2438264,a140d838b0f60c1e9fb46f882937175cfaf08655747013173623ee2b112012f8,products_found
1,,2438406,a140d838b0f60c1e9fb46f882937175cfaf08655747013173623ee2b112012f8,products_found
1,,2438490,a140d838b0f60c1e9fb46f882937175cfaf08655747013173623ee2b112012f8,products_found
1,,2438502,a140d838b0f60c1e9fb46f882937175cfaf08655747013173623ee2b112012f8,products_found
1,,2438513,a140d838b0f60c1e9fb46f882937175cfaf08655747013173623ee2b112012f8,products_found
1,,2438517,a140d838b0f60c1e9fb46f882937175cfaf08655747013173623ee2b112012f8,products_found
1,,2439243,a140d838b0f60c1e9fb46f882937175cfaf08655747013173623ee2b112012f8,products_found
1,,2440757,a140d838b0f60c1e9fb46f882937175cfaf08655747013173623ee2b112012f8,products_found
1,,2441151,a140d838b0f60c1e9fb46f882937175cfaf08655747013173623ee2b112012f8,products_found
1,,2441161,a140d838b0f60c1e9fb46f882937175cfaf08655747013173623ee2b112012f8,products_found
1,,2441495,a140d838b0f60c1e9fb46f882937175cfaf08655747013173623ee2b112012f8,products_found
1,,2441728,a140d838b0f60c1e9fb46f882937175cfaf08655747013173623ee2b112012f8,products_found
1,,2442084,a140d838b0f60c1e9fb46f882937175cfaf08655747013173623ee2b112012f8,products_found
1,,2442359,a140d838b0f60c1e9fb46f882937175cfaf08655747013173623ee2b112012f8,products_found
1,,2442448,a140d838b0f60c1e9fb46f882937175cfaf08655747013173623ee2b112012f8,products_found
1,,2444412,a140d838b0f60c1e9fb46f882937175cfaf08655747013173623ee2b112012f8,products_found
1,,2445129,a140d838b0f60c1e9fb46f882937175cfaf08655747013173623ee2b112012f8,products_found
1,,2445134,a140d838b0f60c1e9fb46f882937175cfaf08655747013173623ee2b112012f8,products_found
1,,2445154,a140d838b0f60c1e9fb46f882937175cfaf08655747013173623ee2b112012f8,products_found
1,,2445975,a140d838b0f60c1e9fb46f882937175cfaf08655747013173623ee2b112012f8,products_found
1,,2446113,a140d838b0f60c1e9fb46f882937175cfaf08655747013173623ee2b112012f8,products_found
1,,2446134,a140d838b0f60c1e9fb46f882937175cfaf08655747013173623ee2b112012f8,products_found
1,,2446623,a140d838b0f60c1e9fb46f882937175cfaf08655747013173623ee2b112012f8,products_found
1,,2449053,a140d838b0f60c1e9fb46f882937175cfaf08655747013173623ee2b112012f8,products_found
1,,2449074,a140d838b0f60c1e9fb46f882937175cfaf08655747013173623ee2b112012f8,products_found
1,,2449090,a140d838b0f60c1e9fb46f882937175cfaf08655747013173623ee2b112012f8,products_found
1,,2452440,a140d838b0f60c1e9fb46f882937175cfaf08655747013173623ee2b112012f8,products_found
1,,2452450,a140d838b0f60c1e9fb46f882937175cfaf08655747013173623ee2b112012f8,products_found
1,,2556650,a140d838b0f60c1e9fb46f882937175cfaf08655747013173623ee2b112012f8,products_found
1,,2557430,a140d838b0f60c1e9fb46f882937175cfaf08655747013173623ee2b112012f8,products_found
1,,2557816,a140d838b0f60c1e9fb46f882937175cfaf08655747013173623ee2b112012f8,products_found
1,,2558363,a140d838b0f60c1e9fb46f882937175cfaf08655747013173623ee2b112012f8,products_found
1,,2558370,a140d838b0f60c1e9fb46f882937175cfaf08655747013173623ee2b112012f8,products_found
1,,2568971,a140d838b0f60c1e9fb46f882937175cfaf08655747013173623ee2b112012f8,products_found
1,,2569488,a140d838b0f60c1e9fb46f882937175cfaf08655747013173623ee2b112012f8,products_found
1,,2569494,a140d838b0f60c1e9fb46f882937175cfaf08655747013173623ee2b112012f8,products_found
1,,2569516,a140d838b0f60c1e9fb46f882937175cfaf08655747013173623ee2b112012f8,products_found
1,,2569995,a140d838b0f60c1e9fb46f882937175cfaf08655747013173623ee2b112012f8,products_found
1,,2570432,a140d838b0f60c1e9fb46f882937175cfaf08655747013173623ee2b112012f8,products_found
1,,2570505,a140d838b0f60c1e9fb46f882937175cfaf08655747013173623ee2b112012f8,products_found
1,,2570767,a140d838b0f60c1e9fb46f882937175cfaf08655747013173623ee2b112012f8,products_found
1,,2570773,a140d838b0f60c1e9fb46f882937175cfaf08655747013173623ee2b112012f8,products_found
1,,2571238,a140d838b0f60c1e9fb46f882937175cfaf08655747013173623ee2b112012f8,products_found
1,,2573056,a140d838b0f60c1e9fb46f882937175cfaf08655747013173623ee2b112012f8,products_found
1,,2573108,a140d838b0f60c1e9fb46f882937175cfaf08655747013173623ee2b112012f8,products_found
1,,2574201,a140d838b0f60c1e9fb46f882937175cfaf08655747013173623ee2b112012f8,products_found
1,,2574338,a140d838b0f60c1e9fb46f882937175cfaf08655747013173623ee2b112012f8,products_found
1,,2574543,a140d838b0f60c1e9fb46f882937175cfaf08655747013173623ee2b112012f8,products_found
1,,2576107,a140d838b0f60c1e9fb46f882937175cfaf08655747013173623ee2b112012f8,products_found
1,,2576197,a140d838b0f60c1e9fb46f882937175cfaf08655747013173623ee2b112012f8,products_found
1,,2576692,a140d838b0f60c1e9fb46f882937175cfaf08655747013173623ee2b112012f8,products_found
1,,2578017,a140d838b0f60c1e9fb46f882937175cfaf08655747013173623ee2b112012f8,products_found
1,,2578811,a140d838b0f60c1e9fb46f882937175cfaf08655747013173623ee2b112012f8,products_found
1,,2580872,a140d838b0f60c1e9fb46f882937175cfaf08655747013173623ee2b112012f8,products_found
1,,2581191,a140d838b0f60c1e9fb46f882937175cfaf08655747013173623ee2b112012f8,products_found
1,,2581316,a140d838b0f60c1e9fb46f882937175cfaf08655747013173623ee2b112012f8,products_found
1,,2581554,a140d838b0f60c1e9fb46f882937175cfaf08655747013173623ee2b112012f8,products_found
1,,2583777,a140d838b0f60c1e9fb46f882937175cfaf08655747013173623ee2b112012f8,products_found
1,,2584163,a140d838b0f60c1e9fb46f882937175cfaf08655747013173623ee2b112012f8,products_found
1,,2692377,a140d838b0f60c1e9fb46f882937175cfaf08655747013173623ee2b112012f8,products_found
1,,2693092,a140d838b0f60c1e9fb46f882937175cfaf08655747013173623ee2b112012f8,products_found
1,,2693736,a140d838b0f60c1e9fb46f882937175cfaf08655747013173623ee2b112012f8,products_found
1,,2694632,a140d838b0f60c1e9fb46f882937175cfaf08655747013173623ee2b112012f8,products_found
1,,2695110,a140d838b0f60c1e9fb46f882937175cfaf08655747013173623ee2b112012f8,products_found
1,,2696703,a140d838b0f60c1e9fb46f882937175cfaf08655747013173623ee2b112012f8,products_found
1,,2697935,a140d838b0f60c1e9fb46f882937175cfaf08655747013173623ee2b112012f8,products_found
1,,2707097,a140d838b0f60c1e9fb46f882937175cfaf08655747013173623ee2b112012f8,products_found
1,,2707916,a140d838b0f60c1e9fb46f882937175cfaf08655747013173623ee2b112012f8,products_found
1,,2707985,a140d838b0f60c1e9fb46f882937175cfaf08655747013173623ee2b112012f8,products_found
1,,2708156,a140d838b0f60c1e9fb46f882937175cfaf08655747013173623ee2b112012f8,products_found
1,,2708172,a140d838b0f60c1e9fb46f882937175cfaf08655747013173623ee2b112012f8,products_found
1,,2708203,a140d838b0f60c1e9fb46f882937175cfaf08655747013173623ee2b112012f8,products_found
1,,2708221,a140d838b0f60c1e9fb46f882937175cfaf08655747013173623ee2b112012f8,products_found
1,,2708270,a140d838b0f60c1e9fb46f882937175cfaf08655747013173623ee2b112012f8,products_found
1,,2708278,a140d838b0f60c1e9fb46f882937175cfaf08655747013173623ee2b112012f8,products_found
1,,2708286,a140d838b0f60c1e9fb46f882937175cfaf08655747013173623ee2b112012f8,products_found
1,,2708343,a140d838b0f60c1e9fb46f882937175cfaf08655747013173623ee2b112012f8,products_found
1,,2708420,a140d838b0f60c1e9fb46f882937175cfaf08655747013173623ee2b112012f8,products_found
1,,2708445,a140d838b0f60c1e9fb46f882937175cfaf08655747013173623ee2b112012f8,products_found
1,,2708614,a140d838b0f60c1e9fb46f882937175cfaf08655747013173623ee2b112012f8,products_found
1,,2708885,a140d838b0f60c1e9fb46f882937175cfaf08655747013173623ee2b112012f8,products_found
1,,2710623,a140d838b0f60c1e9fb46f882937175cfaf08655747013173623ee2b112012f8,products_found
1,,2711114,a140d838b0f60c1e9fb46f882937175cfaf08655747013173623ee2b112012f8,products_found
1,,2711123,a140d838b0f60c1e9fb46f882937175cfaf08655747013173623ee2b112012f8,products_found
1,,2711131,a140d838b0f60c1e9fb46f882937175cfaf08655747013173623ee2b112012f8,products_found
1,,2711597,a140d838b0f60c1e9fb46f882937175cfaf08655747013173623ee2b112012f8,products_found
1,,2712825,a140d838b0f60c1e9fb46f882937175cfaf08655747013173623ee2b112012f8,products_found
1,,2713049,a140d838b0f60c1e9fb46f882937175cfaf08655747013173623ee2b112012f8,products_found
1,,2715135,a140d838b0f60c1e9fb46f882937175cfaf08655747013173623ee2b112012f8,products_found
1,,2715695,a140d838b0f60c1e9fb46f882937175cfaf08655747013173623ee2b112012f8,products_found
1,,2716801,a140d838b0f60c1e9fb46f882937175cfaf08655747013173623ee2b112012f8,products_found
1,,2716853,a140d838b0f60c1e9fb46f882937175cfaf08655747013173623ee2b112012f8,products_found
1,,2717158,a140d838b0f60c1e9fb46f882937175cfaf08655747013173623ee2b112012f8,products_found
1,,2718778,a140d838b0f60c1e9fb46f882937175cfaf08655747013173623ee2b112012f8,products_found
1,,2719873,a140d838b0f60c1e9fb46f882937175cfaf08655747013173623ee2b112012f8,products_found
1,,2720354,a140d838b0f60c1e9fb46f882937175cfaf08655747013173623ee2b112012f8,products_found
1,,2720514,a140d838b0f60c1e9fb46f882937175cfaf08655747013173623ee2b112012f8,products_found
1,,2721030,a140d838b0f60c1e9fb46f882937175cfaf08655747013173623ee2b112012f8,products_found
1,,2830919,a140d838b0f60c1e9fb46f882937175cfaf08655747013173623ee2b112012f8,products_found
1,,2831055,a140d838b0f60c1e9fb46f882937175cfaf08655747013173623ee2b112012f8,products_found
1,,2831251,a140d838b0f60c1e9fb46f882937175cfaf08655747013173623ee2b112012f8,products_found
1,,2832589,a140d838b0f60c1e9fb46f882937175cfaf08655747013173623ee2b112012f8,products_found
1,,2837111,a140d838b0f60c1e9fb46f882937175cfaf08655747013173623ee2b112012f8,products_found
1,,2849805,a140d838b0f60c1e9fb46f882937175cfaf08655747013173623ee2b112012f8,products_found
1,,2850321,a140d838b0f60c1e9fb46f882937175cfaf08655747013173623ee2b112012f8,products_found
1,,2851100,a140d838b0f60c1e9fb46f882937175cfaf08655747013173623ee2b112012f8,products_found
1,,2852528,a140d838b0f60c1e9fb46f882937175cfaf08655747013173623ee2b112012f8,products_found
1,,2852560,a140d838b0f60c1e9fb46f882937175cfaf08655747013173623ee2b112012f8,products_found
1,,2853093,a140d838b0f60c1e9fb46f882937175cfaf08655747013173623ee2b112012f8,products_found
1,,2853828,a140d838b0f60c1e9fb46f882937175cfaf08655747013173623ee2b112012f8,products_found
1,,2854181,a140d838b0f60c1e9fb46f882937175cfaf08655747013173623ee2b112012f8,products_found
1,,2854698,a140d838b0f60c1e9fb46f882937175cfaf08655747013173623ee2b112012f8,products_found
1,,2854839,a140d838b0f60c1e9fb46f882937175cfaf08655747013173623ee2b112012f8,products_found
1,,2854914,a140d838b0f60c1e9fb46f882937175cfaf08655747013173623ee2b112012f8,products_found
1,,2854948,a140d838b0f60c1e9fb46f882937175cfaf08655747013173623ee2b112012f8,products_found
1,,2856960,a140d838b0f60c1e9fb46f882937175cfaf08655747013173623ee2b112012f8,products_found
1,,2857607,a140d838b0f60c1e9fb46f882937175cfaf08655747013173623ee2b112012f8,products_found
1,,2859299,a140d838b0f60c1e9fb46f882937175cfaf08655747013173623ee2b112012f8,products_found
1,,2860114,a140d838b0f60c1e9fb46f882937175cfaf08655747013173623ee2b112012f8,products_found
1,,2860594,a140d838b0f60c1e9fb46f882937175cfaf08655747013173623ee2b112012f8,products_found
1,,2860788,a140d838b0f60c1e9fb46f882937175cfaf08655747013173623ee2b112012f8,products_found
1,,2860793,a140d838b0f60c1e9fb46f882937175cfaf08655747013173623ee2b112012f8,products_found
1,,2969638,a140d838b0f60c1e9fb46f882937175cfaf08655747013173623ee2b112012f8,products_found
1,,2970804,a140d838b0f60c1e9fb46f882937175cfaf08655747013173623ee2b112012f8,products_found
1,,2973509,a140d838b0f60c1e9fb46f882937175cfaf08655747013173623ee2b112012f8,products_found
1,,2975770,a140d838b0f60c1e9fb46f882937175cfaf08655747013173623ee2b112012f8,products_found
1,,2985767,a140d838b0f60c1e9fb46f882937175cfaf08655747013173623ee2b112012f8,products_found
1,,2987027,a140d838b0f60c1e9fb46f882937175cfaf08655747013173623ee2b112012f8,products_found
1,,2987433,a140d838b0f60c1e9fb46f882937175cfaf08655747013173623ee2b112012f8,products_found
1,,2989404,a140d838b0f60c1e9fb46f882937175cfaf08655747013173623ee2b112012f8,products_found
1,,2989706,a140d838b0f60c1e9fb46f882937175cfaf08655747013173623ee2b112012f8,products_found
1,,2990873,a140d838b0f60c1e9fb46f882937175cfaf08655747013173623ee2b112012f8,products_found
1,,2995392,a140d838b0f60c1e9fb46f882937175cfaf08655747013173623ee2b112012f8,products_found
1,,2997178,a140d838b0f60c1e9fb46f882937175cfaf08655747013173623ee2b112012f8,products_found
1,,2997455,a140d838b0f60c1e9fb46f882937175cfaf08655747013173623ee2b112012f8,products_found
1,,2998124,a140d838b0f60c1e9fb46f882937175cfaf08655747013173623ee2b112012f8,products_found
1,,3001885,a140d838b0f60c1e9fb46f882937175cfaf08655747013173623ee2b112012f8,products_found
1,,3003019,a140d838b0f60c1e9fb46f882937175cfaf08655747013173623ee2b112012f8,products_found
1,,3003991,a140d838b0f60c1e9fb46f882937175cfaf08655747013173623ee2b112012f8,products_found
1,,3003992,a140d838b0f60c1e9fb46f882937175cfaf08655747013173623ee2b112012f8,products_found
1,,3097346,a140d838b0f60c1e9fb46f882937175cfaf08655747013173623ee2b112012f8,products_found
1,,3097352,a140d838b0f60c1e9fb46f882937175cfaf08655747013173623ee2b112012f8,products_found
1,,3098184,a140d838b0f60c1e9fb46f882937175cfaf08655747013173623ee2b112012f8,products_found
1,,3098194,a140d838b0f60c1e9fb46f882937175cfaf08655747013173623ee2b112012f8,products_found
1,,3098197,a140d838b0f60c1e9fb46f882937175cfaf08655747013173623ee2b112012f8,products_found
1,,3098810,a140d838b0f60c1e9fb46f882937175cfaf08655747013173623ee2b112012f8,products_found
1,,3102000,a140d838b0f60c1e9fb46f882937175cfaf08655747013173623ee2b112012f8,products_found
1,,3102024,a140d838b0f60c1e9fb46f882937175cfaf08655747013173623ee2b112012f8,products_found
1,,3102309,a140d838b0f60c1e9fb46f882937175cfaf08655747013173623ee2b112012f8,products_found
1,,3102384,a140d838b0f60c1e9fb46f882937175cfaf08655747013173623ee2b112012f8,products_found
1,,3103227,a140d838b0f60c1e9fb46f882937175cfaf08655747013173623ee2b112012f8,products_found
1,,3109930,a140d838b0f60c1e9fb46f882937175cfaf08655747013173623ee2b112012f8,products_found
1,,3109937,a140d838b0f60c1e9fb46f882937175cfaf08655747013173623ee2b112012f8,products_found
1,,3110937,a140d838b0f60c1e9fb46f882937175cfaf08655747013173623ee2b112012f8,products_found
1,,3113266,a140d838b0f60c1e9fb46f882937175cfaf08655747013173623ee2b112012f8,products_found
1,,3114167,a140d838b0f60c1e9fb46f882937175cfaf08655747013173623ee2b112012f8,products_found
1,,3114661,a140d838b0f60c1e9fb46f882937175cfaf08655747013173623ee2b112012f8,products_found
1,,3114667,a140d838b0f60c1e9fb46f882937175cfaf08655747013173623ee2b112012f8,products_found
1,,3114811,a140d838b0f60c1e9fb46f882937175cfaf08655747013173623ee2b112012f8,products_found
1,,3115480,a140d838b0f60c1e9fb46f882937175cfaf08655747013173623ee2b112012f8,products_found
1,,3116412,a140d838b0f60c1e9fb46f882937175cfaf08655747013173623ee2b112012f8,products_found
1,,3117046,a140d838b0f60c1e9fb46f882937175cfaf08655747013173623ee2b112012f8,products_found
1,,3118797,a140d838b0f60c1e9fb46f882937175cfaf08655747013173623ee2b112012f8,products_found
1,,3119256,a140d838b0f60c1e9fb46f882937175cfaf08655747013173623ee2b112012f8,products_found
1,,3120276,a140d838b0f60c1e9fb46f882937175cfaf08655747013173623ee2b112012f8,products_found
1,,3120308,a140d838b0f60c1e9fb46f882937175cfaf08655747013173623ee2b112012f8,products_found
1,,3120320,a140d838b0f60c1e9fb46f882937175cfaf08655747013173623ee2b112012f8,products_found
1,,3120355,a140d838b0f60c1e9fb46f882937175cfaf08655747013173623ee2b112012f8,products_found
1,,3120397,a140d838b0f60c1e9fb46f882937175cfaf08655747013173623ee2b112012f8,products_found
1,,3120431,a140d838b0f60c1e9fb46f882937175cfaf08655747013173623ee2b112012f8,products_found
1,,3120904,a140d838b0f60c1e9fb46f882937175cfaf08655747013173623ee2b112012f8,products_found
1,,3121340,a140d838b0f60c1e9fb46f882937175cfaf08655747013173623ee2b112012f8,products_found
1,,3122913,a140d838b0f60c1e9fb46f882937175cfaf08655747013173623ee2b112012f8,products_found
1,,3122985,a140d838b0f60c1e9fb46f882937175cfaf08655747013173623ee2b112012f8,products_found
1,,3124412,a140d838b0f60c1e9fb46f882937175cfaf08655747013173623ee2b112012f8,products_found
1,,3124420,a140d838b0f60c1e9fb46f882937175cfaf08655747013173623ee2b112012f8,products_found
1,,3124598,a140d838b0f60c1e9fb46f882937175cfaf08655747013173623ee2b112012f8,products_found
1,,3127817,a140d838b0f60c1e9fb46f882937175cfaf08655747013173623ee2b112012f8,products_found
1,,3128552,a140d838b0f60c1e9fb46f882937175cfaf08655747013173623ee2b112012f8,products_found
1,,3128793,a140d838b0f60c1e9fb46f882937175cfaf08655747013173623ee2b112012f8,products_found
1,,3130300,a140d838b0f60c1e9fb46f882937175cfaf08655747013173623ee2b112012f8,products_found
1,,3130548,a140d838b0f60c1e9fb46f882937175cfaf08655747013173623ee2b112012f8,products_found
1,,3217264,a140d838b0f60c1e9fb46f882937175cfaf08655747013173623ee2b112012f8,products_found
1,,3218844,a140d838b0f60c1e9fb46f882937175cfaf08655747013173623ee2b112012f8,products_found
1,,3218908,a140d838b0f60c1e9fb46f882937175cfaf08655747013173623ee2b112012f8,products_found
1,,3219643,a140d838b0f60c1e9fb46f882937175cfaf08655747013173623ee2b112012f8,products_found
1,,3219995,a140d838b0f60c1e9fb46f882937175cfaf08655747013173623ee2b112012f8,products_found
1,,3222680,a140d838b0f60c1e9fb46f882937175cfaf08655747013173623ee2b112012f8,products_found
1,,3228740,a140d838b0f60c1e9fb46f882937175cfaf08655747013173623ee2b112012f8,products_found
1,,3228804,a140d838b0f60c1e9fb46f882937175cfaf08655747013173623ee2b112012f8,products_found
1,,3228824,a140d838b0f60c1e9fb46f882937175cfaf08655747013173623ee2b112012f8,products_found
1,,3228825,a140d838b0f60c1e9fb46f882937175cfaf08655747013173623ee2b112012f8,products_found
1,,3228945,a140d838b0f60c1e9fb46f882937175cfaf08655747013173623ee2b112012f8,products_found
1,,3228959,a140d838b0f60c1e9fb46f882937175cfaf08655747013173623ee2b112012f8,products_found
1,,3228986,a140d838b0f60c1e9fb46f882937175cfaf08655747013173623ee2b112012f8,products_found
1,,3228988,a140d838b0f60c1e9fb46f882937175cfaf08655747013173623ee2b112012f8,products_found
1,,3229028,a140d838b0f60c1e9fb46f882937175cfaf08655747013173623ee2b112012f8,products_found
1,,3229150,a140d838b0f60c1e9fb46f882937175cfaf08655747013173623ee2b112012f8,products_found
1,,3230095,a140d838b0f60c1e9fb46f882937175cfaf08655747013173623ee2b112012f8,products_found
1,,3230206,a140d838b0f60c1e9fb46f882937175cfaf08655747013173623ee2b112012f8,products_found
1,,3230227,a140d838b0f60c1e9fb46f882937175cfaf08655747013173623ee2b112012f8,products_found
1,,3230578,a140d838b0f60c1e9fb46f882937175cfaf08655747013173623ee2b112012f8,products_found
1,,3230753,a140d838b0f60c1e9fb46f882937175cfaf08655747013173623ee2b112012f8,products_found
1,,3230787,a140d838b0f60c1e9fb46f882937175cfaf08655747013173623ee2b112012f8,products_found
1,,3231120,a140d838b0f60c1e9fb46f882937175cfaf08655747013173623ee2b112012f8,products_found
1,,3231137,a140d838b0f60c1e9fb46f882937175cfaf08655747013173623ee2b112012f8,products_found
1,,3231341,a140d838b0f60c1e9fb46f882937175cfaf08655747013173623ee2b112012f8,products_found
1,,3232859,a140d838b0f60c1e9fb46f882937175cfaf08655747013173623ee2b112012f8,products_found
1,,3233043,a140d838b0f60c1e9fb46f882937175cfaf08655747013173623ee2b112012f8,products_found
1,,3234598,a140d838b0f60c1e9fb46f882937175cfaf08655747013173623ee2b112012f8,products_found
1,,3234843,a140d838b0f60c1e9fb46f882937175cfaf08655747013173623ee2b112012f8,products_found
1,,3235282,a140d838b0f60c1e9fb46f882937175cfaf08655747013173623ee2b112012f8,products_found
1,,3239636,a140d838b0f60c1e9fb46f882937175cfaf08655747013173623ee2b112012f8,products_found
1,,3239671,a140d838b0f60c1e9fb46f882937175cfaf08655747013173623ee2b112012f8,products_found
1,,3239945,a140d838b0f60c1e9fb46f882937175cfaf08655747013173623ee2b112012f8,products_found
1,,3240049,a140d838b0f60c1e9fb46f882937175cfaf08655747013173623ee2b112012f8,products_found
1,,3240158,a140d838b0f60c1e9fb46f882937175cfaf08655747013173623ee2b112012f8,products_found
1,,3240159,a140d838b0f60c1e9fb46f882937175cfaf08655747013173623ee2b112012f8,products_found
1,,3240406,a140d838b0f60c1e9fb46f882937175cfaf08655747013173623ee2b112012f8,products_found
1,,3240706,a140d838b0f60c1e9fb46f882937175cfaf08655747013173623ee2b112012f8,products_found
1,,3241248,a140d838b0f60c1e9fb46f882937175cfaf08655747013173623ee2b112012f8,products_found
1,,3241344,a140d838b0f60c1e9fb46f882937175cfaf08655747013173623ee2b112012f8,products_found
1,,3241557,a140d838b0f60c1e9fb46f882937175cfaf08655747013173623ee2b112012f8,products_found
1,,3241604,a140d838b0f60c1e9fb46f882937175cfaf08655747013173623ee2b112012f8,products_found
1,,3241619,a140d838b0f60c1e9fb46f882937175cfaf08655747013173623ee2b112012f8,products_found
1,,3241647,a140d838b0f60c1e9fb46f882937175cfaf08655747013173623ee2b112012f8,products_found
1,,3241662,a140d838b0f60c1e9fb46f882937175cfaf08655747013173623ee2b112012f8,products_found
1,,3244792,a140d838b0f60c1e9fb46f882937175cfaf08655747013173623ee2b112012f8,products_found
1,,3245000,a140d838b0f60c1e9fb46f882937175cfaf08655747013173623ee2b112012f8,products_found
1,,3245661,a140d838b0f60c1e9fb46f882937175cfaf08655747013173623ee2b112012f8,products_found
1,,3245969,a140d838b0f60c1e9fb46f882937175cfaf08655747013173623ee2b112012f8,products_found
1,,3247268,a140d838b0f60c1e9fb46f882937175cfaf08655747013173623ee2b112012f8,products_found
1,,3247294,a140d838b0f60c1e9fb46f882937175cfaf08655747013173623ee2b112012f8,products_found
1,,3247396,a140d838b0f60c1e9fb46f882937175cfaf08655747013173623ee2b112012f8,products_found
1,,3247404,a140d838b0f60c1e9fb46f882937175cfaf08655747013173623ee2b112012f8,products_found
1,,3247503,a140d838b0f60c1e9fb46f882937175cfaf08655747013173623ee2b112012f8,products_found
1,,3248019,a140d838b0f60c1e9fb46f882937175cfaf08655747013173623ee2b112012f8,products_found
1,,3248033,a140d838b0f60c1e9fb46f882937175cfaf08655747013173623ee2b112012f8,products_found
1,,3248332,a140d838b0f60c1e9fb46f882937175cfaf08655747013173623ee2b112012f8,products_found
1,,3248696,a140d838b0f60c1e9fb46f882937175cfaf08655747013173623ee2b112012f8,products_found
1,,3323289,a140d838b0f60c1e9fb46f882937175cfaf08655747013173623ee2b112012f8,products_found
1,,3324644,a140d838b0f60c1e9fb46f882937175cfaf08655747013173623ee2b112012f8,products_found
1,,3324986,a140d838b0f60c1e9fb46f882937175cfaf08655747013173623ee2b112012f8,products_found
1,,3326377,a140d838b0f60c1e9fb46f882937175cfaf08655747013173623ee2b112012f8,products_found
1,,3327980,a140d838b0f60c1e9fb46f882937175cfaf08655747013173623ee2b112012f8,products_found
1,,3327992,a140d838b0f60c1e9fb46f882937175cfaf08655747013173623ee2b112012f8,products_found
1,,3327993,a140d838b0f60c1e9fb46f882937175cfaf08655747013173623ee2b112012f8,products_found
1,,3328026,a140d838b0f60c1e9fb46f882937175cfaf08655747013173623ee2b112012f8,products_found
1,,3328027,a140d838b0f60c1e9fb46f882937175cfaf08655747013173623ee2b112012f8,products_found
1,,3328052,a140d838b0f60c1e9fb46f882937175cfaf08655747013173623ee2b112012f8,products_found
1,,3328080,a140d838b0f60c1e9fb46f882937175cfaf08655747013173623ee2b112012f8,products_found
1,,3329643,a140d838b0f60c1e9fb46f882937175cfaf08655747013173623ee2b112012f8,products_found
1,,3330684,a140d838b0f60c1e9fb46f882937175cfaf08655747013173623ee2b112012f8,products_found
1,,3335813,a140d838b0f60c1e9fb46f882937175cfaf08655747013173623ee2b112012f8,products_found
1,,3335816,a140d838b0f60c1e9fb46f882937175cfaf08655747013173623ee2b112012f8,products_found
1,,3336476,a140d838b0f60c1e9fb46f882937175cfaf08655747013173623ee2b112012f8,products_found
1,,3336765,a140d838b0f60c1e9fb46f882937175cfaf08655747013173623ee2b112012f8,products_found
1,,3336845,a140d838b0f60c1e9fb46f882937175cfaf08655747013173623ee2b112012f8,products_found
1,,3337061,a140d838b0f60c1e9fb46f882937175cfaf08655747013173623ee2b112012f8,products_found
1,,3337351,a140d838b0f60c1e9fb46f882937175cfaf08655747013173623ee2b112012f8,products_found
1,,3337425,a140d838b0f60c1e9fb46f882937175cfaf08655747013173623ee2b112012f8,products_found
1,,3337432,a140d838b0f60c1e9fb46f882937175cfaf08655747013173623ee2b112012f8,products_found
1,,3337438,a140d838b0f60c1e9fb46f882937175cfaf08655747013173623ee2b112012f8,products_found
1,,3337548,a140d838b0f60c1e9fb46f882937175cfaf08655747013173623ee2b112012f8,products_found
1,,3338660,a140d838b0f60c1e9fb46f882937175cfaf08655747013173623ee2b112012f8,products_found
1,,3338674,a140d838b0f60c1e9fb46f882937175cfaf08655747013173623ee2b112012f8,products_found
1,,3338885,a140d838b0f60c1e9fb46f882937175cfaf08655747013173623ee2b112012f8,products_found
1,,3339538,a140d838b0f60c1e9fb46f882937175cfaf08655747013173623ee2b112012f8,products_found
1,,3340312,a140d838b0f60c1e9fb46f882937175cfaf08655747013173623ee2b112012f8,products_found
1,,3340313,a140d838b0f60c1e9fb46f882937175cfaf08655747013173623ee2b112012f8,products_found
1,,3341760,a140d838b0f60c1e9fb46f882937175cfaf08655747013173623ee2b112012f8,products_found
1,,3341934,a140d838b0f60c1e9fb46f882937175cfaf08655747013173623ee2b112012f8,products_found
1,,3342467,a140d838b0f60c1e9fb46f882937175cfaf08655747013173623ee2b112012f8,products_found
1,,3342592,a140d838b0f60c1e9fb46f882937175cfaf08655747013173623ee2b112012f8,products_found
1,,3342794,a140d838b0f60c1e9fb46f882937175cfaf08655747013173623ee2b112012f8,products_found
1,,3342952,a140d838b0f60c1e9fb46f882937175cfaf08655747013173623ee2b112012f8,products_found
1,,3342970,a140d838b0f60c1e9fb46f882937175cfaf08655747013173623ee2b112012f8,products_found
1,,3343281,a140d838b0f60c1e9fb46f882937175cfaf08655747013173623ee2b112012f8,products_found
1,,3343866,a140d838b0f60c1e9fb46f882937175cfaf08655747013173623ee2b112012f8,products_found
1,,3344419,a140d838b0f60c1e9fb46f882937175cfaf08655747013173623ee2b112012f8,products_found
1,,3344427,a140d838b0f60c1e9fb46f882937175cfaf08655747013173623ee2b112012f8,products_found
1,,3345675,a140d838b0f60c1e9fb46f882937175cfaf08655747013173623ee2b112012f8,products_found
1,,3345973,a140d838b0f60c1e9fb46f882937175cfaf08655747013173623ee2b112012f8,products_found
1,,3346154,a140d838b0f60c1e9fb46f882937175cfaf08655747013173623ee2b112012f8,products_found
1,,3347485,a140d838b0f60c1e9fb46f882937175cfaf08655747013173623ee2b112012f8,products_found
1,,3347807,a140d838b0f60c1e9fb46f882937175cfaf08655747013173623ee2b112012f8,products_found
1,,3348082,a140d838b0f60c1e9fb46f882937175cfaf08655747013173623ee2b112012f8,products_found
1,,3348090,a140d838b0f60c1e9fb46f882937175cfaf08655747013173623ee2b112012f8,products_found
1,,3348093,a140d838b0f60c1e9fb46f882937175cfaf08655747013173623ee2b112012f8,products_found
1,,3348285,a140d838b0f60c1e9fb46f882937175cfaf08655747013173623ee2b112012f8,products_found
1,,3351888,a140d838b0f60c1e9fb46f882937175cfaf08655747013173623ee2b112012f8,products_found
1,,3352751,a140d838b0f60c1e9fb46f882937175cfaf08655747013173623ee2b112012f8,products_found
1,,3353050,a140d838b0f60c1e9fb46f882937175cfaf08655747013173623ee2b112012f8,products_found
1,,3353454,a140d838b0f60c1e9fb46f882937175cfaf08655747013173623ee2b112012f8,products_found
1,,3354846,a140d838b0f60c1e9fb46f882937175cfaf08655747013173623ee2b112012f8,products_found
1,,3355104,a140d838b0f60c1e9fb46f882937175cfaf08655747013173623ee2b112012f8,products_found
1,,3426367,a140d838b0f60c1e9fb46f882937175cfaf08655747013173623ee2b112012f8,products_found
1,,3427776,a140d838b0f60c1e9fb46f882937175cfaf08655747013173623ee2b112012f8,products_found
1,,3428468,a140d838b0f60c1e9fb46f882937175cfaf08655747013173623ee2b112012f8,products_found
1,,3433668,a140d838b0f60c1e9fb46f882937175cfaf08655747013173623ee2b112012f8,products_found
1,,3437739,a140d838b0f60c1e9fb46f882937175cfaf08655747013173623ee2b112012f8,products_found
1,,3437776,a140d838b0f60c1e9fb46f882937175cfaf08655747013173623ee2b112012f8,products_found
1,,3438507,a140d838b0f60c1e9fb46f882937175cfaf08655747013173623ee2b112012f8,products_found
1,,3438975,a140d838b0f60c1e9fb46f882937175cfaf08655747013173623ee2b112012f8,products_found
1,,3438976,a140d838b0f60c1e9fb46f882937175cfaf08655747013173623ee2b112012f8,products_found
1,,3439031,a140d838b0f60c1e9fb46f882937175cfaf08655747013173623ee2b112012f8,products_found
1,,3439096,a140d838b0f60c1e9fb46f882937175cfaf08655747013173623ee2b112012f8,products_found
1,,3439126,a140d838b0f60c1e9fb46f882937175cfaf08655747013173623ee2b112012f8,products_found
1,,3440118,a140d838b0f60c1e9fb46f882937175cfaf08655747013173623ee2b112012f8,products_found
1,,3440230,a140d838b0f60c1e9fb46f882937175cfaf08655747013173623ee2b112012f8,products_found
1,,3441340,a140d838b0f60c1e9fb46f882937175cfaf08655747013173623ee2b112012f8,products_found
1,,3441784,a140d838b0f60c1e9fb46f882937175cfaf08655747013173623ee2b112012f8,products_found
1,,3442054,a140d838b0f60c1e9fb46f882937175cfaf08655747013173623ee2b112012f8,products_found
1,,3442055,a140d838b0f60c1e9fb46f882937175cfaf08655747013173623ee2b112012f8,products_found
1,,3443582,a140d838b0f60c1e9fb46f882937175cfaf08655747013173623ee2b112012f8,products_found
1,,3443790,a140d838b0f60c1e9fb46f882937175cfaf08655747013173623ee2b112012f8,products_found
1,,3444098,a140d838b0f60c1e9fb46f882937175cfaf08655747013173623ee2b112012f8,products_found
1,,3444588,a140d838b0f60c1e9fb46f882937175cfaf08655747013173623ee2b112012f8,products_found
1,,3445812,a140d838b0f60c1e9fb46f882937175cfaf08655747013173623ee2b112012f8,products_found
1,,3446451,a140d838b0f60c1e9fb46f882937175cfaf08655747013173623ee2b112012f8,products_found
1,,3446746,a140d838b0f60c1e9fb46f882937175cfaf08655747013173623ee2b112012f8,products_found
1,,3447722,a140d838b0f60c1e9fb46f882937175cfaf08655747013173623ee2b112012f8,products_found
1,,3448130,a140d838b0f60c1e9fb46f882937175cfaf08655747013173623ee2b112012f8,products_found
1,,3448323,a140d838b0f60c1e9fb46f882937175cfaf08655747013173623ee2b112012f8,products_found
1,,3448456,a140d838b0f60c1e9fb46f882937175cfaf08655747013173623ee2b112012f8,products_found
1,,3449540,a140d838b0f60c1e9fb46f882937175cfaf08655747013173623ee2b112012f8,products_found
1,,3458028,a140d838b0f60c1e9fb46f882937175cfaf08655747013173623ee2b112012f8,products_found
1,,3458687,a140d838b0f60c1e9fb46f882937175cfaf08655747013173623ee2b112012f8,products_found
1,,3458919,a140d838b0f60c1e9fb46f882937175cfaf08655747013173623ee2b112012f8,products_found
1,,3459199,a140d838b0f60c1e9fb46f882937175cfaf08655747013173623ee2b112012f8,products_found
1,,3526331,a140d838b0f60c1e9fb46f882937175cfaf08655747013173623ee2b112012f8,products_found
1,,3530668,a140d838b0f60c1e9fb46f882937175cfaf08655747013173623ee2b112012f8,products_found
1,,3531231,a140d838b0f60c1e9fb46f882937175cfaf08655747013173623ee2b112012f8,products_found
1,,3531558,a140d838b0f60c1e9fb46f882937175cfaf08655747013173623ee2b112012f8,products_found
1,,3532985,a140d838b0f60c1e9fb46f882937175cfaf08655747013173623ee2b112012f8,products_found
1,,3533469,a140d838b0f60c1e9fb46f882937175cfaf08655747013173623ee2b112012f8,products_found
1,,3533483,a140d838b0f60c1e9fb46f882937175cfaf08655747013173623ee2b112012f8,products_found
1,,3534118,a140d838b0f60c1e9fb46f882937175cfaf08655747013173623ee2b112012f8,products_found
1,,3541800,a140d838b0f60c1e9fb46f882937175cfaf08655747013173623ee2b112012f8,products_found
1,,3541946,a140d838b0f60c1e9fb46f882937175cfaf08655747013173623ee2b112012f8,products_found
1,,3542222,a140d838b0f60c1e9fb46f882937175cfaf08655747013173623ee2b112012f8,products_found
1,,3542542,a140d838b0f60c1e9fb46f882937175cfaf08655747013173623ee2b112012f8,products_found
1,,3542573,a140d838b0f60c1e9fb46f882937175cfaf08655747013173623ee2b112012f8,products_found
1,,3542574,a140d838b0f60c1e9fb46f882937175cfaf08655747013173623ee2b112012f8,products_found
1,,3542588,a140d838b0f60c1e9fb46f882937175cfaf08655747013173623ee2b112012f8,products_found
1,,3543270,a140d838b0f60c1e9fb46f882937175cfaf08655747013173623ee2b112012f8,products_found
1,,3544595,a140d838b0f60c1e9fb46f882937175cfaf08655747013173623ee2b112012f8,products_found
1,,3544640,a140d838b0f60c1e9fb46f882937175cfaf08655747013173623ee2b112012f8,products_found
1,,3544678,a140d838b0f60c1e9fb46f882937175cfaf08655747013173623ee2b112012f8,products_found
1,,3544689,a140d838b0f60c1e9fb46f882937175cfaf08655747013173623ee2b112012f8,products_found
1,,3544694,a140d838b0f60c1e9fb46f882937175cfaf08655747013173623ee2b112012f8,products_found
1,,3545135,a140d838b0f60c1e9fb46f882937175cfaf08655747013173623ee2b112012f8,products_found
1,,3546060,a140d838b0f60c1e9fb46f882937175cfaf08655747013173623ee2b112012f8,products_found
1,,3547091,a140d838b0f60c1e9fb46f882937175cfaf08655747013173623ee2b112012f8,products_found
1,,3547315,a140d838b0f60c1e9fb46f882937175cfaf08655747013173623ee2b112012f8,products_found
1,,3548044,a140d838b0f60c1e9fb46f882937175cfaf08655747013173623ee2b112012f8,products_found
1,,3548622,a140d838b0f60c1e9fb46f882937175cfaf08655747013173623ee2b112012f8,products_found
1,,3548639,a140d838b0f60c1e9fb46f882937175cfaf08655747013173623ee2b112012f8,products_found
1,,3550434,a140d838b0f60c1e9fb46f882937175cfaf08655747013173623ee2b112012f8,products_found
1,,3554031,a140d838b0f60c1e9fb46f882937175cfaf08655747013173623ee2b112012f8,products_found
1,,3554600,a140d838b0f60c1e9fb46f882937175cfaf08655747013173623ee2b112012f8,products_found
1,,3556220,a140d838b0f60c1e9fb46f882937175cfaf08655747013173623ee2b112012f8,products_found
1,,3556229,a140d838b0f60c1e9fb46f882937175cfaf08655747013173623ee2b112012f8,products_found
1,,3556742,a140d838b0f60c1e9fb46f882937175cfaf08655747013173623ee2b112012f8,products_found
1,,3557341,a140d838b0f60c1e9fb46f882937175cfaf08655747013173623ee2b112012f8,products_found
1,,3558803,a140d838b0f60c1e9fb46f882937175cfaf08655747013173623ee2b112012f8,products_found
1,,3558981,a140d838b0f60c1e9fb46f882937175cfaf08655747013173623ee2b112012f8,products_found
1,,3559860,a140d838b0f60c1e9fb46f882937175cfaf08655747013173623ee2b112012f8,products_found
1,,3559935,a140d838b0f60c1e9fb46f882937175cfaf08655747013173623ee2b112012f8,products_found
1,,3560301,a140d838b0f60c1e9fb46f882937175cfaf08655747013173623ee2b112012f8,products_found
1,,3561464,a140d838b0f60c1e9fb46f882937175cfaf08655747013173623ee2b112012f8,products_found
1,,3629330,a140d838b0f60c1e9fb46f882937175cfaf08655747013173623ee2b112012f8,products_found
1,,3629967,a140d838b0f60c1e9fb46f882937175cfaf08655747013173623ee2b112012f8,products_found
1,,3632089,a140d838b0f60c1e9fb46f882937175cfaf08655747013173623ee2b112012f8,products_found
1,,3632418,a140d838b0f60c1e9fb46f882937175cfaf08655747013173623ee2b112012f8,products_found
1,,3640905,a140d838b0f60c1e9fb46f882937175cfaf08655747013173623ee2b112012f8,products_found
1,,3641726,a140d838b0f60c1e9fb46f882937175cfaf08655747013173623ee2b112012f8,products_found
1,,3642289,a140d838b0f60c1e9fb46f882937175cfaf08655747013173623ee2b112012f8,products_found
1,,3642335,a140d838b0f60c1e9fb46f882937175cfaf08655747013173623ee2b112012f8,products_found
1,,3644071,a140d838b0f60c1e9fb46f882937175cfaf08655747013173623ee2b112012f8,products_found
1,,3644174,a140d838b0f60c1e9fb46f882937175cfaf08655747013173623ee2b112012f8,products_found
1,,3644399,a140d838b0f60c1e9fb46f882937175cfaf08655747013173623ee2b112012f8,products_found
1,,3644505,a140d838b0f60c1e9fb46f882937175cfaf08655747013173623ee2b112012f8,products_found
1,,3644523,a140d838b0f60c1e9fb46f882937175cfaf08655747013173623ee2b112012f8,products_found
1,,3644542,a140d838b0f60c1e9fb46f882937175cfaf08655747013173623ee2b112012f8,products_found
1,,3644601,a140d838b0f60c1e9fb46f882937175cfaf08655747013173623ee2b112012f8,products_found
1,,3644602,a140d838b0f60c1e9fb46f882937175cfaf08655747013173623ee2b112012f8,products_found
1,,3644631,a140d838b0f60c1e9fb46f882937175cfaf08655747013173623ee2b112012f8,products_found
1,,3644653,a140d838b0f60c1e9fb46f882937175cfaf08655747013173623ee2b112012f8,products_found
1,,3644738,a140d838b0f60c1e9fb46f882937175cfaf08655747013173623ee2b112012f8,products_found
1,,3645282,a140d838b0f60c1e9fb46f882937175cfaf08655747013173623ee2b112012f8,products_found
1,,3645438,a140d838b0f60c1e9fb46f882937175cfaf08655747013173623ee2b112012f8,products_found
1,,3650049,a140d838b0f60c1e9fb46f882937175cfaf08655747013173623ee2b112012f8,products_found
1,,3654095,a140d838b0f60c1e9fb46f882937175cfaf08655747013173623ee2b112012f8,products_found
1,,3654719,a140d838b0f60c1e9fb46f882937175cfaf08655747013173623ee2b112012f8,products_found
1,,3654950,a140d838b0f60c1e9fb46f882937175cfaf08655747013173623ee2b112012f8,products_found
1,,3655326,a140d838b0f60c1e9fb46f882937175cfaf08655747013173623ee2b112012f8,products_found
1,,3655332,a140d838b0f60c1e9fb46f882937175cfaf08655747013173623ee2b112012f8,products_found
1,,3656121,a140d838b0f60c1e9fb46f882937175cfaf08655747013173623ee2b112012f8,products_found
1,,3656322,a140d838b0f60c1e9fb46f882937175cfaf08655747013173623ee2b112012f8,products_found
1,,3656700,a140d838b0f60c1e9fb46f882937175cfaf08655747013173623ee2b112012f8,products_found
1,,3657176,a140d838b0f60c1e9fb46f882937175cfaf08655747013173623ee2b112012f8,products_found
1,,3657758,a140d838b0f60c1e9fb46f882937175cfaf08655747013173623ee2b112012f8,products_found
1,,3659940,a140d838b0f60c1e9fb46f882937175cfaf08655747013173623ee2b112012f8,products_found
1,,3660924,a140d838b0f60c1e9fb46f882937175cfaf08655747013173623ee2b112012f8,products_found
1,,3661886,a140d838b0f60c1e9fb46f882937175cfaf08655747013173623ee2b112012f8,products_found
1,,3662635,a140d838b0f60c1e9fb46f882937175cfaf08655747013173623ee2b112012f8,products_found
1,,3662838,a140d838b0f60c1e9fb46f882937175cfaf08655747013173623ee2b112012f8,products_found
1,,3663141,a140d838b0f60c1e9fb46f882937175cfaf08655747013173623ee2b112012f8,products_found
1,,3728432,a140d838b0f60c1e9fb46f882937175cfaf08655747013173623ee2b112012f8,products_found
1,,3728701,a140d838b0f60c1e9fb46f882937175cfaf08655747013173623ee2b112012f8,products_found
1,,3730335,a140d838b0f60c1e9fb46f882937175cfaf08655747013173623ee2b112012f8,products_found
1,,3732035,a140d838b0f60c1e9fb46f882937175cfaf08655747013173623ee2b112012f8,products_found
1,,3732821,a140d838b0f60c1e9fb46f882937175cfaf08655747013173623ee2b112012f8,products_found
1,,3732894,a140d838b0f60c1e9fb46f882937175cfaf08655747013173623ee2b112012f8,products_found
1,,3732972,a140d838b0f60c1e9fb46f882937175cfaf08655747013173623ee2b112012f8,products_found
1,,3733628,a140d838b0f60c1e9fb46f882937175cfaf08655747013173623ee2b112012f8,products_found
1,,3734418,a140d838b0f60c1e9fb46f882937175cfaf08655747013173623ee2b112012f8,products_found
1,,3734501,a140d838b0f60c1e9fb46f882937175cfaf08655747013173623ee2b112012f8,products_found
1,,3734868,a140d838b0f60c1e9fb46f882937175cfaf08655747013173623ee2b112012f8,products_found
1,,3735629,a140d838b0f60c1e9fb46f882937175cfaf08655747013173623ee2b112012f8,products_found
1,,3735634,a140d838b0f60c1e9fb46f882937175cfaf08655747013173623ee2b112012f8,products_found
1,,3742855,a140d838b0f60c1e9fb46f882937175cfaf08655747013173623ee2b112012f8,products_found
1,,3745559,a140d838b0f60c1e9fb46f882937175cfaf08655747013173623ee2b112012f8,products_found
1,,3745690,a140d838b0f60c1e9fb46f882937175cfaf08655747013173623ee2b112012f8,products_found
1,,3747262,a140d838b0f60c1e9fb46f882937175cfaf08655747013173623ee2b112012f8,products_found
1,,3747817,a140d838b0f60c1e9fb46f882937175cfaf08655747013173623ee2b112012f8,products_found
1,,3749134,a140d838b0f60c1e9fb46f882937175cfaf08655747013173623ee2b112012f8,products_found
1,,3749365,a140d838b0f60c1e9fb46f882937175cfaf08655747013173623ee2b112012f8,products_found
1,,3749508,a140d838b0f60c1e9fb46f882937175cfaf08655747013173623ee2b112012f8,products_found
1,,3749978,a140d838b0f60c1e9fb46f882937175cfaf08655747013173623ee2b112012f8,products_found
1,,3750350,a140d838b0f60c1e9fb46f882937175cfaf08655747013173623ee2b112012f8,products_found
1,,3751231,a140d838b0f60c1e9fb46f882937175cfaf08655747013173623ee2b112012f8,products_found
1,,3755522,a140d838b0f60c1e9fb46f882937175cfaf08655747013173623ee2b112012f8,products_found
1,,3756264,a140d838b0f60c1e9fb46f882937175cfaf08655747013173623ee2b112012f8,products_found
1,,3757407,a140d838b0f60c1e9fb46f882937175cfaf08655747013173623ee2b112012f8,products_found
1,,3757588,a140d838b0f60c1e9fb46f882937175cfaf08655747013173623ee2b112012f8,products_found
1,,3757778,a140d838b0f60c1e9fb46f882937175cfaf08655747013173623ee2b112012f8,products_found
1,,3762468,a140d838b0f60c1e9fb46f882937175cfaf08655747013173623ee2b112012f8,products_found
1,,3764714,a140d838b0f60c1e9fb46f882937175cfaf08655747013173623ee2b112012f8,products_found
1,,3764879,a140d838b0f60c1e9fb46f882937175cfaf08655747013173623ee2b112012f8,products_found
1,,3765771,a140d838b0f60c1e9fb46f882937175cfaf08655747013173623ee2b112012f8,products_found
1,,3766353,a140d838b0f60c1e9fb46f882937175cfaf08655747013173623ee2b112012f8,products_found
1,,3830820,a140d838b0f60c1e9fb46f882937175cfaf08655747013173623ee2b112012f8,products_found
1,,3831053,a140d838b0f60c1e9fb46f882937175cfaf08655747013173623ee2b112012f8,products_found
1,,3831911,a140d838b0f60c1e9fb46f882937175cfaf08655747013173623ee2b112012f8,products_found
1,,3832474,a140d838b0f60c1e9fb46f882937175cfaf08655747013173623ee2b112012f8,products_found
1,,3832716,a140d838b0f60c1e9fb46f882937175cfaf08655747013173623ee2b112012f8,products_found
1,,3833007,a140d838b0f60c1e9fb46f882937175cfaf08655747013173623ee2b112012f8,products_found
1,,3834317,a140d838b0f60c1e9fb46f882937175cfaf08655747013173623ee2b112012f8,products_found
1,,3834322,a140d838b0f60c1e9fb46f882937175cfaf08655747013173623ee2b112012f8,products_found
1,,3834360,a140d838b0f60c1e9fb46f882937175cfaf08655747013173623ee2b112012f8,products_found
1,,3834364,a140d838b0f60c1e9fb46f882937175cfaf08655747013173623ee2b112012f8,products_found
1,,3835670,a140d838b0f60c1e9fb46f882937175cfaf08655747013173623ee2b112012f8,products_found
1,,3836375,a140d838b0f60c1e9fb46f882937175cfaf08655747013173623ee2b112012f8,products_found
1,,3836399,a140d838b0f60c1e9fb46f882937175cfaf08655747013173623ee2b112012f8,products_found
1,,3836413,a140d838b0f60c1e9fb46f882937175cfaf08655747013173623ee2b112012f8,products_found
1,,3836439,a140d838b0f60c1e9fb46f882937175cfaf08655747013173623ee2b112012f8,products_found
1,,3836450,a140d838b0f60c1e9fb46f882937175cfaf08655747013173623ee2b112012f8,products_found
1,,3836453,a140d838b0f60c1e9fb46f882937175cfaf08655747013173623ee2b112012f8,products_found
1,,3836509,a140d838b0f60c1e9fb46f882937175cfaf08655747013173623ee2b112012f8,products_found
1,,3836522,a140d838b0f60c1e9fb46f882937175cfaf08655747013173623ee2b112012f8,products_found
1,,3836558,a140d838b0f60c1e9fb46f882937175cfaf08655747013173623ee2b112012f8,products_found
1,,3838004,a140d838b0f60c1e9fb46f882937175cfaf08655747013173623ee2b112012f8,products_found
1,,3838486,a140d838b0f60c1e9fb46f882937175cfaf08655747013173623ee2b112012f8,products_found
1,,3838496,a140d838b0f60c1e9fb46f882937175cfaf08655747013173623ee2b112012f8,products_found
1,,3839294,a140d838b0f60c1e9fb46f882937175cfaf08655747013173623ee2b112012f8,products_found
1,,3839488,a140d838b0f60c1e9fb46f882937175cfaf08655747013173623ee2b112012f8,products_found
1,,3846515,a140d838b0f60c1e9fb46f882937175cfaf08655747013173623ee2b112012f8,products_found
1,,3847138,a140d838b0f60c1e9fb46f882937175cfaf08655747013173623ee2b112012f8,products_found
1,,3847708,a140d838b0f60c1e9fb46f882937175cfaf08655747013173623ee2b112012f8,products_found
1,,3847907,a140d838b0f60c1e9fb46f882937175cfaf08655747013173623ee2b112012f8,products_found
1,,3848275,a140d838b0f60c1e9fb46f882937175cfaf08655747013173623ee2b112012f8,products_found
1,,3848665,a140d838b0f60c1e9fb46f882937175cfaf08655747013173623ee2b112012f8,products_found
1,,3848919,a140d838b0f60c1e9fb46f882937175cfaf08655747013173623ee2b112012f8,products_found
1,,3848972,a140d838b0f60c1e9fb46f882937175cfaf08655747013173623ee2b112012f8,products_found
1,,3849155,a140d838b0f60c1e9fb46f882937175cfaf08655747013173623ee2b112012f8,products_found
1,,3851130,a140d838b0f60c1e9fb46f882937175cfaf08655747013173623ee2b112012f8,products_found
1,,3851134,a140d838b0f60c1e9fb46f882937175cfaf08655747013173623ee2b112012f8,products_found
1,,3851193,a140d838b0f60c1e9fb46f882937175cfaf08655747013173623ee2b112012f8,products_found
1,,3851194,a140d838b0f60c1e9fb46f882937175cfaf08655747013173623ee2b112012f8,products_found
1,,3851949,a140d838b0f60c1e9fb46f882937175cfaf08655747013173623ee2b112012f8,products_found
1,,3852258,a140d838b0f60c1e9fb46f882937175cfaf08655747013173623ee2b112012f8,products_found
1,,3852476,a140d838b0f60c1e9fb46f882937175cfaf08655747013173623ee2b112012f8,products_found
1,,3852655,a140d838b0f60c1e9fb46f882937175cfaf08655747013173623ee2b112012f8,products_found
1,,3853673,a140d838b0f60c1e9fb46f882937175cfaf08655747013173623ee2b112012f8,products_found
1,,3854101,a140d838b0f60c1e9fb46f882937175cfaf08655747013173623ee2b112012f8,products_found
1,,3857860,a140d838b0f60c1e9fb46f882937175cfaf08655747013173623ee2b112012f8,products_found
1,,3858704,a140d838b0f60c1e9fb46f882937175cfaf08655747013173623ee2b112012f8,products_found
1,,3858804,a140d838b0f60c1e9fb46f882937175cfaf08655747013173623ee2b112012f8,products_found
1,,3858824,a140d838b0f60c1e9fb46f882937175cfaf08655747013173623ee2b112012f8,products_found
1,,3858851,a140d838b0f60c1e9fb46f882937175cfaf08655747013173623ee2b112012f8,products_found
1,,3858879,a140d838b0f60c1e9fb46f882937175cfaf08655747013173623ee2b112012f8,products_found
1,,3858884,a140d838b0f60c1e9fb46f882937175cfaf08655747013173623ee2b112012f8,products_found
1,,3858917,a140d838b0f60c1e9fb46f882937175cfaf08655747013173623ee2b112012f8,products_found
1,,3858919,a140d838b0f60c1e9fb46f882937175cfaf08655747013173623ee2b112012f8,products_found
1,,3858943,a140d838b0f60c1e9fb46f882937175cfaf08655747013173623ee2b112012f8,products_found
1,,3858949,a140d838b0f60c1e9fb46f882937175cfaf08655747013173623ee2b112012f8,products_found
1,,3858988,a140d838b0f60c1e9fb46f882937175cfaf08655747013173623ee2b112012f8,products_found
1,,3859042,a140d838b0f60c1e9fb46f882937175cfaf08655747013173623ee2b112012f8,products_found
1,,3859079,a140d838b0f60c1e9fb46f882937175cfaf08655747013173623ee2b112012f8,products_found
1,,3859151,a140d838b0f60c1e9fb46f882937175cfaf08655747013173623ee2b112012f8,products_found
1,,3859363,a140d838b0f60c1e9fb46f882937175cfaf08655747013173623ee2b112012f8,products_found
1,,3859628,a140d838b0f60c1e9fb46f882937175cfaf08655747013173623ee2b112012f8,products_found
1,,3859890,a140d838b0f60c1e9fb46f882937175cfaf08655747013173623ee2b112012f8,products_found
1,,3860441,a140d838b0f60c1e9fb46f882937175cfaf08655747013173623ee2b112012f8,products_found
1,,3861595,a140d838b0f60c1e9fb46f882937175cfaf08655747013173623ee2b112012f8,products_found
1,,3861611,a140d838b0f60c1e9fb46f882937175cfaf08655747013173623ee2b112012f8,products_found
1,,3862246,a140d838b0f60c1e9fb46f882937175cfaf08655747013173623ee2b112012f8,products_found
1,,3865567,a140d838b0f60c1e9fb46f882937175cfaf08655747013173623ee2b112012f8,products_found
1,,3865595,a140d838b0f60c1e9fb46f882937175cfaf08655747013173623ee2b112012f8,products_found
1,,3866536,a140d838b0f60c1e9fb46f882937175cfaf08655747013173623ee2b112012f8,products_found
1,,3867593,a140d838b0f60c1e9fb46f882937175cfaf08655747013173623ee2b112012f8,products_found
1,,3867615,a140d838b0f60c1e9fb46f882937175cfaf08655747013173623ee2b112012f8,products_found
1,,3869014,a140d838b0f60c1e9fb46f882937175cfaf08655747013173623ee2b112012f8,products_found
1,,3869326,a140d838b0f60c1e9fb46f882937175cfaf08655747013173623ee2b112012f8,products_found
1,,3869825,a140d838b0f60c1e9fb46f882937175cfaf08655747013173623ee2b112012f8,products_found
1,,3935914,a140d838b0f60c1e9fb46f882937175cfaf08655747013173623ee2b112012f8,products_found
1,,3937519,a140d838b0f60c1e9fb46f882937175cfaf08655747013173623ee2b112012f8,products_found
1,,3937814,a140d838b0f60c1e9fb46f882937175cfaf08655747013173623ee2b112012f8,products_found
1,,3938073,a140d838b0f60c1e9fb46f882937175cfaf08655747013173623ee2b112012f8,products_found
1,,3939150,a140d838b0f60c1e9fb46f882937175cfaf08655747013173623ee2b112012f8,products_found
1,,3940418,a140d838b0f60c1e9fb46f882937175cfaf08655747013173623ee2b112012f8,products_found
1,,3942670,a140d838b0f60c1e9fb46f882937175cfaf08655747013173623ee2b112012f8,products_found
1,,3945802,a140d838b0f60c1e9fb46f882937175cfaf08655747013173623ee2b112012f8,products_found
1,,3946023,a140d838b0f60c1e9fb46f882937175cfaf08655747013173623ee2b112012f8,products_found
1,,3952651,a140d838b0f60c1e9fb46f882937175cfaf08655747013173623ee2b112012f8,products_found
1,,3953106,a140d838b0f60c1e9fb46f882937175cfaf08655747013173623ee2b112012f8,products_found
1,,3953173,a140d838b0f60c1e9fb46f882937175cfaf08655747013173623ee2b112012f8,products_found
1,,3954211,a140d838b0f60c1e9fb46f882937175cfaf08655747013173623ee2b112012f8,products_found
1,,3955817,a140d838b0f60c1e9fb46f882937175cfaf08655747013173623ee2b112012f8,products_found
1,,3955867,a140d838b0f60c1e9fb46f882937175cfaf08655747013173623ee2b112012f8,products_found
1,,3957082,a140d838b0f60c1e9fb46f882937175cfaf08655747013173623ee2b112012f8,products_found
1,,3958301,a140d838b0f60c1e9fb46f882937175cfaf08655747013173623ee2b112012f8,products_found
1,,3962243,a140d838b0f60c1e9fb46f882937175cfaf08655747013173623ee2b112012f8,products_found
1,,3962357,a140d838b0f60c1e9fb46f882937175cfaf08655747013173623ee2b112012f8,products_found
1,,3962684,a140d838b0f60c1e9fb46f882937175cfaf08655747013173623ee2b112012f8,products_found
1,,3962728,a140d838b0f60c1e9fb46f882937175cfaf08655747013173623ee2b112012f8,products_found
1,,3962872,a140d838b0f60c1e9fb46f882937175cfaf08655747013173623ee2b112012f8,products_found
1,,3964109,a140d838b0f60c1e9fb46f882937175cfaf08655747013173623ee2b112012f8,products_found
1,,3964545,a140d838b0f60c1e9fb46f882937175cfaf08655747013173623ee2b112012f8,products_found
1,,3964562,a140d838b0f60c1e9fb46f882937175cfaf08655747013173623ee2b112012f8,products_found
1,,3966262,a140d838b0f60c1e9fb46f882937175cfaf08655747013173623ee2b112012f8,products_found
1,,3966801,a140d838b0f60c1e9fb46f882937175cfaf08655747013173623ee2b112012f8,products_found
1,,3966912,a140d838b0f60c1e9fb46f882937175cfaf08655747013173623ee2b112012f8,products_found
1,,3967326,a140d838b0f60c1e9fb46f882937175cfaf08655747013173623ee2b112012f8,products_found
1,,3967501,a140d838b0f60c1e9fb46f882937175cfaf08655747013173623ee2b112012f8,products_found
1,,3967760,a140d838b0f60c1e9fb46f882937175cfaf08655747013173623ee2b112012f8,products_found
1,,3969687,a140d838b0f60c1e9fb46f882937175cfaf08655747013173623ee2b112012f8,products_found
1,,3970117,a140d838b0f60c1e9fb46f882937175cfaf08655747013173623ee2b112012f8,products_found
1,,3970233,a140d838b0f60c1e9fb46f882937175cfaf08655747013173623ee2b112012f8,products_found
1,,3971315,a140d838b0f60c1e9fb46f882937175cfaf08655747013173623ee2b112012f8,products_found
1,,3973002,a140d838b0f60c1e9fb46f882937175cfaf08655747013173623ee2b112012f8,products_found
1,,3973504,a140d838b0f60c1e9fb46f882937175cfaf08655747013173623ee2b112012f8,products_found
1,,3973549,a140d838b0f60c1e9fb46f882937175cfaf08655747013173623ee2b112012f8,products_found
1,,4035640,a140d838b0f60c1e9fb46f882937175cfaf08655747013173623ee2b112012f8,products_found
1,,4035667,a140d838b0f60c1e9fb46f882937175cfaf08655747013173623ee2b112012f8,products_found
1,,4035675,a140d838b0f60c1e9fb46f882937175cfaf08655747013173623ee2b112012f8,products_found
1,,4037163,a140d838b0f60c1e9fb46f882937175cfaf08655747013173623ee2b112012f8,products_found
1,,4037164,a140d838b0f60c1e9fb46f882937175cfaf08655747013173623ee2b112012f8,products_found
1,,4037428,a140d838b0f60c1e9fb46f882937175cfaf08655747013173623ee2b112012f8,products_found
1,,4042026,a140d838b0f60c1e9fb46f882937175cfaf08655747013173623ee2b112012f8,products_found
1,,4043190,a140d838b0f60c1e9fb46f882937175cfaf08655747013173623ee2b112012f8,products_found
1,,4043443,a140d838b0f60c1e9fb46f882937175cfaf08655747013173623ee2b112012f8,products_found
1,,4044005,a140d838b0f60c1e9fb46f882937175cfaf08655747013173623ee2b112012f8,products_found
1,,4049108,a140d838b0f60c1e9fb46f882937175cfaf08655747013173623ee2b112012f8,products_found
1,,4049124,a140d838b0f60c1e9fb46f882937175cfaf08655747013173623ee2b112012f8,products_found
1,,4049131,a140d838b0f60c1e9fb46f882937175cfaf08655747013173623ee2b112012f8,products_found
1,,4055092,a140d838b0f60c1e9fb46f882937175cfaf08655747013173623ee2b112012f8,products_found
1,,4055304,a140d838b0f60c1e9fb46f882937175cfaf08655747013173623ee2b112012f8,products_found
1,,4055774,a140d838b0f60c1e9fb46f882937175cfaf08655747013173623ee2b112012f8,products_found
1,,4056579,a140d838b0f60c1e9fb46f882937175cfaf08655747013173623ee2b112012f8,products_found
1,,4056616,a140d838b0f60c1e9fb46f882937175cfaf08655747013173623ee2b112012f8,products_found
1,,4058169,a140d838b0f60c1e9fb46f882937175cfaf08655747013173623ee2b112012f8,products_found
1,,4058881,a140d838b0f60c1e9fb46f882937175cfaf08655747013173623ee2b112012f8,products_found
1,,4059887,a140d838b0f60c1e9fb46f882937175cfaf08655747013173623ee2b112012f8,products_found
1,,4061149,a140d838b0f60c1e9fb46f882937175cfaf08655747013173623ee2b112012f8,products_found
1,,4067110,a140d838b0f60c1e9fb46f882937175cfaf08655747013173623ee2b112012f8,products_found
1,,4067549,a140d838b0f60c1e9fb46f882937175cfaf08655747013173623ee2b112012f8,products_found
1,,4067925,a140d838b0f60c1e9fb46f882937175cfaf08655747013173623ee2b112012f8,products_found
1,,4069213,a140d838b0f60c1e9fb46f882937175cfaf08655747013173623ee2b112012f8,products_found
1,,4070376,a140d838b0f60c1e9fb46f882937175cfaf08655747013173623ee2b112012f8,products_found
1,,4072333,a140d838b0f60c1e9fb46f882937175cfaf08655747013173623ee2b112012f8,products_found
1,,4072526,a140d838b0f60c1e9fb46f882937175cfaf08655747013173623ee2b112012f8,products_found
1,,4073089,a140d838b0f60c1e9fb46f882937175cfaf08655747013173623ee2b112012f8,products_found
1,,4073707,a140d838b0f60c1e9fb46f882937175cfaf08655747013173623ee2b112012f8,products_found
1,,4073730,a140d838b0f60c1e9fb46f882937175cfaf08655747013173623ee2b112012f8,products_found
1,,4074294,a140d838b0f60c1e9fb46f882937175cfaf08655747013173623ee2b112012f8,products_found
1,,4075015,a140d838b0f60c1e9fb46f882937175cfaf08655747013173623ee2b112012f8,products_found
1,,4075064,a140d838b0f60c1e9fb46f882937175cfaf08655747013173623ee2b112012f8,products_found
1,,4075067,a140d838b0f60c1e9fb46f882937175cfaf08655747013173623ee2b112012f8,products_found
1,,4076098,a140d838b0f60c1e9fb46f882937175cfaf08655747013173623ee2b112012f8,products_found
1,,4076952,a140d838b0f60c1e9fb46f882937175cfaf08655747013173623ee2b112012f8,products_found
1,,4076976,a140d838b0f60c1e9fb46f882937175cfaf08655747013173623ee2b112012f8,products_found
1,,4077252,a140d838b0f60c1e9fb46f882937175cfaf08655747013173623ee2b112012f8,products_found
1,,4077526,a140d838b0f60c1e9fb46f882937175cfaf08655747013173623ee2b112012f8,products_found
1,,4077901,a140d838b0f60c1e9fb46f882937175cfaf08655747013173623ee2b112012f8,products_found
1,,4078157,a140d838b0f60c1e9fb46f882937175cfaf08655747013173623ee2b112012f8,products_found
1,,4078311,a140d838b0f60c1e9fb46f882937175cfaf08655747013173623ee2b112012f8,products_found
1,,4078693,a140d838b0f60c1e9fb46f882937175cfaf08655747013173623ee2b112012f8,products_found
1,,4079530,a140d838b0f60c1e9fb46f882937175cfaf08655747013173623ee2b112012f8,products_found
1,,4079535,a140d838b0f60c1e9fb46f882937175cfaf08655747013173623ee2b112012f8,products_found
1,,4135665,a140d838b0f60c1e9fb46f882937175cfaf08655747013173623ee2b112012f8,products_found
1,,4136466,a140d838b0f60c1e9fb46f882937175cfaf08655747013173623ee2b112012f8,products_found
1,,4136659,a140d838b0f60c1e9fb46f882937175cfaf08655747013173623ee2b112012f8,products_found
1,,4138008,a140d838b0f60c1e9fb46f882937175cfaf08655747013173623ee2b112012f8,products_found
1,,4138557,a140d838b0f60c1e9fb46f882937175cfaf08655747013173623ee2b112012f8,products_found
1,,4138951,a140d838b0f60c1e9fb46f882937175cfaf08655747013173623ee2b112012f8,products_found
1,,4139816,a140d838b0f60c1e9fb46f882937175cfaf08655747013173623ee2b112012f8,products_found
1,,4140813,a140d838b0f60c1e9fb46f882937175cfaf08655747013173623ee2b112012f8,products_found
1,,4141376,a140d838b0f60c1e9fb46f882937175cfaf08655747013173623ee2b112012f8,products_found
1,,4141587,a140d838b0f60c1e9fb46f882937175cfaf08655747013173623ee2b112012f8,products_found
1,,4142768,a140d838b0f60c1e9fb46f882937175cfaf08655747013173623ee2b112012f8,products_found
1,,4142847,a140d838b0f60c1e9fb46f882937175cfaf08655747013173623ee2b112012f8,products_found
1,,4143755,a140d838b0f60c1e9fb46f882937175cfaf08655747013173623ee2b112012f8,products_found
1,,4144231,a140d838b0f60c1e9fb46f882937175cfaf08655747013173623ee2b112012f8,products_found
1,,4144236,a140d838b0f60c1e9fb46f882937175cfaf08655747013173623ee2b112012f8,products_found
1,,4144238,a140d838b0f60c1e9fb46f882937175cfaf08655747013173623ee2b112012f8,products_found
1,,4144576,a140d838b0f60c1e9fb46f882937175cfaf08655747013173623ee2b112012f8,products_found
1,,4144873,a140d838b0f60c1e9fb46f882937175cfaf08655747013173623ee2b112012f8,products_found
1,,4147444,a140d838b0f60c1e9fb46f882937175cfaf08655747013173623ee2b112012f8,products_found
1,,4149450,a140d838b0f60c1e9fb46f882937175cfaf08655747013173623ee2b112012f8,products_found
1,,4149684,a140d838b0f60c1e9fb46f882937175cfaf08655747013173623ee2b112012f8,products_found
1,,4150390,a140d838b0f60c1e9fb46f882937175cfaf08655747013173623ee2b112012f8,products_found
1,,4150496,a140d838b0f60c1e9fb46f882937175cfaf08655747013173623ee2b112012f8,products_found
1,,4150539,a140d838b0f60c1e9fb46f882937175cfaf08655747013173623ee2b112012f8,products_found
1,,4150611,a140d838b0f60c1e9fb46f882937175cfaf08655747013173623ee2b112012f8,products_found
1,,4150624,a140d838b0f60c1e9fb46f882937175cfaf08655747013173623ee2b112012f8,products_found
1,,4150701,a140d838b0f60c1e9fb46f882937175cfaf08655747013173623ee2b112012f8,products_found
1,,4150703,a140d838b0f60c1e9fb46f882937175cfaf08655747013173623ee2b112012f8,products_found
1,,4150804,a140d838b0f60c1e9fb46f882937175cfaf08655747013173623ee2b112012f8,products_found
1,,4155328,a140d838b0f60c1e9fb46f882937175cfaf08655747013173623ee2b112012f8,products_found
1,,4157052,a140d838b0f60c1e9fb46f882937175cfaf08655747013173623ee2b112012f8,products_found
1,,4157325,a140d838b0f60c1e9fb46f882937175cfaf08655747013173623ee2b112012f8,products_found
1,,4157488,a140d838b0f60c1e9fb46f882937175cfaf08655747013173623ee2b112012f8,products_found
1,,4159347,a140d838b0f60c1e9fb46f882937175cfaf08655747013173623ee2b112012f8,products_found
1,,4160006,a140d838b0f60c1e9fb46f882937175cfaf08655747013173623ee2b112012f8,products_found
1,,4160669,a140d838b0f60c1e9fb46f882937175cfaf08655747013173623ee2b112012f8,products_found
1,,4164393,a140d838b0f60c1e9fb46f882937175cfaf08655747013173623ee2b112012f8,products_found
1,,4164922,a140d838b0f60c1e9fb46f882937175cfaf08655747013173623ee2b112012f8,products_found
1,,4164994,a140d838b0f60c1e9fb46f882937175cfaf08655747013173623ee2b112012f8,products_found
1,,4165473,a140d838b0f60c1e9fb46f882937175cfaf08655747013173623ee2b112012f8,products_found
1,,4165960,a140d838b0f60c1e9fb46f882937175cfaf08655747013173623ee2b112012f8,products_found
1,,4169315,a140d838b0f60c1e9fb46f882937175cfaf08655747013173623ee2b112012f8,products_found
1,,4173026,a140d838b0f60c1e9fb46f882937175cfaf08655747013173623ee2b112012f8,products_found
1,,4174507,a140d838b0f60c1e9fb46f882937175cfaf08655747013173623ee2b112012f8,products_found
1,,4175105,a140d838b0f60c1e9fb46f882937175cfaf08655747013173623ee2b112012f8,products_found
1,,4175630,a140d838b0f60c1e9fb46f882937175cfaf08655747013173623ee2b112012f8,products_found
1,,4178389,a140d838b0f60c1e9fb46f882937175cfaf08655747013173623ee2b112012f8,products_found
1,,4178606,a140d838b0f60c1e9fb46f882937175cfaf08655747013173623ee2b112012f8,products_found
1,,4180280,a140d838b0f60c1e9fb46f882937175cfaf08655747013173623ee2b112012f8,products_found
1,,4180396,a140d838b0f60c1e9fb46f882937175cfaf08655747013173623ee2b112012f8,products_found
1,,4180401,a140d838b0f60c1e9fb46f882937175cfaf08655747013173623ee2b112012f8,products_found
1,,4242692,a140d838b0f60c1e9fb46f882937175cfaf08655747013173623ee2b112012f8,products_found
1,,4243911,a140d838b0f60c1e9fb46f882937175cfaf08655747013173623ee2b112012f8,products_found
1,,4245861,a140d838b0f60c1e9fb46f882937175cfaf08655747013173623ee2b112012f8,products_found
1,,4245897,a140d838b0f60c1e9fb46f882937175cfaf08655747013173623ee2b112012f8,products_found
1,,4245933,a140d838b0f60c1e9fb46f882937175cfaf08655747013173623ee2b112012f8,products_found
1,,4247092,a140d838b0f60c1e9fb46f882937175cfaf08655747013173623ee2b112012f8,products_found
1,,4247791,a140d838b0f60c1e9fb46f882937175cfaf08655747013173623ee2b112012f8,products_found
1,,4247807,a140d838b0f60c1e9fb46f882937175cfaf08655747013173623ee2b112012f8,products_found
1,,4247811,a140d838b0f60c1e9fb46f882937175cfaf08655747013173623ee2b112012f8,products_found
1,,4247991,a140d838b0f60c1e9fb46f882937175cfaf08655747013173623ee2b112012f8,products_found
1,,4248120,a140d838b0f60c1e9fb46f882937175cfaf08655747013173623ee2b112012f8,products_found
1,,4249725,a140d838b0f60c1e9fb46f882937175cfaf08655747013173623ee2b112012f8,products_found
1,,4252226,a140d838b0f60c1e9fb46f882937175cfaf08655747013173623ee2b112012f8,products_found
1,,4253860,a140d838b0f60c1e9fb46f882937175cfaf08655747013173623ee2b112012f8,products_found
1,,4254466,a140d838b0f60c1e9fb46f882937175cfaf08655747013173623ee2b112012f8,products_found
1,,4255422,a140d838b0f60c1e9fb46f882937175cfaf08655747013173623ee2b112012f8,products_found
1,,4261960,a140d838b0f60c1e9fb46f882937175cfaf08655747013173623ee2b112012f8,products_found
1,,4262581,a140d838b0f60c1e9fb46f882937175cfaf08655747013173623ee2b112012f8,products_found
1,,4263293,a140d838b0f60c1e9fb46f882937175cfaf08655747013173623ee2b112012f8,products_found
1,,4269252,a140d838b0f60c1e9fb46f882937175cfaf08655747013173623ee2b112012f8,products_found
1,,4270253,a140d838b0f60c1e9fb46f882937175cfaf08655747013173623ee2b112012f8,products_found
1,,4270565,a140d838b0f60c1e9fb46f882937175cfaf08655747013173623ee2b112012f8,products_found
1,,4271474,a140d838b0f60c1e9fb46f882937175cfaf08655747013173623ee2b112012f8,products_found
1,,4275117,a140d838b0f60c1e9fb46f882937175cfaf08655747013173623ee2b112012f8,products_found
1,,4275191,a140d838b0f60c1e9fb46f882937175cfaf08655747013173623ee2b112012f8,products_found
1,,4275328,a140d838b0f60c1e9fb46f882937175cfaf08655747013173623ee2b112012f8,products_found
1,,4275721,a140d838b0f60c1e9fb46f882937175cfaf08655747013173623ee2b112012f8,products_found
1,,4275739,a140d838b0f60c1e9fb46f882937175cfaf08655747013173623ee2b112012f8,products_found
1,,4276114,a140d838b0f60c1e9fb46f882937175cfaf08655747013173623ee2b112012f8,products_found
1,,4276445,a140d838b0f60c1e9fb46f882937175cfaf08655747013173623ee2b112012f8,products_found
1,,4278221,a140d838b0f60c1e9fb46f882937175cfaf08655747013173623ee2b112012f8,products_found
1,,4281068,a140d838b0f60c1e9fb46f882937175cfaf08655747013173623ee2b112012f8,products_found
1,,4281895,a140d838b0f60c1e9fb46f882937175cfaf08655747013173623ee2b112012f8,products_found
1,,4282191,a140d838b0f60c1e9fb46f882937175cfaf08655747013173623ee2b112012f8,products_found
1,,4282872,a140d838b0f60c1e9fb46f882937175cfaf08655747013173623ee2b112012f8,products_found
1,,4284147,a140d838b0f60c1e9fb46f882937175cfaf08655747013173623ee2b112012f8,products_found
1,,4284980,a140d838b0f60c1e9fb46f882937175cfaf08655747013173623ee2b112012f8,products_found
1,,4285087,a140d838b0f60c1e9fb46f882937175cfaf08655747013173623ee2b112012f8,products_found
1,,4285107,a140d838b0f60c1e9fb46f882937175cfaf08655747013173623ee2b112012f8,products_found
1,,4346178,a140d838b0f60c1e9fb46f882937175cfaf08655747013173623ee2b112012f8,products_found
1,,4346875,a140d838b0f60c1e9fb46f882937175cfaf08655747013173623ee2b112012f8,products_found
1,,4349442,a140d838b0f60c1e9fb46f882937175cfaf08655747013173623ee2b112012f8,products_found
1,,4349452,a140d838b0f60c1e9fb46f882937175cfaf08655747013173623ee2b112012f8,products_found
1,,4349935,a140d838b0f60c1e9fb46f882937175cfaf08655747013173623ee2b112012f8,products_found
1,,4352168,a140d838b0f60c1e9fb46f882937175cfaf08655747013173623ee2b112012f8,products_found
1,,4355503,a140d838b0f60c1e9fb46f882937175cfaf08655747013173623ee2b112012f8,products_found
1,,4356621,a140d838b0f60c1e9fb46f882937175cfaf08655747013173623ee2b112012f8,products_found
1,,4356766,a140d838b0f60c1e9fb46f882937175cfaf08655747013173623ee2b112012f8,products_found
1,,4357985,a140d838b0f60c1e9fb46f882937175cfaf08655747013173623ee2b112012f8,products_found
1,,4365442,a140d838b0f60c1e9fb46f882937175cfaf08655747013173623ee2b112012f8,products_found
1,,4365461,a140d838b0f60c1e9fb46f882937175cfaf08655747013173623ee2b112012f8,products_found
1,,4365645,a140d838b0f60c1e9fb46f882937175cfaf08655747013173623ee2b112012f8,products_found
1,,4366923,a140d838b0f60c1e9fb46f882937175cfaf08655747013173623ee2b112012f8,products_found
1,,4367544,a140d838b0f60c1e9fb46f882937175cfaf08655747013173623ee2b112012f8,products_found
1,,4367854,a140d838b0f60c1e9fb46f882937175cfaf08655747013173623ee2b112012f8,products_found
1,,4370527,a140d838b0f60c1e9fb46f882937175cfaf08655747013173623ee2b112012f8,products_found
1,,4371172,a140d838b0f60c1e9fb46f882937175cfaf08655747013173623ee2b112012f8,products_found
1,,4372410,a140d838b0f60c1e9fb46f882937175cfaf08655747013173623ee2b112012f8,products_found
1,,4372765,a140d838b0f60c1e9fb46f882937175cfaf08655747013173623ee2b112012f8,products_found
1,,4372768,a140d838b0f60c1e9fb46f882937175cfaf08655747013173623ee2b112012f8,products_found
1,,4372961,a140d838b0f60c1e9fb46f882937175cfaf08655747013173623ee2b112012f8,products_found
1,,4373195,a140d838b0f60c1e9fb46f882937175cfaf08655747013173623ee2b112012f8,products_found
1,,4374339,a140d838b0f60c1e9fb46f882937175cfaf08655747013173623ee2b112012f8,products_found
1,,4374610,a140d838b0f60c1e9fb46f882937175cfaf08655747013173623ee2b112012f8,products_found
1,,4375101,a140d838b0f60c1e9fb46f882937175cfaf08655747013173623ee2b112012f8,products_found
1,,4376629,a140d838b0f60c1e9fb46f882937175cfaf08655747013173623ee2b112012f8,products_found
1,,4376644,a140d838b0f60c1e9fb46f882937175cfaf08655747013173623ee2b112012f8,products_found
1,,4380283,a140d838b0f60c1e9fb46f882937175cfaf08655747013173623ee2b112012f8,products_found
1,,4380560,a140d838b0f60c1e9fb46f882937175cfaf08655747013173623ee2b112012f8,products_found
1,,4381282,a140d838b0f60c1e9fb46f882937175cfaf08655747013173623ee2b112012f8,products_found
1,,4381429,a140d838b0f60c1e9fb46f882937175cfaf08655747013173623ee2b112012f8,products_found
1,,4385148,a140d838b0f60c1e9fb46f882937175cfaf08655747013173623ee2b112012f8,products_found
1,,4386047,a140d838b0f60c1e9fb46f882937175cfaf08655747013173623ee2b112012f8,products_found
1,,4386059,a140d838b0f60c1e9fb46f882937175cfaf08655747013173623ee2b112012f8,products_found
1,,4386607,a140d838b0f60c1e9fb46f882937175cfaf08655747013173623ee2b112012f8,products_found
1,,4390912,a140d838b0f60c1e9fb46f882937175cfaf08655747013173623ee2b112012f8,products_found
1,,4391348,a140d838b0f60c1e9fb46f882937175cfaf08655747013173623ee2b112012f8,products_found
1,,4445630,a140d838b0f60c1e9fb46f882937175cfaf08655747013173623ee2b112012f8,products_found
1,,4446411,a140d838b0f60c1e9fb46f882937175cfaf08655747013173623ee2b112012f8,products_found
1,,4454219,a140d838b0f60c1e9fb46f882937175cfaf08655747013173623ee2b112012f8,products_found
1,,4454752,a140d838b0f60c1e9fb46f882937175cfaf08655747013173623ee2b112012f8,products_found
1,,4454934,a140d838b0f60c1e9fb46f882937175cfaf08655747013173623ee2b112012f8,products_found
1,,4455231,a140d838b0f60c1e9fb46f882937175cfaf08655747013173623ee2b112012f8,products_found
1,,4455763,a140d838b0f60c1e9fb46f882937175cfaf08655747013173623ee2b112012f8,products_found
1,,4456622,a140d838b0f60c1e9fb46f882937175cfaf08655747013173623ee2b112012f8,products_found
1,,4458082,a140d838b0f60c1e9fb46f882937175cfaf08655747013173623ee2b112012f8,products_found
1,,4459068,a140d838b0f60c1e9fb46f882937175cfaf08655747013173623ee2b112012f8,products_found
1,,4459924,a140d838b0f60c1e9fb46f882937175cfaf08655747013173623ee2b112012f8,products_found
1,,4466356,a140d838b0f60c1e9fb46f882937175cfaf08655747013173623ee2b112012f8,products_found
1,,4466677,a140d838b0f60c1e9fb46f882937175cfaf08655747013173623ee2b112012f8,products_found
1,,4472143,a140d838b0f60c1e9fb46f882937175cfaf08655747013173623ee2b112012f8,products_found
1,,4472818,a140d838b0f60c1e9fb46f882937175cfaf08655747013173623ee2b112012f8,products_found
1,,4473226,a140d838b0f60c1e9fb46f882937175cfaf08655747013173623ee2b112012f8,products_found
1,,4473613,a140d838b0f60c1e9fb46f882937175cfaf08655747013173623ee2b112012f8,products_found
1,,4474637,a140d838b0f60c1e9fb46f882937175cfaf08655747013173623ee2b112012f8,products_found
1,,4474645,a140d838b0f60c1e9fb46f882937175cfaf08655747013173623ee2b112012f8,products_found
1,,4476123,a140d838b0f60c1e9fb46f882937175cfaf08655747013173623ee2b112012f8,products_found
1,,4478168,a140d838b0f60c1e9fb46f882937175cfaf08655747013173623ee2b112012f8,products_found
1,,4479633,a140d838b0f60c1e9fb46f882937175cfaf08655747013173623ee2b112012f8,products_found
1,,4480676,a140d838b0f60c1e9fb46f882937175cfaf08655747013173623ee2b112012f8,products_found
1,,4482738,a140d838b0f60c1e9fb46f882937175cfaf08655747013173623ee2b112012f8,products_found
1,,4483138,a140d838b0f60c1e9fb46f882937175cfaf08655747013173623ee2b112012f8,products_found
1,,4483235,a140d838b0f60c1e9fb46f882937175cfaf08655747013173623ee2b112012f8,products_found
1,,4484312,a140d838b0f60c1e9fb46f882937175cfaf08655747013173623ee2b112012f8,products_found
1,,4484336,a140d838b0f60c1e9fb46f882937175cfaf08655747013173623ee2b112012f8,products_found
1,,4484356,a140d838b0f60c1e9fb46f882937175cfaf08655747013173623ee2b112012f8,products_found
1,,4489844,a140d838b0f60c1e9fb46f882937175cfaf08655747013173623ee2b112012f8,products_found
1,,4540632,a140d838b0f60c1e9fb46f882937175cfaf08655747013173623ee2b112012f8,products_found
1,,4544571,a140d838b0f60c1e9fb46f882937175cfaf08655747013173623ee2b112012f8,products_found
1,,4544572,a140d838b0f60c1e9fb46f882937175cfaf08655747013173623ee2b112012f8,products_found
1,,4544620,a140d838b0f60c1e9fb46f882937175cfaf08655747013173623ee2b112012f8,products_found
1,,4544623,a140d838b0f60c1e9fb46f882937175cfaf08655747013173623ee2b112012f8,products_found
1,,4544628,a140d838b0f60c1e9fb46f882937175cfaf08655747013173623ee2b112012f8,products_found
1,,4544684,a140d838b0f60c1e9fb46f882937175cfaf08655747013173623ee2b112012f8,products_found
1,,4544907,a140d838b0f60c1e9fb46f882937175cfaf08655747013173623ee2b112012f8,products_found
1,,4545187,a140d838b0f60c1e9fb46f882937175cfaf08655747013173623ee2b112012f8,products_found
1,,4545570,a140d838b0f60c1e9fb46f882937175cfaf08655747013173623ee2b112012f8,products_found
1,,4545926,a140d838b0f60c1e9fb46f882937175cfaf08655747013173623ee2b112012f8,products_found
1,,4547480,a140d838b0f60c1e9fb46f882937175cfaf08655747013173623ee2b112012f8,products_found
1,,4548011,a140d838b0f60c1e9fb46f882937175cfaf08655747013173623ee2b112012f8,products_found
1,,4548098,a140d838b0f60c1e9fb46f882937175cfaf08655747013173623ee2b112012f8,products_found
1,,4551328,a140d838b0f60c1e9fb46f882937175cfaf08655747013173623ee2b112012f8,products_found
1,,4551663,a140d838b0f60c1e9fb46f882937175cfaf08655747013173623ee2b112012f8,products_found
1,,4556468,a140d838b0f60c1e9fb46f882937175cfaf08655747013173623ee2b112012f8,products_found
1,,4557341,a140d838b0f60c1e9fb46f882937175cfaf08655747013173623ee2b112012f8,products_found
1,,4563268,a140d838b0f60c1e9fb46f882937175cfaf08655747013173623ee2b112012f8,products_found
1,,4565985,a140d838b0f60c1e9fb46f882937175cfaf08655747013173623ee2b112012f8,products_found
1,,4566999,a140d838b0f60c1e9fb46f882937175cfaf08655747013173623ee2b112012f8,products_found
1,,4568117,a140d838b0f60c1e9fb46f882937175cfaf08655747013173623ee2b112012f8,products_found
1,,4568298,a140d838b0f60c1e9fb46f882937175cfaf08655747013173623ee2b112012f8,products_found
1,,4569590,a140d838b0f60c1e9fb46f882937175cfaf08655747013173623ee2b112012f8,products_found
1,,4569942,a140d838b0f60c1e9fb46f882937175cfaf08655747013173623ee2b112012f8,products_found
1,,4570555,a140d838b0f60c1e9fb46f882937175cfaf08655747013173623ee2b112012f8,products_found
1,,4570931,a140d838b0f60c1e9fb46f882937175cfaf08655747013173623ee2b112012f8,products_found
1,,4570949,a140d838b0f60c1e9fb46f882937175cfaf08655747013173623ee2b112012f8,products_found
1,,4571536,a140d838b0f60c1e9fb46f882937175cfaf08655747013173623ee2b112012f8,products_found
1,,4574310,a140d838b0f60c1e9fb46f882937175cfaf08655747013173623ee2b112012f8,products_found
1,,4574319,a140d838b0f60c1e9fb46f882937175cfaf08655747013173623ee2b112012f8,products_found
1,,4578594,a140d838b0f60c1e9fb46f882937175cfaf08655747013173623ee2b112012f8,products_found
1,,4579313,a140d838b0f60c1e9fb46f882937175cfaf08655747013173623ee2b112012f8,products_found
1,,4579321,a140d838b0f60c1e9fb46f882937175cfaf08655747013173623ee2b112012f8,products_found
1,,4579598,a140d838b0f60c1e9fb46f882937175cfaf08655747013173623ee2b112012f8,products_found
1,,4586482,a140d838b0f60c1e9fb46f882937175cfaf08655747013173623ee2b112012f8,products_found
1,,4587448,a140d838b0f60c1e9fb46f882937175cfaf08655747013173623ee2b112012f8,products_found
1,,4633434,a140d838b0f60c1e9fb46f882937175cfaf08655747013173623ee2b112012f8,products_found
1,,4633570,a140d838b0f60c1e9fb46f882937175cfaf08655747013173623ee2b112012f8,products_found
1,,4634135,a140d838b0f60c1e9fb46f882937175cfaf08655747013173623ee2b112012f8,products_found
1,,4636565,a140d838b0f60c1e9fb46f882937175cfaf08655747013173623ee2b112012f8,products_found
1,,4636578,a140d838b0f60c1e9fb46f882937175cfaf08655747013173623ee2b112012f8,products_found
1,,4639868,a140d838b0f60c1e9fb46f882937175cfaf08655747013173623ee2b112012f8,products_found
1,,4644604,a140d838b0f60c1e9fb46f882937175cfaf08655747013173623ee2b112012f8,products_found
1,,4644952,a140d838b0f60c1e9fb46f882937175cfaf08655747013173623ee2b112012f8,products_found
1,,4645174,a140d838b0f60c1e9fb46f882937175cfaf08655747013173623ee2b112012f8,products_found
1,,4645492,a140d838b0f60c1e9fb46f882937175cfaf08655747013173623ee2b112012f8,products_found
1,,4645833,a140d838b0f60c1e9fb46f882937175cfaf08655747013173623ee2b112012f8,products_found
1,,4647662,a140d838b0f60c1e9fb46f882937175cfaf08655747013173623ee2b112012f8,products_found
1,,4649440,a140d838b0f60c1e9fb46f882937175cfaf08655747013173623ee2b112012f8,products_found
1,,4650674,a140d838b0f60c1e9fb46f882937175cfaf08655747013173623ee2b112012f8,products_found
1,,4650733,a140d838b0f60c1e9fb46f882937175cfaf08655747013173623ee2b112012f8,products_found
1,,4651399,a140d838b0f60c1e9fb46f882937175cfaf08655747013173623ee2b112012f8,products_found
1,,4656049,a140d838b0f60c1e9fb46f882937175cfaf08655747013173623ee2b112012f8,products_found
1,,4659255,a140d838b0f60c1e9fb46f882937175cfaf08655747013173623ee2b112012f8,products_found
1,,4659405,a140d838b0f60c1e9fb46f882937175cfaf08655747013173623ee2b112012f8,products_found
1,,4661634,a140d838b0f60c1e9fb46f882937175cfaf08655747013173623ee2b112012f8,products_found
1,,4663185,a140d838b0f60c1e9fb46f882937175cfaf08655747013173623ee2b112012f8,products_found
1,,4663658,a140d838b0f60c1e9fb46f882937175cfaf08655747013173623ee2b112012f8,products_found
1,,4664046,a140d838b0f60c1e9fb46f882937175cfaf08655747013173623ee2b112012f8,products_found
1,,4664743,a140d838b0f60c1e9fb46f882937175cfaf08655747013173623ee2b112012f8,products_found
1,,4664847,a140d838b0f60c1e9fb46f882937175cfaf08655747013173623ee2b112012f8,products_found
1,,4665571,a140d838b0f60c1e9fb46f882937175cfaf08655747013173623ee2b112012f8,products_found
1,,4665989,a140d838b0f60c1e9fb46f882937175cfaf08655747013173623ee2b112012f8,products_found
1,,4665991,a140d838b0f60c1e9fb46f882937175cfaf08655747013173623ee2b112012f8,products_found
1,,4666008,a140d838b0f60c1e9fb46f882937175cfaf08655747013173623ee2b112012f8,products_found
1,,4669402,a140d838b0f60c1e9fb46f882937175cfaf08655747013173623ee2b112012f8,products_found
1,,4670267,a140d838b0f60c1e9fb46f882937175cfaf08655747013173623ee2b112012f8,products_found
1,,4671584,a140d838b0f60c1e9fb46f882937175cfaf08655747013173623ee2b112012f8,products_found
1,,4673628,a140d838b0f60c1e9fb46f882937175cfaf08655747013173623ee2b112012f8,products_found
1,,4677282,a140d838b0f60c1e9fb46f882937175cfaf08655747013173623ee2b112012f8,products_found
1,,4678171,a140d838b0f60c1e9fb46f882937175cfaf08655747013173623ee2b112012f8,products_found
1,,4678873,a140d838b0f60c1e9fb46f882937175cfaf08655747013173623ee2b112012f8,products_found
1,,4678875,a140d838b0f60c1e9fb46f882937175cfaf08655747013173623ee2b112012f8,products_found
1,,4678919,a140d838b0f60c1e9fb46f882937175cfaf08655747013173623ee2b112012f8,products_found
1,,4679314,a140d838b0f60c1e9fb46f882937175cfaf08655747013173623ee2b112012f8,products_found
1,,4679687,a140d838b0f60c1e9fb46f882937175cfaf08655747013173623ee2b112012f8,products_found
1,,4680772,a140d838b0f60c1e9fb46f882937175cfaf08655747013173623ee2b112012f8,products_found
1,,4681152,a140d838b0f60c1e9fb46f882937175cfaf08655747013173623ee2b112012f8,products_found
1,,4725292,a140d838b0f60c1e9fb46f882937175cfaf08655747013173623ee2b112012f8,products_found
1,,4725681,a140d838b0f60c1e9fb46f882937175cfaf08655747013173623ee2b112012f8,products_found
1,,4729553,a140d838b0f60c1e9fb46f882937175cfaf08655747013173623ee2b112012f8,products_found
1,,4730442,a140d838b0f60c1e9fb46f882937175cfaf08655747013173623ee2b112012f8,products_found
1,,4732015,a140d838b0f60c1e9fb46f882937175cfaf08655747013173623ee2b112012f8,products_found
1,,4735826,a140d838b0f60c1e9fb46f882937175cfaf08655747013173623ee2b112012f8,products_found
1,,4736208,a140d838b0f60c1e9fb46f882937175cfaf08655747013173623ee2b112012f8,products_found
1,,4736569,a140d838b0f60c1e9fb46f882937175cfaf08655747013173623ee2b112012f8,products_found
1,,4736644,a140d838b0f60c1e9fb46f882937175cfaf08655747013173623ee2b112012f8,products_found
1,,4737267,a140d838b0f60c1e9fb46f882937175cfaf08655747013173623ee2b112012f8,products_found
1,,4737302,a140d838b0f60c1e9fb46f882937175cfaf08655747013173623ee2b112012f8,products_found
1,,4738095,a140d838b0f60c1e9fb46f882937175cfaf08655747013173623ee2b112012f8,products_found
1,,4739194,a140d838b0f60c1e9fb46f882937175cfaf08655747013173623ee2b112012f8,products_found
1,,4739565,a140d838b0f60c1e9fb46f882937175cfaf08655747013173623ee2b112012f8,products_found
1,,4740676,a140d838b0f60c1e9fb46f882937175cfaf08655747013173623ee2b112012f8,products_found
1,,4740688,a140d838b0f60c1e9fb46f882937175cfaf08655747013173623ee2b112012f8,products_found
1,,4741126,a140d838b0f60c1e9fb46f882937175cfaf08655747013173623ee2b112012f8,products_found
1,,4742414,a140d838b0f60c1e9fb46f882937175cfaf08655747013173623ee2b112012f8,products_found
1,,4743513,a140d838b0f60c1e9fb46f882937175cfaf08655747013173623ee2b112012f8,products_found
1,,4750341,a140d838b0f60c1e9fb46f882937175cfaf08655747013173623ee2b112012f8,products_found
1,,4751083,a140d838b0f60c1e9fb46f882937175cfaf08655747013173623ee2b112012f8,products_found
1,,4752451,a140d838b0f60c1e9fb46f882937175cfaf08655747013173623ee2b112012f8,products_found
1,,4753561,a140d838b0f60c1e9fb46f882937175cfaf08655747013173623ee2b112012f8,products_found
1,,4753988,a140d838b0f60c1e9fb46f882937175cfaf08655747013173623ee2b112012f8,products_found
1,,4757331,a140d838b0f60c1e9fb46f882937175cfaf08655747013173623ee2b112012f8,products_found
1,,4757437,a140d838b0f60c1e9fb46f882937175cfaf08655747013173623ee2b112012f8,products_found
1,,4758350,a140d838b0f60c1e9fb46f882937175cfaf08655747013173623ee2b112012f8,products_found
1,,4758368,a140d838b0f60c1e9fb46f882937175cfaf08655747013173623ee2b112012f8,products_found
1,,4760478,a140d838b0f60c1e9fb46f882937175cfaf08655747013173623ee2b112012f8,products_found
1,,4760746,a140d838b0f60c1e9fb46f882937175cfaf08655747013173623ee2b112012f8,products_found
1,,4761060,a140d838b0f60c1e9fb46f882937175cfaf08655747013173623ee2b112012f8,products_found
1,,4763020,a140d838b0f60c1e9fb46f882937175cfaf08655747013173623ee2b112012f8,products_found
1,,4764774,a140d838b0f60c1e9fb46f882937175cfaf08655747013173623ee2b112012f8,products_found
1,,4768756,a140d838b0f60c1e9fb46f882937175cfaf08655747013173623ee2b112012f8,products_found
1,,4768846,a140d838b0f60c1e9fb46f882937175cfaf08655747013173623ee2b112012f8,products_found
1,,4769799,a140d838b0f60c1e9fb46f882937175cfaf08655747013173623ee2b112012f8,products_found
1,,4769824,a140d838b0f60c1e9fb46f882937175cfaf08655747013173623ee2b112012f8,products_found
1,,4769931,a140d838b0f60c1e9fb46f882937175cfaf08655747013173623ee2b112012f8,products_found
1,,4770365,a140d838b0f60c1e9fb46f882937175cfaf08655747013173623ee2b112012f8,products_found
1,,4770617,a140d838b0f60c1e9fb46f882937175cfaf08655747013173623ee2b112012f8,products_found
1,,4772095,a140d838b0f60c1e9fb46f882937175cfaf08655747013173623ee2b112012f8,products_found
1,,4773155,a140d838b0f60c1e9fb46f882937175cfaf08655747013173623ee2b112012f8,products_found
1,,4774646,a140d838b0f60c1e9fb46f882937175cfaf08655747013173623ee2b112012f8,products_found
1,,4813563,a140d838b0f60c1e9fb46f882937175cfaf08655747013173623ee2b112012f8,products_found
1,,4814502,a140d838b0f60c1e9fb46f882937175cfaf08655747013173623ee2b112012f8,products_found
1,,4815520,a140d838b0f60c1e9fb46f882937175cfaf08655747013173623ee2b112012f8,products_found
1,,4815612,a140d838b0f60c1e9fb46f882937175cfaf08655747013173623ee2b112012f8,products_found
1,,4824268,a140d838b0f60c1e9fb46f882937175cfaf08655747013173623ee2b112012f8,products_found
1,,4826110,a140d838b0f60c1e9fb46f882937175cfaf08655747013173623ee2b112012f8,products_found
1,,4826439,a140d838b0f60c1e9fb46f882937175cfaf08655747013173623ee2b112012f8,products_found
1,,4827723,a140d838b0f60c1e9fb46f882937175cfaf08655747013173623ee2b112012f8,products_found
1,,4828341,a140d838b0f60c1e9fb46f882937175cfaf08655747013173623ee2b112012f8,products_found
1,,4829935,a140d838b0f60c1e9fb46f882937175cfaf08655747013173623ee2b112012f8,products_found
1,,4831728,a140d838b0f60c1e9fb46f882937175cfaf08655747013173623ee2b112012f8,products_found
1,,4832175,a140d838b0f60c1e9fb46f882937175cfaf08655747013173623ee2b112012f8,products_found
1,,4832197,a140d838b0f60c1e9fb46f882937175cfaf08655747013173623ee2b112012f8,products_found
1,,4832225,a140d838b0f60c1e9fb46f882937175cfaf08655747013173623ee2b112012f8,products_found
1,,4832837,a140d838b0f60c1e9fb46f882937175cfaf08655747013173623ee2b112012f8,products_found
1,,4833421,a140d838b0f60c1e9fb46f882937175cfaf08655747013173623ee2b112012f8,products_found
1,,4839180,a140d838b0f60c1e9fb46f882937175cfaf08655747013173623ee2b112012f8,products_found
1,,4840156,a140d838b0f60c1e9fb46f882937175cfaf08655747013173623ee2b112012f8,products_found
1,,4840263,a140d838b0f60c1e9fb46f882937175cfaf08655747013173623ee2b112012f8,products_found
1,,4840327,a140d838b0f60c1e9fb46f882937175cfaf08655747013173623ee2b112012f8,products_found
1,,4840818,a140d838b0f60c1e9fb46f882937175cfaf08655747013173623ee2b112012f8,products_found
1,,4841374,a140d838b0f60c1e9fb46f882937175cfaf08655747013173623ee2b112012f8,products_found
1,,4843592,a140d838b0f60c1e9fb46f882937175cfaf08655747013173623ee2b112012f8,products_found
1,,4844004,a140d838b0f60c1e9fb46f882937175cfaf08655747013173623ee2b112012f8,products_found
1,,4845862,a140d838b0f60c1e9fb46f882937175cfaf08655747013173623ee2b112012f8,products_found
1,,4847534,a140d838b0f60c1e9fb46f882937175cfaf08655747013173623ee2b112012f8,products_found
1,,4847782,a140d838b0f60c1e9fb46f882937175cfaf08655747013173623ee2b112012f8,products_found
1,,4847801,a140d838b0f60c1e9fb46f882937175cfaf08655747013173623ee2b112012f8,products_found
1,,4847832,a140d838b0f60c1e9fb46f882937175cfaf08655747013173623ee2b112012f8,products_found
1,,4847843,a140d838b0f60c1e9fb46f882937175cfaf08655747013173623ee2b112012f8,products_found
1,,4848115,a140d838b0f60c1e9fb46f882937175cfaf08655747013173623ee2b112012f8,products_found
1,,4848321,a140d838b0f60c1e9fb46f882937175cfaf08655747013173623ee2b112012f8,products_found
1,,4848423,a140d838b0f60c1e9fb46f882937175cfaf08655747013173623ee2b112012f8,products_found
1,,4848424,a140d838b0f60c1e9fb46f882937175cfaf08655747013173623ee2b112012f8,products_found
1,,4850961,a140d838b0f60c1e9fb46f882937175cfaf08655747013173623ee2b112012f8,products_found
1,,4851145,a140d838b0f60c1e9fb46f882937175cfaf08655747013173623ee2b112012f8,products_found
1,,4851217,a140d838b0f60c1e9fb46f882937175cfaf08655747013173623ee2b112012f8,products_found
1,,4851239,a140d838b0f60c1e9fb46f882937175cfaf08655747013173623ee2b112012f8,products_found
1,,4851283,a140d838b0f60c1e9fb46f882937175cfaf08655747013173623ee2b112012f8,products_found
1,,4851338,a140d838b0f60c1e9fb46f882937175cfaf08655747013173623ee2b112012f8,products_found
1,,4851356,a140d838b0f60c1e9fb46f882937175cfaf08655747013173623ee2b112012f8,products_found
1,,4851464,a140d838b0f60c1e9fb46f882937175cfaf08655747013173623ee2b112012f8,products_found
1,,4851530,a140d838b0f60c1e9fb46f882937175cfaf08655747013173623ee2b112012f8,products_found
1,,4852297,a140d838b0f60c1e9fb46f882937175cfaf08655747013173623ee2b112012f8,products_found
1,,4852528,a140d838b0f60c1e9fb46f882937175cfaf08655747013173623ee2b112012f8,products_found
1,,4857058,a140d838b0f60c1e9fb46f882937175cfaf08655747013173623ee2b112012f8,products_found
1,,4857213,a140d838b0f60c1e9fb46f882937175cfaf08655747013173623ee2b112012f8,products_found
1,,4858610,a140d838b0f60c1e9fb46f882937175cfaf08655747013173623ee2b112012f8,products_found
1,,4860678,a140d838b0f60c1e9fb46f882937175cfaf08655747013173623ee2b112012f8,products_found
1,,4860932,a140d838b0f60c1e9fb46f882937175cfaf08655747013173623ee2b112012f8,products_found
1,,4861527,a140d838b0f60c1e9fb46f882937175cfaf08655747013173623ee2b112012f8,products_found
1,,4861736,a140d838b0f60c1e9fb46f882937175cfaf08655747013173623ee2b112012f8,products_found
1,,4861784,a140d838b0f60c1e9fb46f882937175cfaf08655747013173623ee2b112012f8,products_found
1,,4861791,a140d838b0f60c1e9fb46f882937175cfaf08655747013173623ee2b112012f8,products_found
1,,4862332,a140d838b0f60c1e9fb46f882937175cfaf08655747013173623ee2b112012f8,products_found
1,,4862625,a140d838b0f60c1e9fb46f882937175cfaf08655747013173623ee2b112012f8,products_found
1,,4863260,a140d838b0f60c1e9fb46f882937175cfaf08655747013173623ee2b112012f8,products_found
1,,4863369,a140d838b0f60c1e9fb46f882937175cfaf08655747013173623ee2b112012f8,products_found
1,,4863753,a140d838b0f60c1e9fb46f882937175cfaf08655747013173623ee2b112012f8,products_found
1,,4864734,a140d838b0f60c1e9fb46f882937175cfaf08655747013173623ee2b112012f8,products_found
1,,4902030,a140d838b0f60c1e9fb46f882937175cfaf08655747013173623ee2b112012f8,products_found
1,,4902202,a140d838b0f60c1e9fb46f882937175cfaf08655747013173623ee2b112012f8,products_found
1,,4908495,a140d838b0f60c1e9fb46f882937175cfaf08655747013173623ee2b112012f8,products_found
1,,4909707,a140d838b0f60c1e9fb46f882937175cfaf08655747013173623ee2b112012f8,products_found
1,,4912589,a140d838b0f60c1e9fb46f882937175cfaf08655747013173623ee2b112012f8,products_found
1,,4912991,a140d838b0f60c1e9fb46f882937175cfaf08655747013173623ee2b112012f8,products_found
1,,4913000,a140d838b0f60c1e9fb46f882937175cfaf08655747013173623ee2b112012f8,products_found
1,,4913852,a140d838b0f60c1e9fb46f882937175cfaf08655747013173623ee2b112012f8,products_found
1,,4914399,a140d838b0f60c1e9fb46f882937175cfaf08655747013173623ee2b112012f8,products_found
1,,4914423,a140d838b0f60c1e9fb46f882937175cfaf08655747013173623ee2b112012f8,products_found
1,,4914566,a140d838b0f60c1e9fb46f882937175cfaf08655747013173623ee2b112012f8,products_found
1,,4914709,a140d838b0f60c1e9fb46f882937175cfaf08655747013173623ee2b112012f8,products_found
1,,4914737,a140d838b0f60c1e9fb46f882937175cfaf08655747013173623ee2b112012f8,products_found
1,,4915638,a140d838b0f60c1e9fb46f882937175cfaf08655747013173623ee2b112012f8,products_found
1,,4917014,a140d838b0f60c1e9fb46f882937175cfaf08655747013173623ee2b112012f8,products_found
1,,4917596,a140d838b0f60c1e9fb46f882937175cfaf08655747013173623ee2b112012f8,products_found
1,,4927315,a140d838b0f60c1e9fb46f882937175cfaf08655747013173623ee2b112012f8,products_found
1,,4927734,a140d838b0f60c1e9fb46f882937175cfaf08655747013173623ee2b112012f8,products_found
1,,4928119,a140d838b0f60c1e9fb46f882937175cfaf08655747013173623ee2b112012f8,products_found
1,,4929299,a140d838b0f60c1e9fb46f882937175cfaf08655747013173623ee2b112012f8,products_found
1,,4931073,a140d838b0f60c1e9fb46f882937175cfaf08655747013173623ee2b112012f8,products_found
1,,4932348,a140d838b0f60c1e9fb46f882937175cfaf08655747013173623ee2b112012f8,products_found
1,,4932442,a140d838b0f60c1e9fb46f882937175cfaf08655747013173623ee2b112012f8,products_found
1,,4932689,a140d838b0f60c1e9fb46f882937175cfaf08655747013173623ee2b112012f8,products_found
1,,4932691,a140d838b0f60c1e9fb46f882937175cfaf08655747013173623ee2b112012f8,products_found
1,,4933476,a140d838b0f60c1e9fb46f882937175cfaf08655747013173623ee2b112012f8,products_found
1,,4935914,a140d838b0f60c1e9fb46f882937175cfaf08655747013173623ee2b112012f8,products_found
1,,4936180,a140d838b0f60c1e9fb46f882937175cfaf08655747013173623ee2b112012f8,products_found
1,,4936990,a140d838b0f60c1e9fb46f882937175cfaf08655747013173623ee2b112012f8,products_found
1,,4937143,a140d838b0f60c1e9fb46f882937175cfaf08655747013173623ee2b112012f8,products_found
1,,4939346,a140d838b0f60c1e9fb46f882937175cfaf08655747013173623ee2b112012f8,products_found
1,,4940201,a140d838b0f60c1e9fb46f882937175cfaf08655747013173623ee2b112012f8,products_found
1,,4940438,a140d838b0f60c1e9fb46f882937175cfaf08655747013173623ee2b112012f8,products_found
1,,4945035,a140d838b0f60c1e9fb46f882937175cfaf08655747013173623ee2b112012f8,products_found
1,,4946049,a140d838b0f60c1e9fb46f882937175cfaf08655747013173623ee2b112012f8,products_found
1,,4946581,a140d838b0f60c1e9fb46f882937175cfaf08655747013173623ee2b112012f8,products_found
1,,4946584,a140d838b0f60c1e9fb46f882937175cfaf08655747013173623ee2b112012f8,products_found
1,,4946680,a140d838b0f60c1e9fb46f882937175cfaf08655747013173623ee2b112012f8,products_found
1,,4947556,a140d838b0f60c1e9fb46f882937175cfaf08655747013173623ee2b112012f8,products_found
1,,4947726,a140d838b0f60c1e9fb46f882937175cfaf08655747013173623ee2b112012f8,products_found
1,,4948730,a140d838b0f60c1e9fb46f882937175cfaf08655747013173623ee2b112012f8,products_found
1,,4948863,a140d838b0f60c1e9fb46f882937175cfaf08655747013173623ee2b112012f8,products_found
1,,4949214,a140d838b0f60c1e9fb46f882937175cfaf08655747013173623ee2b112012f8,products_found
1,,4949524,a140d838b0f60c1e9fb46f882937175cfaf08655747013173623ee2b112012f8,products_found
1,,4949751,a140d838b0f60c1e9fb46f882937175cfaf08655747013173623ee2b112012f8,products_found
1,,4950232,a140d838b0f60c1e9fb46f882937175cfaf08655747013173623ee2b112012f8,products_found
1,,4950557,a140d838b0f60c1e9fb46f882937175cfaf08655747013173623ee2b112012f8,products_found
1,,4951249,a140d838b0f60c1e9fb46f882937175cfaf08655747013173623ee2b112012f8,products_found
1,,4952341,a140d838b0f60c1e9fb46f882937175cfaf08655747013173623ee2b112012f8,products_found
1,,4953173,a140d838b0f60c1e9fb46f882937175cfaf08655747013173623ee2b112012f8,products_found
1,,4953262,a140d838b0f60c1e9fb46f882937175cfaf08655747013173623ee2b112012f8,products_found
1,,4989057,a140d838b0f60c1e9fb46f882937175cfaf08655747013173623ee2b112012f8,products_found
1,,4990977,a140d838b0f60c1e9fb46f882937175cfaf08655747013173623ee2b112012f8,products_found
1,,4991208,a140d838b0f60c1e9fb46f882937175cfaf08655747013173623ee2b112012f8,products_found
1,,4996558,a140d838b0f60c1e9fb46f882937175cfaf08655747013173623ee2b112012f8,products_found
1,,5000179,a140d838b0f60c1e9fb46f882937175cfaf08655747013173623ee2b112012f8,products_found
1,,5003117,a140d838b0f60c1e9fb46f882937175cfaf08655747013173623ee2b112012f8,products_found
1,,5003670,a140d838b0f60c1e9fb46f882937175cfaf08655747013173623ee2b112012f8,products_found
1,,5004909,a140d838b0f60c1e9fb46f882937175cfaf08655747013173623ee2b112012f8,products_found
1,,5005121,a140d838b0f60c1e9fb46f882937175cfaf08655747013173623ee2b112012f8,products_found
1,,5006817,a140d838b0f60c1e9fb46f882937175cfaf08655747013173623ee2b112012f8,products_found
1,,5007345,a140d838b0f60c1e9fb46f882937175cfaf08655747013173623ee2b112012f8,products_found
1,,5008501,a140d838b0f60c1e9fb46f882937175cfaf08655747013173623ee2b112012f8,products_found
1,,5009189,a140d838b0f60c1e9fb46f882937175cfaf08655747013173623ee2b112012f8,products_found
1,,5009688,a140d838b0f60c1e9fb46f882937175cfaf08655747013173623ee2b112012f8,products_found
1,,5009743,a140d838b0f60c1e9fb46f882937175cfaf08655747013173623ee2b112012f8,products_found
1,,5014753,a140d838b0f60c1e9fb46f882937175cfaf08655747013173623ee2b112012f8,products_found
1,,5014903,a140d838b0f60c1e9fb46f882937175cfaf08655747013173623ee2b112012f8,products_found
1,,5015459,a140d838b0f60c1e9fb46f882937175cfaf08655747013173623ee2b112012f8,products_found
1,,5015913,a140d838b0f60c1e9fb46f882937175cfaf08655747013173623ee2b112012f8,products_found
1,,5016163,a140d838b0f60c1e9fb46f882937175cfaf08655747013173623ee2b112012f8,products_found
1,,5017058,a140d838b0f60c1e9fb46f882937175cfaf08655747013173623ee2b112012f8,products_found
1,,5018787,a140d838b0f60c1e9fb46f882937175cfaf08655747013173623ee2b112012f8,products_found
1,,5020034,a140d838b0f60c1e9fb46f882937175cfaf08655747013173623ee2b112012f8,products_found
1,,5020044,a140d838b0f60c1e9fb46f882937175cfaf08655747013173623ee2b112012f8,products_found
1,,5020319,a140d838b0f60c1e9fb46f882937175cfaf08655747013173623ee2b112012f8,products_found
1,,5021174,a140d838b0f60c1e9fb46f882937175cfaf08655747013173623ee2b112012f8,products_found
1,,5021176,a140d838b0f60c1e9fb46f882937175cfaf08655747013173623ee2b112012f8,products_found
1,,5021732,a140d838b0f60c1e9fb46f882937175cfaf08655747013173623ee2b112012f8,products_found
1,,5021737,a140d838b0f60c1e9fb46f882937175cfaf08655747013173623ee2b112012f8,products_found
1,,5021899,a140d838b0f60c1e9fb46f882937175cfaf08655747013173623ee2b112012f8,products_found
1,,5022440,a140d838b0f60c1e9fb46f882937175cfaf08655747013173623ee2b112012f8,products_found
1,,5022828,a140d838b0f60c1e9fb46f882937175cfaf08655747013173623ee2b112012f8,products_found
1,,5022900,a140d838b0f60c1e9fb46f882937175cfaf08655747013173623ee2b112012f8,products_found
1,,5023948,a140d838b0f60c1e9fb46f882937175cfaf08655747013173623ee2b112012f8,products_found
1,,5023956,a140d838b0f60c1e9fb46f882937175cfaf08655747013173623ee2b112012f8,products_found
1,,5024126,a140d838b0f60c1e9fb46f882937175cfaf08655747013173623ee2b112012f8,products_found
1,,5024138,a140d838b0f60c1e9fb46f882937175cfaf08655747013173623ee2b112012f8,products_found
1,,5024177,a140d838b0f60c1e9fb46f882937175cfaf08655747013173623ee2b112012f8,products_found
1,,5024292,a140d838b0f60c1e9fb46f882937175cfaf08655747013173623ee2b112012f8,products_found
1,,5024414,a140d838b0f60c1e9fb46f882937175cfaf08655747013173623ee2b112012f8,products_found
1,,5024429,a140d838b0f60c1e9fb46f882937175cfaf08655747013173623ee2b112012f8,products_found
1,,5024450,a140d838b0f60c1e9fb46f882937175cfaf08655747013173623ee2b112012f8,products_found
1,,5024482,a140d838b0f60c1e9fb46f882937175cfaf08655747013173623ee2b112012f8,products_found
1,,5025217,a140d838b0f60c1e9fb46f882937175cfaf08655747013173623ee2b112012f8,products_found
1,,5025294,a140d838b0f60c1e9fb46f882937175cfaf08655747013173623ee2b112012f8,products_found
1,,5026023,a140d838b0f60c1e9fb46f882937175cfaf08655747013173623ee2b112012f8,products_found
1,,5026187,a140d838b0f60c1e9fb46f882937175cfaf08655747013173623ee2b112012f8,products_found
1,,5026326,a140d838b0f60c1e9fb46f882937175cfaf08655747013173623ee2b112012f8,products_found
1,,5031857,a140d838b0f60c1e9fb46f882937175cfaf08655747013173623ee2b112012f8,products_found
1,,5031882,a140d838b0f60c1e9fb46f882937175cfaf08655747013173623ee2b112012f8,products_found
1,,5034333,a140d838b0f60c1e9fb46f882937175cfaf08655747013173623ee2b112012f8,products_found
1,,5035972,a140d838b0f60c1e9fb46f882937175cfaf08655747013173623ee2b112012f8,products_found
1,,5036480,a140d838b0f60c1e9fb46f882937175cfaf08655747013173623ee2b112012f8,products_found
1,,5036516,a140d838b0f60c1e9fb46f882937175cfaf08655747013173623ee2b112012f8,products_found
1,,5036530,a140d838b0f60c1e9fb46f882937175cfaf08655747013173623ee2b112012f8,products_found
1,,5036537,a140d838b0f60c1e9fb46f882937175cfaf08655747013173623ee2b112012f8,products_found
1,,5036538,a140d838b0f60c1e9fb46f882937175cfaf08655747013173623ee2b112012f8,products_found
1,,5036705,a140d838b0f60c1e9fb46f882937175cfaf08655747013173623ee2b112012f8,products_found
1,,5036966,a140d838b0f60c1e9fb46f882937175cfaf08655747013173623ee2b112012f8,products_found
1,,5039053,a140d838b0f60c1e9fb46f882937175cfaf08655747013173623ee2b112012f8,products_found
1,,5039129,a140d838b0f60c1e9fb46f882937175cfaf08655747013173623ee2b112012f8,products_found
1,,5039441,a140d838b0f60c1e9fb46f882937175cfaf08655747013173623ee2b112012f8,products_found
1,,5040223,a140d838b0f60c1e9fb46f882937175cfaf08655747013173623ee2b112012f8,products_found
1,,5041569,a140d838b0f60c1e9fb46f882937175cfaf08655747013173623ee2b112012f8,products_found
1,,5041847,a140d838b0f60c1e9fb46f882937175cfaf08655747013173623ee2b112012f8,products_found
1,,5042210,a140d838b0f60c1e9fb46f882937175cfaf08655747013173623ee2b112012f8,products_found
1,,5042785,a140d838b0f60c1e9fb46f882937175cfaf08655747013173623ee2b112012f8,products_found
1,,5077629,a140d838b0f60c1e9fb46f882937175cfaf08655747013173623ee2b112012f8,products_found
1,,5078025,a140d838b0f60c1e9fb46f882937175cfaf08655747013173623ee2b112012f8,products_found
1,,5078879,a140d838b0f60c1e9fb46f882937175cfaf08655747013173623ee2b112012f8,products_found
1,,5078939,a140d838b0f60c1e9fb46f882937175cfaf08655747013173623ee2b112012f8,products_found
1,,5080346,a140d838b0f60c1e9fb46f882937175cfaf08655747013173623ee2b112012f8,products_found
1,,5080636,a140d838b0f60c1e9fb46f882937175cfaf08655747013173623ee2b112012f8,products_found
1,,5080652,a140d838b0f60c1e9fb46f882937175cfaf08655747013173623ee2b112012f8,products_found
1,,5083252,a140d838b0f60c1e9fb46f882937175cfaf08655747013173623ee2b112012f8,products_found
1,,5084171,a140d838b0f60c1e9fb46f882937175cfaf08655747013173623ee2b112012f8,products_found
1,,5084942,a140d838b0f60c1e9fb46f882937175cfaf08655747013173623ee2b112012f8,products_found
1,,5088400,a140d838b0f60c1e9fb46f882937175cfaf08655747013173623ee2b112012f8,products_found
1,,5088536,a140d838b0f60c1e9fb46f882937175cfaf08655747013173623ee2b112012f8,products_found
1,,5088591,a140d838b0f60c1e9fb46f882937175cfaf08655747013173623ee2b112012f8,products_found
1,,5090690,a140d838b0f60c1e9fb46f882937175cfaf08655747013173623ee2b112012f8,products_found
1,,5091016,a140d838b0f60c1e9fb46f882937175cfaf08655747013173623ee2b112012f8,products_found
1,,5091614,a140d838b0f60c1e9fb46f882937175cfaf08655747013173623ee2b112012f8,products_found
1,,5092266,a140d838b0f60c1e9fb46f882937175cfaf08655747013173623ee2b112012f8,products_found
1,,5094412,a140d838b0f60c1e9fb46f882937175cfaf08655747013173623ee2b112012f8,products_found
1,,5094751,a140d838b0f60c1e9fb46f882937175cfaf08655747013173623ee2b112012f8,products_found
1,,5095082,a140d838b0f60c1e9fb46f882937175cfaf08655747013173623ee2b112012f8,products_found
1,,5095269,a140d838b0f60c1e9fb46f882937175cfaf08655747013173623ee2b112012f8,products_found
1,,5096590,a140d838b0f60c1e9fb46f882937175cfaf08655747013173623ee2b112012f8,products_found
1,,5097454,a140d838b0f60c1e9fb46f882937175cfaf08655747013173623ee2b112012f8,products_found
1,,5097470,a140d838b0f60c1e9fb46f882937175cfaf08655747013173623ee2b112012f8,products_found
1,,5098444,a140d838b0f60c1e9fb46f882937175cfaf08655747013173623ee2b112012f8,products_found
1,,5103942,a140d838b0f60c1e9fb46f882937175cfaf08655747013173623ee2b112012f8,products_found
1,,5103998,a140d838b0f60c1e9fb46f882937175cfaf08655747013173623ee2b112012f8,products_found
1,,5106313,a140d838b0f60c1e9fb46f882937175cfaf08655747013173623ee2b112012f8,products_found
1,,5108946,a140d838b0f60c1e9fb46f882937175cfaf08655747013173623ee2b112012f8,products_found
1,,5110423,a140d838b0f60c1e9fb46f882937175cfaf08655747013173623ee2b112012f8,products_found
1,,5111801,a140d838b0f60c1e9fb46f882937175cfaf08655747013173623ee2b112012f8,products_found
1,,5112198,a140d838b0f60c1e9fb46f882937175cfaf08655747013173623ee2b112012f8,products_found
1,,5112567,a140d838b0f60c1e9fb46f882937175cfaf08655747013173623ee2b112012f8,products_found
1,,5113053,a140d838b0f60c1e9fb46f882937175cfaf08655747013173623ee2b112012f8,products_found
1,,5113146,a140d838b0f60c1e9fb46f882937175cfaf08655747013173623ee2b112012f8,products_found
1,,5113809,a140d838b0f60c1e9fb46f882937175cfaf08655747013173623ee2b112012f8,products_found
1,,5113822,a140d838b0f60c1e9fb46f882937175cfaf08655747013173623ee2b112012f8,products_found
1,,5115178,a140d838b0f60c1e9fb46f882937175cfaf08655747013173623ee2b112012f8,products_found
1,,5119619,a140d838b0f60c1e9fb46f882937175cfaf08655747013173623ee2b112012f8,products_found
1,,5120087,a140d838b0f60c1e9fb46f882937175cfaf08655747013173623ee2b112012f8,products_found
1,,5120225,a140d838b0f60c1e9fb46f882937175cfaf08655747013173623ee2b112012f8,products_found
1,,5121173,a140d838b0f60c1e9fb46f882937175cfaf08655747013173623ee2b112012f8,products_found
1,,5121511,a140d838b0f60c1e9fb46f882937175cfaf08655747013173623ee2b112012f8,products_found
1,,5122112,a140d838b0f60c1e9fb46f882937175cfaf08655747013173623ee2b112012f8,products_found
1,,5124254,a140d838b0f60c1e9fb46f882937175cfaf08655747013173623ee2b112012f8,products_found
1,,5124667,a140d838b0f60c1e9fb46f882937175cfaf08655747013173623ee2b112012f8,products_found
1,,5125048,a140d838b0f60c1e9fb46f882937175cfaf08655747013173623ee2b112012f8,products_found
1,,5125347,a140d838b0f60c1e9fb46f882937175cfaf08655747013173623ee2b112012f8,products_found
1,,5126627,a140d838b0f60c1e9fb46f882937175cfaf08655747013173623ee2b112012f8,products_found
1,,5126932,a140d838b0f60c1e9fb46f882937175cfaf08655747013173623ee2b112012f8,products_found
1,,5128673,a140d838b0f60c1e9fb46f882937175cfaf08655747013173623ee2b112012f8,products_found
1,,5128966,a140d838b0f60c1e9fb46f882937175cfaf08655747013173623ee2b112012f8,products_found
1,,5130369,a140d838b0f60c1e9fb46f882937175cfaf08655747013173623ee2b112012f8,products_found
1,,5130380,a140d838b0f60c1e9fb46f882937175cfaf08655747013173623ee2b112012f8,products_found
1,,5130563,a140d838b0f60c1e9fb46f882937175cfaf08655747013173623ee2b112012f8,products_found
1,,5130740,a140d838b0f60c1e9fb46f882937175cfaf08655747013173623ee2b112012f8,products_found
1,,5130983,a140d838b0f60c1e9fb46f882937175cfaf08655747013173623ee2b112012f8,products_found
1,,5164255,a140d838b0f60c1e9fb46f882937175cfaf08655747013173623ee2b112012f8,products_found
1,,5164794,a140d838b0f60c1e9fb46f882937175cfaf08655747013173623ee2b112012f8,products_found
1,,5168498,a140d838b0f60c1e9fb46f882937175cfaf08655747013173623ee2b112012f8,products_found
1,,5172274,a140d838b0f60c1e9fb46f882937175cfaf08655747013173623ee2b112012f8,products_found
1,,5174492,a140d838b0f60c1e9fb46f882937175cfaf08655747013173623ee2b112012f8,products_found
1,,5174677,a140d838b0f60c1e9fb46f882937175cfaf08655747013173623ee2b112012f8,products_found
1,,5174858,a140d838b0f60c1e9fb46f882937175cfaf08655747013173623ee2b112012f8,products_found
1,,5174920,a140d838b0f60c1e9fb46f882937175cfaf08655747013173623ee2b112012f8,products_found
1,,5175024,a140d838b0f60c1e9fb46f882937175cfaf08655747013173623ee2b112012f8,products_found
1,,5177104,a140d838b0f60c1e9fb46f882937175cfaf08655747013173623ee2b112012f8,products_found
1,,5181455,a140d838b0f60c1e9fb46f882937175cfaf08655747013173623ee2b112012f8,products_found
1,,5181804,a140d838b0f60c1e9fb46f882937175cfaf08655747013173623ee2b112012f8,products_found
1,,5181817,a140d838b0f60c1e9fb46f882937175cfaf08655747013173623ee2b112012f8,products_found
1,,5183357,a140d838b0f60c1e9fb46f882937175cfaf08655747013173623ee2b112012f8,products_found
1,,5184584,a140d838b0f60c1e9fb46f882937175cfaf08655747013173623ee2b112012f8,products_found
1,,5184709,a140d838b0f60c1e9fb46f882937175cfaf08655747013173623ee2b112012f8,products_found
1,,5184911,a140d838b0f60c1e9fb46f882937175cfaf08655747013173623ee2b112012f8,products_found
1,,5185765,a140d838b0f60c1e9fb46f882937175cfaf08655747013173623ee2b112012f8,products_found
1,,5185897,a140d838b0f60c1e9fb46f882937175cfaf08655747013173623ee2b112012f8,products_found
1,,5193077,a140d838b0f60c1e9fb46f882937175cfaf08655747013173623ee2b112012f8,products_found
1,,5193384,a140d838b0f60c1e9fb46f882937175cfaf08655747013173623ee2b112012f8,products_found
1,,5193386,a140d838b0f60c1e9fb46f882937175cfaf08655747013173623ee2b112012f8,products_found
1,,5193400,a140d838b0f60c1e9fb46f882937175cfaf08655747013173623ee2b112012f8,products_found
1,,5195172,a140d838b0f60c1e9fb46f882937175cfaf08655747013173623ee2b112012f8,products_found
1,,5195945,a140d838b0f60c1e9fb46f882937175cfaf08655747013173623ee2b112012f8,products_found
1,,5199426,a140d838b0f60c1e9fb46f882937175cfaf08655747013173623ee2b112012f8,products_found
1,,5199978,a140d838b0f60c1e9fb46f882937175cfaf08655747013173623ee2b112012f8,products_found
1,,5200084,a140d838b0f60c1e9fb46f882937175cfaf08655747013173623ee2b112012f8,products_found
1,,5201115,a140d838b0f60c1e9fb46f882937175cfaf08655747013173623ee2b112012f8,products_found
1,,5201593,a140d838b0f60c1e9fb46f882937175cfaf08655747013173623ee2b112012f8,products_found
1,,5202905,a140d838b0f60c1e9fb46f882937175cfaf08655747013173623ee2b112012f8,products_found
1,,5206233,a140d838b0f60c1e9fb46f882937175cfaf08655747013173623ee2b112012f8,products_found
1,,5209845,a140d838b0f60c1e9fb46f882937175cfaf08655747013173623ee2b112012f8,products_found
1,,5210475,a140d838b0f60c1e9fb46f882937175cfaf08655747013173623ee2b112012f8,products_found
1,,5211199,a140d838b0f60c1e9fb46f882937175cfaf08655747013173623ee2b112012f8,products_found
1,,5211470,a140d838b0f60c1e9fb46f882937175cfaf08655747013173623ee2b112012f8,products_found
1,,5211922,a140d838b0f60c1e9fb46f882937175cfaf08655747013173623ee2b112012f8,products_found
1,,5212220,a140d838b0f60c1e9fb46f882937175cfaf08655747013173623ee2b112012f8,products_found
1,,5213230,a140d838b0f60c1e9fb46f882937175cfaf08655747013173623ee2b112012f8,products_found
1,,5213404,a140d838b0f60c1e9fb46f882937175cfaf08655747013173623ee2b112012f8,products_found
1,,5213902,a140d838b0f60c1e9fb46f882937175cfaf08655747013173623ee2b112012f8,products_found
1,,5215251,a140d838b0f60c1e9fb46f882937175cfaf08655747013173623ee2b112012f8,products_found
1,,5215700,a140d838b0f60c1e9fb46f882937175cfaf08655747013173623ee2b112012f8,products_found
1,,5215980,a140d838b0f60c1e9fb46f882937175cfaf08655747013173623ee2b112012f8,products_found
1,,5216727,a140d838b0f60c1e9fb46f882937175cfaf08655747013173623ee2b112012f8,products_found
1,,5217574,a140d838b0f60c1e9fb46f882937175cfaf08655747013173623ee2b112012f8,products_found
1,,5217586,a140d838b0f60c1e9fb46f882937175cfaf08655747013173623ee2b112012f8,products_found
1,,5217733,a140d838b0f60c1e9fb46f882937175cfaf08655747013173623ee2b112012f8,products_found
1,,5217891,a140d838b0f60c1e9fb46f882937175cfaf08655747013173623ee2b112012f8,products_found
1,,5218014,a140d838b0f60c1e9fb46f882937175cfaf08655747013173623ee2b112012f8,products_found
1,,5218441,a140d838b0f60c1e9fb46f882937175cfaf08655747013173623ee2b112012f8,products_found
1,,5219234,a140d838b0f60c1e9fb46f882937175cfaf08655747013173623ee2b112012f8,products_found
1,,5252423,a140d838b0f60c1e9fb46f882937175cfaf08655747013173623ee2b112012f8,products_found
1,,5254230,a140d838b0f60c1e9fb46f882937175cfaf08655747013173623ee2b112012f8,products_found
1,,5255552,a140d838b0f60c1e9fb46f882937175cfaf08655747013173623ee2b112012f8,products_found
1,,5263802,a140d838b0f60c1e9fb46f882937175cfaf08655747013173623ee2b112012f8,products_found
1,,5264304,a140d838b0f60c1e9fb46f882937175cfaf08655747013173623ee2b112012f8,products_found
1,,5266937,a140d838b0f60c1e9fb46f882937175cfaf08655747013173623ee2b112012f8,products_found
1,,5268955,a140d838b0f60c1e9fb46f882937175cfaf08655747013173623ee2b112012f8,products_found
1,,5269407,a140d838b0f60c1e9fb46f882937175cfaf08655747013173623ee2b112012f8,products_found
1,,5269467,a140d838b0f60c1e9fb46f882937175cfaf08655747013173623ee2b112012f8,products_found
1,,5270698,a140d838b0f60c1e9fb46f882937175cfaf08655747013173623ee2b112012f8,products_found
1,,5271608,a140d838b0f60c1e9fb46f882937175cfaf08655747013173623ee2b112012f8,products_found
1,,5272233,a140d838b0f60c1e9fb46f882937175cfaf08655747013173623ee2b112012f8,products_found
1,,5272571,a140d838b0f60c1e9fb46f882937175cfaf08655747013173623ee2b112012f8,products_found
1,,5272878,a140d838b0f60c1e9fb46f882937175cfaf08655747013173623ee2b112012f8,products_found
1,,5273713,a140d838b0f60c1e9fb46f882937175cfaf08655747013173623ee2b112012f8,products_found
1,,5276332,a140d838b0f60c1e9fb46f882937175cfaf08655747013173623ee2b112012f8,products_found
1,,5280587,a140d838b0f60c1e9fb46f882937175cfaf08655747013173623ee2b112012f8,products_found
1,,5281113,a140d838b0f60c1e9fb46f882937175cfaf08655747013173623ee2b112012f8,products_found
1,,5282049,a140d838b0f60c1e9fb46f882937175cfaf08655747013173623ee2b112012f8,products_found
1,,5282051,a140d838b0f60c1e9fb46f882937175cfaf08655747013173623ee2b112012f8,products_found
1,,5282477,a140d838b0f60c1e9fb46f882937175cfaf08655747013173623ee2b112012f8,products_found
1,,5282656,a140d838b0f60c1e9fb46f882937175cfaf08655747013173623ee2b112012f8,products_found
1,,5283542,a140d838b0f60c1e9fb46f882937175cfaf08655747013173623ee2b112012f8,products_found
1,,5284133,a140d838b0f60c1e9fb46f882937175cfaf08655747013173623ee2b112012f8,products_found
1,,5285607,a140d838b0f60c1e9fb46f882937175cfaf08655747013173623ee2b112012f8,products_found
1,,5286786,a140d838b0f60c1e9fb46f882937175cfaf08655747013173623ee2b112012f8,products_found
1,,5287983,a140d838b0f60c1e9fb46f882937175cfaf08655747013173623ee2b112012f8,products_found
1,,5288543,a140d838b0f60c1e9fb46f882937175cfaf08655747013173623ee2b112012f8,products_found
1,,5288570,a140d838b0f60c1e9fb46f882937175cfaf08655747013173623ee2b112012f8,products_found
1,,5288577,a140d838b0f60c1e9fb46f882937175cfaf08655747013173623ee2b112012f8,products_found
1,,5288744,a140d838b0f60c1e9fb46f882937175cfaf08655747013173623ee2b112012f8,products_found
1,,5289854,a140d838b0f60c1e9fb46f882937175cfaf08655747013173623ee2b112012f8,products_found
1,,5294739,a140d838b0f60c1e9fb46f882937175cfaf08655747013173623ee2b112012f8,products_found
1,,5298620,a140d838b0f60c1e9fb46f882937175cfaf08655747013173623ee2b112012f8,products_found
1,,5299459,a140d838b0f60c1e9fb46f882937175cfaf08655747013173623ee2b112012f8,products_found
1,,5300878,a140d838b0f60c1e9fb46f882937175cfaf08655747013173623ee2b112012f8,products_found
1,,5301093,a140d838b0f60c1e9fb46f882937175cfaf08655747013173623ee2b112012f8,products_found
1,,5301750,a140d838b0f60c1e9fb46f882937175cfaf08655747013173623ee2b112012f8,products_found
1,,5302006,a140d838b0f60c1e9fb46f882937175cfaf08655747013173623ee2b112012f8,products_found
1,,5302643,a140d838b0f60c1e9fb46f882937175cfaf08655747013173623ee2b112012f8,products_found
1,,5303346,a140d838b0f60c1e9fb46f882937175cfaf08655747013173623ee2b112012f8,products_found
1,,5303551,a140d838b0f60c1e9fb46f882937175cfaf08655747013173623ee2b112012f8,products_found
1,,5303557,a140d838b0f60c1e9fb46f882937175cfaf08655747013173623ee2b112012f8,products_found
1,,5305225,a140d838b0f60c1e9fb46f882937175cfaf08655747013173623ee2b112012f8,products_found
1,,5305240,a140d838b0f60c1e9fb46f882937175cfaf08655747013173623ee2b112012f8,products_found
1,,5305399,a140d838b0f60c1e9fb46f882937175cfaf08655747013173623ee2b112012f8,products_found
1,,5305404,a140d838b0f60c1e9fb46f882937175cfaf08655747013173623ee2b112012f8,products_found
1,,5305451,a140d838b0f60c1e9fb46f882937175cfaf08655747013173623ee2b112012f8,products_found
1,,5305471,a140d838b0f60c1e9fb46f882937175cfaf08655747013173623ee2b112012f8,products_found
1,,5306383,a140d838b0f60c1e9fb46f882937175cfaf08655747013173623ee2b112012f8,products_found
1,,5306720,a140d838b0f60c1e9fb46f882937175cfaf08655747013173623ee2b112012f8,products_found
1,,5306862,a140d838b0f60c1e9fb46f882937175cfaf08655747013173623ee2b112012f8,products_found
1,,5307568,a140d838b0f60c1e9fb46f882937175cfaf08655747013173623ee2b112012f8,products_found
1,,5307858,a140d838b0f60c1e9fb46f882937175cfaf08655747013173623ee2b112012f8,products_found
1,,5307990,a140d838b0f60c1e9fb46f882937175cfaf08655747013173623ee2b112012f8,products_found
1,,5308387,a140d838b0f60c1e9fb46f882937175cfaf08655747013173623ee2b112012f8,products_found
1,,5308419,a140d838b0f60c1e9fb46f882937175cfaf08655747013173623ee2b112012f8,products_found
1,,5308537,a140d838b0f60c1e9fb46f882937175cfaf08655747013173623ee2b112012f8,products_found
1,,5308663,a140d838b0f60c1e9fb46f882937175cfaf08655747013173623ee2b112012f8,products_found
1,,5308666,a140d838b0f60c1e9fb46f882937175cfaf08655747013173623ee2b112012f8,products_found
1,,5308777,a140d838b0f60c1e9fb46f882937175cfaf08655747013173623ee2b112012f8,products_found
1,,5308778,a140d838b0f60c1e9fb46f882937175cfaf08655747013173623ee2b112012f8,products_found
1,,5309353,a140d838b0f60c1e9fb46f882937175cfaf08655747013173623ee2b112012f8,products_found
1,,5310435,a140d838b0f60c1e9fb46f882937175cfaf08655747013173623ee2b112012f8,products_found
1,,5339567,a140d838b0f60c1e9fb46f882937175cfaf08655747013173623ee2b112012f8,products_found
1,,5340644,a140d838b0f60c1e9fb46f882937175cfaf08655747013173623ee2b112012f8,products_found
1,,5342473,a140d838b0f60c1e9fb46f882937175cfaf08655747013173623ee2b112012f8,products_found
1,,5343976,a140d838b0f60c1e9fb46f882937175cfaf08655747013173623ee2b112012f8,products_found
1,,5347537,a140d838b0f60c1e9fb46f882937175cfaf08655747013173623ee2b112012f8,products_found
1,,5347784,a140d838b0f60c1e9fb46f882937175cfaf08655747013173623ee2b112012f8,products_found
1,,5350244,a140d838b0f60c1e9fb46f882937175cfaf08655747013173623ee2b112012f8,products_found
1,,5350447,a140d838b0f60c1e9fb46f882937175cfaf08655747013173623ee2b112012f8,products_found
1,,5351250,a140d838b0f60c1e9fb46f882937175cfaf08655747013173623ee2b112012f8,products_found
1,,5356593,a140d838b0f60c1e9fb46f882937175cfaf08655747013173623ee2b112012f8,products_found
1,,5357470,a140d838b0f60c1e9fb46f882937175cfaf08655747013173623ee2b112012f8,products_found
1,,5357545,a140d838b0f60c1e9fb46f882937175cfaf08655747013173623ee2b112012f8,products_found
1,,5357901,a140d838b0f60c1e9fb46f882937175cfaf08655747013173623ee2b112012f8,products_found
1,,5358241,a140d838b0f60c1e9fb46f882937175cfaf08655747013173623ee2b112012f8,products_found
1,,5358624,a140d838b0f60c1e9fb46f882937175cfaf08655747013173623ee2b112012f8,products_found
1,,5359678,a140d838b0f60c1e9fb46f882937175cfaf08655747013173623ee2b112012f8,products_found
1,,5360082,a140d838b0f60c1e9fb46f882937175cfaf08655747013173623ee2b112012f8,products_found
1,,5360974,a140d838b0f60c1e9fb46f882937175cfaf08655747013173623ee2b112012f8,products_found
1,,5364071,a140d838b0f60c1e9fb46f882937175cfaf08655747013173623ee2b112012f8,products_found
1,,5369827,a140d838b0f60c1e9fb46f882937175cfaf08655747013173623ee2b112012f8,products_found
1,,5370302,a140d838b0f60c1e9fb46f882937175cfaf08655747013173623ee2b112012f8,products_found
1,,5371776,a140d838b0f60c1e9fb46f882937175cfaf08655747013173623ee2b112012f8,products_found
1,,5371777,a140d838b0f60c1e9fb46f882937175cfaf08655747013173623ee2b112012f8,products_found
1,,5372966,a140d838b0f60c1e9fb46f882937175cfaf08655747013173623ee2b112012f8,products_found
1,,5374403,a140d838b0f60c1e9fb46f882937175cfaf08655747013173623ee2b112012f8,products_found
1,,5374854,a140d838b0f60c1e9fb46f882937175cfaf08655747013173623ee2b112012f8,products_found
1,,5375194,a140d838b0f60c1e9fb46f882937175cfaf08655747013173623ee2b112012f8,products_found
1,,5376067,a140d838b0f60c1e9fb46f882937175cfaf08655747013173623ee2b112012f8,products_found
1,,5383248,a140d838b0f60c1e9fb46f882937175cfaf08655747013173623ee2b112012f8,products_found
1,,5384079,a140d838b0f60c1e9fb46f882937175cfaf08655747013173623ee2b112012f8,products_found
1,,5384713,a140d838b0f60c1e9fb46f882937175cfaf08655747013173623ee2b112012f8,products_found
1,,5384802,a140d838b0f60c1e9fb46f882937175cfaf08655747013173623ee2b112012f8,products_found
1,,5385139,a140d838b0f60c1e9fb46f882937175cfaf08655747013173623ee2b112012f8,products_found
1,,5385150,a140d838b0f60c1e9fb46f882937175cfaf08655747013173623ee2b112012f8,products_found
1,,5385269,a140d838b0f60c1e9fb46f882937175cfaf08655747013173623ee2b112012f8,products_found
1,,5385410,a140d838b0f60c1e9fb46f882937175cfaf08655747013173623ee2b112012f8,products_found
1,,5385439,a140d838b0f60c1e9fb46f882937175cfaf08655747013173623ee2b112012f8,products_found
1,,5385469,a140d838b0f60c1e9fb46f882937175cfaf08655747013173623ee2b112012f8,products_found
1,,5385471,a140d838b0f60c1e9fb46f882937175cfaf08655747013173623ee2b112012f8,products_found
1,,5385491,a140d838b0f60c1e9fb46f882937175cfaf08655747013173623ee2b112012f8,products_found
1,,5385509,a140d838b0f60c1e9fb46f882937175cfaf08655747013173623ee2b112012f8,products_found
1,,5385548,a140d838b0f60c1e9fb46f882937175cfaf08655747013173623ee2b112012f8,products_found
1,,5385566,a140d838b0f60c1e9fb46f882937175cfaf08655747013173623ee2b112012f8,products_found
1,,5385575,a140d838b0f60c1e9fb46f882937175cfaf08655747013173623ee2b112012f8,products_found
1,,5385667,a140d838b0f60c1e9fb46f882937175cfaf08655747013173623ee2b112012f8,products_found
1,,5385697,a140d838b0f60c1e9fb46f882937175cfaf08655747013173623ee2b112012f8,products_found
1,,5385773,a140d838b0f60c1e9fb46f882937175cfaf08655747013173623ee2b112012f8,products_found
1,,5385778,a140d838b0f60c1e9fb46f882937175cfaf08655747013173623ee2b112012f8,products_found
1,,5386163,a140d838b0f60c1e9fb46f882937175cfaf08655747013173623ee2b112012f8,products_found
1,,5386264,a140d838b0f60c1e9fb46f882937175cfaf08655747013173623ee2b112012f8,products_found
1,,5387843,a140d838b0f60c1e9fb46f882937175cfaf08655747013173623ee2b112012f8,products_found
1,,5389184,a140d838b0f60c1e9fb46f882937175cfaf08655747013173623ee2b112012f8,products_found
1,,5389540,a140d838b0f60c1e9fb46f882937175cfaf08655747013173623ee2b112012f8,products_found
1,,5389632,a140d838b0f60c1e9fb46f882937175cfaf08655747013173623ee2b112012f8,products_found
1,,5391407,a140d838b0f60c1e9fb46f882937175cfaf08655747013173623ee2b112012f8,products_found
1,,5392702,a140d838b0f60c1e9fb46f882937175cfaf08655747013173623ee2b112012f8,products_found
1,,5392871,a140d838b0f60c1e9fb46f882937175cfaf08655747013173623ee2b112012f8,products_found
1,,5392897,a140d838b0f60c1e9fb46f882937175cfaf08655747013173623ee2b112012f8,products_found
1,,5393558,a140d838b0f60c1e9fb46f882937175cfaf08655747013173623ee2b112012f8,products_found
1,,5396122,a140d838b0f60c1e9fb46f882937175cfaf08655747013173623ee2b112012f8,products_found
1,,5397905,a140d838b0f60c1e9fb46f882937175cfaf08655747013173623ee2b112012f8,products_found
1,,5398002,a140d838b0f60c1e9fb46f882937175cfaf08655747013173623ee2b112012f8,products_found
1,,5428471,a140d838b0f60c1e9fb46f882937175cfaf08655747013173623ee2b112012f8,products_found
1,,5428668,a140d838b0f60c1e9fb46f882937175cfaf08655747013173623ee2b112012f8,products_found
1,,5435816,a140d838b0f60c1e9fb46f882937175cfaf08655747013173623ee2b112012f8,products_found
1,,5436013,a140d838b0f60c1e9fb46f882937175cfaf08655747013173623ee2b112012f8,products_found
1,,5436338,a140d838b0f60c1e9fb46f882937175cfaf08655747013173623ee2b112012f8,products_found
1,,5436502,a140d838b0f60c1e9fb46f882937175cfaf08655747013173623ee2b112012f8,products_found
1,,5437945,a140d838b0f60c1e9fb46f882937175cfaf08655747013173623ee2b112012f8,products_found
1,,5438099,a140d838b0f60c1e9fb46f882937175cfaf08655747013173623ee2b112012f8,products_found
1,,5438757,a140d838b0f60c1e9fb46f882937175cfaf08655747013173623ee2b112012f8,products_found
1,,5440317,a140d838b0f60c1e9fb46f882937175cfaf08655747013173623ee2b112012f8,products_found
1,,5443604,a140d838b0f60c1e9fb46f882937175cfaf08655747013173623ee2b112012f8,products_found
1,,5443775,a140d838b0f60c1e9fb46f882937175cfaf08655747013173623ee2b112012f8,products_found
1,,5444334,a140d838b0f60c1e9fb46f882937175cfaf08655747013173623ee2b112012f8,products_found
1,,5444384,a140d838b0f60c1e9fb46f882937175cfaf08655747013173623ee2b112012f8,products_found
1,,5444392,a140d838b0f60c1e9fb46f882937175cfaf08655747013173623ee2b112012f8,products_found
1,,5444491,a140d838b0f60c1e9fb46f882937175cfaf08655747013173623ee2b112012f8,products_found
1,,5444548,a140d838b0f60c1e9fb46f882937175cfaf08655747013173623ee2b112012f8,products_found
1,,5444549,a140d838b0f60c1e9fb46f882937175cfaf08655747013173623ee2b112012f8,products_found
1,,5445681,a140d838b0f60c1e9fb46f882937175cfaf08655747013173623ee2b112012f8,products_found
1,,5449777,a140d838b0f60c1e9fb46f882937175cfaf08655747013173623ee2b112012f8,products_found
1,,5450814,a140d838b0f60c1e9fb46f882937175cfaf08655747013173623ee2b112012f8,products_found
1,,5450893,a140d838b0f60c1e9fb46f882937175cfaf08655747013173623ee2b112012f8,products_found
1,,5456023,a140d838b0f60c1e9fb46f882937175cfaf08655747013173623ee2b112012f8,products_found
1,,5456319,a140d838b0f60c1e9fb46f882937175cfaf08655747013173623ee2b112012f8,products_found
1,,5456651,a140d838b0f60c1e9fb46f882937175cfaf08655747013173623ee2b112012f8,products_found
1,,5460434,a140d838b0f60c1e9fb46f882937175cfaf08655747013173623ee2b112012f8,products_found
1,,5460835,a140d838b0f60c1e9fb46f882937175cfaf08655747013173623ee2b112012f8,products_found
1,,5461440,a140d838b0f60c1e9fb46f882937175cfaf08655747013173623ee2b112012f8,products_found
1,,5462901,a140d838b0f60c1e9fb46f882937175cfaf08655747013173623ee2b112012f8,products_found
1,,5467102,a140d838b0f60c1e9fb46f882937175cfaf08655747013173623ee2b112012f8,products_found
1,,5467113,a140d838b0f60c1e9fb46f882937175cfaf08655747013173623ee2b112012f8,products_found
1,,5467124,a140d838b0f60c1e9fb46f882937175cfaf08655747013173623ee2b112012f8,products_found
1,,5467126,a140d838b0f60c1e9fb46f882937175cfaf08655747013173623ee2b112012f8,products_found
1,,5468555,a140d838b0f60c1e9fb46f882937175cfaf08655747013173623ee2b112012f8,products_found
1,,5470739,a140d838b0f60c1e9fb46f882937175cfaf08655747013173623ee2b112012f8,products_found
1,,5470851,a140d838b0f60c1e9fb46f882937175cfaf08655747013173623ee2b112012f8,products_found
1,,5470960,a140d838b0f60c1e9fb46f882937175cfaf08655747013173623ee2b112012f8,products_found
1,,5471010,a140d838b0f60c1e9fb46f882937175cfaf08655747013173623ee2b112012f8,products_found
1,,5471059,a140d838b0f60c1e9fb46f882937175cfaf08655747013173623ee2b112012f8,products_found
1,,5471068,a140d838b0f60c1e9fb46f882937175cfaf08655747013173623ee2b112012f8,products_found
1,,5471108,a140d838b0f60c1e9fb46f882937175cfaf08655747013173623ee2b112012f8,products_found
1,,5471158,a140d838b0f60c1e9fb46f882937175cfaf08655747013173623ee2b112012f8,products_found
1,,5471192,a140d838b0f60c1e9fb46f882937175cfaf08655747013173623ee2b112012f8,products_found
1,,5471202,a140d838b0f60c1e9fb46f882937175cfaf08655747013173623ee2b112012f8,products_found
1,,5471217,a140d838b0f60c1e9fb46f882937175cfaf08655747013173623ee2b112012f8,products_found
1,,5471271,a140d838b0f60c1e9fb46f882937175cfaf08655747013173623ee2b112012f8,products_found
1,,5471289,a140d838b0f60c1e9fb46f882937175cfaf08655747013173623ee2b112012f8,products_found
1,,5471415,a140d838b0f60c1e9fb46f882937175cfaf08655747013173623ee2b112012f8,products_found
1,,5471480,a140d838b0f60c1e9fb46f882937175cfaf08655747013173623ee2b112012f8,products_found
1,,5471489,a140d838b0f60c1e9fb46f882937175cfaf08655747013173623ee2b112012f8,products_found
1,,5471496,a140d838b0f60c1e9fb46f882937175cfaf08655747013173623ee2b112012f8,products_found
1,,5471566,a140d838b0f60c1e9fb46f882937175cfaf08655747013173623ee2b112012f8,products_found
1,,5471574,a140d838b0f60c1e9fb46f882937175cfaf08655747013173623ee2b112012f8,products_found
1,,5471606,a140d838b0f60c1e9fb46f882937175cfaf08655747013173623ee2b112012f8,products_found
1,,5471675,a140d838b0f60c1e9fb46f882937175cfaf08655747013173623ee2b112012f8,products_found
1,,5471688,a140d838b0f60c1e9fb46f882937175cfaf08655747013173623ee2b112012f8,products_found
1,,5471690,a140d838b0f60c1e9fb46f882937175cfaf08655747013173623ee2b112012f8,products_found
1,,5471769,a140d838b0f60c1e9fb46f882937175cfaf08655747013173623ee2b112012f8,products_found
1,,5471770,a140d838b0f60c1e9fb46f882937175cfaf08655747013173623ee2b112012f8,products_found
1,,5471792,a140d838b0f60c1e9fb46f882937175cfaf08655747013173623ee2b112012f8,products_found
1,,5473535,a140d838b0f60c1e9fb46f882937175cfaf08655747013173623ee2b112012f8,products_found
1,,5473556,a140d838b0f60c1e9fb46f882937175cfaf08655747013173623ee2b112012f8,products_found
1,,5474613,a140d838b0f60c1e9fb46f882937175cfaf08655747013173623ee2b112012f8,products_found
1,,5474733,a140d838b0f60c1e9fb46f882937175cfaf08655747013173623ee2b112012f8,products_found
1,,5475494,a140d838b0f60c1e9fb46f882937175cfaf08655747013173623ee2b112012f8,products_found
1,,5475641,a140d838b0f60c1e9fb46f882937175cfaf08655747013173623ee2b112012f8,products_found
1,,5475712,a140d838b0f60c1e9fb46f882937175cfaf08655747013173623ee2b112012f8,products_found
1,,5475735,a140d838b0f60c1e9fb46f882937175cfaf08655747013173623ee2b112012f8,products_found
1,,5475736,a140d838b0f60c1e9fb46f882937175cfaf08655747013173623ee2b112012f8,products_found
1,,5476671,a140d838b0f60c1e9fb46f882937175cfaf08655747013173623ee2b112012f8,products_found
1,,5477805,a140d838b0f60c1e9fb46f882937175cfaf08655747013173623ee2b112012f8,products_found
1,,5478055,a140d838b0f60c1e9fb46f882937175cfaf08655747013173623ee2b112012f8,products_found
1,,5478083,a140d838b0f60c1e9fb46f882937175cfaf08655747013173623ee2b112012f8,products_found
1,,5479717,a140d838b0f60c1e9fb46f882937175cfaf08655747013173623ee2b112012f8,products_found
1,,5479802,a140d838b0f60c1e9fb46f882937175cfaf08655747013173623ee2b112012f8,products_found
1,,5479973,a140d838b0f60c1e9fb46f882937175cfaf08655747013173623ee2b112012f8,products_found
1,,5480640,a140d838b0f60c1e9fb46f882937175cfaf08655747013173623ee2b112012f8,products_found
1,,5480736,a140d838b0f60c1e9fb46f882937175cfaf08655747013173623ee2b112012f8,products_found
1,,5480884,a140d838b0f60c1e9fb46f882937175cfaf08655747013173623ee2b112012f8,products_found
1,,5481148,a140d838b0f60c1e9fb46f882937175cfaf08655747013173623ee2b112012f8,products_found
1,,5481416,a140d838b0f60c1e9fb46f882937175cfaf08655747013173623ee2b112012f8,products_found
1,,5481426,a140d838b0f60c1e9fb46f882937175cfaf08655747013173623ee2b112012f8,products_found
1,,5482603,a140d838b0f60c1e9fb46f882937175cfaf08655747013173623ee2b112012f8,products_found
1,,5511081,a140d838b0f60c1e9fb46f882937175cfaf08655747013173623ee2b112012f8,products_found
1,,5512513,a140d838b0f60c1e9fb46f882937175cfaf08655747013173623ee2b112012f8,products_found
1,,5513012,a140d838b0f60c1e9fb46f882937175cfaf08655747013173623ee2b112012f8,products_found
1,,5513833,a140d838b0f60c1e9fb46f882937175cfaf08655747013173623ee2b112012f8,products_found
1,,5513857,a140d838b0f60c1e9fb46f882937175cfaf08655747013173623ee2b112012f8,products_found
1,,5513861,a140d838b0f60c1e9fb46f882937175cfaf08655747013173623ee2b112012f8,products_found
1,,5513866,a140d838b0f60c1e9fb46f882937175cfaf08655747013173623ee2b112012f8,products_found
1,,5513893,a140d838b0f60c1e9fb46f882937175cfaf08655747013173623ee2b112012f8,products_found
1,,5513897,a140d838b0f60c1e9fb46f882937175cfaf08655747013173623ee2b112012f8,products_found
1,,5514383,a140d838b0f60c1e9fb46f882937175cfaf08655747013173623ee2b112012f8,products_found
1,,5520547,a140d838b0f60c1e9fb46f882937175cfaf08655747013173623ee2b112012f8,products_found
1,,5521300,a140d838b0f60c1e9fb46f882937175cfaf08655747013173623ee2b112012f8,products_found
1,,5524881,a140d838b0f60c1e9fb46f882937175cfaf08655747013173623ee2b112012f8,products_found
1,,5526527,a140d838b0f60c1e9fb46f882937175cfaf08655747013173623ee2b112012f8,products_found
1,,5526717,a140d838b0f60c1e9fb46f882937175cfaf08655747013173623ee2b112012f8,products_found
1,,5527172,a140d838b0f60c1e9fb46f882937175cfaf08655747013173623ee2b112012f8,products_found
1,,5529501,a140d838b0f60c1e9fb46f882937175cfaf08655747013173623ee2b112012f8,products_found
1,,5529552,a140d838b0f60c1e9fb46f882937175cfaf08655747013173623ee2b112012f8,products_found
1,,5529560,a140d838b0f60c1e9fb46f882937175cfaf08655747013173623ee2b112012f8,products_found
1,,5529643,a140d838b0f60c1e9fb46f882937175cfaf08655747013173623ee2b112012f8,products_found
1,,5529738,a140d838b0f60c1e9fb46f882937175cfaf08655747013173623ee2b112012f8,products_found
1,,5530112,a140d838b0f60c1e9fb46f882937175cfaf08655747013173623ee2b112012f8,products_found
1,,5530881,a140d838b0f60c1e9fb46f882937175cfaf08655747013173623ee2b112012f8,products_found
1,,5530882,a140d838b0f60c1e9fb46f882937175cfaf08655747013173623ee2b112012f8,products_found
1,,5531576,a140d838b0f60c1e9fb46f882937175cfaf08655747013173623ee2b112012f8,products_found
1,,5531694,a140d838b0f60c1e9fb46f882937175cfaf08655747013173623ee2b112012f8,products_found
1,,5534476,a140d838b0f60c1e9fb46f882937175cfaf08655747013173623ee2b112012f8,products_found
1,,5534702,a140d838b0f60c1e9fb46f882937175cfaf08655747013173623ee2b112012f8,products_found
1,,5534814,a140d838b0f60c1e9fb46f882937175cfaf08655747013173623ee2b112012f8,products_found
1,,5534941,a140d838b0f60c1e9fb46f882937175cfaf08655747013173623ee2b112012f8,products_found
1,,5534965,a140d838b0f60c1e9fb46f882937175cfaf08655747013173623ee2b112012f8,products_found
1,,5535280,a140d838b0f60c1e9fb46f882937175cfaf08655747013173623ee2b112012f8,products_found
1,,5535890,a140d838b0f60c1e9fb46f882937175cfaf08655747013173623ee2b112012f8,products_found
1,,5542466,a140d838b0f60c1e9fb46f882937175cfaf08655747013173623ee2b112012f8,products_found
1,,5542983,a140d838b0f60c1e9fb46f882937175cfaf08655747013173623ee2b112012f8,products_found
1,,5544903,a140d838b0f60c1e9fb46f882937175cfaf08655747013173623ee2b112012f8,products_found
1,,5545815,a140d838b0f60c1e9fb46f882937175cfaf08655747013173623ee2b112012f8,products_found
1,,5546277,a140d838b0f60c1e9fb46f882937175cfaf08655747013173623ee2b112012f8,products_found
1,,5546691,a140d838b0f60c1e9fb46f882937175cfaf08655747013173623ee2b112012f8,products_found
1,,5546761,a140d838b0f60c1e9fb46f882937175cfaf08655747013173623ee2b112012f8,products_found
1,,5547480,a140d838b0f60c1e9fb46f882937175cfaf08655747013173623ee2b112012f8,products_found
1,,5551228,a140d838b0f60c1e9fb46f882937175cfaf08655747013173623ee2b112012f8,products_found
1,,5551240,a140d838b0f60c1e9fb46f882937175cfaf08655747013173623ee2b112012f8,products_found
1,,5551504,a140d838b0f60c1e9fb46f882937175cfaf08655747013173623ee2b112012f8,products_found
1,,5553624,a140d838b0f60c1e9fb46f882937175cfaf08655747013173623ee2b112012f8,products_found
1,,5553652,a140d838b0f60c1e9fb46f882937175cfaf08655747013173623ee2b112012f8,products_found
1,,5556726,a140d838b0f60c1e9fb46f882937175cfaf08655747013173623ee2b112012f8,products_found
1,,5556804,a140d838b0f60c1e9fb46f882937175cfaf08655747013173623ee2b112012f8,products_found
1,,5557821,a140d838b0f60c1e9fb46f882937175cfaf08655747013173623ee2b112012f8,products_found
1,,5559651,a140d838b0f60c1e9fb46f882937175cfaf08655747013173623ee2b112012f8,products_found
1,,5560830,a140d838b0f60c1e9fb46f882937175cfaf08655747013173623ee2b112012f8,products_found
1,,5560831,a140d838b0f60c1e9fb46f882937175cfaf08655747013173623ee2b112012f8,products_found
1,,5561278,a140d838b0f60c1e9fb46f882937175cfaf08655747013173623ee2b112012f8,products_found
1,,5562090,a140d838b0f60c1e9fb46f882937175cfaf08655747013173623ee2b112012f8,products_found
1,,5562784,a140d838b0f60c1e9fb46f882937175cfaf08655747013173623ee2b112012f8,products_found
1,,5563080,a140d838b0f60c1e9fb46f882937175cfaf08655747013173623ee2b112012f8,products_found
1,,5563937,a140d838b0f60c1e9fb46f882937175cfaf08655747013173623ee2b112012f8,products_found
1,,5564247,a140d838b0f60c1e9fb46f882937175cfaf08655747013173623ee2b112012f8,products_found
1,,5565261,a140d838b0f60c1e9fb46f882937175cfaf08655747013173623ee2b112012f8,products_found
1,,5565486,a140d838b0f60c1e9fb46f882937175cfaf08655747013173623ee2b112012f8,products_found
1,,5565497,a140d838b0f60c1e9fb46f882937175cfaf08655747013173623ee2b112012f8,products_found
1,,5565707,a140d838b0f60c1e9fb46f882937175cfaf08655747013173623ee2b112012f8,products_found
1,,5596440,a140d838b0f60c1e9fb46f882937175cfaf08655747013173623ee2b112012f8,products_found
1,,5597970,a140d838b0f60c1e9fb46f882937175cfaf08655747013173623ee2b112012f8,products_found
1,,5598216,a140d838b0f60c1e9fb46f882937175cfaf08655747013173623ee2b112012f8,products_found
1,,5598595,a140d838b0f60c1e9fb46f882937175cfaf08655747013173623ee2b112012f8,products_found
1,,5598639,a140d838b0f60c1e9fb46f882937175cfaf08655747013173623ee2b112012f8,products_found
1,,5598645,a140d838b0f60c1e9fb46f882937175cfaf08655747013173623ee2b112012f8,products_found
1,,5599774,a140d838b0f60c1e9fb46f882937175cfaf08655747013173623ee2b112012f8,products_found
1,,5601258,a140d838b0f60c1e9fb46f882937175cfaf08655747013173623ee2b112012f8,products_found
1,,5602588,a140d838b0f60c1e9fb46f882937175cfaf08655747013173623ee2b112012f8,products_found
1,,5607631,a140d838b0f60c1e9fb46f882937175cfaf08655747013173623ee2b112012f8,products_found
1,,5608566,a140d838b0f60c1e9fb46f882937175cfaf08655747013173623ee2b112012f8,products_found
1,,5609593,a140d838b0f60c1e9fb46f882937175cfaf08655747013173623ee2b112012f8,products_found
1,,5610698,a140d838b0f60c1e9fb46f882937175cfaf08655747013173623ee2b112012f8,products_found
1,,5613330,a140d838b0f60c1e9fb46f882937175cfaf08655747013173623ee2b112012f8,products_found
1,,5617259,a140d838b0f60c1e9fb46f882937175cfaf08655747013173623ee2b112012f8,products_found
1,,5617854,a140d838b0f60c1e9fb46f882937175cfaf08655747013173623ee2b112012f8,products_found
1,,5621125,a140d838b0f60c1e9fb46f882937175cfaf08655747013173623ee2b112012f8,products_found
1,,5621294,a140d838b0f60c1e9fb46f882937175cfaf08655747013173623ee2b112012f8,products_found
1,,5621299,a140d838b0f60c1e9fb46f882937175cfaf08655747013173623ee2b112012f8,products_found
1,,5621586,a140d838b0f60c1e9fb46f882937175cfaf08655747013173623ee2b112012f8,products_found
1,,5622250,a140d838b0f60c1e9fb46f882937175cfaf08655747013173623ee2b112012f8,products_found
1,,5629353,a140d838b0f60c1e9fb46f882937175cfaf08655747013173623ee2b112012f8,products_found
1,,5629538,a140d838b0f60c1e9fb46f882937175cfaf08655747013173623ee2b112012f8,products_found
1,,5629985,a140d838b0f60c1e9fb46f882937175cfaf08655747013173623ee2b112012f8,products_found
1,,5631630,a140d838b0f60c1e9fb46f882937175cfaf08655747013173623ee2b112012f8,products_found
1,,5632701,a140d838b0f60c1e9fb46f882937175cfaf08655747013173623ee2b112012f8,products_found
1,,5632781,a140d838b0f60c1e9fb46f882937175cfaf08655747013173623ee2b112012f8,products_found
1,,5636642,a140d838b0f60c1e9fb46f882937175cfaf08655747013173623ee2b112012f8,products_found
1,,5636648,a140d838b0f60c1e9fb46f882937175cfaf08655747013173623ee2b112012f8,products_found
1,,5637036,a140d838b0f60c1e9fb46f882937175cfaf08655747013173623ee2b112012f8,products_found
1,,5638699,a140d838b0f60c1e9fb46f882937175cfaf08655747013173623ee2b112012f8,products_found
1,,5640085,a140d838b0f60c1e9fb46f882937175cfaf08655747013173623ee2b112012f8,products_found
1,,5642620,a140d838b0f60c1e9fb46f882937175cfaf08655747013173623ee2b112012f8,products_found
1,,5643492,a140d838b0f60c1e9fb46f882937175cfaf08655747013173623ee2b112012f8,products_found
1,,5644412,a140d838b0f60c1e9fb46f882937175cfaf08655747013173623ee2b112012f8,products_found
1,,5647008,a140d838b0f60c1e9fb46f882937175cfaf08655747013173623ee2b112012f8,products_found
1,,5647638,a140d838b0f60c1e9fb46f882937175cfaf08655747013173623ee2b112012f8,products_found
1,,5648449,a140d838b0f60c1e9fb46f882937175cfaf08655747013173623ee2b112012f8,products_found
1,,5649206,a140d838b0f60c1e9fb46f882937175cfaf08655747013173623ee2b112012f8,products_found
1,,5649215,a140d838b0f60c1e9fb46f882937175cfaf08655747013173623ee2b112012f8,products_found
1,,5649325,a140d838b0f60c1e9fb46f882937175cfaf08655747013173623ee2b112012f8,products_found
1,,5649833,a140d838b0f60c1e9fb46f882937175cfaf08655747013173623ee2b112012f8,products_found
1,,5649836,a140d838b0f60c1e9fb46f882937175cfaf08655747013173623ee2b112012f8,products_found
1,,5649837,a140d838b0f60c1e9fb46f882937175cfaf08655747013173623ee2b112012f8,products_found
1,,5649956,a140d838b0f60c1e9fb46f882937175cfaf08655747013173623ee2b112012f8,products_found
1,,5650314,a140d838b0f60c1e9fb46f882937175cfaf08655747013173623ee2b112012f8,products_found
1,,5650420,a140d838b0f60c1e9fb46f882937175cfaf08655747013173623ee2b112012f8,products_found
1,,5651104,a140d838b0f60c1e9fb46f882937175cfaf08655747013173623ee2b112012f8,products_found
1,,5652237,a140d838b0f60c1e9fb46f882937175cfaf08655747013173623ee2b112012f8,products_found
1,,5652260,a140d838b0f60c1e9fb46f882937175cfaf08655747013173623ee2b112012f8,products_found
1,,5652893,a140d838b0f60c1e9fb46f882937175cfaf08655747013173623ee2b112012f8,products_found
1,,5652983,a140d838b0f60c1e9fb46f882937175cfaf08655747013173623ee2b112012f8,products_found
1,,5653126,a140d838b0f60c1e9fb46f882937175cfaf08655747013173623ee2b112012f8,products_found
1,,5653152,a140d838b0f60c1e9fb46f882937175cfaf08655747013173623ee2b112012f8,products_found
1,,5653163,a140d838b0f60c1e9fb46f882937175cfaf08655747013173623ee2b112012f8,products_found
1,,5653795,a140d838b0f60c1e9fb46f882937175cfaf08655747013173623ee2b112012f8,products_found
1,,5653849,a140d838b0f60c1e9fb46f882937175cfaf08655747013173623ee2b112012f8,products_found
1,,5683743,a140d838b0f60c1e9fb46f882937175cfaf08655747013173623ee2b112012f8,products_found
1,,5686174,a140d838b0f60c1e9fb46f882937175cfaf08655747013173623ee2b112012f8,products_found
1,,5686974,a140d838b0f60c1e9fb46f882937175cfaf08655747013173623ee2b112012f8,products_found
1,,5688683,a140d838b0f60c1e9fb46f882937175cfaf08655747013173623ee2b112012f8,products_found
1,,5688790,a140d838b0f60c1e9fb46f882937175cfaf08655747013173623ee2b112012f8,products_found
1,,5688910,a140d838b0f60c1e9fb46f882937175cfaf08655747013173623ee2b112012f8,products_found
1,,5688997,a140d838b0f60c1e9fb46f882937175cfaf08655747013173623ee2b112012f8,products_found
1,,5689351,a140d838b0f60c1e9fb46f882937175cfaf08655747013173623ee2b112012f8,products_found
1,,5695396,a140d838b0f60c1e9fb46f882937175cfaf08655747013173623ee2b112012f8,products_found
1,,5695524,a140d838b0f60c1e9fb46f882937175cfaf08655747013173623ee2b112012f8,products_found
1,,5695904,a140d838b0f60c1e9fb46f882937175cfaf08655747013173623ee2b112012f8,products_found
1,,5696909,a140d838b0f60c1e9fb46f882937175cfaf08655747013173623ee2b112012f8,products_found
1,,5696918,a140d838b0f60c1e9fb46f882937175cfaf08655747013173623ee2b112012f8,products_found
1,,5700330,a140d838b0f60c1e9fb46f882937175cfaf08655747013173623ee2b112012f8,products_found
1,,5700900,a140d838b0f60c1e9fb46f882937175cfaf08655747013173623ee2b112012f8,products_found
1,,5702939,a140d838b0f60c1e9fb46f882937175cfaf08655747013173623ee2b112012f8,products_found
1,,5705819,a140d838b0f60c1e9fb46f882937175cfaf08655747013173623ee2b112012f8,products_found
1,,5706595,a140d838b0f60c1e9fb46f882937175cfaf08655747013173623ee2b112012f8,products_found
1,,5706966,a140d838b0f60c1e9fb46f882937175cfaf08655747013173623ee2b112012f8,products_found
1,,5709103,a140d838b0f60c1e9fb46f882937175cfaf08655747013173623ee2b112012f8,products_found
1,,5709226,a140d838b0f60c1e9fb46f882937175cfaf08655747013173623ee2b112012f8,products_found
1,,5709725,a140d838b0f60c1e9fb46f882937175cfaf08655747013173623ee2b112012f8,products_found
1,,5716508,a140d838b0f60c1e9fb46f882937175cfaf08655747013173623ee2b112012f8,products_found
1,,5716763,a140d838b0f60c1e9fb46f882937175cfaf08655747013173623ee2b112012f8,products_found
1,,5716932,a140d838b0f60c1e9fb46f882937175cfaf08655747013173623ee2b112012f8,products_found
1,,5717567,a140d838b0f60c1e9fb46f882937175cfaf08655747013173623ee2b112012f8,products_found
1,,5725087,a140d838b0f60c1e9fb46f882937175cfaf08655747013173623ee2b112012f8,products_found
1,,5725851,a140d838b0f60c1e9fb46f882937175cfaf08655747013173623ee2b112012f8,products_found
1,,5728139,a140d838b0f60c1e9fb46f882937175cfaf08655747013173623ee2b112012f8,products_found
1,,5728283,a140d838b0f60c1e9fb46f882937175cfaf08655747013173623ee2b112012f8,products_found
1,,5730380,a140d838b0f60c1e9fb46f882937175cfaf08655747013173623ee2b112012f8,products_found
1,,5730389,a140d838b0f60c1e9fb46f882937175cfaf08655747013173623ee2b112012f8,products_found
1,,5730394,a140d838b0f60c1e9fb46f882937175cfaf08655747013173623ee2b112012f8,products_found
1,,5731312,a140d838b0f60c1e9fb46f882937175cfaf08655747013173623ee2b112012f8,products_found
1,,5734702,a140d838b0f60c1e9fb46f882937175cfaf08655747013173623ee2b112012f8,products_found
1,,5735762,a140d838b0f60c1e9fb46f882937175cfaf08655747013173623ee2b112012f8,products_found
1,,5735878,a140d838b0f60c1e9fb46f882937175cfaf08655747013173623ee2b112012f8,products_found
1,,5736461,a140d838b0f60c1e9fb46f882937175cfaf08655747013173623ee2b112012f8,products_found
1,,5736801,a140d838b0f60c1e9fb46f882937175cfaf08655747013173623ee2b112012f8,products_found
1,,5737869,a140d838b0f60c1e9fb46f882937175cfaf08655747013173623ee2b112012f8,products_found
1,,5738346,a140d838b0f60c1e9fb46f882937175cfaf08655747013173623ee2b112012f8,products_found
1,,5738496,a140d838b0f60c1e9fb46f882937175cfaf08655747013173623ee2b112012f8,products_found
1,,5738506,a140d838b0f60c1e9fb46f882937175cfaf08655747013173623ee2b112012f8,products_found
1,,5738634,a140d838b0f60c1e9fb46f882937175cfaf08655747013173623ee2b112012f8,products_found
1,,5738698,a140d838b0f60c1e9fb46f882937175cfaf08655747013173623ee2b112012f8,products_found
1,,5768816,a140d838b0f60c1e9fb46f882937175cfaf08655747013173623ee2b112012f8,products_found
1,,5768927,a140d838b0f60c1e9fb46f882937175cfaf08655747013173623ee2b112012f8,products_found
1,,5769810,a140d838b0f60c1e9fb46f882937175cfaf08655747013173623ee2b112012f8,products_found
1,,5769943,a140d838b0f60c1e9fb46f882937175cfaf08655747013173623ee2b112012f8,products_found
1,,5770074,a140d838b0f60c1e9fb46f882937175cfaf08655747013173623ee2b112012f8,products_found
1,,5771589,a140d838b0f60c1e9fb46f882937175cfaf08655747013173623ee2b112012f8,products_found
1,,5771719,a140d838b0f60c1e9fb46f882937175cfaf08655747013173623ee2b112012f8,products_found
1,,5773121,a140d838b0f60c1e9fb46f882937175cfaf08655747013173623ee2b112012f8,products_found
1,,5774349,a140d838b0f60c1e9fb46f882937175cfaf08655747013173623ee2b112012f8,products_found
1,,5774375,a140d838b0f60c1e9fb46f882937175cfaf08655747013173623ee2b112012f8,products_found
1,,5775090,a140d838b0f60c1e9fb46f882937175cfaf08655747013173623ee2b112012f8,products_found
1,,5775129,a140d838b0f60c1e9fb46f882937175cfaf08655747013173623ee2b112012f8,products_found
1,,5779852,a140d838b0f60c1e9fb46f882937175cfaf08655747013173623ee2b112012f8,products_found
1,,5780460,a140d838b0f60c1e9fb46f882937175cfaf08655747013173623ee2b112012f8,products_found
1,,5780885,a140d838b0f60c1e9fb46f882937175cfaf08655747013173623ee2b112012f8,products_found
1,,5780930,a140d838b0f60c1e9fb46f882937175cfaf08655747013173623ee2b112012f8,products_found
1,,5781192,a140d838b0f60c1e9fb46f882937175cfaf08655747013173623ee2b112012f8,products_found
1,,5784777,a140d838b0f60c1e9fb46f882937175cfaf08655747013173623ee2b112012f8,products_found
1,,5786676,a140d838b0f60c1e9fb46f882937175cfaf08655747013173623ee2b112012f8,products_found
1,,5790807,a140d838b0f60c1e9fb46f882937175cfaf08655747013173623ee2b112012f8,products_found
1,,5791705,a140d838b0f60c1e9fb46f882937175cfaf08655747013173623ee2b112012f8,products_found
1,,5791986,a140d838b0f60c1e9fb46f882937175cfaf08655747013173623ee2b112012f8,products_found
1,,5792202,a140d838b0f60c1e9fb46f882937175cfaf08655747013173623ee2b112012f8,products_found
1,,5794240,a140d838b0f60c1e9fb46f882937175cfaf08655747013173623ee2b112012f8,products_found
1,,5794379,a140d838b0f60c1e9fb46f882937175cfaf08655747013173623ee2b112012f8,products_found
1,,5794570,a140d838b0f60c1e9fb46f882937175cfaf08655747013173623ee2b112012f8,products_found
1,,5796185,a140d838b0f60c1e9fb46f882937175cfaf08655747013173623ee2b112012f8,products_found
1,,5796186,a140d838b0f60c1e9fb46f882937175cfaf08655747013173623ee2b112012f8,products_found
1,,5796675,a140d838b0f60c1e9fb46f882937175cfaf08655747013173623ee2b112012f8,products_found
1,,5801571,a140d838b0f60c1e9fb46f882937175cfaf08655747013173623ee2b112012f8,products_found
1,,5802246,a140d838b0f60c1e9fb46f882937175cfaf08655747013173623ee2b112012f8,products_found
1,,5802285,a140d838b0f60c1e9fb46f882937175cfaf08655747013173623ee2b112012f8,products_found
1,,5802292,a140d838b0f60c1e9fb46f882937175cfaf08655747013173623ee2b112012f8,products_found
1,,5802470,a140d838b0f60c1e9fb46f882937175cfaf08655747013173623ee2b112012f8,products_found
1,,5802478,a140d838b0f60c1e9fb46f882937175cfaf08655747013173623ee2b112012f8,products_found
1,,5802486,a140d838b0f60c1e9fb46f882937175cfaf08655747013173623ee2b112012f8,products_found
1,,5806800,a140d838b0f60c1e9fb46f882937175cfaf08655747013173623ee2b112012f8,products_found
1,,5807579,a140d838b0f60c1e9fb46f882937175cfaf08655747013173623ee2b112012f8,products_found
1,,5807769,a140d838b0f60c1e9fb46f882937175cfaf08655747013173623ee2b112012f8,products_found
1,,5809890,a140d838b0f60c1e9fb46f882937175cfaf08655747013173623ee2b112012f8,products_found
1,,5809954,a140d838b0f60c1e9fb46f882937175cfaf08655747013173623ee2b112012f8,products_found
1,,5812648,a140d838b0f60c1e9fb46f882937175cfaf08655747013173623ee2b112012f8,products_found
1,,5812701,a140d838b0f60c1e9fb46f882937175cfaf08655747013173623ee2b112012f8,products_found
1,,5812960,a140d838b0f60c1e9fb46f882937175cfaf08655747013173623ee2b112012f8,products_found
1,,5814013,a140d838b0f60c1e9fb46f882937175cfaf08655747013173623ee2b112012f8,products_found
1,,5814635,a140d838b0f60c1e9fb46f882937175cfaf08655747013173623ee2b112012f8,products_found
1,,5816144,a140d838b0f60c1e9fb46f882937175cfaf08655747013173623ee2b112012f8,products_found
1,,5816165,a140d838b0f60c1e9fb46f882937175cfaf08655747013173623ee2b112012f8,products_found
1,,5816806,a140d838b0f60c1e9fb46f882937175cfaf08655747013173623ee2b112012f8,products_found
1,,5816811,a140d838b0f60c1e9fb46f882937175cfaf08655747013173623ee2b112012f8,products_found
1,,5817533,a140d838b0f60c1e9fb46f882937175cfaf08655747013173623ee2b112012f8,products_found
1,,5817553,a140d838b0f60c1e9fb46f882937175cfaf08655747013173623ee2b112012f8,products_found
1,,5817566,a140d838b0f60c1e9fb46f882937175cfaf08655747013173623ee2b112012f8,products_found
1,,5817613,a140d838b0f60c1e9fb46f882937175cfaf08655747013173623ee2b112012f8,products_found
1,,5817685,a140d838b0f60c1e9fb46f882937175cfaf08655747013173623ee2b112012f8,products_found
1,,5817712,a140d838b0f60c1e9fb46f882937175cfaf08655747013173623ee2b112012f8,products_found
1,,5817957,a140d838b0f60c1e9fb46f882937175cfaf08655747013173623ee2b112012f8,products_found
1,,5817986,a140d838b0f60c1e9fb46f882937175cfaf08655747013173623ee2b112012f8,products_found
1,,5818068,a140d838b0f60c1e9fb46f882937175cfaf08655747013173623ee2b112012f8,products_found
1,,5820218,a140d838b0f60c1e9fb46f882937175cfaf08655747013173623ee2b112012f8,products_found
1,,5823557,a140d838b0f60c1e9fb46f882937175cfaf08655747013173623ee2b112012f8,products_found
1,,5856571,a140d838b0f60c1e9fb46f882937175cfaf08655747013173623ee2b112012f8,products_found
1,,5857540,a140d838b0f60c1e9fb46f882937175cfaf08655747013173623ee2b112012f8,products_found
1,,5858519,a140d838b0f60c1e9fb46f882937175cfaf08655747013173623ee2b112012f8,products_found
1,,5860968,a140d838b0f60c1e9fb46f882937175cfaf08655747013173623ee2b112012f8,products_found
1,,5864975,a140d838b0f60c1e9fb46f882937175cfaf08655747013173623ee2b112012f8,products_found
1,,5865654,a140d838b0f60c1e9fb46f882937175cfaf08655747013173623ee2b112012f8,products_found
1,,5866099,a140d838b0f60c1e9fb46f882937175cfaf08655747013173623ee2b112012f8,products_found
1,,5866104,a140d838b0f60c1e9fb46f882937175cfaf08655747013173623ee2b112012f8,products_found
1,,5866724,a140d838b0f60c1e9fb46f882937175cfaf08655747013173623ee2b112012f8,products_found
1,,5868793,a140d838b0f60c1e9fb46f882937175cfaf08655747013173623ee2b112012f8,products_found
1,,5871116,a140d838b0f60c1e9fb46f882937175cfaf08655747013173623ee2b112012f8,products_found
1,,5871918,a140d838b0f60c1e9fb46f882937175cfaf08655747013173623ee2b112012f8,products_found
1,,5871985,a140d838b0f60c1e9fb46f882937175cfaf08655747013173623ee2b112012f8,products_found
1,,5872139,a140d838b0f60c1e9fb46f882937175cfaf08655747013173623ee2b112012f8,products_found
1,,5872150,a140d838b0f60c1e9fb46f882937175cfaf08655747013173623ee2b112012f8,products_found
1,,5876360,a140d838b0f60c1e9fb46f882937175cfaf08655747013173623ee2b112012f8,products_found
1,,5876368,a140d838b0f60c1e9fb46f882937175cfaf08655747013173623ee2b112012f8,products_found
1,,5876805,a140d838b0f60c1e9fb46f882937175cfaf08655747013173623ee2b112012f8,products_found
1,,5879448,a140d838b0f60c1e9fb46f882937175cfaf08655747013173623ee2b112012f8,products_found
1,,5880320,a140d838b0f60c1e9fb46f882937175cfaf08655747013173623ee2b112012f8,products_found
1,,5881120,a140d838b0f60c1e9fb46f882937175cfaf08655747013173623ee2b112012f8,products_found
1,,5881688,a140d838b0f60c1e9fb46f882937175cfaf08655747013173623ee2b112012f8,products_found
1,,5881813,a140d838b0f60c1e9fb46f882937175cfaf08655747013173623ee2b112012f8,products_found
1,,5887316,a140d838b0f60c1e9fb46f882937175cfaf08655747013173623ee2b112012f8,products_found
1,,5887393,a140d838b0f60c1e9fb46f882937175cfaf08655747013173623ee2b112012f8,products_found
1,,5893123,a140d838b0f60c1e9fb46f882937175cfaf08655747013173623ee2b112012f8,products_found
1,,5894073,a140d838b0f60c1e9fb46f882937175cfaf08655747013173623ee2b112012f8,products_found
1,,5894825,a140d838b0f60c1e9fb46f882937175cfaf08655747013173623ee2b112012f8,products_found
1,,5894972,a140d838b0f60c1e9fb46f882937175cfaf08655747013173623ee2b112012f8,products_found
1,,5895083,a140d838b0f60c1e9fb46f882937175cfaf08655747013173623ee2b112012f8,products_found
1,,5895158,a140d838b0f60c1e9fb46f882937175cfaf08655747013173623ee2b112012f8,products_found
1,,5895588,a140d838b0f60c1e9fb46f882937175cfaf08655747013173623ee2b112012f8,products_found
1,,5898983,a140d838b0f60c1e9fb46f882937175cfaf08655747013173623ee2b112012f8,products_found
1,,5899544,a140d838b0f60c1e9fb46f882937175cfaf08655747013173623ee2b112012f8,products_found
1,,5900235,a140d838b0f60c1e9fb46f882937175cfaf08655747013173623ee2b112012f8,products_found
1,,5900390,a140d838b0f60c1e9fb46f882937175cfaf08655747013173623ee2b112012f8,products_found
1,,5903312,a140d838b0f60c1e9fb46f882937175cfaf08655747013173623ee2b112012f8,products_found
1,,5905728,a140d838b0f60c1e9fb46f882937175cfaf08655747013173623ee2b112012f8,products_found
1,,5905822,a140d838b0f60c1e9fb46f882937175cfaf08655747013173623ee2b112012f8,products_found
1,,5906694,a140d838b0f60c1e9fb46f882937175cfaf08655747013173623ee2b112012f8,products_found
1,,5908086,a140d838b0f60c1e9fb46f882937175cfaf08655747013173623ee2b112012f8,products_found
1,,5938970,a140d838b0f60c1e9fb46f882937175cfaf08655747013173623ee2b112012f8,products_found
1,,5940165,a140d838b0f60c1e9fb46f882937175cfaf08655747013173623ee2b112012f8,products_found
1,,5941160,a140d838b0f60c1e9fb46f882937175cfaf08655747013173623ee2b112012f8,products_found
1,,5942808,a140d838b0f60c1e9fb46f882937175cfaf08655747013173623ee2b112012f8,products_found
1,,5942949,a140d838b0f60c1e9fb46f882937175cfaf08655747013173623ee2b112012f8,products_found
1,,5952309,a140d838b0f60c1e9fb46f882937175cfaf08655747013173623ee2b112012f8,products_found
1,,5952366,a140d838b0f60c1e9fb46f882937175cfaf08655747013173623ee2b112012f8,products_found
1,,5952403,a140d838b0f60c1e9fb46f882937175cfaf08655747013173623ee2b112012f8,products_found
1,,5952448,a140d838b0f60c1e9fb46f882937175cfaf08655747013173623ee2b112012f8,products_found
1,,5952457,a140d838b0f60c1e9fb46f882937175cfaf08655747013173623ee2b112012f8,products_found
1,,5953297,a140d838b0f60c1e9fb46f882937175cfaf08655747013173623ee2b112012f8,products_found
1,,5955321,a140d838b0f60c1e9fb46f882937175cfaf08655747013173623ee2b112012f8,products_found
1,,5955427,a140d838b0f60c1e9fb46f882937175cfaf08655747013173623ee2b112012f8,products_found
1,,5955621,a140d838b0f60c1e9fb46f882937175cfaf08655747013173623ee2b112012f8,products_found
1,,5956342,a140d838b0f60c1e9fb46f882937175cfaf08655747013173623ee2b112012f8,products_found
1,,5956354,a140d838b0f60c1e9fb46f882937175cfaf08655747013173623ee2b112012f8,products_found
1,,5956656,a140d838b0f60c1e9fb46f882937175cfaf08655747013173623ee2b112012f8,products_found
1,,5956776,a140d838b0f60c1e9fb46f882937175cfaf08655747013173623ee2b112012f8,products_found
1,,5956787,a140d838b0f60c1e9fb46f882937175cfaf08655747013173623ee2b112012f8,products_found
1,,5956977,a140d838b0f60c1e9fb46f882937175cfaf08655747013173623ee2b112012f8,products_found
1,,5959719,a140d838b0f60c1e9fb46f882937175cfaf08655747013173623ee2b112012f8,products_found
1,,5959753,a140d838b0f60c1e9fb46f882937175cfaf08655747013173623ee2b112012f8,products_found
1,,5961350,a140d838b0f60c1e9fb46f882937175cfaf08655747013173623ee2b112012f8,products_found
1,,5962262,a140d838b0f60c1e9fb46f882937175cfaf08655747013173623ee2b112012f8,products_found
1,,5962509,a140d838b0f60c1e9fb46f882937175cfaf08655747013173623ee2b112012f8,products_found
1,,5962514,a140d838b0f60c1e9fb46f882937175cfaf08655747013173623ee2b112012f8,products_found
1,,5962716,a140d838b0f60c1e9fb46f882937175cfaf08655747013173623ee2b112012f8,products_found
1,,5963222,a140d838b0f60c1e9fb46f882937175cfaf08655747013173623ee2b112012f8,products_found
1,,5963582,a140d838b0f60c1e9fb46f882937175cfaf08655747013173623ee2b112012f8,products_found
1,,5963591,a140d838b0f60c1e9fb46f882937175cfaf08655747013173623ee2b112012f8,products_found
1,,5965819,a140d838b0f60c1e9fb46f882937175cfaf08655747013173623ee2b112012f8,products_found
1,,5966154,a140d838b0f60c1e9fb46f882937175cfaf08655747013173623ee2b112012f8,products_found
1,,5966322,a140d838b0f60c1e9fb46f882937175cfaf08655747013173623ee2b112012f8,products_found
1,,5966660,a140d838b0f60c1e9fb46f882937175cfaf08655747013173623ee2b112012f8,products_found
1,,5972334,a140d838b0f60c1e9fb46f882937175cfaf08655747013173623ee2b112012f8,products_found
1,,5977470,a140d838b0f60c1e9fb46f882937175cfaf08655747013173623ee2b112012f8,products_found
1,,5977541,a140d838b0f60c1e9fb46f882937175cfaf08655747013173623ee2b112012f8,products_found
1,,5978170,a140d838b0f60c1e9fb46f882937175cfaf08655747013173623ee2b112012f8,products_found
1,,5978361,a140d838b0f60c1e9fb46f882937175cfaf08655747013173623ee2b112012f8,products_found
1,,5978559,a140d838b0f60c1e9fb46f882937175cfaf08655747013173623ee2b112012f8,products_found
1,,5979863,a140d838b0f60c1e9fb46f882937175cfaf08655747013173623ee2b112012f8,products_found
1,,5980061,a140d838b0f60c1e9fb46f882937175cfaf08655747013173623ee2b112012f8,products_found
1,,5980208,a140d838b0f60c1e9fb46f882937175cfaf08655747013173623ee2b112012f8,products_found
1,,5980354,a140d838b0f60c1e9fb46f882937175cfaf08655747013173623ee2b112012f8,products_found
1,,5980783,a140d838b0f60c1e9fb46f882937175cfaf08655747013173623ee2b112012f8,products_found
1,,5981058,a140d838b0f60c1e9fb46f882937175cfaf08655747013173623ee2b112012f8,products_found
1,,5982353,a140d838b0f60c1e9fb46f882937175cfaf08655747013173623ee2b112012f8,products_found
1,,5982368,a140d838b0f60c1e9fb46f882937175cfaf08655747013173623ee2b112012f8,products_found
1,,5983348,a140d838b0f60c1e9fb46f882937175cfaf08655747013173623ee2b112012f8,products_found
1,,5986209,a140d838b0f60c1e9fb46f882937175cfaf08655747013173623ee2b112012f8,products_found
1,,5988031,a140d838b0f60c1e9fb46f882937175cfaf08655747013173623ee2b112012f8,products_found
1,,5990753,a140d838b0f60c1e9fb46f882937175cfaf08655747013173623ee2b112012f8,products_found
1,,5991070,a140d838b0f60c1e9fb46f882937175cfaf08655747013173623ee2b112012f8,products_found
1,,5991765,a140d838b0f60c1e9fb46f882937175cfaf08655747013173623ee2b112012f8,products_found
1,,5992210,a140d838b0f60c1e9fb46f882937175cfaf08655747013173623ee2b112012f8,products_found
1,,6019872,a140d838b0f60c1e9fb46f882937175cfaf08655747013173623ee2b112012f8,products_found
1,,6020753,a140d838b0f60c1e9fb46f882937175cfaf08655747013173623ee2b112012f8,products_found
1,,6021193,a140d838b0f60c1e9fb46f882937175cfaf08655747013173623ee2b112012f8,products_found
1,,6021275,a140d838b0f60c1e9fb46f882937175cfaf08655747013173623ee2b112012f8,products_found
1,,6022556,a140d838b0f60c1e9fb46f882937175cfaf08655747013173623ee2b112012f8,products_found
1,,6023859,a140d838b0f60c1e9fb46f882937175cfaf08655747013173623ee2b112012f8,products_found
1,,6025124,a140d838b0f60c1e9fb46f882937175cfaf08655747013173623ee2b112012f8,products_found
1,,6026438,a140d838b0f60c1e9fb46f882937175cfaf08655747013173623ee2b112012f8,products_found
1,,6026924,a140d838b0f60c1e9fb46f882937175cfaf08655747013173623ee2b112012f8,products_found
1,,6028860,a140d838b0f60c1e9fb46f882937175cfaf08655747013173623ee2b112012f8,products_found
1,,6029130,a140d838b0f60c1e9fb46f882937175cfaf08655747013173623ee2b112012f8,products_found
1,,6029239,a140d838b0f60c1e9fb46f882937175cfaf08655747013173623ee2b112012f8,products_found
1,,6032318,a140d838b0f60c1e9fb46f882937175cfaf08655747013173623ee2b112012f8,products_found
1,,6032497,a140d838b0f60c1e9fb46f882937175cfaf08655747013173623ee2b112012f8,products_found
1,,6032517,a140d838b0f60c1e9fb46f882937175cfaf08655747013173623ee2b112012f8,products_found
1,,6032920,a140d838b0f60c1e9fb46f882937175cfaf08655747013173623ee2b112012f8,products_found
1,,6034945,a140d838b0f60c1e9fb46f882937175cfaf08655747013173623ee2b112012f8,products_found
1,,6035124,a140d838b0f60c1e9fb46f882937175cfaf08655747013173623ee2b112012f8,products_found
1,,6037187,a140d838b0f60c1e9fb46f882937175cfaf08655747013173623ee2b112012f8,products_found
1,,6037581,a140d838b0f60c1e9fb46f882937175cfaf08655747013173623ee2b112012f8,products_found
1,,6041511,a140d838b0f60c1e9fb46f882937175cfaf08655747013173623ee2b112012f8,products_found
1,,6041734,a140d838b0f60c1e9fb46f882937175cfaf08655747013173623ee2b112012f8,products_found
1,,6042031,a140d838b0f60c1e9fb46f882937175cfaf08655747013173623ee2b112012f8,products_found
1,,6042116,a140d838b0f60c1e9fb46f882937175cfaf08655747013173623ee2b112012f8,products_found
1,,6042214,a140d838b0f60c1e9fb46f882937175cfaf08655747013173623ee2b112012f8,products_found
1,,6042663,a140d838b0f60c1e9fb46f882937175cfaf08655747013173623ee2b112012f8,products_found
1,,6043574,a140d838b0f60c1e9fb46f882937175cfaf08655747013173623ee2b112012f8,products_found
1,,6044064,a140d838b0f60c1e9fb46f882937175cfaf08655747013173623ee2b112012f8,products_found
1,,6044553,a140d838b0f60c1e9fb46f882937175cfaf08655747013173623ee2b112012f8,products_found
1,,6045250,a140d838b0f60c1e9fb46f882937175cfaf08655747013173623ee2b112012f8,products_found
1,,6046311,a140d838b0f60c1e9fb46f882937175cfaf08655747013173623ee2b112012f8,products_found
1,,6046540,a140d838b0f60c1e9fb46f882937175cfaf08655747013173623ee2b112012f8,products_found
1,,6047072,a140d838b0f60c1e9fb46f882937175cfaf08655747013173623ee2b112012f8,products_found
1,,6047498,a140d838b0f60c1e9fb46f882937175cfaf08655747013173623ee2b112012f8,products_found
1,,6048024,a140d838b0f60c1e9fb46f882937175cfaf08655747013173623ee2b112012f8,products_found
1,,6048106,a140d838b0f60c1e9fb46f882937175cfaf08655747013173623ee2b112012f8,products_found
1,,6048255,a140d838b0f60c1e9fb46f882937175cfaf08655747013173623ee2b112012f8,products_found
1,,6049190,a140d838b0f60c1e9fb46f882937175cfaf08655747013173623ee2b112012f8,products_found
1,,6049470,a140d838b0f60c1e9fb46f882937175cfaf08655747013173623ee2b112012f8,products_found
1,,6056992,a140d838b0f60c1e9fb46f882937175cfaf08655747013173623ee2b112012f8,products_found
1,,6057684,a140d838b0f60c1e9fb46f882937175cfaf08655747013173623ee2b112012f8,products_found
1,,6057750,a140d838b0f60c1e9fb46f882937175cfaf08655747013173623ee2b112012f8,products_found
1,,6058614,a140d838b0f60c1e9fb46f882937175cfaf08655747013173623ee2b112012f8,products_found
1,,6058816,a140d838b0f60c1e9fb46f882937175cfaf08655747013173623ee2b112012f8,products_found
1,,6058875,a140d838b0f60c1e9fb46f882937175cfaf08655747013173623ee2b112012f8,products_found
1,,6058896,a140d838b0f60c1e9fb46f882937175cfaf08655747013173623ee2b112012f8,products_found
1,,6060203,a140d838b0f60c1e9fb46f882937175cfaf08655747013173623ee2b112012f8,products_found
1,,6060580,a140d838b0f60c1e9fb46f882937175cfaf08655747013173623ee2b112012f8,products_found
1,,6061119,a140d838b0f60c1e9fb46f882937175cfaf08655747013173623ee2b112012f8,products_found
1,,6061773,a140d838b0f60c1e9fb46f882937175cfaf08655747013173623ee2b112012f8,products_found
1,,6062088,a140d838b0f60c1e9fb46f882937175cfaf08655747013173623ee2b112012f8,products_found
1,,6062929,a140d838b0f60c1e9fb46f882937175cfaf08655747013173623ee2b112012f8,products_found
1,,6063220,a140d838b0f60c1e9fb46f882937175cfaf08655747013173623ee2b112012f8,products_found
1,,6063448,a140d838b0f60c1e9fb46f882937175cfaf08655747013173623ee2b112012f8,products_found
1,,6066379,a140d838b0f60c1e9fb46f882937175cfaf08655747013173623ee2b112012f8,products_found
1,,6066403,a140d838b0f60c1e9fb46f882937175cfaf08655747013173623ee2b112012f8,products_found
1,,6066416,a140d838b0f60c1e9fb46f882937175cfaf08655747013173623ee2b112012f8,products_found
1,,6067545,a140d838b0f60c1e9fb46f882937175cfaf08655747013173623ee2b112012f8,products_found
1,,6069674,a140d838b0f60c1e9fb46f882937175cfaf08655747013173623ee2b112012f8,products_found
1,,6071903,a140d838b0f60c1e9fb46f882937175cfaf08655747013173623ee2b112012f8,products_found
1,,6072593,a140d838b0f60c1e9fb46f882937175cfaf08655747013173623ee2b112012f8,products_found
1,,6103049,a140d838b0f60c1e9fb46f882937175cfaf08655747013173623ee2b112012f8,products_found
1,,6103377,a140d838b0f60c1e9fb46f882937175cfaf08655747013173623ee2b112012f8,products_found
1,,6105359,a140d838b0f60c1e9fb46f882937175cfaf08655747013173623ee2b112012f8,products_found
1,,6105462,a140d838b0f60c1e9fb46f882937175cfaf08655747013173623ee2b112012f8,products_found
1,,6106282,a140d838b0f60c1e9fb46f882937175cfaf08655747013173623ee2b112012f8,products_found
1,,6109688,a140d838b0f60c1e9fb46f882937175cfaf08655747013173623ee2b112012f8,products_found
1,,6111011,a140d838b0f60c1e9fb46f882937175cfaf08655747013173623ee2b112012f8,products_found
1,,6113752,a140d838b0f60c1e9fb46f882937175cfaf08655747013173623ee2b112012f8,products_found
1,,6114140,a140d838b0f60c1e9fb46f882937175cfaf08655747013173623ee2b112012f8,products_found
1,,6115516,a140d838b0f60c1e9fb46f882937175cfaf08655747013173623ee2b112012f8,products_found
1,,6117415,a140d838b0f60c1e9fb46f882937175cfaf08655747013173623ee2b112012f8,products_found
1,,6118370,a140d838b0f60c1e9fb46f882937175cfaf08655747013173623ee2b112012f8,products_found
1,,6119141,a140d838b0f60c1e9fb46f882937175cfaf08655747013173623ee2b112012f8,products_found
1,,6119605,a140d838b0f60c1e9fb46f882937175cfaf08655747013173623ee2b112012f8,products_found
1,,6124512,a140d838b0f60c1e9fb46f882937175cfaf08655747013173623ee2b112012f8,products_found
1,,6125481,a140d838b0f60c1e9fb46f882937175cfaf08655747013173623ee2b112012f8,products_found
1,,6126076,a140d838b0f60c1e9fb46f882937175cfaf08655747013173623ee2b112012f8,products_found
1,,6128027,a140d838b0f60c1e9fb46f882937175cfaf08655747013173623ee2b112012f8,products_found
1,,6128141,a140d838b0f60c1e9fb46f882937175cfaf08655747013173623ee2b112012f8,products_found
1,,6129524,a140d838b0f60c1e9fb46f882937175cfaf08655747013173623ee2b112012f8,products_found
1,,6129694,a140d838b0f60c1e9fb46f882937175cfaf08655747013173623ee2b112012f8,products_found
1,,6131236,a140d838b0f60c1e9fb46f882937175cfaf08655747013173623ee2b112012f8,products_found
1,,6131659,a140d838b0f60c1e9fb46f882937175cfaf08655747013173623ee2b112012f8,products_found
1,,6137681,a140d838b0f60c1e9fb46f882937175cfaf08655747013173623ee2b112012f8,products_found
1,,6137704,a140d838b0f60c1e9fb46f882937175cfaf08655747013173623ee2b112012f8,products_found
1,,6139220,a140d838b0f60c1e9fb46f882937175cfaf08655747013173623ee2b112012f8,products_found
1,,6142862,a140d838b0f60c1e9fb46f882937175cfaf08655747013173623ee2b112012f8,products_found
1,,6145939,a140d838b0f60c1e9fb46f882937175cfaf08655747013173623ee2b112012f8,products_found
1,,6146418,a140d838b0f60c1e9fb46f882937175cfaf08655747013173623ee2b112012f8,products_found
1,,6146838,a140d838b0f60c1e9fb46f882937175cfaf08655747013173623ee2b112012f8,products_found
1,,6147122,a140d838b0f60c1e9fb46f882937175cfaf08655747013173623ee2b112012f8,products_found
1,,6147573,a140d838b0f60c1e9fb46f882937175cfaf08655747013173623ee2b112012f8,products_found
1,,6147851,a140d838b0f60c1e9fb46f882937175cfaf08655747013173623ee2b112012f8,products_found
1,,6148271,a140d838b0f60c1e9fb46f882937175cfaf08655747013173623ee2b112012f8,products_found
1,,6149910,a140d838b0f60c1e9fb46f882937175cfaf08655747013173623ee2b112012f8,products_found
1,,6150977,a140d838b0f60c1e9fb46f882937175cfaf08655747013173623ee2b112012f8,products_found
1,,6152521,a140d838b0f60c1e9fb46f882937175cfaf08655747013173623ee2b112012f8,products_found
1,,6152974,a140d838b0f60c1e9fb46f882937175cfaf08655747013173623ee2b112012f8,products_found
1,,6153407,a140d838b0f60c1e9fb46f882937175cfaf08655747013173623ee2b112012f8,products_found
1,,6153672,a140d838b0f60c1e9fb46f882937175cfaf08655747013173623ee2b112012f8,products_found
1,,6182019,a140d838b0f60c1e9fb46f882937175cfaf08655747013173623ee2b112012f8,products_found
1,,6182508,a140d838b0f60c1e9fb46f882937175cfaf08655747013173623ee2b112012f8,products_found
1,,6182846,a140d838b0f60c1e9fb46f882937175cfaf08655747013173623ee2b112012f8,products_found
1,,6182849,a140d838b0f60c1e9fb46f882937175cfaf08655747013173623ee2b112012f8,products_found
1,,6183511,a140d838b0f60c1e9fb46f882937175cfaf08655747013173623ee2b112012f8,products_found
1,,6184894,a140d838b0f60c1e9fb46f882937175cfaf08655747013173623ee2b112012f8,products_found
1,,6185331,a140d838b0f60c1e9fb46f882937175cfaf08655747013173623ee2b112012f8,products_found
1,,6185496,a140d838b0f60c1e9fb46f882937175cfaf08655747013173623ee2b112012f8,products_found
1,,6185711,a140d838b0f60c1e9fb46f882937175cfaf08655747013173623ee2b112012f8,products_found
1,,6185717,a140d838b0f60c1e9fb46f882937175cfaf08655747013173623ee2b112012f8,products_found
1,,6186964,a140d838b0f60c1e9fb46f882937175cfaf08655747013173623ee2b112012f8,products_found
1,,6187888,a140d838b0f60c1e9fb46f882937175cfaf08655747013173623ee2b112012f8,products_found
1,,6190535,a140d838b0f60c1e9fb46f882937175cfaf08655747013173623ee2b112012f8,products_found
1,,6191521,a140d838b0f60c1e9fb46f882937175cfaf08655747013173623ee2b112012f8,products_found
1,,6191945,a140d838b0f60c1e9fb46f882937175cfaf08655747013173623ee2b112012f8,products_found
1,,6195669,a140d838b0f60c1e9fb46f882937175cfaf08655747013173623ee2b112012f8,products_found
1,,6196457,a140d838b0f60c1e9fb46f882937175cfaf08655747013173623ee2b112012f8,products_found
1,,6197038,a140d838b0f60c1e9fb46f882937175cfaf08655747013173623ee2b112012f8,products_found
1,,6197215,a140d838b0f60c1e9fb46f882937175cfaf08655747013173623ee2b112012f8,products_found
1,,6198182,a140d838b0f60c1e9fb46f882937175cfaf08655747013173623ee2b112012f8,products_found
1,,6198256,a140d838b0f60c1e9fb46f882937175cfaf08655747013173623ee2b112012f8,products_found
1,,6198999,a140d838b0f60c1e9fb46f882937175cfaf08655747013173623ee2b112012f8,products_found
1,,6199702,a140d838b0f60c1e9fb46f882937175cfaf08655747013173623ee2b112012f8,products_found
1,,6199716,a140d838b0f60c1e9fb46f882937175cfaf08655747013173623ee2b112012f8,products_found
1,,6200235,a140d838b0f60c1e9fb46f882937175cfaf08655747013173623ee2b112012f8,products_found
1,,6200709,a140d838b0f60c1e9fb46f882937175cfaf08655747013173623ee2b112012f8,products_found
1,,6200715,a140d838b0f60c1e9fb46f882937175cfaf08655747013173623ee2b112012f8,products_found
1,,6205228,a140d838b0f60c1e9fb46f882937175cfaf08655747013173623ee2b112012f8,products_found
1,,6205384,a140d838b0f60c1e9fb46f882937175cfaf08655747013173623ee2b112012f8,products_found
1,,6205405,a140d838b0f60c1e9fb46f882937175cfaf08655747013173623ee2b112012f8,products_found
1,,6205460,a140d838b0f60c1e9fb46f882937175cfaf08655747013173623ee2b112012f8,products_found
1,,6205468,a140d838b0f60c1e9fb46f882937175cfaf08655747013173623ee2b112012f8,products_found
1,,6205566,a140d838b0f60c1e9fb46f882937175cfaf08655747013173623ee2b112012f8,products_found
1,,6205897,a140d838b0f60c1e9fb46f882937175cfaf08655747013173623ee2b112012f8,products_found
1,,6206214,a140d838b0f60c1e9fb46f882937175cfaf08655747013173623ee2b112012f8,products_found
1,,6206470,a140d838b0f60c1e9fb46f882937175cfaf08655747013173623ee2b112012f8,products_found
1,,6206559,a140d838b0f60c1e9fb46f882937175cfaf08655747013173623ee2b112012f8,products_found
1,,6206751,a140d838b0f60c1e9fb46f882937175cfaf08655747013173623ee2b112012f8,products_found
1,,6207053,a140d838b0f60c1e9fb46f882937175cfaf08655747013173623ee2b112012f8,products_found
1,,6209347,a140d838b0f60c1e9fb46f882937175cfaf08655747013173623ee2b112012f8,products_found
1,,6209677,a140d838b0f60c1e9fb46f882937175cfaf08655747013173623ee2b112012f8,products_found
1,,6209798,a140d838b0f60c1e9fb46f882937175cfaf08655747013173623ee2b112012f8,products_found
1,,6211812,a140d838b0f60c1e9fb46f882937175cfaf08655747013173623ee2b112012f8,products_found
1,,6220470,a140d838b0f60c1e9fb46f882937175cfaf08655747013173623ee2b112012f8,products_found
1,,6221385,a140d838b0f60c1e9fb46f882937175cfaf08655747013173623ee2b112012f8,products_found
1,,6222898,a140d838b0f60c1e9fb46f882937175cfaf08655747013173623ee2b112012f8,products_found
1,,6226290,a140d838b0f60c1e9fb46f882937175cfaf08655747013173623ee2b112012f8,products_found
1,,6227560,a140d838b0f60c1e9fb46f882937175cfaf08655747013173623ee2b112012f8,products_found
1,,6228703,a140d838b0f60c1e9fb46f882937175cfaf08655747013173623ee2b112012f8,products_found
1,,6230649,a140d838b0f60c1e9fb46f882937175cfaf08655747013173623ee2b112012f8,products_found
1,,6231401,a140d838b0f60c1e9fb46f882937175cfaf08655747013173623ee2b112012f8,products_found
1,,6233466,a140d838b0f60c1e9fb46f882937175cfaf08655747013173623ee2b112012f8,products_found
1,,6233483,a140d838b0f60c1e9fb46f882937175cfaf08655747013173623ee2b112012f8,products_found
1,,6233573,a140d838b0f60c1e9fb46f882937175cfaf08655747013173623ee2b112012f8,products_found
1,,6233890,a140d838b0f60c1e9fb46f882937175cfaf08655747013173623ee2b112012f8,products_found
1,,6233903,a140d838b0f60c1e9fb46f882937175cfaf08655747013173623ee2b112012f8,products_found
1,,6263593,a140d838b0f60c1e9fb46f882937175cfaf08655747013173623ee2b112012f8,products_found
1,,6265665,a140d838b0f60c1e9fb46f882937175cfaf08655747013173623ee2b112012f8,products_found
1,,6265792,a140d838b0f60c1e9fb46f882937175cfaf08655747013173623ee2b112012f8,products_found
1,,6266741,a140d838b0f60c1e9fb46f882937175cfaf08655747013173623ee2b112012f8,products_found
1,,6267425,a140d838b0f60c1e9fb46f882937175cfaf08655747013173623ee2b112012f8,products_found
1,,6267535,a140d838b0f60c1e9fb46f882937175cfaf08655747013173623ee2b112012f8,products_found
1,,6268648,a140d838b0f60c1e9fb46f882937175cfaf08655747013173623ee2b112012f8,products_found
1,,6268722,a140d838b0f60c1e9fb46f882937175cfaf08655747013173623ee2b112012f8,products_found
1,,6269070,a140d838b0f60c1e9fb46f882937175cfaf08655747013173623ee2b112012f8,products_found
1,,6272413,a140d838b0f60c1e9fb46f882937175cfaf08655747013173623ee2b112012f8,products_found
1,,6276477,a140d838b0f60c1e9fb46f882937175cfaf08655747013173623ee2b112012f8,products_found
1,,6276791,a140d838b0f60c1e9fb46f882937175cfaf08655747013173623ee2b112012f8,products_found
1,,6276994,a140d838b0f60c1e9fb46f882937175cfaf08655747013173623ee2b112012f8,products_found
1,,6277594,a140d838b0f60c1e9fb46f882937175cfaf08655747013173623ee2b112012f8,products_found
1,,6278762,a140d838b0f60c1e9fb46f882937175cfaf08655747013173623ee2b112012f8,products_found
1,,6279974,a140d838b0f60c1e9fb46f882937175cfaf08655747013173623ee2b112012f8,products_found
1,,6283224,a140d838b0f60c1e9fb46f882937175cfaf08655747013173623ee2b112012f8,products_found
1,,6285094,a140d838b0f60c1e9fb46f882937175cfaf08655747013173623ee2b112012f8,products_found
1,,6285396,a140d838b0f60c1e9fb46f882937175cfaf08655747013173623ee2b112012f8,products_found
1,,6285397,a140d838b0f60c1e9fb46f882937175cfaf08655747013173623ee2b112012f8,products_found
1,,6286155,a140d838b0f60c1e9fb46f882937175cfaf08655747013173623ee2b112012f8,products_found
1,,6286161,a140d838b0f60c1e9fb46f882937175cfaf08655747013173623ee2b112012f8,products_found
1,,6286633,a140d838b0f60c1e9fb46f882937175cfaf08655747013173623ee2b112012f8,products_found
1,,6287313,a140d838b0f60c1e9fb46f882937175cfaf08655747013173623ee2b112012f8,products_found
1,,6289257,a140d838b0f60c1e9fb46f882937175cfaf08655747013173623ee2b112012f8,products_found
1,,6289344,a140d838b0f60c1e9fb46f882937175cfaf08655747013173623ee2b112012f8,products_found
1,,6289897,a140d838b0f60c1e9fb46f882937175cfaf08655747013173623ee2b112012f8,products_found
1,,6290382,a140d838b0f60c1e9fb46f882937175cfaf08655747013173623ee2b112012f8,products_found
1,,6291033,a140d838b0f60c1e9fb46f882937175cfaf08655747013173623ee2b112012f8,products_found
1,,6291653,a140d838b0f60c1e9fb46f882937175cfaf08655747013173623ee2b112012f8,products_found
1,,6291837,a140d838b0f60c1e9fb46f882937175cfaf08655747013173623ee2b112012f8,products_found
1,,6292162,a140d838b0f60c1e9fb46f882937175cfaf08655747013173623ee2b112012f8,products_found
1,,6292732,a140d838b0f60c1e9fb46f882937175cfaf08655747013173623ee2b112012f8,products_found
1,,6294819,a140d838b0f60c1e9fb46f882937175cfaf08655747013173623ee2b112012f8,products_found
1,,6301030,a140d838b0f60c1e9fb46f882937175cfaf08655747013173623ee2b112012f8,products_found
1,,6301035,a140d838b0f60c1e9fb46f882937175cfaf08655747013173623ee2b112012f8,products_found
1,,6305192,a140d838b0f60c1e9fb46f882937175cfaf08655747013173623ee2b112012f8,products_found
1,,6307062,a140d838b0f60c1e9fb46f882937175cfaf08655747013173623ee2b112012f8,products_found
1,,6307063,a140d838b0f60c1e9fb46f882937175cfaf08655747013173623ee2b112012f8,products_found
1,,6307083,a140d838b0f60c1e9fb46f882937175cfaf08655747013173623ee2b112012f8,products_found
1,,6307521,a140d838b0f60c1e9fb46f882937175cfaf08655747013173623ee2b112012f8,products_found
1,,6307537,a140d838b0f60c1e9fb46f882937175cfaf08655747013173623ee2b112012f8,products_found
1,,6309264,a140d838b0f60c1e9fb46f882937175cfaf08655747013173623ee2b112012f8,products_found
1,,6310636,a140d838b0f60c1e9fb46f882937175cfaf08655747013173623ee2b112012f8,products_found
1,,6311520,a140d838b0f60c1e9fb46f882937175cfaf08655747013173623ee2b112012f8,products_found
1,,6311637,a140d838b0f60c1e9fb46f882937175cfaf08655747013173623ee2b112012f8,products_found
1,,6311681,a140d838b0f60c1e9fb46f882937175cfaf08655747013173623ee2b112012f8,products_found
1,,6312314,a140d838b0f60c1e9fb46f882937175cfaf08655747013173623ee2b112012f8,products_found
1,,6312521,a140d838b0f60c1e9fb46f882937175cfaf08655747013173623ee2b112012f8,products_found
1,,6312534,a140d838b0f60c1e9fb46f882937175cfaf08655747013173623ee2b112012f8,products_found
1,,6314173,a140d838b0f60c1e9fb46f882937175cfaf08655747013173623ee2b112012f8,products_found
1,,6314185,a140d838b0f60c1e9fb46f882937175cfaf08655747013173623ee2b112012f8,products_found
1,,6342333,a140d838b0f60c1e9fb46f882937175cfaf08655747013173623ee2b112012f8,products_found
1,,6343170,a140d838b0f60c1e9fb46f882937175cfaf08655747013173623ee2b112012f8,products_found
1,,6343576,a140d838b0f60c1e9fb46f882937175cfaf08655747013173623ee2b112012f8,products_found
1,,6345732,a140d838b0f60c1e9fb46f882937175cfaf08655747013173623ee2b112012f8,products_found
1,,6347299,a140d838b0f60c1e9fb46f882937175cfaf08655747013173623ee2b112012f8,products_found
1,,6349881,a140d838b0f60c1e9fb46f882937175cfaf08655747013173623ee2b112012f8,products_found
1,,6350031,a140d838b0f60c1e9fb46f882937175cfaf08655747013173623ee2b112012f8,products_found
1,,6350476,a140d838b0f60c1e9fb46f882937175cfaf08655747013173623ee2b112012f8,products_found
1,,6351097,a140d838b0f60c1e9fb46f882937175cfaf08655747013173623ee2b112012f8,products_found
1,,6356207,a140d838b0f60c1e9fb46f882937175cfaf08655747013173623ee2b112012f8,products_found
1,,6356692,a140d838b0f60c1e9fb46f882937175cfaf08655747013173623ee2b112012f8,products_found
1,,6359320,a140d838b0f60c1e9fb46f882937175cfaf08655747013173623ee2b112012f8,products_found
1,,6359798,a140d838b0f60c1e9fb46f882937175cfaf08655747013173623ee2b112012f8,products_found
1,,6359802,a140d838b0f60c1e9fb46f882937175cfaf08655747013173623ee2b112012f8,products_found
1,,6362386,a140d838b0f60c1e9fb46f882937175cfaf08655747013173623ee2b112012f8,products_found
1,,6362874,a140d838b0f60c1e9fb46f882937175cfaf08655747013173623ee2b112012f8,products_found
1,,6363494,a140d838b0f60c1e9fb46f882937175cfaf08655747013173623ee2b112012f8,products_found
1,,6363560,a140d838b0f60c1e9fb46f882937175cfaf08655747013173623ee2b112012f8,products_found
1,,6364064,a140d838b0f60c1e9fb46f882937175cfaf08655747013173623ee2b112012f8,products_found
1,,6364067,a140d838b0f60c1e9fb46f882937175cfaf08655747013173623ee2b112012f8,products_found
1,,6364126,a140d838b0f60c1e9fb46f882937175cfaf08655747013173623ee2b112012f8,products_found
1,,6364143,a140d838b0f60c1e9fb46f882937175cfaf08655747013173623ee2b112012f8,products_found
1,,6364162,a140d838b0f60c1e9fb46f882937175cfaf08655747013173623ee2b112012f8,products_found
1,,6364195,a140d838b0f60c1e9fb46f882937175cfaf08655747013173623ee2b112012f8,products_found
1,,6364200,a140d838b0f60c1e9fb46f882937175cfaf08655747013173623ee2b112012f8,products_found
1,,6364215,a140d838b0f60c1e9fb46f882937175cfaf08655747013173623ee2b112012f8,products_found
1,,6364247,a140d838b0f60c1e9fb46f882937175cfaf08655747013173623ee2b112012f8,products_found
1,,6364276,a140d838b0f60c1e9fb46f882937175cfaf08655747013173623ee2b112012f8,products_found
1,,6364294,a140d838b0f60c1e9fb46f882937175cfaf08655747013173623ee2b112012f8,products_found
1,,6364307,a140d838b0f60c1e9fb46f882937175cfaf08655747013173623ee2b112012f8,products_found
1,,6364327,a140d838b0f60c1e9fb46f882937175cfaf08655747013173623ee2b112012f8,products_found
1,,6364582,a140d838b0f60c1e9fb46f882937175cfaf08655747013173623ee2b112012f8,products_found
1,,6365156,a140d838b0f60c1e9fb46f882937175cfaf08655747013173623ee2b112012f8,products_found
1,,6365321,a140d838b0f60c1e9fb46f882937175cfaf08655747013173623ee2b112012f8,products_found
1,,6366559,a140d838b0f60c1e9fb46f882937175cfaf08655747013173623ee2b112012f8,products_found
1,,6367628,a140d838b0f60c1e9fb46f882937175cfaf08655747013173623ee2b112012f8,products_found
1,,6367663,a140d838b0f60c1e9fb46f882937175cfaf08655747013173623ee2b112012f8,products_found
1,,6368175,a140d838b0f60c1e9fb46f882937175cfaf08655747013173623ee2b112012f8,products_found
1,,6368230,a140d838b0f60c1e9fb46f882937175cfaf08655747013173623ee2b112012f8,products_found
1,,6369845,a140d838b0f60c1e9fb46f882937175cfaf08655747013173623ee2b112012f8,products_found
1,,6372268,a140d838b0f60c1e9fb46f882937175cfaf08655747013173623ee2b112012f8,products_found
1,,6373680,a140d838b0f60c1e9fb46f882937175cfaf08655747013173623ee2b112012f8,products_found
1,,6381846,a140d838b0f60c1e9fb46f882937175cfaf08655747013173623ee2b112012f8,products_found
1,,6382217,a140d838b0f60c1e9fb46f882937175cfaf08655747013173623ee2b112012f8,products_found
1,,6383785,a140d838b0f60c1e9fb46f882937175cfaf08655747013173623ee2b112012f8,products_found
1,,6383821,a140d838b0f60c1e9fb46f882937175cfaf08655747013173623ee2b112012f8,products_found
1,,6384840,a140d838b0f60c1e9fb46f882937175cfaf08655747013173623ee2b112012f8,products_found
1,,6386784,a140d838b0f60c1e9fb46f882937175cfaf08655747013173623ee2b112012f8,products_found
1,,6387450,a140d838b0f60c1e9fb46f882937175cfaf08655747013173623ee2b112012f8,products_found
1,,6387542,a140d838b0f60c1e9fb46f882937175cfaf08655747013173623ee2b112012f8,products_found
1,,6387887,a140d838b0f60c1e9fb46f882937175cfaf08655747013173623ee2b112012f8,products_found
1,,6388770,a140d838b0f60c1e9fb46f882937175cfaf08655747013173623ee2b112012f8,products_found
1,,6390236,a140d838b0f60c1e9fb46f882937175cfaf08655747013173623ee2b112012f8,products_found
1,,6390824,a140d838b0f60c1e9fb46f882937175cfaf08655747013173623ee2b112012f8,products_found
1,,6392727,a140d838b0f60c1e9fb46f882937175cfaf08655747013173623ee2b112012f8,products_found
1,,6421188,a140d838b0f60c1e9fb46f882937175cfaf08655747013173623ee2b112012f8,products_found
1,,6421483,a140d838b0f60c1e9fb46f882937175cfaf08655747013173623ee2b112012f8,products_found
1,,6421503,a140d838b0f60c1e9fb46f882937175cfaf08655747013173623ee2b112012f8,products_found
1,,6422070,a140d838b0f60c1e9fb46f882937175cfaf08655747013173623ee2b112012f8,products_found
1,,6422155,a140d838b0f60c1e9fb46f882937175cfaf08655747013173623ee2b112012f8,products_found
1,,6425957,a140d838b0f60c1e9fb46f882937175cfaf08655747013173623ee2b112012f8,products_found
1,,6428700,a140d838b0f60c1e9fb46f882937175cfaf08655747013173623ee2b112012f8,products_found
1,,6428794,a140d838b0f60c1e9fb46f882937175cfaf08655747013173623ee2b112012f8,products_found
1,,6429812,a140d838b0f60c1e9fb46f882937175cfaf08655747013173623ee2b112012f8,products_found
1,,6431670,a140d838b0f60c1e9fb46f882937175cfaf08655747013173623ee2b112012f8,products_found
1,,6432345,a140d838b0f60c1e9fb46f882937175cfaf08655747013173623ee2b112012f8,products_found
1,,6435936,a140d838b0f60c1e9fb46f882937175cfaf08655747013173623ee2b112012f8,products_found
1,,6436029,a140d838b0f60c1e9fb46f882937175cfaf08655747013173623ee2b112012f8,products_found
1,,6436505,a140d838b0f60c1e9fb46f882937175cfaf08655747013173623ee2b112012f8,products_found
1,,6437993,a140d838b0f60c1e9fb46f882937175cfaf08655747013173623ee2b112012f8,products_found
1,,6442246,a140d838b0f60c1e9fb46f882937175cfaf08655747013173623ee2b112012f8,products_found
1,,6442340,a140d838b0f60c1e9fb46f882937175cfaf08655747013173623ee2b112012f8,products_found
1,,6442377,a140d838b0f60c1e9fb46f882937175cfaf08655747013173623ee2b112012f8,products_found
1,,6442602,a140d838b0f60c1e9fb46f882937175cfaf08655747013173623ee2b112012f8,products_found
1,,6443392,a140d838b0f60c1e9fb46f882937175cfaf08655747013173623ee2b112012f8,products_found
1,,6444896,a140d838b0f60c1e9fb46f882937175cfaf08655747013173623ee2b112012f8,products_found
1,,6445531,a140d838b0f60c1e9fb46f882937175cfaf08655747013173623ee2b112012f8,products_found
1,,6447326,a140d838b0f60c1e9fb46f882937175cfaf08655747013173623ee2b112012f8,products_found
1,,6448768,a140d838b0f60c1e9fb46f882937175cfaf08655747013173623ee2b112012f8,products_found
1,,6448890,a140d838b0f60c1e9fb46f882937175cfaf08655747013173623ee2b112012f8,products_found
1,,6449291,a140d838b0f60c1e9fb46f882937175cfaf08655747013173623ee2b112012f8,products_found
1,,6449358,a140d838b0f60c1e9fb46f882937175cfaf08655747013173623ee2b112012f8,products_found
1,,6449552,a140d838b0f60c1e9fb46f882937175cfaf08655747013173623ee2b112012f8,products_found
1,,6451125,a140d838b0f60c1e9fb46f882937175cfaf08655747013173623ee2b112012f8,products_found
1,,6451936,a140d838b0f60c1e9fb46f882937175cfaf08655747013173623ee2b112012f8,products_found
1,,6461850,a140d838b0f60c1e9fb46f882937175cfaf08655747013173623ee2b112012f8,products_found
1,,6462863,a140d838b0f60c1e9fb46f882937175cfaf08655747013173623ee2b112012f8,products_found
1,,6462874,a140d838b0f60c1e9fb46f882937175cfaf08655747013173623ee2b112012f8,products_found
1,,6463499,a140d838b0f60c1e9fb46f882937175cfaf08655747013173623ee2b112012f8,products_found
1,,6464285,a140d838b0f60c1e9fb46f882937175cfaf08655747013173623ee2b112012f8,products_found
1,,6466939,a140d838b0f60c1e9fb46f882937175cfaf08655747013173623ee2b112012f8,products_found
1,,6468138,a140d838b0f60c1e9fb46f882937175cfaf08655747013173623ee2b112012f8,products_found
1,,6468337,a140d838b0f60c1e9fb46f882937175cfaf08655747013173623ee2b112012f8,products_found
1,,6468938,a140d838b0f60c1e9fb46f882937175cfaf08655747013173623ee2b112012f8,products_found
1,,6469946,a140d838b0f60c1e9fb46f882937175cfaf08655747013173623ee2b112012f8,products_found
1,,6470516,a140d838b0f60c1e9fb46f882937175cfaf08655747013173623ee2b112012f8,products_found
1,,6470521,a140d838b0f60c1e9fb46f882937175cfaf08655747013173623ee2b112012f8,products_found
1,,6470917,a140d838b0f60c1e9fb46f882937175cfaf08655747013173623ee2b112012f8,products_found
1,,6471229,a140d838b0f60c1e9fb46f882937175cfaf08655747013173623ee2b112012f8,products_found
1,,6471230,a140d838b0f60c1e9fb46f882937175cfaf08655747013173623ee2b112012f8,products_found
1,,6497146,a140d838b0f60c1e9fb46f882937175cfaf08655747013173623ee2b112012f8,products_found
1,,6500206,a140d838b0f60c1e9fb46f882937175cfaf08655747013173623ee2b112012f8,products_found
1,,6501635,a140d838b0f60c1e9fb46f882937175cfaf08655747013173623ee2b112012f8,products_found
1,,6504534,a140d838b0f60c1e9fb46f882937175cfaf08655747013173623ee2b112012f8,products_found
1,,6504954,a140d838b0f60c1e9fb46f882937175cfaf08655747013173623ee2b112012f8,products_found
1,,6507427,a140d838b0f60c1e9fb46f882937175cfaf08655747013173623ee2b112012f8,products_found
1,,6508221,a140d838b0f60c1e9fb46f882937175cfaf08655747013173623ee2b112012f8,products_found
1,,6515722,a140d838b0f60c1e9fb46f882937175cfaf08655747013173623ee2b112012f8,products_found
1,,6516529,a140d838b0f60c1e9fb46f882937175cfaf08655747013173623ee2b112012f8,products_found
1,,6516874,a140d838b0f60c1e9fb46f882937175cfaf08655747013173623ee2b112012f8,products_found
1,,6519865,a140d838b0f60c1e9fb46f882937175cfaf08655747013173623ee2b112012f8,products_found
1,,6521045,a140d838b0f60c1e9fb46f882937175cfaf08655747013173623ee2b112012f8,products_found
1,,6521174,a140d838b0f60c1e9fb46f882937175cfaf08655747013173623ee2b112012f8,products_found
1,,6521526,a140d838b0f60c1e9fb46f882937175cfaf08655747013173623ee2b112012f8,products_found
1,,6521542,a140d838b0f60c1e9fb46f882937175cfaf08655747013173623ee2b112012f8,products_found
1,,6522242,a140d838b0f60c1e9fb46f882937175cfaf08655747013173623ee2b112012f8,products_found
1,,6522353,a140d838b0f60c1e9fb46f882937175cfaf08655747013173623ee2b112012f8,products_found
1,,6522745,a140d838b0f60c1e9fb46f882937175cfaf08655747013173623ee2b112012f8,products_found
1,,6522750,a140d838b0f60c1e9fb46f882937175cfaf08655747013173623ee2b112012f8,products_found
1,,6522824,a140d838b0f60c1e9fb46f882937175cfaf08655747013173623ee2b112012f8,products_found
1,,6523216,a140d838b0f60c1e9fb46f882937175cfaf08655747013173623ee2b112012f8,products_found
1,,6525106,a140d838b0f60c1e9fb46f882937175cfaf08655747013173623ee2b112012f8,products_found
1,,6525185,a140d838b0f60c1e9fb46f882937175cfaf08655747013173623ee2b112012f8,products_found
1,,6525193,a140d838b0f60c1e9fb46f882937175cfaf08655747013173623ee2b112012f8,products_found
1,,6525196,a140d838b0f60c1e9fb46f882937175cfaf08655747013173623ee2b112012f8,products_found
1,,6525209,a140d838b0f60c1e9fb46f882937175cfaf08655747013173623ee2b112012f8,products_found
1,,6525249,a140d838b0f60c1e9fb46f882937175cfaf08655747013173623ee2b112012f8,products_found
1,,6525280,a140d838b0f60c1e9fb46f882937175cfaf08655747013173623ee2b112012f8,products_found
1,,6526377,a140d838b0f60c1e9fb46f882937175cfaf08655747013173623ee2b112012f8,products_found
1,,6527016,a140d838b0f60c1e9fb46f882937175cfaf08655747013173623ee2b112012f8,products_found
1,,6527229,a140d838b0f60c1e9fb46f882937175cfaf08655747013173623ee2b112012f8,products_found
1,,6528141,a140d838b0f60c1e9fb46f882937175cfaf08655747013173623ee2b112012f8,products_found
1,,6528464,a140d838b0f60c1e9fb46f882937175cfaf08655747013173623ee2b112012f8,products_found
1,,6531143,a140d838b0f60c1e9fb46f882937175cfaf08655747013173623ee2b112012f8,products_found
1,,6531485,a140d838b0f60c1e9fb46f882937175cfaf08655747013173623ee2b112012f8,products_found
1,,6531491,a140d838b0f60c1e9fb46f882937175cfaf08655747013173623ee2b112012f8,products_found
1,,6531496,a140d838b0f60c1e9fb46f882937175cfaf08655747013173623ee2b112012f8,products_found
1,,6541920,a140d838b0f60c1e9fb46f882937175cfaf08655747013173623ee2b112012f8,products_found
1,,6543645,a140d838b0f60c1e9fb46f882937175cfaf08655747013173623ee2b112012f8,products_found
1,,6543674,a140d838b0f60c1e9fb46f882937175cfaf08655747013173623ee2b112012f8,products_found
1,,6543682,a140d838b0f60c1e9fb46f882937175cfaf08655747013173623ee2b112012f8,products_found
1,,6543683,a140d838b0f60c1e9fb46f882937175cfaf08655747013173623ee2b112012f8,products_found
1,,6543893,a140d838b0f60c1e9fb46f882937175cfaf08655747013173623ee2b112012f8,products_found
1,,6545018,a140d838b0f60c1e9fb46f882937175cfaf08655747013173623ee2b112012f8,products_found
1,,6545051,a140d838b0f60c1e9fb46f882937175cfaf08655747013173623ee2b112012f8,products_found
1,,6545358,a140d838b0f60c1e9fb46f882937175cfaf08655747013173623ee2b112012f8,products_found
1,,6546508,a140d838b0f60c1e9fb46f882937175cfaf08655747013173623ee2b112012f8,products_found
1,,6546528,a140d838b0f60c1e9fb46f882937175cfaf08655747013173623ee2b112012f8,products_found
1,,6547322,a140d838b0f60c1e9fb46f882937175cfaf08655747013173623ee2b112012f8,products_found
1,,6548447,a140d838b0f60c1e9fb46f882937175cfaf08655747013173623ee2b112012f8,products_found
1,,6579806,a140d838b0f60c1e9fb46f882937175cfaf08655747013173623ee2b112012f8,products_found
1,,6583107,a140d838b0f60c1e9fb46f882937175cfaf08655747013173623ee2b112012f8,products_found
1,,6584167,a140d838b0f60c1e9fb46f882937175cfaf08655747013173623ee2b112012f8,products_found
1,,6584273,a140d838b0f60c1e9fb46f882937175cfaf08655747013173623ee2b112012f8,products_found
1,,6586746,a140d838b0f60c1e9fb46f882937175cfaf08655747013173623ee2b112012f8,products_found
1,,6587002,a140d838b0f60c1e9fb46f882937175cfaf08655747013173623ee2b112012f8,products_found
1,,6587105,a140d838b0f60c1e9fb46f882937175cfaf08655747013173623ee2b112012f8,products_found
1,,6587280,a140d838b0f60c1e9fb46f882937175cfaf08655747013173623ee2b112012f8,products_found
1,,6587796,a140d838b0f60c1e9fb46f882937175cfaf08655747013173623ee2b112012f8,products_found
1,,6590307,a140d838b0f60c1e9fb46f882937175cfaf08655747013173623ee2b112012f8,products_found
1,,6590362,a140d838b0f60c1e9fb46f882937175cfaf08655747013173623ee2b112012f8,products_found
1,,6591789,a140d838b0f60c1e9fb46f882937175cfaf08655747013173623ee2b112012f8,products_found
1,,6592832,a140d838b0f60c1e9fb46f882937175cfaf08655747013173623ee2b112012f8,products_found
1,,6593363,a140d838b0f60c1e9fb46f882937175cfaf08655747013173623ee2b112012f8,products_found
1,,6593734,a140d838b0f60c1e9fb46f882937175cfaf08655747013173623ee2b112012f8,products_found
1,,6594945,a140d838b0f60c1e9fb46f882937175cfaf08655747013173623ee2b112012f8,products_found
1,,6594972,a140d838b0f60c1e9fb46f882937175cfaf08655747013173623ee2b112012f8,products_found
1,,6595662,a140d838b0f60c1e9fb46f882937175cfaf08655747013173623ee2b112012f8,products_found
1,,6599919,a140d838b0f60c1e9fb46f882937175cfaf08655747013173623ee2b112012f8,products_found
1,,6599975,a140d838b0f60c1e9fb46f882937175cfaf08655747013173623ee2b112012f8,products_found
1,,6600492,a140d838b0f60c1e9fb46f882937175cfaf08655747013173623ee2b112012f8,products_found
1,,6603043,a140d838b0f60c1e9fb46f882937175cfaf08655747013173623ee2b112012f8,products_found
1,,6604328,a140d838b0f60c1e9fb46f882937175cfaf08655747013173623ee2b112012f8,products_found
1,,6605493,a140d838b0f60c1e9fb46f882937175cfaf08655747013173623ee2b112012f8,products_found
1,,6606282,a140d838b0f60c1e9fb46f882937175cfaf08655747013173623ee2b112012f8,products_found
1,,6606438,a140d838b0f60c1e9fb46f882937175cfaf08655747013173623ee2b112012f8,products_found
1,,6606653,a140d838b0f60c1e9fb46f882937175cfaf08655747013173623ee2b112012f8,products_found
1,,6606669,a140d838b0f60c1e9fb46f882937175cfaf08655747013173623ee2b112012f8,products_found
1,,6606934,a140d838b0f60c1e9fb46f882937175cfaf08655747013173623ee2b112012f8,products_found
1,,6607357,a140d838b0f60c1e9fb46f882937175cfaf08655747013173623ee2b112012f8,products_found
1,,6607610,a140d838b0f60c1e9fb46f882937175cfaf08655747013173623ee2b112012f8,products_found
1,,6607644,a140d838b0f60c1e9fb46f882937175cfaf08655747013173623ee2b112012f8,products_found
1,,6609270,a140d838b0f60c1e9fb46f882937175cfaf08655747013173623ee2b112012f8,products_found
1,,6610064,a140d838b0f60c1e9fb46f882937175cfaf08655747013173623ee2b112012f8,products_found
1,,6610219,a140d838b0f60c1e9fb46f882937175cfaf08655747013173623ee2b112012f8,products_found
1,,6610433,a140d838b0f60c1e9fb46f882937175cfaf08655747013173623ee2b112012f8,products_found
1,,6611330,a140d838b0f60c1e9fb46f882937175cfaf08655747013173623ee2b112012f8,products_found
1,,6612284,a140d838b0f60c1e9fb46f882937175cfaf08655747013173623ee2b112012f8,products_found
1,,6612327,a140d838b0f60c1e9fb46f882937175cfaf08655747013173623ee2b112012f8,products_found
1,,6612411,a140d838b0f60c1e9fb46f882937175cfaf08655747013173623ee2b112012f8,products_found
1,,6613006,a140d838b0f60c1e9fb46f882937175cfaf08655747013173623ee2b112012f8,products_found
1,,6614629,a140d838b0f60c1e9fb46f882937175cfaf08655747013173623ee2b112012f8,products_found
1,,6614926,a140d838b0f60c1e9fb46f882937175cfaf08655747013173623ee2b112012f8,products_found
1,,6615511,a140d838b0f60c1e9fb46f882937175cfaf08655747013173623ee2b112012f8,products_found
1,,6615600,a140d838b0f60c1e9fb46f882937175cfaf08655747013173623ee2b112012f8,products_found
1,,6616218,a140d838b0f60c1e9fb46f882937175cfaf08655747013173623ee2b112012f8,products_found
1,,6619815,a140d838b0f60c1e9fb46f882937175cfaf08655747013173623ee2b112012f8,products_found
1,,6620003,a140d838b0f60c1e9fb46f882937175cfaf08655747013173623ee2b112012f8,products_found
1,,6621116,a140d838b0f60c1e9fb46f882937175cfaf08655747013173623ee2b112012f8,products_found
1,,6627507,a140d838b0f60c1e9fb46f882937175cfaf08655747013173623ee2b112012f8,products_found
1,,6628237,a140d838b0f60c1e9fb46f882937175cfaf08655747013173623ee2b112012f8,products_found
1,,6628740,a140d838b0f60c1e9fb46f882937175cfaf08655747013173623ee2b112012f8,products_found
1,,6629156,a140d838b0f60c1e9fb46f882937175cfaf08655747013173623ee2b112012f8,products_found
1,,6629332,a140d838b0f60c1e9fb46f882937175cfaf08655747013173623ee2b112012f8,products_found
1,,6629588,a140d838b0f60c1e9fb46f882937175cfaf08655747013173623ee2b112012f8,products_found
1,,6629993,a140d838b0f60c1e9fb46f882937175cfaf08655747013173623ee2b112012f8,products_found
1,,6630943,a140d838b0f60c1e9fb46f882937175cfaf08655747013173623ee2b112012f8,products_found
1,,6634112,a140d838b0f60c1e9fb46f882937175cfaf08655747013173623ee2b112012f8,products_found
1,,6634133,a140d838b0f60c1e9fb46f882937175cfaf08655747013173623ee2b112012f8,products_found
1,,6636320,a140d838b0f60c1e9fb46f882937175cfaf08655747013173623ee2b112012f8,products_found
1,,6665064,a140d838b0f60c1e9fb46f882937175cfaf08655747013173623ee2b112012f8,products_found
1,,6665223,a140d838b0f60c1e9fb46f882937175cfaf08655747013173623ee2b112012f8,products_found
1,,6665512,a140d838b0f60c1e9fb46f882937175cfaf08655747013173623ee2b112012f8,products_found
1,,6665695,a140d838b0f60c1e9fb46f882937175cfaf08655747013173623ee2b112012f8,products_found
1,,6666233,a140d838b0f60c1e9fb46f882937175cfaf08655747013173623ee2b112012f8,products_found
1,,6670075,a140d838b0f60c1e9fb46f882937175cfaf08655747013173623ee2b112012f8,products_found
1,,6672229,a140d838b0f60c1e9fb46f882937175cfaf08655747013173623ee2b112012f8,products_found
1,,6674908,a140d838b0f60c1e9fb46f882937175cfaf08655747013173623ee2b112012f8,products_found
1,,6675056,a140d838b0f60c1e9fb46f882937175cfaf08655747013173623ee2b112012f8,products_found
1,,6675060,a140d838b0f60c1e9fb46f882937175cfaf08655747013173623ee2b112012f8,products_found
1,,6676725,a140d838b0f60c1e9fb46f882937175cfaf08655747013173623ee2b112012f8,products_found
1,,6677256,a140d838b0f60c1e9fb46f882937175cfaf08655747013173623ee2b112012f8,products_found
1,,6677267,a140d838b0f60c1e9fb46f882937175cfaf08655747013173623ee2b112012f8,products_found
1,,6677841,a140d838b0f60c1e9fb46f882937175cfaf08655747013173623ee2b112012f8,products_found
1,,6678383,a140d838b0f60c1e9fb46f882937175cfaf08655747013173623ee2b112012f8,products_found
1,,6679504,a140d838b0f60c1e9fb46f882937175cfaf08655747013173623ee2b112012f8,products_found
1,,6681473,a140d838b0f60c1e9fb46f882937175cfaf08655747013173623ee2b112012f8,products_found
1,,6681618,a140d838b0f60c1e9fb46f882937175cfaf08655747013173623ee2b112012f8,products_found
1,,6685403,a140d838b0f60c1e9fb46f882937175cfaf08655747013173623ee2b112012f8,products_found
1,,6685526,a140d838b0f60c1e9fb46f882937175cfaf08655747013173623ee2b112012f8,products_found
1,,6685609,a140d838b0f60c1e9fb46f882937175cfaf08655747013173623ee2b112012f8,products_found
1,,6690082,a140d838b0f60c1e9fb46f882937175cfaf08655747013173623ee2b112012f8,products_found
1,,6690171,a140d838b0f60c1e9fb46f882937175cfaf08655747013173623ee2b112012f8,products_found
1,,6690836,a140d838b0f60c1e9fb46f882937175cfaf08655747013173623ee2b112012f8,products_found
1,,6692833,a140d838b0f60c1e9fb46f882937175cfaf08655747013173623ee2b112012f8,products_found
1,,6693640,a140d838b0f60c1e9fb46f882937175cfaf08655747013173623ee2b112012f8,products_found
1,,6694186,a140d838b0f60c1e9fb46f882937175cfaf08655747013173623ee2b112012f8,products_found
1,,6695801,a140d838b0f60c1e9fb46f882937175cfaf08655747013173623ee2b112012f8,products_found
1,,6695889,a140d838b0f60c1e9fb46f882937175cfaf08655747013173623ee2b112012f8,products_found
1,,6696580,a140d838b0f60c1e9fb46f882937175cfaf08655747013173623ee2b112012f8,products_found
1,,6697605,a140d838b0f60c1e9fb46f882937175cfaf08655747013173623ee2b112012f8,products_found
1,,6697716,a140d838b0f60c1e9fb46f882937175cfaf08655747013173623ee2b112012f8,products_found
1,,6697756,a140d838b0f60c1e9fb46f882937175cfaf08655747013173623ee2b112012f8,products_found
1,,6698670,a140d838b0f60c1e9fb46f882937175cfaf08655747013173623ee2b112012f8,products_found
1,,6699562,a140d838b0f60c1e9fb46f882937175cfaf08655747013173623ee2b112012f8,products_found
1,,6705026,a140d838b0f60c1e9fb46f882937175cfaf08655747013173623ee2b112012f8,products_found
1,,6705137,a140d838b0f60c1e9fb46f882937175cfaf08655747013173623ee2b112012f8,products_found
1,,6706287,a140d838b0f60c1e9fb46f882937175cfaf08655747013173623ee2b112012f8,products_found
1,,6707833,a140d838b0f60c1e9fb46f882937175cfaf08655747013173623ee2b112012f8,products_found
1,,6707835,a140d838b0f60c1e9fb46f882937175cfaf08655747013173623ee2b112012f8,products_found
1,,6707942,a140d838b0f60c1e9fb46f882937175cfaf08655747013173623ee2b112012f8,products_found
1,,6716545,a140d838b0f60c1e9fb46f882937175cfaf08655747013173623ee2b112012f8,products_found
1,,6720773,a140d838b0f60c1e9fb46f882937175cfaf08655747013173623ee2b112012f8,products_found
1,,6721123,a140d838b0f60c1e9fb46f882937175cfaf08655747013173623ee2b112012f8,products_found
1,,6751874,a140d838b0f60c1e9fb46f882937175cfaf08655747013173623ee2b112012f8,products_found
1,,6752002,a140d838b0f60c1e9fb46f882937175cfaf08655747013173623ee2b112012f8,products_found
1,,6755944,a140d838b0f60c1e9fb46f882937175cfaf08655747013173623ee2b112012f8,products_found
1,,6756202,a140d838b0f60c1e9fb46f882937175cfaf08655747013173623ee2b112012f8,products_found
1,,6756669,a140d838b0f60c1e9fb46f882937175cfaf08655747013173623ee2b112012f8,products_found
1,,6758917,a140d838b0f60c1e9fb46f882937175cfaf08655747013173623ee2b112012f8,products_found
1,,6761777,a140d838b0f60c1e9fb46f882937175cfaf08655747013173623ee2b112012f8,products_found
1,,6762829,a140d838b0f60c1e9fb46f882937175cfaf08655747013173623ee2b112012f8,products_found
1,,6766634,a140d838b0f60c1e9fb46f882937175cfaf08655747013173623ee2b112012f8,products_found
1,,6766748,a140d838b0f60c1e9fb46f882937175cfaf08655747013173623ee2b112012f8,products_found
1,,6767840,a140d838b0f60c1e9fb46f882937175cfaf08655747013173623ee2b112012f8,products_found
1,,6768394,a140d838b0f60c1e9fb46f882937175cfaf08655747013173623ee2b112012f8,products_found
1,,6768616,a140d838b0f60c1e9fb46f882937175cfaf08655747013173623ee2b112012f8,products_found
1,,6773862,a140d838b0f60c1e9fb46f882937175cfaf08655747013173623ee2b112012f8,products_found
1,,6774537,a140d838b0f60c1e9fb46f882937175cfaf08655747013173623ee2b112012f8,products_found
1,,6774826,a140d838b0f60c1e9fb46f882937175cfaf08655747013173623ee2b112012f8,products_found
1,,6774880,a140d838b0f60c1e9fb46f882937175cfaf08655747013173623ee2b112012f8,products_found
1,,6775985,a140d838b0f60c1e9fb46f882937175cfaf08655747013173623ee2b112012f8,products_found
1,,6776401,a140d838b0f60c1e9fb46f882937175cfaf08655747013173623ee2b112012f8,products_found
1,,6778008,a140d838b0f60c1e9fb46f882937175cfaf08655747013173623ee2b112012f8,products_found
1,,6778019,a140d838b0f60c1e9fb46f882937175cfaf08655747013173623ee2b112012f8,products_found
1,,6778289,a140d838b0f60c1e9fb46f882937175cfaf08655747013173623ee2b112012f8,products_found
1,,6779260,a140d838b0f60c1e9fb46f882937175cfaf08655747013173623ee2b112012f8,products_found
1,,6779726,a140d838b0f60c1e9fb46f882937175cfaf08655747013173623ee2b112012f8,products_found
1,,6780158,a140d838b0f60c1e9fb46f882937175cfaf08655747013173623ee2b112012f8,products_found
1,,6780367,a140d838b0f60c1e9fb46f882937175cfaf08655747013173623ee2b112012f8,products_found
1,,6781047,a140d838b0f60c1e9fb46f882937175cfaf08655747013173623ee2b112012f8,products_found
1,,6781535,a140d838b0f60c1e9fb46f882937175cfaf08655747013173623ee2b112012f8,products_found
1,,6781548,a140d838b0f60c1e9fb46f882937175cfaf08655747013173623ee2b112012f8,products_found
1,,6783732,a140d838b0f60c1e9fb46f882937175cfaf08655747013173623ee2b112012f8,products_found
1,,6784235,a140d838b0f60c1e9fb46f882937175cfaf08655747013173623ee2b112012f8,products_found
1,,6784887,a140d838b0f60c1e9fb46f882937175cfaf08655747013173623ee2b112012f8,products_found
1,,6786037,a140d838b0f60c1e9fb46f882937175cfaf08655747013173623ee2b112012f8,products_found
1,,6786348,a140d838b0f60c1e9fb46f882937175cfaf08655747013173623ee2b112012f8,products_found
1,,6792124,a140d838b0f60c1e9fb46f882937175cfaf08655747013173623ee2b112012f8,products_found
1,,6795089,a140d838b0f60c1e9fb46f882937175cfaf08655747013173623ee2b112012f8,products_found
1,,6803202,a140d838b0f60c1e9fb46f882937175cfaf08655747013173623ee2b112012f8,products_found
1,,6803855,a140d838b0f60c1e9fb46f882937175cfaf08655747013173623ee2b112012f8,products_found
1,,6804648,a140d838b0f60c1e9fb46f882937175cfaf08655747013173623ee2b112012f8,products_found
1,,6805146,a140d838b0f60c1e9fb46f882937175cfaf08655747013173623ee2b112012f8,products_found
1,,6806632,a140d838b0f60c1e9fb46f882937175cfaf08655747013173623ee2b112012f8,products_found
1,,6806695,a140d838b0f60c1e9fb46f882937175cfaf08655747013173623ee2b112012f8,products_found
1,,6838050,a140d838b0f60c1e9fb46f882937175cfaf08655747013173623ee2b112012f8,products_found
1,,6841577,a140d838b0f60c1e9fb46f882937175cfaf08655747013173623ee2b112012f8,products_found
1,,6842682,a140d838b0f60c1e9fb46f882937175cfaf08655747013173623ee2b112012f8,products_found
1,,6846544,a140d838b0f60c1e9fb46f882937175cfaf08655747013173623ee2b112012f8,products_found
1,,6846911,a140d838b0f60c1e9fb46f882937175cfaf08655747013173623ee2b112012f8,products_found
1,,6847018,a140d838b0f60c1e9fb46f882937175cfaf08655747013173623ee2b112012f8,products_found
1,,6848529,a140d838b0f60c1e9fb46f882937175cfaf08655747013173623ee2b112012f8,products_found
1,,6849046,a140d838b0f60c1e9fb46f882937175cfaf08655747013173623ee2b112012f8,products_found
1,,6849310,a140d838b0f60c1e9fb46f882937175cfaf08655747013173623ee2b112012f8,products_found
1,,6850504,a140d838b0f60c1e9fb46f882937175cfaf08655747013173623ee2b112012f8,products_found
1,,6850665,a140d838b0f60c1e9fb46f882937175cfaf08655747013173623ee2b112012f8,products_found
1,,6851425,a140d838b0f60c1e9fb46f882937175cfaf08655747013173623ee2b112012f8,products_found
1,,6852488,a140d838b0f60c1e9fb46f882937175cfaf08655747013173623ee2b112012f8,products_found
1,,6859801,a140d838b0f60c1e9fb46f882937175cfaf08655747013173623ee2b112012f8,products_found
1,,6859813,a140d838b0f60c1e9fb46f882937175cfaf08655747013173623ee2b112012f8,products_found
1,,6862332,a140d838b0f60c1e9fb46f882937175cfaf08655747013173623ee2b112012f8,products_found
1,,6862603,a140d838b0f60c1e9fb46f882937175cfaf08655747013173623ee2b112012f8,products_found
1,,6862721,a140d838b0f60c1e9fb46f882937175cfaf08655747013173623ee2b112012f8,products_found
1,,6863161,a140d838b0f60c1e9fb46f882937175cfaf08655747013173623ee2b112012f8,products_found
1,,6863187,a140d838b0f60c1e9fb46f882937175cfaf08655747013173623ee2b112012f8,products_found
1,,6863839,a140d838b0f60c1e9fb46f882937175cfaf08655747013173623ee2b112012f8,products_found
1,,6863840,a140d838b0f60c1e9fb46f882937175cfaf08655747013173623ee2b112012f8,products_found
1,,6863998,a140d838b0f60c1e9fb46f882937175cfaf08655747013173623ee2b112012f8,products_found
1,,6864569,a140d838b0f60c1e9fb46f882937175cfaf08655747013173623ee2b112012f8,products_found
1,,6864859,a140d838b0f60c1e9fb46f882937175cfaf08655747013173623ee2b112012f8,products_found
1,,6864885,a140d838b0f60c1e9fb46f882937175cfaf08655747013173623ee2b112012f8,products_found
1,,6864891,a140d838b0f60c1e9fb46f882937175cfaf08655747013173623ee2b112012f8,products_found
1,,6864893,a140d838b0f60c1e9fb46f882937175cfaf08655747013173623ee2b112012f8,products_found
1,,6866228,a140d838b0f60c1e9fb46f882937175cfaf08655747013173623ee2b112012f8,products_found
1,,6867555,a140d838b0f60c1e9fb46f882937175cfaf08655747013173623ee2b112012f8,products_found
1,,6867766,a140d838b0f60c1e9fb46f882937175cfaf08655747013173623ee2b112012f8,products_found
1,,6869184,a140d838b0f60c1e9fb46f882937175cfaf08655747013173623ee2b112012f8,products_found
1,,6871071,a140d838b0f60c1e9fb46f882937175cfaf08655747013173623ee2b112012f8,products_found
1,,6877673,a140d838b0f60c1e9fb46f882937175cfaf08655747013173623ee2b112012f8,products_found
1,,6878167,a140d838b0f60c1e9fb46f882937175cfaf08655747013173623ee2b112012f8,products_found
1,,6878240,a140d838b0f60c1e9fb46f882937175cfaf08655747013173623ee2b112012f8,products_found
1,,6879171,a140d838b0f60c1e9fb46f882937175cfaf08655747013173623ee2b112012f8,products_found
1,,6879865,a140d838b0f60c1e9fb46f882937175cfaf08655747013173623ee2b112012f8,products_found
1,,6880517,a140d838b0f60c1e9fb46f882937175cfaf08655747013173623ee2b112012f8,products_found
1,,6887321,a140d838b0f60c1e9fb46f882937175cfaf08655747013173623ee2b112012f8,products_found
1,,6889235,a140d838b0f60c1e9fb46f882937175cfaf08655747013173623ee2b112012f8,products_found
1,,6890618,a140d838b0f60c1e9fb46f882937175cfaf08655747013173623ee2b112012f8,products_found
1,,6891366,a140d838b0f60c1e9fb46f882937175cfaf08655747013173623ee2b112012f8,products_found
1,,6891512,a140d838b0f60c1e9fb46f882937175cfaf08655747013173623ee2b112012f8,products_found
1,,6891513,a140d838b0f60c1e9fb46f882937175cfaf08655747013173623ee2b112012f8,products_found
1,,6891543,a140d838b0f60c1e9fb46f882937175cfaf08655747013173623ee2b112012f8,products_found
1,,6891637,a140d838b0f60c1e9fb46f882937175cfaf08655747013173623ee2b112012f8,products_found
1,,6921944,a140d838b0f60c1e9fb46f882937175cfaf08655747013173623ee2b112012f8,products_found
1,,6922244,a140d838b0f60c1e9fb46f882937175cfaf08655747013173623ee2b112012f8,products_found
1,,6922710,a140d838b0f60c1e9fb46f882937175cfaf08655747013173623ee2b112012f8,products_found
1,,6924203,a140d838b0f60c1e9fb46f882937175cfaf08655747013173623ee2b112012f8,products_found
1,,6927629,a140d838b0f60c1e9fb46f882937175cfaf08655747013173623ee2b112012f8,products_found
1,,6928906,a140d838b0f60c1e9fb46f882937175cfaf08655747013173623ee2b112012f8,products_found
1,,6929016,a140d838b0f60c1e9fb46f882937175cfaf08655747013173623ee2b112012f8,products_found
1,,6929285,a140d838b0f60c1e9fb46f882937175cfaf08655747013173623ee2b112012f8,products_found
1,,6929841,a140d838b0f60c1e9fb46f882937175cfaf08655747013173623ee2b112012f8,products_found
1,,6932987,a140d838b0f60c1e9fb46f882937175cfaf08655747013173623ee2b112012f8,products_found
1,,6933567,a140d838b0f60c1e9fb46f882937175cfaf08655747013173623ee2b112012f8,products_found
1,,6933781,a140d838b0f60c1e9fb46f882937175cfaf08655747013173623ee2b112012f8,products_found
1,,6934291,a140d838b0f60c1e9fb46f882937175cfaf08655747013173623ee2b112012f8,products_found
1,,6934587,a140d838b0f60c1e9fb46f882937175cfaf08655747013173623ee2b112012f8,products_found
1,,6936909,a140d838b0f60c1e9fb46f882937175cfaf08655747013173623ee2b112012f8,products_found
1,,6936966,a140d838b0f60c1e9fb46f882937175cfaf08655747013173623ee2b112012f8,products_found
1,,6936977,a140d838b0f60c1e9fb46f882937175cfaf08655747013173623ee2b112012f8,products_found
1,,6937402,a140d838b0f60c1e9fb46f882937175cfaf08655747013173623ee2b112012f8,products_found
1,,6937529,a140d838b0f60c1e9fb46f882937175cfaf08655747013173623ee2b112012f8,products_found
1,,6937692,a140d838b0f60c1e9fb46f882937175cfaf08655747013173623ee2b112012f8,products_found
1,,6939670,a140d838b0f60c1e9fb46f882937175cfaf08655747013173623ee2b112012f8,products_found
1,,6941084,a140d838b0f60c1e9fb46f882937175cfaf08655747013173623ee2b112012f8,products_found
1,,6945786,a140d838b0f60c1e9fb46f882937175cfaf08655747013173623ee2b112012f8,products_found
1,,6946199,a140d838b0f60c1e9fb46f882937175cfaf08655747013173623ee2b112012f8,products_found
1,,6946985,a140d838b0f60c1e9fb46f882937175cfaf08655747013173623ee2b112012f8,products_found
1,,6947164,a140d838b0f60c1e9fb46f882937175cfaf08655747013173623ee2b112012f8,products_found
1,,6948054,a140d838b0f60c1e9fb46f882937175cfaf08655747013173623ee2b112012f8,products_found
1,,6948480,a140d838b0f60c1e9fb46f882937175cfaf08655747013173623ee2b112012f8,products_found
1,,6948815,a140d838b0f60c1e9fb46f882937175cfaf08655747013173623ee2b112012f8,products_found
1,,6949061,a140d838b0f60c1e9fb46f882937175cfaf08655747013173623ee2b112012f8,products_found
1,,6949550,a140d838b0f60c1e9fb46f882937175cfaf08655747013173623ee2b112012f8,products_found
1,,6949607,a140d838b0f60c1e9fb46f882937175cfaf08655747013173623ee2b112012f8,products_found
1,,6950275,a140d838b0f60c1e9fb46f882937175cfaf08655747013173623ee2b112012f8,products_found
1,,6953281,a140d838b0f60c1e9fb46f882937175cfaf08655747013173623ee2b112012f8,products_found
1,,6956014,a140d838b0f60c1e9fb46f882937175cfaf08655747013173623ee2b112012f8,products_found
1,,6956136,a140d838b0f60c1e9fb46f882937175cfaf08655747013173623ee2b112012f8,products_found
1,,6956216,a140d838b0f60c1e9fb46f882937175cfaf08655747013173623ee2b112012f8,products_found
1,,6956233,a140d838b0f60c1e9fb46f882937175cfaf08655747013173623ee2b112012f8,products_found
1,,6960445,a140d838b0f60c1e9fb46f882937175cfaf08655747013173623ee2b112012f8,products_found
1,,6960446,a140d838b0f60c1e9fb46f882937175cfaf08655747013173623ee2b112012f8,products_found
1,,6960456,a140d838b0f60c1e9fb46f882937175cfaf08655747013173623ee2b112012f8,products_found
1,,6960487,a140d838b0f60c1e9fb46f882937175cfaf08655747013173623ee2b112012f8,products_found
1,,6960913,a140d838b0f60c1e9fb46f882937175cfaf08655747013173623ee2b112012f8,products_found
1,,6962018,a140d838b0f60c1e9fb46f882937175cfaf08655747013173623ee2b112012f8,products_found
1,,6962109,a140d838b0f60c1e9fb46f882937175cfaf08655747013173623ee2b112012f8,products_found
1,,6962901,a140d838b0f60c1e9fb46f882937175cfaf08655747013173623ee2b112012f8,products_found
1,,6962977,a140d838b0f60c1e9fb46f882937175cfaf08655747013173623ee2b112012f8,products_found
1,,6964043,a140d838b0f60c1e9fb46f882937175cfaf08655747013173623ee2b112012f8,products_found
1,,6964159,a140d838b0f60c1e9fb46f882937175cfaf08655747013173623ee2b112012f8,products_found
1,,6964929,a140d838b0f60c1e9fb46f882937175cfaf08655747013173623ee2b112012f8,products_found
1,,6965293,a140d838b0f60c1e9fb46f882937175cfaf08655747013173623ee2b112012f8,products_found
1,,6967278,a140d838b0f60c1e9fb46f882937175cfaf08655747013173623ee2b112012f8,products_found
1,,6967430,a140d838b0f60c1e9fb46f882937175cfaf08655747013173623ee2b112012f8,products_found
1,,6973796,a140d838b0f60c1e9fb46f882937175cfaf08655747013173623ee2b112012f8,products_found
1,,6974867,a140d838b0f60c1e9fb46f882937175cfaf08655747013173623ee2b112012f8,products_found
1,,6975129,a140d838b0f60c1e9fb46f882937175cfaf08655747013173623ee2b112012f8,products_found
1,,6975615,a140d838b0f60c1e9fb46f882937175cfaf08655747013173623ee2b112012f8,products_found
1,,7008149,a140d838b0f60c1e9fb46f882937175cfaf08655747013173623ee2b112012f8,products_found
1,,7008211,a140d838b0f60c1e9fb46f882937175cfaf08655747013173623ee2b112012f8,products_found
1,,7009828,a140d838b0f60c1e9fb46f882937175cfaf08655747013173623ee2b112012f8,products_found
1,,7013923,a140d838b0f60c1e9fb46f882937175cfaf08655747013173623ee2b112012f8,products_found
1,,7017437,a140d838b0f60c1e9fb46f882937175cfaf08655747013173623ee2b112012f8,products_found
1,,7019489,a140d838b0f60c1e9fb46f882937175cfaf08655747013173623ee2b112012f8,products_found
1,,7019524,a140d838b0f60c1e9fb46f882937175cfaf08655747013173623ee2b112012f8,products_found
1,,7020168,a140d838b0f60c1e9fb46f882937175cfaf08655747013173623ee2b112012f8,products_found
1,,7021177,a140d838b0f60c1e9fb46f882937175cfaf08655747013173623ee2b112012f8,products_found
1,,7021534,a140d838b0f60c1e9fb46f882937175cfaf08655747013173623ee2b112012f8,products_found
1,,7021681,a140d838b0f60c1e9fb46f882937175cfaf08655747013173623ee2b112012f8,products_found
1,,7022603,a140d838b0f60c1e9fb46f882937175cfaf08655747013173623ee2b112012f8,products_found
1,,7023960,a140d838b0f60c1e9fb46f882937175cfaf08655747013173623ee2b112012f8,products_found
1,,7024222,a140d838b0f60c1e9fb46f882937175cfaf08655747013173623ee2b112012f8,products_found
1,,7024530,a140d838b0f60c1e9fb46f882937175cfaf08655747013173623ee2b112012f8,products_found
1,,7025526,a140d838b0f60c1e9fb46f882937175cfaf08655747013173623ee2b112012f8,products_found
1,,7025540,a140d838b0f60c1e9fb46f882937175cfaf08655747013173623ee2b112012f8,products_found
1,,7025846,a140d838b0f60c1e9fb46f882937175cfaf08655747013173623ee2b112012f8,products_found
1,,7025851,a140d838b0f60c1e9fb46f882937175cfaf08655747013173623ee2b112012f8,products_found
1,,7031066,a140d838b0f60c1e9fb46f882937175cfaf08655747013173623ee2b112012f8,products_found
1,,7031126,a140d838b0f60c1e9fb46f882937175cfaf08655747013173623ee2b112012f8,products_found
1,,7031132,a140d838b0f60c1e9fb46f882937175cfaf08655747013173623ee2b112012f8,products_found
1,,7031208,a140d838b0f60c1e9fb46f882937175cfaf08655747013173623ee2b112012f8,products_found
1,,7031340,a140d838b0f60c1e9fb46f882937175cfaf08655747013173623ee2b112012f8,products_found
1,,7031430,a140d838b0f60c1e9fb46f882937175cfaf08655747013173623ee2b112012f8,products_found
1,,7031517,a140d838b0f60c1e9fb46f882937175cfaf08655747013173623ee2b112012f8,products_found
1,,7031638,a140d838b0f60c1e9fb46f882937175cfaf08655747013173623ee2b112012f8,products_found
1,,7031726,a140d838b0f60c1e9fb46f882937175cfaf08655747013173623ee2b112012f8,products_found
1,,7031732,a140d838b0f60c1e9fb46f882937175cfaf08655747013173623ee2b112012f8,products_found
1,,7031742,a140d838b0f60c1e9fb46f882937175cfaf08655747013173623ee2b112012f8,products_found
1,,7031767,a140d838b0f60c1e9fb46f882937175cfaf08655747013173623ee2b112012f8,products_found
1,,7031898,a140d838b0f60c1e9fb46f882937175cfaf08655747013173623ee2b112012f8,products_found
1,,7031942,a140d838b0f60c1e9fb46f882937175cfaf08655747013173623ee2b112012f8,products_found
1,,7031948,a140d838b0f60c1e9fb46f882937175cfaf08655747013173623ee2b112012f8,products_found
1,,7031992,a140d838b0f60c1e9fb46f882937175cfaf08655747013173623ee2b112012f8,products_found
1,,7032001,a140d838b0f60c1e9fb46f882937175cfaf08655747013173623ee2b112012f8,products_found
1,,7032117,a140d838b0f60c1e9fb46f882937175cfaf08655747013173623ee2b112012f8,products_found
1,,7032383,a140d838b0f60c1e9fb46f882937175cfaf08655747013173623ee2b112012f8,products_found
1,,7032568,a140d838b0f60c1e9fb46f882937175cfaf08655747013173623ee2b112012f8,products_found
1,,7032687,a140d838b0f60c1e9fb46f882937175cfaf08655747013173623ee2b112012f8,products_found
1,,7033233,a140d838b0f60c1e9fb46f882937175cfaf08655747013173623ee2b112012f8,products_found
1,,7033671,a140d838b0f60c1e9fb46f882937175cfaf08655747013173623ee2b112012f8,products_found
1,,7033713,a140d838b0f60c1e9fb46f882937175cfaf08655747013173623ee2b112012f8,products_found
1,,7033748,a140d838b0f60c1e9fb46f882937175cfaf08655747013173623ee2b112012f8,products_found
1,,7037540,a140d838b0f60c1e9fb46f882937175cfaf08655747013173623ee2b112012f8,products_found
1,,7038096,a140d838b0f60c1e9fb46f882937175cfaf08655747013173623ee2b112012f8,products_found
1,,7040629,a140d838b0f60c1e9fb46f882937175cfaf08655747013173623ee2b112012f8,products_found
1,,7045435,a140d838b0f60c1e9fb46f882937175cfaf08655747013173623ee2b112012f8,products_found
1,,7045496,a140d838b0f60c1e9fb46f882937175cfaf08655747013173623ee2b112012f8,products_found
1,,7045605,a140d838b0f60c1e9fb46f882937175cfaf08655747013173623ee2b112012f8,products_found
1,,7046035,a140d838b0f60c1e9fb46f882937175cfaf08655747013173623ee2b112012f8,products_found
1,,7046804,a140d838b0f60c1e9fb46f882937175cfaf08655747013173623ee2b112012f8,products_found
1,,7047207,a140d838b0f60c1e9fb46f882937175cfaf08655747013173623ee2b112012f8,products_found
1,,7047299,a140d838b0f60c1e9fb46f882937175cfaf08655747013173623ee2b112012f8,products_found
1,,7047363,a140d838b0f60c1e9fb46f882937175cfaf08655747013173623ee2b112012f8,products_found
1,,7047824,a140d838b0f60c1e9fb46f882937175cfaf08655747013173623ee2b112012f8,products_found
1,,7047922,a140d838b0f60c1e9fb46f882937175cfaf08655747013173623ee2b112012f8,products_found
1,,7049486,a140d838b0f60c1e9fb46f882937175cfaf08655747013173623ee2b112012f8,products_found
1,,7049771,a140d838b0f60c1e9fb46f882937175cfaf08655747013173623ee2b112012f8,products_found
1,,7050060,a140d838b0f60c1e9fb46f882937175cfaf08655747013173623ee2b112012f8,products_found
1,,7050989,a140d838b0f60c1e9fb46f882937175cfaf08655747013173623ee2b112012f8,products_found
1,,7051984,a140d838b0f60c1e9fb46f882937175cfaf08655747013173623ee2b112012f8,products_found
1,,7053328,a140d838b0f60c1e9fb46f882937175cfaf08655747013173623ee2b112012f8,products_found
1,,7090524,a140d838b0f60c1e9fb46f882937175cfaf08655747013173623ee2b112012f8,products_found
1,,7090867,a140d838b0f60c1e9fb46f882937175cfaf08655747013173623ee2b112012f8,products_found
1,,7091432,a140d838b0f60c1e9fb46f882937175cfaf08655747013173623ee2b112012f8,products_found
1,,7094486,a140d838b0f60c1e9fb46f882937175cfaf08655747013173623ee2b112012f8,products_found
1,,7097534,a140d838b0f60c1e9fb46f882937175cfaf08655747013173623ee2b112012f8,products_found
1,,7097571,a140d838b0f60c1e9fb46f882937175cfaf08655747013173623ee2b112012f8,products_found
1,,7097965,a140d838b0f60c1e9fb46f882937175cfaf08655747013173623ee2b112012f8,products_found
1,,7098355,a140d838b0f60c1e9fb46f882937175cfaf08655747013173623ee2b112012f8,products_found
1,,7100673,a140d838b0f60c1e9fb46f882937175cfaf08655747013173623ee2b112012f8,products_found
1,,7101828,a140d838b0f60c1e9fb46f882937175cfaf08655747013173623ee2b112012f8,products_found
1,,7102227,a140d838b0f60c1e9fb46f882937175cfaf08655747013173623ee2b112012f8,products_found
1,,7102316,a140d838b0f60c1e9fb46f882937175cfaf08655747013173623ee2b112012f8,products_found
1,,7103919,a140d838b0f60c1e9fb46f882937175cfaf08655747013173623ee2b112012f8,products_found
1,,7105574,a140d838b0f60c1e9fb46f882937175cfaf08655747013173623ee2b112012f8,products_found
1,,7106437,a140d838b0f60c1e9fb46f882937175cfaf08655747013173623ee2b112012f8,products_found
1,,7106438,a140d838b0f60c1e9fb46f882937175cfaf08655747013173623ee2b112012f8,products_found
1,,7107561,a140d838b0f60c1e9fb46f882937175cfaf08655747013173623ee2b112012f8,products_found
1,,7107802,a140d838b0f60c1e9fb46f882937175cfaf08655747013173623ee2b112012f8,products_found
1,,7108433,a140d838b0f60c1e9fb46f882937175cfaf08655747013173623ee2b112012f8,products_found
1,,7109675,a140d838b0f60c1e9fb46f882937175cfaf08655747013173623ee2b112012f8,products_found
1,,7109851,a140d838b0f60c1e9fb46f882937175cfaf08655747013173623ee2b112012f8,products_found
1,,7115200,a140d838b0f60c1e9fb46f882937175cfaf08655747013173623ee2b112012f8,products_found
1,,7115291,a140d838b0f60c1e9fb46f882937175cfaf08655747013173623ee2b112012f8,products_found
1,,7115332,a140d838b0f60c1e9fb46f882937175cfaf08655747013173623ee2b112012f8,products_found
1,,7115463,a140d838b0f60c1e9fb46f882937175cfaf08655747013173623ee2b112012f8,products_found
1,,7115550,a140d838b0f60c1e9fb46f882937175cfaf08655747013173623ee2b112012f8,products_found
1,,7115597,a140d838b0f60c1e9fb46f882937175cfaf08655747013173623ee2b112012f8,products_found
1,,7115661,a140d838b0f60c1e9fb46f882937175cfaf08655747013173623ee2b112012f8,products_found
1,,7115671,a140d838b0f60c1e9fb46f882937175cfaf08655747013173623ee2b112012f8,products_found
1,,7115785,a140d838b0f60c1e9fb46f882937175cfaf08655747013173623ee2b112012f8,products_found
1,,7115878,a140d838b0f60c1e9fb46f882937175cfaf08655747013173623ee2b112012f8,products_found
1,,7115925,a140d838b0f60c1e9fb46f882937175cfaf08655747013173623ee2b112012f8,products_found
1,,7116024,a140d838b0f60c1e9fb46f882937175cfaf08655747013173623ee2b112012f8,products_found
1,,7116043,a140d838b0f60c1e9fb46f882937175cfaf08655747013173623ee2b112012f8,products_found
1,,7116226,a140d838b0f60c1e9fb46f882937175cfaf08655747013173623ee2b112012f8,products_found
1,,7116236,a140d838b0f60c1e9fb46f882937175cfaf08655747013173623ee2b112012f8,products_found
1,,7116282,a140d838b0f60c1e9fb46f882937175cfaf08655747013173623ee2b112012f8,products_found
1,,7116519,a140d838b0f60c1e9fb46f882937175cfaf08655747013173623ee2b112012f8,products_found
1,,7116859,a140d838b0f60c1e9fb46f882937175cfaf08655747013173623ee2b112012f8,products_found
1,,7117003,a140d838b0f60c1e9fb46f882937175cfaf08655747013173623ee2b112012f8,products_found
1,,7117050,a140d838b0f60c1e9fb46f882937175cfaf08655747013173623ee2b112012f8,products_found
1,,7117126,a140d838b0f60c1e9fb46f882937175cfaf08655747013173623ee2b112012f8,products_found
1,,7117147,a140d838b0f60c1e9fb46f882937175cfaf08655747013173623ee2b112012f8,products_found
1,,7117355,a140d838b0f60c1e9fb46f882937175cfaf08655747013173623ee2b112012f8,products_found
1,,7117485,a140d838b0f60c1e9fb46f882937175cfaf08655747013173623ee2b112012f8,products_found
1,,7117513,a140d838b0f60c1e9fb46f882937175cfaf08655747013173623ee2b112012f8,products_found
1,,7117541,a140d838b0f60c1e9fb46f882937175cfaf08655747013173623ee2b112012f8,products_found
1,,7117549,a140d838b0f60c1e9fb46f882937175cfaf08655747013173623ee2b112012f8,products_found
1,,7117710,a140d838b0f60c1e9fb46f882937175cfaf08655747013173623ee2b112012f8,products_found
1,,7118364,a140d838b0f60c1e9fb46f882937175cfaf08655747013173623ee2b112012f8,products_found
1,,7118545,a140d838b0f60c1e9fb46f882937175cfaf08655747013173623ee2b112012f8,products_found
1,,7119481,a140d838b0f60c1e9fb46f882937175cfaf08655747013173623ee2b112012f8,products_found
1,,7120108,a140d838b0f60c1e9fb46f882937175cfaf08655747013173623ee2b112012f8,products_found
1,,7121885,a140d838b0f60c1e9fb46f882937175cfaf08655747013173623ee2b112012f8,products_found
1,,7122259,a140d838b0f60c1e9fb46f882937175cfaf08655747013173623ee2b112012f8,products_found
1,,7124026,a140d838b0f60c1e9fb46f882937175cfaf08655747013173623ee2b112012f8,products_found
1,,7124613,a140d838b0f60c1e9fb46f882937175cfaf08655747013173623ee2b112012f8,products_found
1,,7125636,a140d838b0f60c1e9fb46f882937175cfaf08655747013173623ee2b112012f8,products_found
1,,7128918,a140d838b0f60c1e9fb46f882937175cfaf08655747013173623ee2b112012f8,products_found
1,,7129465,a140d838b0f60c1e9fb46f882937175cfaf08655747013173623ee2b112012f8,products_found
1,,7130418,a140d838b0f60c1e9fb46f882937175cfaf08655747013173623ee2b112012f8,products_found
1,,7131760,a140d838b0f60c1e9fb46f882937175cfaf08655747013173623ee2b112012f8,products_found
1,,7132015,a140d838b0f60c1e9fb46f882937175cfaf08655747013173623ee2b112012f8,products_found
1,,7132542,a140d838b0f60c1e9fb46f882937175cfaf08655747013173623ee2b112012f8,products_found
1,,7132798,a140d838b0f60c1e9fb46f882937175cfaf08655747013173623ee2b112012f8,products_found
1,,7133286,a140d838b0f60c1e9fb46f882937175cfaf08655747013173623ee2b112012f8,products_found
1,,7134976,a140d838b0f60c1e9fb46f882937175cfaf08655747013173623ee2b112012f8,products_found
1,,7135852,a140d838b0f60c1e9fb46f882937175cfaf08655747013173623ee2b112012f8,products_found
1,,7136729,a140d838b0f60c1e9fb46f882937175cfaf08655747013173623ee2b112012f8,products_found
1,,7136958,a140d838b0f60c1e9fb46f882937175cfaf08655747013173623ee2b112012f8,products_found
1,,7137725,a140d838b0f60c1e9fb46f882937175cfaf08655747013173623ee2b112012f8,products_found
1,,7137798,a140d838b0f60c1e9fb46f882937175cfaf08655747013173623ee2b112012f8,products_found
1,,7174349,a140d838b0f60c1e9fb46f882937175cfaf08655747013173623ee2b112012f8,products_found
1,,7174351,a140d838b0f60c1e9fb46f882937175cfaf08655747013173623ee2b112012f8,products_found
1,,7175184,a140d838b0f60c1e9fb46f882937175cfaf08655747013173623ee2b112012f8,products_found
1,,7177553,a140d838b0f60c1e9fb46f882937175cfaf08655747013173623ee2b112012f8,products_found
1,,7177555,a140d838b0f60c1e9fb46f882937175cfaf08655747013173623ee2b112012f8,products_found
1,,7177766,a140d838b0f60c1e9fb46f882937175cfaf08655747013173623ee2b112012f8,products_found
1,,7177892,a140d838b0f60c1e9fb46f882937175cfaf08655747013173623ee2b112012f8,products_found
1,,7183745,a140d838b0f60c1e9fb46f882937175cfaf08655747013173623ee2b112012f8,products_found
1,,7185710,a140d838b0f60c1e9fb46f882937175cfaf08655747013173623ee2b112012f8,products_found
1,,7186665,a140d838b0f60c1e9fb46f882937175cfaf08655747013173623ee2b112012f8,products_found
1,,7198648,a140d838b0f60c1e9fb46f882937175cfaf08655747013173623ee2b112012f8,products_found
1,,7199644,a140d838b0f60c1e9fb46f882937175cfaf08655747013173623ee2b112012f8,products_found
1,,7199724,a140d838b0f60c1e9fb46f882937175cfaf08655747013173623ee2b112012f8,products_found
1,,7199756,a140d838b0f60c1e9fb46f882937175cfaf08655747013173623ee2b112012f8,products_found
1,,7199774,a140d838b0f60c1e9fb46f882937175cfaf08655747013173623ee2b112012f8,products_found
1,,7199883,a140d838b0f60c1e9fb46f882937175cfaf08655747013173623ee2b112012f8,products_found
1,,7199935,a140d838b0f60c1e9fb46f882937175cfaf08655747013173623ee2b112012f8,products_found
1,,7200102,a140d838b0f60c1e9fb46f882937175cfaf08655747013173623ee2b112012f8,products_found
1,,7200225,a140d838b0f60c1e9fb46f882937175cfaf08655747013173623ee2b112012f8,products_found
1,,7200301,a140d838b0f60c1e9fb46f882937175cfaf08655747013173623ee2b112012f8,products_found
1,,7200485,a140d838b0f60c1e9fb46f882937175cfaf08655747013173623ee2b112012f8,products_found
1,,7202957,a140d838b0f60c1e9fb46f882937175cfaf08655747013173623ee2b112012f8,products_found
1,,7203179,a140d838b0f60c1e9fb46f882937175cfaf08655747013173623ee2b112012f8,products_found
1,,7203194,a140d838b0f60c1e9fb46f882937175cfaf08655747013173623ee2b112012f8,products_found
1,,7203326,a140d838b0f60c1e9fb46f882937175cfaf08655747013173623ee2b112012f8,products_found
1,,7204073,a140d838b0f60c1e9fb46f882937175cfaf08655747013173623ee2b112012f8,products_found
1,,7204233,a140d838b0f60c1e9fb46f882937175cfaf08655747013173623ee2b112012f8,products_found
1,,7204981,a140d838b0f60c1e9fb46f882937175cfaf08655747013173623ee2b112012f8,products_found
1,,7207061,a140d838b0f60c1e9fb46f882937175cfaf08655747013173623ee2b112012f8,products_found
1,,7210749,a140d838b0f60c1e9fb46f882937175cfaf08655747013173623ee2b112012f8,products_found
1,,7211141,a140d838b0f60c1e9fb46f882937175cfaf08655747013173623ee2b112012f8,products_found
1,,7211221,a140d838b0f60c1e9fb46f882937175cfaf08655747013173623ee2b112012f8,products_found
1,,7211469,a140d838b0f60c1e9fb46f882937175cfaf08655747013173623ee2b112012f8,products_found
1,,7211879,a140d838b0f60c1e9fb46f882937175cfaf08655747013173623ee2b112012f8,products_found
1,,7212066,a140d838b0f60c1e9fb46f882937175cfaf08655747013173623ee2b112012f8,products_found
1,,7212184,a140d838b0f60c1e9fb46f882937175cfaf08655747013173623ee2b112012f8,products_found
1,,7212722,a140d838b0f60c1e9fb46f882937175cfaf08655747013173623ee2b112012f8,products_found
1,,7214090,a140d838b0f60c1e9fb46f882937175cfaf08655747013173623ee2b112012f8,products_found
1,,7215603,a140d838b0f60c1e9fb46f882937175cfaf08655747013173623ee2b112012f8,products_found
1,,7216284,a140d838b0f60c1e9fb46f882937175cfaf08655747013173623ee2b112012f8,products_found
1,,7219825,a140d838b0f60c1e9fb46f882937175cfaf08655747013173623ee2b112012f8,products_found
1,,7219906,a140d838b0f60c1e9fb46f882937175cfaf08655747013173623ee2b112012f8,products_found
1,,7220320,a140d838b0f60c1e9fb46f882937175cfaf08655747013173623ee2b112012f8,products_found
1,,7220322,a140d838b0f60c1e9fb46f882937175cfaf08655747013173623ee2b112012f8,products_found
1,,7220429,a140d838b0f60c1e9fb46f882937175cfaf08655747013173623ee2b112012f8,products_found
1,,7255336,a140d838b0f60c1e9fb46f882937175cfaf08655747013173623ee2b112012f8,products_found
1,,7257363,a140d838b0f60c1e9fb46f882937175cfaf08655747013173623ee2b112012f8,products_found
1,,7257373,a140d838b0f60c1e9fb46f882937175cfaf08655747013173623ee2b112012f8,products_found
1,,7257966,a140d838b0f60c1e9fb46f882937175cfaf08655747013173623ee2b112012f8,products_found
1,,7259249,a140d838b0f60c1e9fb46f882937175cfaf08655747013173623ee2b112012f8,products_found
1,,7259298,a140d838b0f60c1e9fb46f882937175cfaf08655747013173623ee2b112012f8,products_found
1,,7265298,a140d838b0f60c1e9fb46f882937175cfaf08655747013173623ee2b112012f8,products_found
1,,7269493,a140d838b0f60c1e9fb46f882937175cfaf08655747013173623ee2b112012f8,products_found
1,,7269881,a140d838b0f60c1e9fb46f882937175cfaf08655747013173623ee2b112012f8,products_found
1,,7269974,a140d838b0f60c1e9fb46f882937175cfaf08655747013173623ee2b112012f8,products_found
1,,7270230,a140d838b0f60c1e9fb46f882937175cfaf08655747013173623ee2b112012f8,products_found
1,,7273277,a140d838b0f60c1e9fb46f882937175cfaf08655747013173623ee2b112012f8,products_found
1,,7277317,a140d838b0f60c1e9fb46f882937175cfaf08655747013173623ee2b112012f8,products_found
1,,7280953,a140d838b0f60c1e9fb46f882937175cfaf08655747013173623ee2b112012f8,products_found
1,,7281217,a140d838b0f60c1e9fb46f882937175cfaf08655747013173623ee2b112012f8,products_found
1,,7281229,a140d838b0f60c1e9fb46f882937175cfaf08655747013173623ee2b112012f8,products_found
1,,7281399,a140d838b0f60c1e9fb46f882937175cfaf08655747013173623ee2b112012f8,products_found
1,,7281411,a140d838b0f60c1e9fb46f882937175cfaf08655747013173623ee2b112012f8,products_found
1,,7281454,a140d838b0f60c1e9fb46f882937175cfaf08655747013173623ee2b112012f8,products_found
1,,7281484,a140d838b0f60c1e9fb46f882937175cfaf08655747013173623ee2b112012f8,products_found
1,,7281616,a140d838b0f60c1e9fb46f882937175cfaf08655747013173623ee2b112012f8,products_found
1,,7281668,a140d838b0f60c1e9fb46f882937175cfaf08655747013173623ee2b112012f8,products_found
1,,7281694,a140d838b0f60c1e9fb46f882937175cfaf08655747013173623ee2b112012f8,products_found
1,,7281699,a140d838b0f60c1e9fb46f882937175cfaf08655747013173623ee2b112012f8,products_found
1,,7282008,a140d838b0f60c1e9fb46f882937175cfaf08655747013173623ee2b112012f8,products_found
1,,7282042,a140d838b0f60c1e9fb46f882937175cfaf08655747013173623ee2b112012f8,products_found
1,,7282154,a140d838b0f60c1e9fb46f882937175cfaf08655747013173623ee2b112012f8,products_found
1,,7282168,a140d838b0f60c1e9fb46f882937175cfaf08655747013173623ee2b112012f8,products_found
1,,7282872,a140d838b0f60c1e9fb46f882937175cfaf08655747013173623ee2b112012f8,products_found
1,,7285616,a140d838b0f60c1e9fb46f882937175cfaf08655747013173623ee2b112012f8,products_found
1,,7285673,a140d838b0f60c1e9fb46f882937175cfaf08655747013173623ee2b112012f8,products_found
1,,7285757,a140d838b0f60c1e9fb46f882937175cfaf08655747013173623ee2b112012f8,products_found
1,,7286173,a140d838b0f60c1e9fb46f882937175cfaf08655747013173623ee2b112012f8,products_found
1,,7286911,a140d838b0f60c1e9fb46f882937175cfaf08655747013173623ee2b112012f8,products_found
1,,7287391,a140d838b0f60c1e9fb46f882937175cfaf08655747013173623ee2b112012f8,products_found
1,,7287415,a140d838b0f60c1e9fb46f882937175cfaf08655747013173623ee2b112012f8,products_found
1,,7287995,a140d838b0f60c1e9fb46f882937175cfaf08655747013173623ee2b112012f8,products_found
1,,7288306,a140d838b0f60c1e9fb46f882937175cfaf08655747013173623ee2b112012f8,products_found
1,,7288444,a140d838b0f60c1e9fb46f882937175cfaf08655747013173623ee2b112012f8,products_found
1,,7289157,a140d838b0f60c1e9fb46f882937175cfaf08655747013173623ee2b112012f8,products_found
1,,7289162,a140d838b0f60c1e9fb46f882937175cfaf08655747013173623ee2b112012f8,products_found
1,,7289165,a140d838b0f60c1e9fb46f882937175cfaf08655747013173623ee2b112012f8,products_found
1,,7289317,a140d838b0f60c1e9fb46f882937175cfaf08655747013173623ee2b112012f8,products_found
1,,7289577,a140d838b0f60c1e9fb46f882937175cfaf08655747013173623ee2b112012f8,products_found
1,,7293937,a140d838b0f60c1e9fb46f882937175cfaf08655747013173623ee2b112012f8,products_found
1,,7295235,a140d838b0f60c1e9fb46f882937175cfaf08655747013173623ee2b112012f8,products_found
1,,7295570,a140d838b0f60c1e9fb46f882937175cfaf08655747013173623ee2b112012f8,products_found
1,,7296086,a140d838b0f60c1e9fb46f882937175cfaf08655747013173623ee2b112012f8,products_found
1,,7296094,a140d838b0f60c1e9fb46f882937175cfaf08655747013173623ee2b112012f8,products_found
1,,7303253,a140d838b0f60c1e9fb46f882937175cfaf08655747013173623ee2b112012f8,products_found
1,,7303287,a140d838b0f60c1e9fb46f882937175cfaf08655747013173623ee2b112012f8,products_found
1,,7304449,a140d838b0f60c1e9fb46f882937175cfaf08655747013173623ee2b112012f8,products_found
1,,7335713,a140d838b0f60c1e9fb46f882937175cfaf08655747013173623ee2b112012f8,products_found
1,,7335972,a140d838b0f60c1e9fb46f882937175cfaf08655747013173623ee2b112012f8,products_found
1,,7336754,a140d838b0f60c1e9fb46f882937175cfaf08655747013173623ee2b112012f8,products_found
1,,7340624,a140d838b0f60c1e9fb46f882937175cfaf08655747013173623ee2b112012f8,products_found
1,,7347246,a140d838b0f60c1e9fb46f882937175cfaf08655747013173623ee2b112012f8,products_found
1,,7350067,a140d838b0f60c1e9fb46f882937175cfaf08655747013173623ee2b112012f8,products_found
1,,7352727,a140d838b0f60c1e9fb46f882937175cfaf08655747013173623ee2b112012f8,products_found
1,,7353970,a140d838b0f60c1e9fb46f882937175cfaf08655747013173623ee2b112012f8,products_found
1,,7357531,a140d838b0f60c1e9fb46f882937175cfaf08655747013173623ee2b112012f8,products_found
1,,7362450,a140d838b0f60c1e9fb46f882937175cfaf08655747013173623ee2b112012f8,products_found
1,,7362632,a140d838b0f60c1e9fb46f882937175cfaf08655747013173623ee2b112012f8,products_found
1,,7362696,a140d838b0f60c1e9fb46f882937175cfaf08655747013173623ee2b112012f8,products_found
1,,7362852,a140d838b0f60c1e9fb46f882937175cfaf08655747013173623ee2b112012f8,products_found
1,,7364176,a140d838b0f60c1e9fb46f882937175cfaf08655747013173623ee2b112012f8,products_found
1,,7365447,a140d838b0f60c1e9fb46f882937175cfaf08655747013173623ee2b112012f8,products_found
1,,7366036,a140d838b0f60c1e9fb46f882937175cfaf08655747013173623ee2b112012f8,products_found
1,,7366258,a140d838b0f60c1e9fb46f882937175cfaf08655747013173623ee2b112012f8,products_found
1,,7368103,a140d838b0f60c1e9fb46f882937175cfaf08655747013173623ee2b112012f8,products_found
1,,7368137,a140d838b0f60c1e9fb46f882937175cfaf08655747013173623ee2b112012f8,products_found
1,,7368664,a140d838b0f60c1e9fb46f882937175cfaf08655747013173623ee2b112012f8,products_found
1,,7369523,a140d838b0f60c1e9fb46f882937175cfaf08655747013173623ee2b112012f8,products_found
1,,7369865,a140d838b0f60c1e9fb46f882937175cfaf08655747013173623ee2b112012f8,products_found
1,,7373451,a140d838b0f60c1e9fb46f882937175cfaf08655747013173623ee2b112012f8,products_found
1,,7373877,a140d838b0f60c1e9fb46f882937175cfaf08655747013173623ee2b112012f8,products_found
1,,7374746,a140d838b0f60c1e9fb46f882937175cfaf08655747013173623ee2b112012f8,products_found
1,,7375348,a140d838b0f60c1e9fb46f882937175cfaf08655747013173623ee2b112012f8,products_found
1,,7375795,a140d838b0f60c1e9fb46f882937175cfaf08655747013173623ee2b112012f8,products_found
1,,7376490,a140d838b0f60c1e9fb46f882937175cfaf08655747013173623ee2b112012f8,products_found
1,,7376500,a140d838b0f60c1e9fb46f882937175cfaf08655747013173623ee2b112012f8,products_found
1,,7376982,a140d838b0f60c1e9fb46f882937175cfaf08655747013173623ee2b112012f8,products_found
1,,7376983,a140d838b0f60c1e9fb46f882937175cfaf08655747013173623ee2b112012f8,products_found
1,,7377033,a140d838b0f60c1e9fb46f882937175cfaf08655747013173623ee2b112012f8,products_found
1,,7377200,a140d838b0f60c1e9fb46f882937175cfaf08655747013173623ee2b112012f8,products_found
1,,7379385,a140d838b0f60c1e9fb46f882937175cfaf08655747013173623ee2b112012f8,products_found
1,,7380829,a140d838b0f60c1e9fb46f882937175cfaf08655747013173623ee2b112012f8,products_found
1,,7381695,a140d838b0f60c1e9fb46f882937175cfaf08655747013173623ee2b112012f8,products_found
1,,7382313,a140d838b0f60c1e9fb46f882937175cfaf08655747013173623ee2b112012f8,products_found
1,,7385387,a140d838b0f60c1e9fb46f882937175cfaf08655747013173623ee2b112012f8,products_found
1,,7385478,a140d838b0f60c1e9fb46f882937175cfaf08655747013173623ee2b112012f8,products_found
1,,7385509,a140d838b0f60c1e9fb46f882937175cfaf08655747013173623ee2b112012f8,products_found
1,,7386391,a140d838b0f60c1e9fb46f882937175cfaf08655747013173623ee2b112012f8,products_found
1,,7386827,a140d838b0f60c1e9fb46f882937175cfaf08655747013173623ee2b112012f8,products_found
1,,7416306,a140d838b0f60c1e9fb46f882937175cfaf08655747013173623ee2b112012f8,products_found
1,,7418173,a140d838b0f60c1e9fb46f882937175cfaf08655747013173623ee2b112012f8,products_found
1,,7419318,a140d838b0f60c1e9fb46f882937175cfaf08655747013173623ee2b112012f8,products_found
1,,7421876,a140d838b0f60c1e9fb46f882937175cfaf08655747013173623ee2b112012f8,products_found
1,,7422883,a140d838b0f60c1e9fb46f882937175cfaf08655747013173623ee2b112012f8,products_found
1,,7427764,a140d838b0f60c1e9fb46f882937175cfaf08655747013173623ee2b112012f8,products_found
1,,7428316,a140d838b0f60c1e9fb46f882937175cfaf08655747013173623ee2b112012f8,products_found
1,,7428736,a140d838b0f60c1e9fb46f882937175cfaf08655747013173623ee2b112012f8,products_found
1,,7429240,a140d838b0f60c1e9fb46f882937175cfaf08655747013173623ee2b112012f8,products_found
1,,7429287,a140d838b0f60c1e9fb46f882937175cfaf08655747013173623ee2b112012f8,products_found
1,,7430034,a140d838b0f60c1e9fb46f882937175cfaf08655747013173623ee2b112012f8,products_found
1,,7430876,a140d838b0f60c1e9fb46f882937175cfaf08655747013173623ee2b112012f8,products_found
1,,7431665,a140d838b0f60c1e9fb46f882937175cfaf08655747013173623ee2b112012f8,products_found
1,,7431709,a140d838b0f60c1e9fb46f882937175cfaf08655747013173623ee2b112012f8,products_found
1,,7433585,a140d838b0f60c1e9fb46f882937175cfaf08655747013173623ee2b112012f8,products_found
1,,7434875,a140d838b0f60c1e9fb46f882937175cfaf08655747013173623ee2b112012f8,products_found
1,,7435780,a140d838b0f60c1e9fb46f882937175cfaf08655747013173623ee2b112012f8,products_found
1,,7436177,a140d838b0f60c1e9fb46f882937175cfaf08655747013173623ee2b112012f8,products_found
1,,7439316,a140d838b0f60c1e9fb46f882937175cfaf08655747013173623ee2b112012f8,products_found
1,,7440748,a140d838b0f60c1e9fb46f882937175cfaf08655747013173623ee2b112012f8,products_found
1,,7445445,a140d838b0f60c1e9fb46f882937175cfaf08655747013173623ee2b112012f8,products_found
1,,7447200,a140d838b0f60c1e9fb46f882937175cfaf08655747013173623ee2b112012f8,products_found
1,,7448023,a140d838b0f60c1e9fb46f882937175cfaf08655747013173623ee2b112012f8,products_found
1,,7449136,a140d838b0f60c1e9fb46f882937175cfaf08655747013173623ee2b112012f8,products_found
1,,7449541,a140d838b0f60c1e9fb46f882937175cfaf08655747013173623ee2b112012f8,products_found
1,,7449844,a140d838b0f60c1e9fb46f882937175cfaf08655747013173623ee2b112012f8,products_found
1,,7450747,a140d838b0f60c1e9fb46f882937175cfaf08655747013173623ee2b112012f8,products_found
1,,7451315,a140d838b0f60c1e9fb46f882937175cfaf08655747013173623ee2b112012f8,products_found
1,,7455287,a140d838b0f60c1e9fb46f882937175cfaf08655747013173623ee2b112012f8,products_found
1,,7455553,a140d838b0f60c1e9fb46f882937175cfaf08655747013173623ee2b112012f8,products_found
1,,7455981,a140d838b0f60c1e9fb46f882937175cfaf08655747013173623ee2b112012f8,products_found
1,,7456001,a140d838b0f60c1e9fb46f882937175cfaf08655747013173623ee2b112012f8,products_found
1,,7456521,a140d838b0f60c1e9fb46f882937175cfaf08655747013173623ee2b112012f8,products_found
1,,7457278,a140d838b0f60c1e9fb46f882937175cfaf08655747013173623ee2b112012f8,products_found
1,,7457296,a140d838b0f60c1e9fb46f882937175cfaf08655747013173623ee2b112012f8,products_found
1,,7458309,a140d838b0f60c1e9fb46f882937175cfaf08655747013173623ee2b112012f8,products_found
1,,7458433,a140d838b0f60c1e9fb46f882937175cfaf08655747013173623ee2b112012f8,products_found
1,,7458762,a140d838b0f60c1e9fb46f882937175cfaf08655747013173623ee2b112012f8,products_found
1,,7461307,a140d838b0f60c1e9fb46f882937175cfaf08655747013173623ee2b112012f8,products_found
1,,7461314,a140d838b0f60c1e9fb46f882937175cfaf08655747013173623ee2b112012f8,products_found
1,,7463685,a140d838b0f60c1e9fb46f882937175cfaf08655747013173623ee2b112012f8,products_found
1,,7466863,a140d838b0f60c1e9fb46f882937175cfaf08655747013173623ee2b112012f8,products_found
1,,7470491,a140d838b0f60c1e9fb46f882937175cfaf08655747013173623ee2b112012f8,products_found
1,,7503885,a140d838b0f60c1e9fb46f882937175cfaf08655747013173623ee2b112012f8,products_found
1,,7504778,a140d838b0f60c1e9fb46f882937175cfaf08655747013173623ee2b112012f8,products_found
1,,7509886,a140d838b0f60c1e9fb46f882937175cfaf08655747013173623ee2b112012f8,products_found
1,,7510820,a140d838b0f60c1e9fb46f882937175cfaf08655747013173623ee2b112012f8,products_found
1,,7512982,a140d838b0f60c1e9fb46f882937175cfaf08655747013173623ee2b112012f8,products_found
1,,7515212,a140d838b0f60c1e9fb46f882937175cfaf08655747013173623ee2b112012f8,products_found
1,,7515670,a140d838b0f60c1e9fb46f882937175cfaf08655747013173623ee2b112012f8,products_found
1,,7515762,a140d838b0f60c1e9fb46f882937175cfaf08655747013173623ee2b112012f8,products_found
1,,7516073,a140d838b0f60c1e9fb46f882937175cfaf08655747013173623ee2b112012f8,products_found
1,,7517261,a140d838b0f60c1e9fb46f882937175cfaf08655747013173623ee2b112012f8,products_found
1,,7522911,a140d838b0f60c1e9fb46f882937175cfaf08655747013173623ee2b112012f8,products_found
1,,7529266,a140d838b0f60c1e9fb46f882937175cfaf08655747013173623ee2b112012f8,products_found
1,,7531677,a140d838b0f60c1e9fb46f882937175cfaf08655747013173623ee2b112012f8,products_found
1,,7534267,a140d838b0f60c1e9fb46f882937175cfaf08655747013173623ee2b112012f8,products_found
1,,7537945,a140d838b0f60c1e9fb46f882937175cfaf08655747013173623ee2b112012f8,products_found
1,,7538434,a140d838b0f60c1e9fb46f882937175cfaf08655747013173623ee2b112012f8,products_found
1,,7538450,a140d838b0f60c1e9fb46f882937175cfaf08655747013173623ee2b112012f8,products_found
1,,7541502,a140d838b0f60c1e9fb46f882937175cfaf08655747013173623ee2b112012f8,products_found
1,,7541746,a140d838b0f60c1e9fb46f882937175cfaf08655747013173623ee2b112012f8,products_found
1,,7542369,a140d838b0f60c1e9fb46f882937175cfaf08655747013173623ee2b112012f8,products_found
1,,7542813,a140d838b0f60c1e9fb46f882937175cfaf08655747013173623ee2b112012f8,products_found
1,,7543649,a140d838b0f60c1e9fb46f882937175cfaf08655747013173623ee2b112012f8,products_found
1,,7549209,a140d838b0f60c1e9fb46f882937175cfaf08655747013173623ee2b112012f8,products_found
1,,7552344,a140d838b0f60c1e9fb46f882937175cfaf08655747013173623ee2b112012f8,products_found
1,,7552701,a140d838b0f60c1e9fb46f882937175cfaf08655747013173623ee2b112012f8,products_found
1,,7582689,a140d838b0f60c1e9fb46f882937175cfaf08655747013173623ee2b112012f8,products_found
1,,7584650,a140d838b0f60c1e9fb46f882937175cfaf08655747013173623ee2b112012f8,products_found
1,,7584778,a140d838b0f60c1e9fb46f882937175cfaf08655747013173623ee2b112012f8,products_found
1,,7585481,a140d838b0f60c1e9fb46f882937175cfaf08655747013173623ee2b112012f8,products_found
1,,7593110,a140d838b0f60c1e9fb46f882937175cfaf08655747013173623ee2b112012f8,products_found
1,,7595157,a140d838b0f60c1e9fb46f882937175cfaf08655747013173623ee2b112012f8,products_found
1,,7596240,a140d838b0f60c1e9fb46f882937175cfaf08655747013173623ee2b112012f8,products_found
1,,7597005,a140d838b0f60c1e9fb46f882937175cfaf08655747013173623ee2b112012f8,products_found
1,,7597703,a140d838b0f60c1e9fb46f882937175cfaf08655747013173623ee2b112012f8,products_found
1,,7598128,a140d838b0f60c1e9fb46f882937175cfaf08655747013173623ee2b112012f8,products_found
1,,7599004,a140d838b0f60c1e9fb46f882937175cfaf08655747013173623ee2b112012f8,products_found
1,,7601633,a140d838b0f60c1e9fb46f882937175cfaf08655747013173623ee2b112012f8,products_found
1,,7601918,a140d838b0f60c1e9fb46f882937175cfaf08655747013173623ee2b112012f8,products_found
1,,7602070,a140d838b0f60c1e9fb46f882937175cfaf08655747013173623ee2b112012f8,products_found
1,,7603200,a140d838b0f60c1e9fb46f882937175cfaf08655747013173623ee2b112012f8,products_found
1,,7604328,a140d838b0f60c1e9fb46f882937175cfaf08655747013173623ee2b112012f8,products_found
1,,7605093,a140d838b0f60c1e9fb46f882937175cfaf08655747013173623ee2b112012f8,products_found
1,,7605600,a140d838b0f60c1e9fb46f882937175cfaf08655747013173623ee2b112012f8,products_found
1,,7609553,a140d838b0f60c1e9fb46f882937175cfaf08655747013173623ee2b112012f8,products_found
1,,7610663,a140d838b0f60c1e9fb46f882937175cfaf08655747013173623ee2b112012f8,products_found
1,,7612691,a140d838b0f60c1e9fb46f882937175cfaf08655747013173623ee2b112012f8,products_found
1,,7613246,a140d838b0f60c1e9fb46f882937175cfaf08655747013173623ee2b112012f8,products_found
1,,7618364,a140d838b0f60c1e9fb46f882937175cfaf08655747013173623ee2b112012f8,products_found
1,,7620413,a140d838b0f60c1e9fb46f882937175cfaf08655747013173623ee2b112012f8,products_found
1,,7620660,a140d838b0f60c1e9fb46f882937175cfaf08655747013173623ee2b112012f8,products_found
1,,7620844,a140d838b0f60c1e9fb46f882937175cfaf08655747013173623ee2b112012f8,products_found
1,,7622059,a140d838b0f60c1e9fb46f882937175cfaf08655747013173623ee2b112012f8,products_found
1,,7622072,a140d838b0f60c1e9fb46f882937175cfaf08655747013173623ee2b112012f8,products_found
1,,7622473,a140d838b0f60c1e9fb46f882937175cfaf08655747013173623ee2b112012f8,products_found
1,,7622486,a140d838b0f60c1e9fb46f882937175cfaf08655747013173623ee2b112012f8,products_found
1,,7624297,a140d838b0f60c1e9fb46f882937175cfaf08655747013173623ee2b112012f8,products_found
1,,7626370,a140d838b0f60c1e9fb46f882937175cfaf08655747013173623ee2b112012f8,products_found
1,,7626506,a140d838b0f60c1e9fb46f882937175cfaf08655747013173623ee2b112012f8,products_found
1,,7629518,a140d838b0f60c1e9fb46f882937175cfaf08655747013173623ee2b112012f8,products_found
1,,7630658,a140d838b0f60c1e9fb46f882937175cfaf08655747013173623ee2b112012f8,products_found
1,,7631194,a140d838b0f60c1e9fb46f882937175cfaf08655747013173623ee2b112012f8,products_found
1,,7658229,a140d838b0f60c1e9fb46f882937175cfaf08655747013173623ee2b112012f8,products_found
1,,7659389,a140d838b0f60c1e9fb46f882937175cfaf08655747013173623ee2b112012f8,products_found
1,,7661409,a140d838b0f60c1e9fb46f882937175cfaf08655747013173623ee2b112012f8,products_found
1,,7662744,a140d838b0f60c1e9fb46f882937175cfaf08655747013173623ee2b112012f8,products_found
1,,7663405,a140d838b0f60c1e9fb46f882937175cfaf08655747013173623ee2b112012f8,products_found
1,,7663691,a140d838b0f60c1e9fb46f882937175cfaf08655747013173623ee2b112012f8,products_found
1,,7664272,a140d838b0f60c1e9fb46f882937175cfaf08655747013173623ee2b112012f8,products_found
1,,7668648,a140d838b0f60c1e9fb46f882937175cfaf08655747013173623ee2b112012f8,products_found
1,,7668663,a140d838b0f60c1e9fb46f882937175cfaf08655747013173623ee2b112012f8,products_found
1,,7670485,a140d838b0f60c1e9fb46f882937175cfaf08655747013173623ee2b112012f8,products_found
1,,7670617,a140d838b0f60c1e9fb46f882937175cfaf08655747013173623ee2b112012f8,products_found
1,,7670943,a140d838b0f60c1e9fb46f882937175cfaf08655747013173623ee2b112012f8,products_found
1,,7672097,a140d838b0f60c1e9fb46f882937175cfaf08655747013173623ee2b112012f8,products_found
1,,7672940,a140d838b0f60c1e9fb46f882937175cfaf08655747013173623ee2b112012f8,products_found
1,,7673192,a140d838b0f60c1e9fb46f882937175cfaf08655747013173623ee2b112012f8,products_found
1,,7673841,a140d838b0f60c1e9fb46f882937175cfaf08655747013173623ee2b112012f8,products_found
1,,7674050,a140d838b0f60c1e9fb46f882937175cfaf08655747013173623ee2b112012f8,products_found
1,,7676423,a140d838b0f60c1e9fb46f882937175cfaf08655747013173623ee2b112012f8,products_found
1,,7677005,a140d838b0f60c1e9fb46f882937175cfaf08655747013173623ee2b112012f8,products_found
1,,7678434,a140d838b0f60c1e9fb46f882937175cfaf08655747013173623ee2b112012f8,products_found
1,,7679812,a140d838b0f60c1e9fb46f882937175cfaf08655747013173623ee2b112012f8,products_found
1,,7681230,a140d838b0f60c1e9fb46f882937175cfaf08655747013173623ee2b112012f8,products_found
1,,7684873,a140d838b0f60c1e9fb46f882937175cfaf08655747013173623ee2b112012f8,products_found
1,,7685981,a140d838b0f60c1e9fb46f882937175cfaf08655747013173623ee2b112012f8,products_found
1,,7686191,a140d838b0f60c1e9fb46f882937175cfaf08655747013173623ee2b112012f8,products_found
1,,7690521,a140d838b0f60c1e9fb46f882937175cfaf08655747013173623ee2b112012f8,products_found
1,,7690844,a140d838b0f60c1e9fb46f882937175cfaf08655747013173623ee2b112012f8,products_found
1,,7690855,a140d838b0f60c1e9fb46f882937175cfaf08655747013173623ee2b112012f8,products_found
1,,7691260,a140d838b0f60c1e9fb46f882937175cfaf08655747013173623ee2b112012f8,products_found
1,,7691527,a140d838b0f60c1e9fb46f882937175cfaf08655747013173623ee2b112012f8,products_found
1,,7692093,a140d838b0f60c1e9fb46f882937175cfaf08655747013173623ee2b112012f8,products_found
1,,7694615,a140d838b0f60c1e9fb46f882937175cfaf08655747013173623ee2b112012f8,products_found
1,,7695087,a140d838b0f60c1e9fb46f882937175cfaf08655747013173623ee2b112012f8,products_found
1,,7695093,a140d838b0f60c1e9fb46f882937175cfaf08655747013173623ee2b112012f8,products_found
1,,7697568,a140d838b0f60c1e9fb46f882937175cfaf08655747013173623ee2b112012f8,products_found
1,,7699298,a140d838b0f60c1e9fb46f882937175cfaf08655747013173623ee2b112012f8,products_found
1,,7700561,a140d838b0f60c1e9fb46f882937175cfaf08655747013173623ee2b112012f8,products_found
1,,7700578,a140d838b0f60c1e9fb46f882937175cfaf08655747013173623ee2b112012f8,products_found
1,,7700590,a140d838b0f60c1e9fb46f882937175cfaf08655747013173623ee2b112012f8,products_found
1,,7700622,a140d838b0f60c1e9fb46f882937175cfaf08655747013173623ee2b112012f8,products_found
1,,7700871,a140d838b0f60c1e9fb46f882937175cfaf08655747013173623ee2b112012f8,products_found
1,,7703882,a140d838b0f60c1e9fb46f882937175cfaf08655747013173623ee2b112012f8,products_found
1,,7703910,a140d838b0f60c1e9fb46f882937175cfaf08655747013173623ee2b112012f8,products_found
1,,7703955,a140d838b0f60c1e9fb46f882937175cfaf08655747013173623ee2b112012f8,products_found
1,,7707736,a140d838b0f60c1e9fb46f882937175cfaf08655747013173623ee2b112012f8,products_found
1,,7707742,a140d838b0f60c1e9fb46f882937175cfaf08655747013173623ee2b112012f8,products_found
1,,7708193,a140d838b0f60c1e9fb46f882937175cfaf08655747013173623ee2b112012f8,products_found
1,,7708215,a140d838b0f60c1e9fb46f882937175cfaf08655747013173623ee2b112012f8,products_found
1,,7732285,a140d838b0f60c1e9fb46f882937175cfaf08655747013173623ee2b112012f8,products_found
1,,7732791,a140d838b0f60c1e9fb46f882937175cfaf08655747013173623ee2b112012f8,products_found
1,,7741048,a140d838b0f60c1e9fb46f882937175cfaf08655747013173623ee2b112012f8,products_found
1,,7742408,a140d838b0f60c1e9fb46f882937175cfaf08655747013173623ee2b112012f8,products_found
1,,7743464,a140d838b0f60c1e9fb46f882937175cfaf08655747013173623ee2b112012f8,products_found
1,,7747425,a140d838b0f60c1e9fb46f882937175cfaf08655747013173623ee2b112012f8,products_found
1,,7747457,a140d838b0f60c1e9fb46f882937175cfaf08655747013173623ee2b112012f8,products_found
1,,7747835,a140d838b0f60c1e9fb46f882937175cfaf08655747013173623ee2b112012f8,products_found
1,,7749318,a140d838b0f60c1e9fb46f882937175cfaf08655747013173623ee2b112012f8,products_found
1,,7749773,a140d838b0f60c1e9fb46f882937175cfaf08655747013173623ee2b112012f8,products_found
1,,7750740,a140d838b0f60c1e9fb46f882937175cfaf08655747013173623ee2b112012f8,products_found
1,,7751294,a140d838b0f60c1e9fb46f882937175cfaf08655747013173623ee2b112012f8,products_found
1,,7751562,a140d838b0f60c1e9fb46f882937175cfaf08655747013173623ee2b112012f8,products_found
1,,7751571,a140d838b0f60c1e9fb46f882937175cfaf08655747013173623ee2b112012f8,products_found
1,,7755636,a140d838b0f60c1e9fb46f882937175cfaf08655747013173623ee2b112012f8,products_found
1,,7757698,a140d838b0f60c1e9fb46f882937175cfaf08655747013173623ee2b112012f8,products_found
1,,7761545,a140d838b0f60c1e9fb46f882937175cfaf08655747013173623ee2b112012f8,products_found
1,,7761918,a140d838b0f60c1e9fb46f882937175cfaf08655747013173623ee2b112012f8,products_found
1,,7762723,a140d838b0f60c1e9fb46f882937175cfaf08655747013173623ee2b112012f8,products_found
1,,7762886,a140d838b0f60c1e9fb46f882937175cfaf08655747013173623ee2b112012f8,products_found
1,,7763269,a140d838b0f60c1e9fb46f882937175cfaf08655747013173623ee2b112012f8,products_found
1,,7764367,a140d838b0f60c1e9fb46f882937175cfaf08655747013173623ee2b112012f8,products_found
1,,7765528,a140d838b0f60c1e9fb46f882937175cfaf08655747013173623ee2b112012f8,products_found
1,,7767162,a140d838b0f60c1e9fb46f882937175cfaf08655747013173623ee2b112012f8,products_found
1,,7767559,a140d838b0f60c1e9fb46f882937175cfaf08655747013173623ee2b112012f8,products_found
1,,7767733,a140d838b0f60c1e9fb46f882937175cfaf08655747013173623ee2b112012f8,products_found
1,,7768952,a140d838b0f60c1e9fb46f882937175cfaf08655747013173623ee2b112012f8,products_found
1,,7769072,a140d838b0f60c1e9fb46f882937175cfaf08655747013173623ee2b112012f8,products_found
1,,7769815,a140d838b0f60c1e9fb46f882937175cfaf08655747013173623ee2b112012f8,products_found
1,,7769819,a140d838b0f60c1e9fb46f882937175cfaf08655747013173623ee2b112012f8,products_found
1,,7770450,a140d838b0f60c1e9fb46f882937175cfaf08655747013173623ee2b112012f8,products_found
1,,7770471,a140d838b0f60c1e9fb46f882937175cfaf08655747013173623ee2b112012f8,products_found
1,,7773179,a140d838b0f60c1e9fb46f882937175cfaf08655747013173623ee2b112012f8,products_found
1,,7777365,a140d838b0f60c1e9fb46f882937175cfaf08655747013173623ee2b112012f8,products_found
1,,7777372,a140d838b0f60c1e9fb46f882937175cfaf08655747013173623ee2b112012f8,products_found
1,,7777397,a140d838b0f60c1e9fb46f882937175cfaf08655747013173623ee2b112012f8,products_found
1,,7777416,a140d838b0f60c1e9fb46f882937175cfaf08655747013173623ee2b112012f8,products_found
1,,7777471,a140d838b0f60c1e9fb46f882937175cfaf08655747013173623ee2b112012f8,products_found
1,,7777522,a140d838b0f60c1e9fb46f882937175cfaf08655747013173623ee2b112012f8,products_found
1,,7778437,a140d838b0f60c1e9fb46f882937175cfaf08655747013173623ee2b112012f8,products_found
1,,7778621,a140d838b0f60c1e9fb46f882937175cfaf08655747013173623ee2b112012f8,products_found
1,,7778767,a140d838b0f60c1e9fb46f882937175cfaf08655747013173623ee2b112012f8,products_found
1,,7779077,a140d838b0f60c1e9fb46f882937175cfaf08655747013173623ee2b112012f8,products_found
1,,7779942,a140d838b0f60c1e9fb46f882937175cfaf08655747013173623ee2b112012f8,products_found
1,,7798259,a140d838b0f60c1e9fb46f882937175cfaf08655747013173623ee2b112012f8,products_found
1,,7799701,a140d838b0f60c1e9fb46f882937175cfaf08655747013173623ee2b112012f8,products_found
1,,7800285,a140d838b0f60c1e9fb46f882937175cfaf08655747013173623ee2b112012f8,products_found
1,,7802136,a140d838b0f60c1e9fb46f882937175cfaf08655747013173623ee2b112012f8,products_found
1,,7802719,a140d838b0f60c1e9fb46f882937175cfaf08655747013173623ee2b112012f8,products_found
1,,7808587,a140d838b0f60c1e9fb46f882937175cfaf08655747013173623ee2b112012f8,products_found
1,,7810483,a140d838b0f60c1e9fb46f882937175cfaf08655747013173623ee2b112012f8,products_found
1,,7811537,a140d838b0f60c1e9fb46f882937175cfaf08655747013173623ee2b112012f8,products_found
1,,7812167,a140d838b0f60c1e9fb46f882937175cfaf08655747013173623ee2b112012f8,products_found
1,,7812175,a140d838b0f60c1e9fb46f882937175cfaf08655747013173623ee2b112012f8,products_found
1,,7812179,a140d838b0f60c1e9fb46f882937175cfaf08655747013173623ee2b112012f8,products_found
1,,7812455,a140d838b0f60c1e9fb46f882937175cfaf08655747013173623ee2b112012f8,products_found
1,,7812893,a140d838b0f60c1e9fb46f882937175cfaf08655747013173623ee2b112012f8,products_found
1,,7813039,a140d838b0f60c1e9fb46f882937175cfaf08655747013173623ee2b112012f8,products_found
1,,7815744,a140d838b0f60c1e9fb46f882937175cfaf08655747013173623ee2b112012f8,products_found
1,,7815931,a140d838b0f60c1e9fb46f882937175cfaf08655747013173623ee2b112012f8,products_found
1,,7816665,a140d838b0f60c1e9fb46f882937175cfaf08655747013173623ee2b112012f8,products_found
1,,7816680,a140d838b0f60c1e9fb46f882937175cfaf08655747013173623ee2b112012f8,products_found
1,,7818447,a140d838b0f60c1e9fb46f882937175cfaf08655747013173623ee2b112012f8,products_found
1,,7821010,a140d838b0f60c1e9fb46f882937175cfaf08655747013173623ee2b112012f8,products_found
1,,7825899,a140d838b0f60c1e9fb46f882937175cfaf08655747013173623ee2b112012f8,products_found
1,,7826620,a140d838b0f60c1e9fb46f882937175cfaf08655747013173623ee2b112012f8,products_found
1,,7826659,a140d838b0f60c1e9fb46f882937175cfaf08655747013173623ee2b112012f8,products_found
1,,7830321,a140d838b0f60c1e9fb46f882937175cfaf08655747013173623ee2b112012f8,products_found
1,,7830637,a140d838b0f60c1e9fb46f882937175cfaf08655747013173623ee2b112012f8,products_found
1,,7831264,a140d838b0f60c1e9fb46f882937175cfaf08655747013173623ee2b112012f8,products_found
1,,7831363,a140d838b0f60c1e9fb46f882937175cfaf08655747013173623ee2b112012f8,products_found
1,,7832356,a140d838b0f60c1e9fb46f882937175cfaf08655747013173623ee2b112012f8,products_found
1,,7837302,a140d838b0f60c1e9fb46f882937175cfaf08655747013173623ee2b112012f8,products_found
1,,7837526,a140d838b0f60c1e9fb46f882937175cfaf08655747013173623ee2b112012f8,products_found
1,,7838639,a140d838b0f60c1e9fb46f882937175cfaf08655747013173623ee2b112012f8,products_found
1,,7838655,a140d838b0f60c1e9fb46f882937175cfaf08655747013173623ee2b112012f8,products_found
1,,7838906,a140d838b0f60c1e9fb46f882937175cfaf08655747013173623ee2b112012f8,products_found
1,,7840035,a140d838b0f60c1e9fb46f882937175cfaf08655747013173623ee2b112012f8,products_found
1,,7840044,a140d838b0f60c1e9fb46f882937175cfaf08655747013173623ee2b112012f8,products_found
1,,7841368,a140d838b0f60c1e9fb46f882937175cfaf08655747013173623ee2b112012f8,products_found
1,,7841925,a140d838b0f60c1e9fb46f882937175cfaf08655747013173623ee2b112012f8,products_found
1,,7841986,a140d838b0f60c1e9fb46f882937175cfaf08655747013173623ee2b112012f8,products_found
1,,7842610,a140d838b0f60c1e9fb46f882937175cfaf08655747013173623ee2b112012f8,products_found
1,,7846730,a140d838b0f60c1e9fb46f882937175cfaf08655747013173623ee2b112012f8,products_found
1,,7847104,a140d838b0f60c1e9fb46f882937175cfaf08655747013173623ee2b112012f8,products_found
1,,7847927,a140d838b0f60c1e9fb46f882937175cfaf08655747013173623ee2b112012f8,products_found
1,,7849854,a140d838b0f60c1e9fb46f882937175cfaf08655747013173623ee2b112012f8,products_found
1,,7866921,a140d838b0f60c1e9fb46f882937175cfaf08655747013173623ee2b112012f8,products_found
1,,7869917,a140d838b0f60c1e9fb46f882937175cfaf08655747013173623ee2b112012f8,products_found
1,,7870032,a140d838b0f60c1e9fb46f882937175cfaf08655747013173623ee2b112012f8,products_found
1,,7870250,a140d838b0f60c1e9fb46f882937175cfaf08655747013173623ee2b112012f8,products_found
1,,7870282,a140d838b0f60c1e9fb46f882937175cfaf08655747013173623ee2b112012f8,products_found
1,,7870390,a140d838b0f60c1e9fb46f882937175cfaf08655747013173623ee2b112012f8,products_found
1,,7871954,a140d838b0f60c1e9fb46f882937175cfaf08655747013173623ee2b112012f8,products_found
1,,7874976,a140d838b0f60c1e9fb46f882937175cfaf08655747013173623ee2b112012f8,products_found
1,,7877496,a140d838b0f60c1e9fb46f882937175cfaf08655747013173623ee2b112012f8,products_found
1,,7877818,a140d838b0f60c1e9fb46f882937175cfaf08655747013173623ee2b112012f8,products_found
1,,7877820,a140d838b0f60c1e9fb46f882937175cfaf08655747013173623ee2b112012f8,products_found
1,,7877824,a140d838b0f60c1e9fb46f882937175cfaf08655747013173623ee2b112012f8,products_found
1,,7877978,a140d838b0f60c1e9fb46f882937175cfaf08655747013173623ee2b112012f8,products_found
1,,7879433,a140d838b0f60c1e9fb46f882937175cfaf08655747013173623ee2b112012f8,products_found
1,,7879648,a140d838b0f60c1e9fb46f882937175cfaf08655747013173623ee2b112012f8,products_found
1,,7882360,a140d838b0f60c1e9fb46f882937175cfaf08655747013173623ee2b112012f8,products_found
1,,7885494,a140d838b0f60c1e9fb46f882937175cfaf08655747013173623ee2b112012f8,products_found
1,,7885518,a140d838b0f60c1e9fb46f882937175cfaf08655747013173623ee2b112012f8,products_found
1,,7885558,a140d838b0f60c1e9fb46f882937175cfaf08655747013173623ee2b112012f8,products_found
1,,7885570,a140d838b0f60c1e9fb46f882937175cfaf08655747013173623ee2b112012f8,products_found
1,,7886329,a140d838b0f60c1e9fb46f882937175cfaf08655747013173623ee2b112012f8,products_found
1,,7888957,a140d838b0f60c1e9fb46f882937175cfaf08655747013173623ee2b112012f8,products_found
1,,7889486,a140d838b0f60c1e9fb46f882937175cfaf08655747013173623ee2b112012f8,products_found
1,,7891264,a140d838b0f60c1e9fb46f882937175cfaf08655747013173623ee2b112012f8,products_found
1,,7897936,a140d838b0f60c1e9fb46f882937175cfaf08655747013173623ee2b112012f8,products_found
1,,7898352,a140d838b0f60c1e9fb46f882937175cfaf08655747013173623ee2b112012f8,products_found
1,,7898576,a140d838b0f60c1e9fb46f882937175cfaf08655747013173623ee2b112012f8,products_found
1,,7900114,a140d838b0f60c1e9fb46f882937175cfaf08655747013173623ee2b112012f8,products_found
1,,7901948,a140d838b0f60c1e9fb46f882937175cfaf08655747013173623ee2b112012f8,products_found
1,,7903086,a140d838b0f60c1e9fb46f882937175cfaf08655747013173623ee2b112012f8,products_found
1,,7906671,a140d838b0f60c1e9fb46f882937175cfaf08655747013173623ee2b112012f8,products_found
1,,7906739,a140d838b0f60c1e9fb46f882937175cfaf08655747013173623ee2b112012f8,products_found
1,,7907423,a140d838b0f60c1e9fb46f882937175cfaf08655747013173623ee2b112012f8,products_found
1,,7908367,a140d838b0f60c1e9fb46f882937175cfaf08655747013173623ee2b112012f8,products_found
1,,7910148,a140d838b0f60c1e9fb46f882937175cfaf08655747013173623ee2b112012f8,products_found
1,,7914906,a140d838b0f60c1e9fb46f882937175cfaf08655747013173623ee2b112012f8,products_found
1,,7916058,a140d838b0f60c1e9fb46f882937175cfaf08655747013173623ee2b112012f8,products_found
1,,7918172,a140d838b0f60c1e9fb46f882937175cfaf08655747013173623ee2b112012f8,products_found
1,,7918217,a140d838b0f60c1e9fb46f882937175cfaf08655747013173623ee2b112012f8,products_found
1,,7918992,a140d838b0f60c1e9fb46f882937175cfaf08655747013173623ee2b112012f8,products_found
1,,7919516,a140d838b0f60c1e9fb46f882937175cfaf08655747013173623ee2b112012f8,products_found
1,,7919653,a140d838b0f60c1e9fb46f882937175cfaf08655747013173623ee2b112012f8,products_found
1,,7919867,a140d838b0f60c1e9fb46f882937175cfaf08655747013173623ee2b112012f8,products_found
1,,7936194,a140d838b0f60c1e9fb46f882937175cfaf08655747013173623ee2b112012f8,products_found
1,,7938468,a140d838b0f60c1e9fb46f882937175cfaf08655747013173623ee2b112012f8,products_found
1,,7938496,a140d838b0f60c1e9fb46f882937175cfaf08655747013173623ee2b112012f8,products_found
1,,7938499,a140d838b0f60c1e9fb46f882937175cfaf08655747013173623ee2b112012f8,products_found
1,,7938883,a140d838b0f60c1e9fb46f882937175cfaf08655747013173623ee2b112012f8,products_found
1,,7939330,a140d838b0f60c1e9fb46f882937175cfaf08655747013173623ee2b112012f8,products_found
1,,7940533,a140d838b0f60c1e9fb46f882937175cfaf08655747013173623ee2b112012f8,products_found
1,,7941200,a140d838b0f60c1e9fb46f882937175cfaf08655747013173623ee2b112012f8,products_found
1,,7941635,a140d838b0f60c1e9fb46f882937175cfaf08655747013173623ee2b112012f8,products_found
1,,7943535,a140d838b0f60c1e9fb46f882937175cfaf08655747013173623ee2b112012f8,products_found
1,,7947631,a140d838b0f60c1e9fb46f882937175cfaf08655747013173623ee2b112012f8,products_found
1,,7948784,a140d838b0f60c1e9fb46f882937175cfaf08655747013173623ee2b112012f8,products_found
1,,7950644,a140d838b0f60c1e9fb46f882937175cfaf08655747013173623ee2b112012f8,products_found
1,,7950775,a140d838b0f60c1e9fb46f882937175cfaf08655747013173623ee2b112012f8,products_found
1,,7951018,a140d838b0f60c1e9fb46f882937175cfaf08655747013173623ee2b112012f8,products_found
1,,7955301,a140d838b0f60c1e9fb46f882937175cfaf08655747013173623ee2b112012f8,products_found
1,,7955580,a140d838b0f60c1e9fb46f882937175cfaf08655747013173623ee2b112012f8,products_found
1,,7959310,a140d838b0f60c1e9fb46f882937175cfaf08655747013173623ee2b112012f8,products_found
1,,7960295,a140d838b0f60c1e9fb46f882937175cfaf08655747013173623ee2b112012f8,products_found
1,,7960547,a140d838b0f60c1e9fb46f882937175cfaf08655747013173623ee2b112012f8,products_found
1,,7960980,a140d838b0f60c1e9fb46f882937175cfaf08655747013173623ee2b112012f8,products_found
1,,7967517,a140d838b0f60c1e9fb46f882937175cfaf08655747013173623ee2b112012f8,products_found
1,,7968683,a140d838b0f60c1e9fb46f882937175cfaf08655747013173623ee2b112012f8,products_found
1,,7970629,a140d838b0f60c1e9fb46f882937175cfaf08655747013173623ee2b112012f8,products_found
1,,7970760,a140d838b0f60c1e9fb46f882937175cfaf08655747013173623ee2b112012f8,products_found
1,,7971389,a140d838b0f60c1e9fb46f882937175cfaf08655747013173623ee2b112012f8,products_found
1,,7972785,a140d838b0f60c1e9fb46f882937175cfaf08655747013173623ee2b112012f8,products_found
1,,7975727,a140d838b0f60c1e9fb46f882937175cfaf08655747013173623ee2b112012f8,products_found
1,,7976136,a140d838b0f60c1e9fb46f882937175cfaf08655747013173623ee2b112012f8,products_found
1,,7976435,a140d838b0f60c1e9fb46f882937175cfaf08655747013173623ee2b112012f8,products_found
1,,7977197,a140d838b0f60c1e9fb46f882937175cfaf08655747013173623ee2b112012f8,products_found
1,,7983117,a140d838b0f60c1e9fb46f882937175cfaf08655747013173623ee2b112012f8,products_found
1,,7983756,a140d838b0f60c1e9fb46f882937175cfaf08655747013173623ee2b112012f8,products_found
1,,7985167,a140d838b0f60c1e9fb46f882937175cfaf08655747013173623ee2b112012f8,products_found
1,,7985733,a140d838b0f60c1e9fb46f882937175cfaf08655747013173623ee2b112012f8,products_found
1,,7987086,a140d838b0f60c1e9fb46f882937175cfaf08655747013173623ee2b112012f8,products_found
1,,7987749,a140d838b0f60c1e9fb46f882937175cfaf08655747013173623ee2b112012f8,products_found
1,,7987866,a140d838b0f60c1e9fb46f882937175cfaf08655747013173623ee2b112012f8,products_found
1,,7989422,a140d838b0f60c1e9fb46f882937175cfaf08655747013173623ee2b112012f8,products_found
1,,8004903,a140d838b0f60c1e9fb46f882937175cfaf08655747013173623ee2b112012f8,products_found
1,,8007644,a140d838b0f60c1e9fb46f882937175cfaf08655747013173623ee2b112012f8,products_found
1,,8007675,a140d838b0f60c1e9fb46f882937175cfaf08655747013173623ee2b112012f8,products_found
1,,8008067,a140d838b0f60c1e9fb46f882937175cfaf08655747013173623ee2b112012f8,products_found
1,,8008128,a140d838b0f60c1e9fb46f882937175cfaf08655747013173623ee2b112012f8,products_found
1,,8008206,a140d838b0f60c1e9fb46f882937175cfaf08655747013173623ee2b112012f8,products_found
1,,8008913,a140d838b0f60c1e9fb46f882937175cfaf08655747013173623ee2b112012f8,products_found
1,,8009350,a140d838b0f60c1e9fb46f882937175cfaf08655747013173623ee2b112012f8,products_found
1,,8009496,a140d838b0f60c1e9fb46f882937175cfaf08655747013173623ee2b112012f8,products_found
1,,8009500,a140d838b0f60c1e9fb46f882937175cfaf08655747013173623ee2b112012f8,products_found
1,,8012732,a140d838b0f60c1e9fb46f882937175cfaf08655747013173623ee2b112012f8,products_found
1,,8013289,a140d838b0f60c1e9fb46f882937175cfaf08655747013173623ee2b112012f8,products_found
1,,8013439,a140d838b0f60c1e9fb46f882937175cfaf08655747013173623ee2b112012f8,products_found
1,,8015907,a140d838b0f60c1e9fb46f882937175cfaf08655747013173623ee2b112012f8,products_found
1,,8016211,a140d838b0f60c1e9fb46f882937175cfaf08655747013173623ee2b112012f8,products_found
1,,8016214,a140d838b0f60c1e9fb46f882937175cfaf08655747013173623ee2b112012f8,products_found
1,,8016691,a140d838b0f60c1e9fb46f882937175cfaf08655747013173623ee2b112012f8,products_found
1,,8017703,a140d838b0f60c1e9fb46f882937175cfaf08655747013173623ee2b112012f8,products_found
1,,8019043,a140d838b0f60c1e9fb46f882937175cfaf08655747013173623ee2b112012f8,products_found
1,,8022244,a140d838b0f60c1e9fb46f882937175cfaf08655747013173623ee2b112012f8,products_found
1,,8022489,a140d838b0f60c1e9fb46f882937175cfaf08655747013173623ee2b112012f8,products_found
1,,8023317,a140d838b0f60c1e9fb46f882937175cfaf08655747013173623ee2b112012f8,products_found
1,,8025596,a140d838b0f60c1e9fb46f882937175cfaf08655747013173623ee2b112012f8,products_found
1,,8027902,a140d838b0f60c1e9fb46f882937175cfaf08655747013173623ee2b112012f8,products_found
1,,8028465,a140d838b0f60c1e9fb46f882937175cfaf08655747013173623ee2b112012f8,products_found
1,,8029197,a140d838b0f60c1e9fb46f882937175cfaf08655747013173623ee2b112012f8,products_found
1,,8029848,a140d838b0f60c1e9fb46f882937175cfaf08655747013173623ee2b112012f8,products_found
1,,8030148,a140d838b0f60c1e9fb46f882937175cfaf08655747013173623ee2b112012f8,products_found
1,,8030339,a140d838b0f60c1e9fb46f882937175cfaf08655747013173623ee2b112012f8,products_found
1,,8036287,a140d838b0f60c1e9fb46f882937175cfaf08655747013173623ee2b112012f8,products_found
1,,8037038,a140d838b0f60c1e9fb46f882937175cfaf08655747013173623ee2b112012f8,products_found
1,,8037145,a140d838b0f60c1e9fb46f882937175cfaf08655747013173623ee2b112012f8,products_found
1,,8039892,a140d838b0f60c1e9fb46f882937175cfaf08655747013173623ee2b112012f8,products_found
1,,8039925,a140d838b0f60c1e9fb46f882937175cfaf08655747013173623ee2b112012f8,products_found
1,,8041216,a140d838b0f60c1e9fb46f882937175cfaf08655747013173623ee2b112012f8,products_found
1,,8042453,a140d838b0f60c1e9fb46f882937175cfaf08655747013173623ee2b112012f8,products_found
1,,8042747,a140d838b0f60c1e9fb46f882937175cfaf08655747013173623ee2b112012f8,products_found
1,,8042789,a140d838b0f60c1e9fb46f882937175cfaf08655747013173623ee2b112012f8,products_found
1,,8042835,a140d838b0f60c1e9fb46f882937175cfaf08655747013173623ee2b112012f8,products_found
1,,8043052,a140d838b0f60c1e9fb46f882937175cfaf08655747013173623ee2b112012f8,products_found
1,,8043638,a140d838b0f60c1e9fb46f882937175cfaf08655747013173623ee2b112012f8,products_found
1,,8043714,a140d838b0f60c1e9fb46f882937175cfaf08655747013173623ee2b112012f8,products_found
1,,8043721,a140d838b0f60c1e9fb46f882937175cfaf08655747013173623ee2b112012f8,products_found
1,,8043882,a140d838b0f60c1e9fb46f882937175cfaf08655747013173623ee2b112012f8,products_found
1,,8043968,a140d838b0f60c1e9fb46f882937175cfaf08655747013173623ee2b112012f8,products_found
1,,8044600,a140d838b0f60c1e9fb46f882937175cfaf08655747013173623ee2b112012f8,products_found
1,,8044608,a140d838b0f60c1e9fb46f882937175cfaf08655747013173623ee2b112012f8,products_found
1,,8046659,a140d838b0f60c1e9fb46f882937175cfaf08655747013173623ee2b112012f8,products_found
1,,8046689,a140d838b0f60c1e9fb46f882937175cfaf08655747013173623ee2b112012f8,products_found
1,,8047283,a140d838b0f60c1e9fb46f882937175cfaf08655747013173623ee2b112012f8,products_found
1,,8047428,a140d838b0f60c1e9fb46f882937175cfaf08655747013173623ee2b112012f8,products_found
1,,8051946,a140d838b0f60c1e9fb46f882937175cfaf08655747013173623ee2b112012f8,products_found
1,,8052474,a140d838b0f60c1e9fb46f882937175cfaf08655747013173623ee2b112012f8,products_found
1,,8053552,a140d838b0f60c1e9fb46f882937175cfaf08655747013173623ee2b112012f8,products_found
1,,8056665,a140d838b0f60c1e9fb46f882937175cfaf08655747013173623ee2b112012f8,products_found
1,,8073705,a140d838b0f60c1e9fb46f882937175cfaf08655747013173623ee2b112012f8,products_found
1,,8073806,a140d838b0f60c1e9fb46f882937175cfaf08655747013173623ee2b112012f8,products_found
1,,8074805,a140d838b0f60c1e9fb46f882937175cfaf08655747013173623ee2b112012f8,products_found
1,,8075618,a140d838b0f60c1e9fb46f882937175cfaf08655747013173623ee2b112012f8,products_found
1,,8076630,a140d838b0f60c1e9fb46f882937175cfaf08655747013173623ee2b112012f8,products_found
1,,8077137,a140d838b0f60c1e9fb46f882937175cfaf08655747013173623ee2b112012f8,products_found
1,,8078502,a140d838b0f60c1e9fb46f882937175cfaf08655747013173623ee2b112012f8,products_found
1,,8081187,a140d838b0f60c1e9fb46f882937175cfaf08655747013173623ee2b112012f8,products_found
1,,8081239,a140d838b0f60c1e9fb46f882937175cfaf08655747013173623ee2b112012f8,products_found
1,,8081389,a140d838b0f60c1e9fb46f882937175cfaf08655747013173623ee2b112012f8,products_found
1,,8081899,a140d838b0f60c1e9fb46f882937175cfaf08655747013173623ee2b112012f8,products_found
1,,8081905,a140d838b0f60c1e9fb46f882937175cfaf08655747013173623ee2b112012f8,products_found
1,,8082001,a140d838b0f60c1e9fb46f882937175cfaf08655747013173623ee2b112012f8,products_found
1,,8087812,a140d838b0f60c1e9fb46f882937175cfaf08655747013173623ee2b112012f8,products_found
1,,8088354,a140d838b0f60c1e9fb46f882937175cfaf08655747013173623ee2b112012f8,products_found
1,,8094120,a140d838b0f60c1e9fb46f882937175cfaf08655747013173623ee2b112012f8,products_found
1,,8094140,a140d838b0f60c1e9fb46f882937175cfaf08655747013173623ee2b112012f8,products_found
1,,8094221,a140d838b0f60c1e9fb46f882937175cfaf08655747013173623ee2b112012f8,products_found
1,,8095099,a140d838b0f60c1e9fb46f882937175cfaf08655747013173623ee2b112012f8,products_found
1,,8095110,a140d838b0f60c1e9fb46f882937175cfaf08655747013173623ee2b112012f8,products_found
1,,8095441,a140d838b0f60c1e9fb46f882937175cfaf08655747013173623ee2b112012f8,products_found
1,,8097825,a140d838b0f60c1e9fb46f882937175cfaf08655747013173623ee2b112012f8,products_found
1,,8098300,a140d838b0f60c1e9fb46f882937175cfaf08655747013173623ee2b112012f8,products_found
1,,8098515,a140d838b0f60c1e9fb46f882937175cfaf08655747013173623ee2b112012f8,products_found
1,,8098728,a140d838b0f60c1e9fb46f882937175cfaf08655747013173623ee2b112012f8,products_found
1,,8099138,a140d838b0f60c1e9fb46f882937175cfaf08655747013173623ee2b112012f8,products_found
1,,8104030,a140d838b0f60c1e9fb46f882937175cfaf08655747013173623ee2b112012f8,products_found
1,,8104436,a140d838b0f60c1e9fb46f882937175cfaf08655747013173623ee2b112012f8,products_found
1,,8105398,a140d838b0f60c1e9fb46f882937175cfaf08655747013173623ee2b112012f8,products_found
1,,8106610,a140d838b0f60c1e9fb46f882937175cfaf08655747013173623ee2b112012f8,products_found
1,,8107225,a140d838b0f60c1e9fb46f882937175cfaf08655747013173623ee2b112012f8,products_found
1,,8107380,a140d838b0f60c1e9fb46f882937175cfaf08655747013173623ee2b112012f8,products_found
1,,8108437,a140d838b0f60c1e9fb46f882937175cfaf08655747013173623ee2b112012f8,products_found
1,,8108450,a140d838b0f60c1e9fb46f882937175cfaf08655747013173623ee2b112012f8,products_found
1,,8109107,a140d838b0f60c1e9fb46f882937175cfaf08655747013173623ee2b112012f8,products_found
1,,8109692,a140d838b0f60c1e9fb46f882937175cfaf08655747013173623ee2b112012f8,products_found
1,,8110758,a140d838b0f60c1e9fb46f882937175cfaf08655747013173623ee2b112012f8,products_found
1,,8110767,a140d838b0f60c1e9fb46f882937175cfaf08655747013173623ee2b112012f8,products_found
1,,8111381,a140d838b0f60c1e9fb46f882937175cfaf08655747013173623ee2b112012f8,products_found
1,,8111622,a140d838b0f60c1e9fb46f882937175cfaf08655747013173623ee2b112012f8,products_found
1,,8111919,a140d838b0f60c1e9fb46f882937175cfaf08655747013173623ee2b112012f8,products_found
1,,8112324,a140d838b0f60c1e9fb46f882937175cfaf08655747013173623ee2b112012f8,products_found
1,,8113154,a140d838b0f60c1e9fb46f882937175cfaf08655747013173623ee2b112012f8,products_found
1,,8120608,a140d838b0f60c1e9fb46f882937175cfaf08655747013173623ee2b112012f8,products_found
1,,8121067,a140d838b0f60c1e9fb46f882937175cfaf08655747013173623ee2b112012f8,products_found
1,,8121310,a140d838b0f60c1e9fb46f882937175cfaf08655747013173623ee2b112012f8,products_found
1,,8125580,a140d838b0f60c1e9fb46f882937175cfaf08655747013173623ee2b112012f8,products_found
1,,8126531,a140d838b0f60c1e9fb46f882937175cfaf08655747013173623ee2b112012f8,products_found
1,,8126558,a140d838b0f60c1e9fb46f882937175cfaf08655747013173623ee2b112012f8,products_found
1,,8127586,a140d838b0f60c1e9fb46f882937175cfaf08655747013173623ee2b112012f8,products_found
1,,8127639,a140d838b0f60c1e9fb46f882937175cfaf08655747013173623ee2b112012f8,products_found
1,,8127648,a140d838b0f60c1e9fb46f882937175cfaf08655747013173623ee2b112012f8,products_found
1,,8128067,a140d838b0f60c1e9fb46f882937175cfaf08655747013173623ee2b112012f8,products_found
1,,8128247,a140d838b0f60c1e9fb46f882937175cfaf08655747013173623ee2b112012f8,products_found
1,,8128965,a140d838b0f60c1e9fb46f882937175cfaf08655747013173623ee2b112012f8,products_found
1,,8129005,a140d838b0f60c1e9fb46f882937175cfaf08655747013173623ee2b112012f8,products_found
1,,8129189,a140d838b0f60c1e9fb46f882937175cfaf08655747013173623ee2b112012f8,products_found
1,,8129641,a140d838b0f60c1e9fb46f882937175cfaf08655747013173623ee2b112012f8,products_found
1,,8142787,a140d838b0f60c1e9fb46f882937175cfaf08655747013173623ee2b112012f8,products_found
1,,8142942,a140d838b0f60c1e9fb46f882937175cfaf08655747013173623ee2b112012f8,products_found
1,,8143170,a140d838b0f60c1e9fb46f882937175cfaf08655747013173623ee2b112012f8,products_found
1,,8145789,a140d838b0f60c1e9fb46f882937175cfaf08655747013173623ee2b112012f8,products_found
1,,8149484,a140d838b0f60c1e9fb46f882937175cfaf08655747013173623ee2b112012f8,products_found
1,,8150320,a140d838b0f60c1e9fb46f882937175cfaf08655747013173623ee2b112012f8,products_found
1,,8151055,a140d838b0f60c1e9fb46f882937175cfaf08655747013173623ee2b112012f8,products_found
1,,8153568,a140d838b0f60c1e9fb46f882937175cfaf08655747013173623ee2b112012f8,products_found
1,,8155368,a140d838b0f60c1e9fb46f882937175cfaf08655747013173623ee2b112012f8,products_found
1,,8155584,a140d838b0f60c1e9fb46f882937175cfaf08655747013173623ee2b112012f8,products_found
1,,8156120,a140d838b0f60c1e9fb46f882937175cfaf08655747013173623ee2b112012f8,products_found
1,,8158127,a140d838b0f60c1e9fb46f882937175cfaf08655747013173623ee2b112012f8,products_found
1,,8160953,a140d838b0f60c1e9fb46f882937175cfaf08655747013173623ee2b112012f8,products_found
1,,8161561,a140d838b0f60c1e9fb46f882937175cfaf08655747013173623ee2b112012f8,products_found
1,,8162376,a140d838b0f60c1e9fb46f882937175cfaf08655747013173623ee2b112012f8,products_found
1,,8162789,a140d838b0f60c1e9fb46f882937175cfaf08655747013173623ee2b112012f8,products_found
1,,8162790,a140d838b0f60c1e9fb46f882937175cfaf08655747013173623ee2b112012f8,products_found
1,,8164012,a140d838b0f60c1e9fb46f882937175cfaf08655747013173623ee2b112012f8,products_found
1,,8164257,a140d838b0f60c1e9fb46f882937175cfaf08655747013173623ee2b112012f8,products_found
1,,8164262,a140d838b0f60c1e9fb46f882937175cfaf08655747013173623ee2b112012f8,products_found
1,,8165946,a140d838b0f60c1e9fb46f882937175cfaf08655747013173623ee2b112012f8,products_found
1,,8167938,a140d838b0f60c1e9fb46f882937175cfaf08655747013173623ee2b112012f8,products_found
1,,8167978,a140d838b0f60c1e9fb46f882937175cfaf08655747013173623ee2b112012f8,products_found
1,,8167996,a140d838b0f60c1e9fb46f882937175cfaf08655747013173623ee2b112012f8,products_found
1,,8168187,a140d838b0f60c1e9fb46f882937175cfaf08655747013173623ee2b112012f8,products_found
1,,8168581,a140d838b0f60c1e9fb46f882937175cfaf08655747013173623ee2b112012f8,products_found
1,,8174625,a140d838b0f60c1e9fb46f882937175cfaf08655747013173623ee2b112012f8,products_found
1,,8175131,a140d838b0f60c1e9fb46f882937175cfaf08655747013173623ee2b112012f8,products_found
1,,8176650,a140d838b0f60c1e9fb46f882937175cfaf08655747013173623ee2b112012f8,products_found
1,,8176653,a140d838b0f60c1e9fb46f882937175cfaf08655747013173623ee2b112012f8,products_found
1,,8177798,a140d838b0f60c1e9fb46f882937175cfaf08655747013173623ee2b112012f8,products_found
1,,8179190,a140d838b0f60c1e9fb46f882937175cfaf08655747013173623ee2b112012f8,products_found
1,,8179286,a140d838b0f60c1e9fb46f882937175cfaf08655747013173623ee2b112012f8,products_found
1,,8179325,a140d838b0f60c1e9fb46f882937175cfaf08655747013173623ee2b112012f8,products_found
1,,8179747,a140d838b0f60c1e9fb46f882937175cfaf08655747013173623ee2b112012f8,products_found
1,,8180020,a140d838b0f60c1e9fb46f882937175cfaf08655747013173623ee2b112012f8,products_found
1,,8180063,a140d838b0f60c1e9fb46f882937175cfaf08655747013173623ee2b112012f8,products_found
1,,8183288,a140d838b0f60c1e9fb46f882937175cfaf08655747013173623ee2b112012f8,products_found
1,,8183389,a140d838b0f60c1e9fb46f882937175cfaf08655747013173623ee2b112012f8,products_found
1,,8183911,a140d838b0f60c1e9fb46f882937175cfaf08655747013173623ee2b112012f8,products_found
1,,8190354,a140d838b0f60c1e9fb46f882937175cfaf08655747013173623ee2b112012f8,products_found
1,,8191672,a140d838b0f60c1e9fb46f882937175cfaf08655747013173623ee2b112012f8,products_found
1,,8192911,a140d838b0f60c1e9fb46f882937175cfaf08655747013173623ee2b112012f8,products_found
1,,8193178,a140d838b0f60c1e9fb46f882937175cfaf08655747013173623ee2b112012f8,products_found
1,,8193315,a140d838b0f60c1e9fb46f882937175cfaf08655747013173623ee2b112012f8,products_found
1,,8195877,a140d838b0f60c1e9fb46f882937175cfaf08655747013173623ee2b112012f8,products_found
1,,8196180,a140d838b0f60c1e9fb46f882937175cfaf08655747013173623ee2b112012f8,products_found
1,,8197343,a140d838b0f60c1e9fb46f882937175cfaf08655747013173623ee2b112012f8,products_found
1,,8197560,a140d838b0f60c1e9fb46f882937175cfaf08655747013173623ee2b112012f8,products_found
1,,8197761,a140d838b0f60c1e9fb46f882937175cfaf08655747013173623ee2b112012f8,products_found
1,,8197767,a140d838b0f60c1e9fb46f882937175cfaf08655747013173623ee2b112012f8,products_found
1,,8210018,a140d838b0f60c1e9fb46f882937175cfaf08655747013173623ee2b112012f8,products_found
1,,8210370,a140d838b0f60c1e9fb46f882937175cfaf08655747013173623ee2b112012f8,products_found
1,,8210721,a140d838b0f60c1e9fb46f882937175cfaf08655747013173623ee2b112012f8,products_found
1,,8211521,a140d838b0f60c1e9fb46f882937175cfaf08655747013173623ee2b112012f8,products_found
1,,8211605,a140d838b0f60c1e9fb46f882937175cfaf08655747013173623ee2b112012f8,products_found
1,,8212002,a140d838b0f60c1e9fb46f882937175cfaf08655747013173623ee2b112012f8,products_found
1,,8218379,a140d838b0f60c1e9fb46f882937175cfaf08655747013173623ee2b112012f8,products_found
1,,8219268,a140d838b0f60c1e9fb46f882937175cfaf08655747013173623ee2b112012f8,products_found
1,,8219673,a140d838b0f60c1e9fb46f882937175cfaf08655747013173623ee2b112012f8,products_found
1,,8222813,a140d838b0f60c1e9fb46f882937175cfaf08655747013173623ee2b112012f8,products_found
1,,8223328,a140d838b0f60c1e9fb46f882937175cfaf08655747013173623ee2b112012f8,products_found
1,,8223655,a140d838b0f60c1e9fb46f882937175cfaf08655747013173623ee2b112012f8,products_found
1,,8226050,a140d838b0f60c1e9fb46f882937175cfaf08655747013173623ee2b112012f8,products_found
1,,8226720,a140d838b0f60c1e9fb46f882937175cfaf08655747013173623ee2b112012f8,products_found
1,,8226994,a140d838b0f60c1e9fb46f882937175cfaf08655747013173623ee2b112012f8,products_found
1,,8227661,a140d838b0f60c1e9fb46f882937175cfaf08655747013173623ee2b112012f8,products_found
1,,8229048,a140d838b0f60c1e9fb46f882937175cfaf08655747013173623ee2b112012f8,products_found
1,,8229458,a140d838b0f60c1e9fb46f882937175cfaf08655747013173623ee2b112012f8,products_found
1,,8229696,a140d838b0f60c1e9fb46f882937175cfaf08655747013173623ee2b112012f8,products_found
1,,8230616,a140d838b0f60c1e9fb46f882937175cfaf08655747013173623ee2b112012f8,products_found
1,,8230809,a140d838b0f60c1e9fb46f882937175cfaf08655747013173623ee2b112012f8,products_found
1,,8231299,a140d838b0f60c1e9fb46f882937175cfaf08655747013173623ee2b112012f8,products_found
1,,8231667,a140d838b0f60c1e9fb46f882937175cfaf08655747013173623ee2b112012f8,products_found
1,,8231877,a140d838b0f60c1e9fb46f882937175cfaf08655747013173623ee2b112012f8,products_found
1,,8233702,a140d838b0f60c1e9fb46f882937175cfaf08655747013173623ee2b112012f8,products_found
1,,8233802,a140d838b0f60c1e9fb46f882937175cfaf08655747013173623ee2b112012f8,products_found
1,,8234477,a140d838b0f60c1e9fb46f882937175cfaf08655747013173623ee2b112012f8,products_found
1,,8240109,a140d838b0f60c1e9fb46f882937175cfaf08655747013173623ee2b112012f8,products_found
1,,8240123,a140d838b0f60c1e9fb46f882937175cfaf08655747013173623ee2b112012f8,products_found
1,,8240797,a140d838b0f60c1e9fb46f882937175cfaf08655747013173623ee2b112012f8,products_found
1,,8240861,a140d838b0f60c1e9fb46f882937175cfaf08655747013173623ee2b112012f8,products_found
1,,8240904,a140d838b0f60c1e9fb46f882937175cfaf08655747013173623ee2b112012f8,products_found
1,,8242350,a140d838b0f60c1e9fb46f882937175cfaf08655747013173623ee2b112012f8,products_found
1,,8242434,a140d838b0f60c1e9fb46f882937175cfaf08655747013173623ee2b112012f8,products_found
1,,8242681,a140d838b0f60c1e9fb46f882937175cfaf08655747013173623ee2b112012f8,products_found
1,,8243263,a140d838b0f60c1e9fb46f882937175cfaf08655747013173623ee2b112012f8,products_found
1,,8243283,a140d838b0f60c1e9fb46f882937175cfaf08655747013173623ee2b112012f8,products_found
1,,8244173,a140d838b0f60c1e9fb46f882937175cfaf08655747013173623ee2b112012f8,products_found
1,,8244190,a140d838b0f60c1e9fb46f882937175cfaf08655747013173623ee2b112012f8,products_found
1,,8244295,a140d838b0f60c1e9fb46f882937175cfaf08655747013173623ee2b112012f8,products_found
1,,8245108,a140d838b0f60c1e9fb46f882937175cfaf08655747013173623ee2b112012f8,products_found
1,,8246781,a140d838b0f60c1e9fb46f882937175cfaf08655747013173623ee2b112012f8,products_found
1,,8247638,a140d838b0f60c1e9fb46f882937175cfaf08655747013173623ee2b112012f8,products_found
1,,8247771,a140d838b0f60c1e9fb46f882937175cfaf08655747013173623ee2b112012f8,products_found
1,,8248939,a140d838b0f60c1e9fb46f882937175cfaf08655747013173623ee2b112012f8,products_found
1,,8254882,a140d838b0f60c1e9fb46f882937175cfaf08655747013173623ee2b112012f8,products_found
1,,8255058,a140d838b0f60c1e9fb46f882937175cfaf08655747013173623ee2b112012f8,products_found
1,,8255887,a140d838b0f60c1e9fb46f882937175cfaf08655747013173623ee2b112012f8,products_found
1,,8256044,a140d838b0f60c1e9fb46f882937175cfaf08655747013173623ee2b112012f8,products_found
1,,8256049,a140d838b0f60c1e9fb46f882937175cfaf08655747013173623ee2b112012f8,products_found
1,,8257205,a140d838b0f60c1e9fb46f882937175cfaf08655747013173623ee2b112012f8,products_found
1,,8257407,a140d838b0f60c1e9fb46f882937175cfaf08655747013173623ee2b112012f8,products_found
1,,8258160,a140d838b0f60c1e9fb46f882937175cfaf08655747013173623ee2b112012f8,products_found
1,,8258171,a140d838b0f60c1e9fb46f882937175cfaf08655747013173623ee2b112012f8,products_found
1,,8260198,a140d838b0f60c1e9fb46f882937175cfaf08655747013173623ee2b112012f8,products_found
1,,8260234,a140d838b0f60c1e9fb46f882937175cfaf08655747013173623ee2b112012f8,products_found
1,,8260269,a140d838b0f60c1e9fb46f882937175cfaf08655747013173623ee2b112012f8,products_found
1,,8260902,a140d838b0f60c1e9fb46f882937175cfaf08655747013173623ee2b112012f8,products_found
1,,8261920,a140d838b0f60c1e9fb46f882937175cfaf08655747013173623ee2b112012f8,products_found
1,,8262210,a140d838b0f60c1e9fb46f882937175cfaf08655747013173623ee2b112012f8,products_found
1,,8262223,a140d838b0f60c1e9fb46f882937175cfaf08655747013173623ee2b112012f8,products_found
1,,8263545,a140d838b0f60c1e9fb46f882937175cfaf08655747013173623ee2b112012f8,products_found
1,,8263746,a140d838b0f60c1e9fb46f882937175cfaf08655747013173623ee2b112012f8,products_found
1,,8263752,a140d838b0f60c1e9fb46f882937175cfaf08655747013173623ee2b112012f8,products_found
1,,8264070,a140d838b0f60c1e9fb46f882937175cfaf08655747013173623ee2b112012f8,products_found
1,,8264097,a140d838b0f60c1e9fb46f882937175cfaf08655747013173623ee2b112012f8,products_found
1,,8265156,a140d838b0f60c1e9fb46f882937175cfaf08655747013173623ee2b112012f8,products_found
1,,8266276,a140d838b0f60c1e9fb46f882937175cfaf08655747013173623ee2b112012f8,products_found
1,,8277797,a140d838b0f60c1e9fb46f882937175cfaf08655747013173623ee2b112012f8,products_found
1,,8278371,a140d838b0f60c1e9fb46f882937175cfaf08655747013173623ee2b112012f8,products_found
1,,8279765,a140d838b0f60c1e9fb46f882937175cfaf08655747013173623ee2b112012f8,products_found
1,,8280511,a140d838b0f60c1e9fb46f882937175cfaf08655747013173623ee2b112012f8,products_found
1,,8282651,a140d838b0f60c1e9fb46f882937175cfaf08655747013173623ee2b112012f8,products_found
1,,8282846,a140d838b0f60c1e9fb46f882937175cfaf08655747013173623ee2b112012f8,products_found
1,,8285254,a140d838b0f60c1e9fb46f882937175cfaf08655747013173623ee2b112012f8,products_found
1,,8285970,a140d838b0f60c1e9fb46f882937175cfaf08655747013173623ee2b112012f8,products_found
1,,8288404,a140d838b0f60c1e9fb46f882937175cfaf08655747013173623ee2b112012f8,products_found
1,,8288719,a140d838b0f60c1e9fb46f882937175cfaf08655747013173623ee2b112012f8,products_found
1,,8288947,a140d838b0f60c1e9fb46f882937175cfaf08655747013173623ee2b112012f8,products_found
1,,8292840,a140d838b0f60c1e9fb46f882937175cfaf08655747013173623ee2b112012f8,products_found
1,,8293631,a140d838b0f60c1e9fb46f882937175cfaf08655747013173623ee2b112012f8,products_found
1,,8294484,a140d838b0f60c1e9fb46f882937175cfaf08655747013173623ee2b112012f8,products_found
1,,8295671,a140d838b0f60c1e9fb46f882937175cfaf08655747013173623ee2b112012f8,products_found
1,,8296467,a140d838b0f60c1e9fb46f882937175cfaf08655747013173623ee2b112012f8,products_found
1,,8297017,a140d838b0f60c1e9fb46f882937175cfaf08655747013173623ee2b112012f8,products_found
1,,8299947,a140d838b0f60c1e9fb46f882937175cfaf08655747013173623ee2b112012f8,products_found
1,,8299955,a140d838b0f60c1e9fb46f882937175cfaf08655747013173623ee2b112012f8,products_found
1,,8301013,a140d838b0f60c1e9fb46f882937175cfaf08655747013173623ee2b112012f8,products_found
1,,8302302,a140d838b0f60c1e9fb46f882937175cfaf08655747013173623ee2b112012f8,products_found
1,,8302450,a140d838b0f60c1e9fb46f882937175cfaf08655747013173623ee2b112012f8,products_found
1,,8302455,a140d838b0f60c1e9fb46f882937175cfaf08655747013173623ee2b112012f8,products_found
1,,8302473,a140d838b0f60c1e9fb46f882937175cfaf08655747013173623ee2b112012f8,products_found
1,,8307354,a140d838b0f60c1e9fb46f882937175cfaf08655747013173623ee2b112012f8,products_found
1,,8308260,a140d838b0f60c1e9fb46f882937175cfaf08655747013173623ee2b112012f8,products_found
1,,8308347,a140d838b0f60c1e9fb46f882937175cfaf08655747013173623ee2b112012f8,products_found
1,,8311864,a140d838b0f60c1e9fb46f882937175cfaf08655747013173623ee2b112012f8,products_found
1,,8312222,a140d838b0f60c1e9fb46f882937175cfaf08655747013173623ee2b112012f8,products_found
1,,8312852,a140d838b0f60c1e9fb46f882937175cfaf08655747013173623ee2b112012f8,products_found
1,,8314801,a140d838b0f60c1e9fb46f882937175cfaf08655747013173623ee2b112012f8,products_found
1,,8316503,a140d838b0f60c1e9fb46f882937175cfaf08655747013173623ee2b112012f8,products_found
1,,8320630,a140d838b0f60c1e9fb46f882937175cfaf08655747013173623ee2b112012f8,products_found
1,,8321314,a140d838b0f60c1e9fb46f882937175cfaf08655747013173623ee2b112012f8,products_found
1,,8323753,a140d838b0f60c1e9fb46f882937175cfaf08655747013173623ee2b112012f8,products_found
1,,8323764,a140d838b0f60c1e9fb46f882937175cfaf08655747013173623ee2b112012f8,products_found
1,,8326342,a140d838b0f60c1e9fb46f882937175cfaf08655747013173623ee2b112012f8,products_found
1,,8330548,a140d838b0f60c1e9fb46f882937175cfaf08655747013173623ee2b112012f8,products_found
1,,8330575,a140d838b0f60c1e9fb46f882937175cfaf08655747013173623ee2b112012f8,products_found
1,,8331612,a140d838b0f60c1e9fb46f882937175cfaf08655747013173623ee2b112012f8,products_found
1,,8332986,a140d838b0f60c1e9fb46f882937175cfaf08655747013173623ee2b112012f8,products_found
1,,8344004,a140d838b0f60c1e9fb46f882937175cfaf08655747013173623ee2b112012f8,products_found
1,,8345172,a140d838b0f60c1e9fb46f882937175cfaf08655747013173623ee2b112012f8,products_found
1,,8345358,a140d838b0f60c1e9fb46f882937175cfaf08655747013173623ee2b112012f8,products_found
1,,8345473,a140d838b0f60c1e9fb46f882937175cfaf08655747013173623ee2b112012f8,products_found
1,,8346392,a140d838b0f60c1e9fb46f882937175cfaf08655747013173623ee2b112012f8,products_found
1,,8349582,a140d838b0f60c1e9fb46f882937175cfaf08655747013173623ee2b112012f8,products_found
1,,8351704,a140d838b0f60c1e9fb46f882937175cfaf08655747013173623ee2b112012f8,products_found
1,,8352537,a140d838b0f60c1e9fb46f882937175cfaf08655747013173623ee2b112012f8,products_found
1,,8355239,a140d838b0f60c1e9fb46f882937175cfaf08655747013173623ee2b112012f8,products_found
1,,8356054,a140d838b0f60c1e9fb46f882937175cfaf08655747013173623ee2b112012f8,products_found
1,,8358008,a140d838b0f60c1e9fb46f882937175cfaf08655747013173623ee2b112012f8,products_found
1,,8358012,a140d838b0f60c1e9fb46f882937175cfaf08655747013173623ee2b112012f8,products_found
1,,8359498,a140d838b0f60c1e9fb46f882937175cfaf08655747013173623ee2b112012f8,products_found
1,,8360640,a140d838b0f60c1e9fb46f882937175cfaf08655747013173623ee2b112012f8,products_found
1,,8361905,a140d838b0f60c1e9fb46f882937175cfaf08655747013173623ee2b112012f8,products_found
1,,8364115,a140d838b0f60c1e9fb46f882937175cfaf08655747013173623ee2b112012f8,products_found
1,,8364119,a140d838b0f60c1e9fb46f882937175cfaf08655747013173623ee2b112012f8,products_found
1,,8364969,a140d838b0f60c1e9fb46f882937175cfaf08655747013173623ee2b112012f8,products_found
1,,8365739,a140d838b0f60c1e9fb46f882937175cfaf08655747013173623ee2b112012f8,products_found
1,,8367113,a140d838b0f60c1e9fb46f882937175cfaf08655747013173623ee2b112012f8,products_found
1,,8367298,a140d838b0f60c1e9fb46f882937175cfaf08655747013173623ee2b112012f8,products_found
1,,8367644,a140d838b0f60c1e9fb46f882937175cfaf08655747013173623ee2b112012f8,products_found
1,,8374394,a140d838b0f60c1e9fb46f882937175cfaf08655747013173623ee2b112012f8,products_found
1,,8374494,a140d838b0f60c1e9fb46f882937175cfaf08655747013173623ee2b112012f8,products_found
1,,8374499,a140d838b0f60c1e9fb46f882937175cfaf08655747013173623ee2b112012f8,products_found
1,,8374580,a140d838b0f60c1e9fb46f882937175cfaf08655747013173623ee2b112012f8,products_found
1,,8378634,a140d838b0f60c1e9fb46f882937175cfaf08655747013173623ee2b112012f8,products_found
1,,8378656,a140d838b0f60c1e9fb46f882937175cfaf08655747013173623ee2b112012f8,products_found
1,,8378922,a140d838b0f60c1e9fb46f882937175cfaf08655747013173623ee2b112012f8,products_found
1,,8379547,a140d838b0f60c1e9fb46f882937175cfaf08655747013173623ee2b112012f8,products_found
1,,8379705,a140d838b0f60c1e9fb46f882937175cfaf08655747013173623ee2b112012f8,products_found
1,,8380709,a140d838b0f60c1e9fb46f882937175cfaf08655747013173623ee2b112012f8,products_found
1,,8380743,a140d838b0f60c1e9fb46f882937175cfaf08655747013173623ee2b112012f8,products_found
1,,8381204,a140d838b0f60c1e9fb46f882937175cfaf08655747013173623ee2b112012f8,products_found
1,,8381592,a140d838b0f60c1e9fb46f882937175cfaf08655747013173623ee2b112012f8,products_found
1,,8381693,a140d838b0f60c1e9fb46f882937175cfaf08655747013173623ee2b112012f8,products_found
1,,8382339,a140d838b0f60c1e9fb46f882937175cfaf08655747013173623ee2b112012f8,products_found
1,,8386035,a140d838b0f60c1e9fb46f882937175cfaf08655747013173623ee2b112012f8,products_found
1,,8394721,a140d838b0f60c1e9fb46f882937175cfaf08655747013173623ee2b112012f8,products_found
1,,8395660,a140d838b0f60c1e9fb46f882937175cfaf08655747013173623ee2b112012f8,products_found
1,,8397446,a140d838b0f60c1e9fb46f882937175cfaf08655747013173623ee2b112012f8,products_found
1,,8397947,a140d838b0f60c1e9fb46f882937175cfaf08655747013173623ee2b112012f8,products_found
1,,8398290,a140d838b0f60c1e9fb46f882937175cfaf08655747013173623ee2b112012f8,products_found
1,,8409295,a140d838b0f60c1e9fb46f882937175cfaf08655747013173623ee2b112012f8,products_found
1,,8409588,a140d838b0f60c1e9fb46f882937175cfaf08655747013173623ee2b112012f8,products_found
1,,8410415,a140d838b0f60c1e9fb46f882937175cfaf08655747013173623ee2b112012f8,products_found
1,,8410727,a140d838b0f60c1e9fb46f882937175cfaf08655747013173623ee2b112012f8,products_found
1,,8411947,a140d838b0f60c1e9fb46f882937175cfaf08655747013173623ee2b112012f8,products_found
1,,8414159,a140d838b0f60c1e9fb46f882937175cfaf08655747013173623ee2b112012f8,products_found
1,,8414216,a140d838b0f60c1e9fb46f882937175cfaf08655747013173623ee2b112012f8,products_found
1,,8414716,a140d838b0f60c1e9fb46f882937175cfaf08655747013173623ee2b112012f8,products_found
1,,8414907,a140d838b0f60c1e9fb46f882937175cfaf08655747013173623ee2b112012f8,products_found
1,,8414914,a140d838b0f60c1e9fb46f882937175cfaf08655747013173623ee2b112012f8,products_found
1,,8415200,a140d838b0f60c1e9fb46f882937175cfaf08655747013173623ee2b112012f8,products_found
1,,8415745,a140d838b0f60c1e9fb46f882937175cfaf08655747013173623ee2b112012f8,products_found
1,,8415863,a140d838b0f60c1e9fb46f882937175cfaf08655747013173623ee2b112012f8,products_found
1,,8416523,a140d838b0f60c1e9fb46f882937175cfaf08655747013173623ee2b112012f8,products_found
1,,8417078,a140d838b0f60c1e9fb46f882937175cfaf08655747013173623ee2b112012f8,products_found
1,,8423903,a140d838b0f60c1e9fb46f882937175cfaf08655747013173623ee2b112012f8,products_found
1,,8424002,a140d838b0f60c1e9fb46f882937175cfaf08655747013173623ee2b112012f8,products_found
1,,8426567,a140d838b0f60c1e9fb46f882937175cfaf08655747013173623ee2b112012f8,products_found
1,,8429014,a140d838b0f60c1e9fb46f882937175cfaf08655747013173623ee2b112012f8,products_found
1,,8429314,a140d838b0f60c1e9fb46f882937175cfaf08655747013173623ee2b112012f8,products_found
1,,8429415,a140d838b0f60c1e9fb46f882937175cfaf08655747013173623ee2b112012f8,products_found
1,,8429450,a140d838b0f60c1e9fb46f882937175cfaf08655747013173623ee2b112012f8,products_found
1,,8429566,a140d838b0f60c1e9fb46f882937175cfaf08655747013173623ee2b112012f8,products_found
1,,8429668,a140d838b0f60c1e9fb46f882937175cfaf08655747013173623ee2b112012f8,products_found
1,,8430105,a140d838b0f60c1e9fb46f882937175cfaf08655747013173623ee2b112012f8,products_found
1,,8430964,a140d838b0f60c1e9fb46f882937175cfaf08655747013173623ee2b112012f8,products_found
1,,8432034,a140d838b0f60c1e9fb46f882937175cfaf08655747013173623ee2b112012f8,products_found
1,,8435232,a140d838b0f60c1e9fb46f882937175cfaf08655747013173623ee2b112012f8,products_found
1,,8439323,a140d838b0f60c1e9fb46f882937175cfaf08655747013173623ee2b112012f8,products_found
1,,8439618,a140d838b0f60c1e9fb46f882937175cfaf08655747013173623ee2b112012f8,products_found
1,,8440062,a140d838b0f60c1e9fb46f882937175cfaf08655747013173623ee2b112012f8,products_found
1,,8444552,a140d838b0f60c1e9fb46f882937175cfaf08655747013173623ee2b112012f8,products_found
1,,8445775,a140d838b0f60c1e9fb46f882937175cfaf08655747013173623ee2b112012f8,products_found
1,,8453191,a140d838b0f60c1e9fb46f882937175cfaf08655747013173623ee2b112012f8,products_found
1,,8453211,a140d838b0f60c1e9fb46f882937175cfaf08655747013173623ee2b112012f8,products_found
1,,8453214,a140d838b0f60c1e9fb46f882937175cfaf08655747013173623ee2b112012f8,products_found
1,,8453324,a140d838b0f60c1e9fb46f882937175cfaf08655747013173623ee2b112012f8,products_found
1,,8453851,a140d838b0f60c1e9fb46f882937175cfaf08655747013173623ee2b112012f8,products_found
1,,8456679,a140d838b0f60c1e9fb46f882937175cfaf08655747013173623ee2b112012f8,products_found
1,,8458207,a140d838b0f60c1e9fb46f882937175cfaf08655747013173623ee2b112012f8,products_found
1,,8459354,a140d838b0f60c1e9fb46f882937175cfaf08655747013173623ee2b112012f8,products_found
1,,8459663,a140d838b0f60c1e9fb46f882937175cfaf08655747013173623ee2b112012f8,products_found
1,,8460600,a140d838b0f60c1e9fb46f882937175cfaf08655747013173623ee2b112012f8,products_found
1,,8460634,a140d838b0f60c1e9fb46f882937175cfaf08655747013173623ee2b112012f8,products_found
1,,8462258,a140d838b0f60c1e9fb46f882937175cfaf08655747013173623ee2b112012f8,products_found
1,,8463346,a140d838b0f60c1e9fb46f882937175cfaf08655747013173623ee2b112012f8,products_found
1,,8474898,a140d838b0f60c1e9fb46f882937175cfaf08655747013173623ee2b112012f8,products_found
1,,8478994,a140d838b0f60c1e9fb46f882937175cfaf08655747013173623ee2b112012f8,products_found
1,,8479386,a140d838b0f60c1e9fb46f882937175cfaf08655747013173623ee2b112012f8,products_found
1,,8480285,a140d838b0f60c1e9fb46f882937175cfaf08655747013173623ee2b112012f8,products_found
1,,8480582,a140d838b0f60c1e9fb46f882937175cfaf08655747013173623ee2b112012f8,products_found
1,,8480642,a140d838b0f60c1e9fb46f882937175cfaf08655747013173623ee2b112012f8,products_found
1,,8481129,a140d838b0f60c1e9fb46f882937175cfaf08655747013173623ee2b112012f8,products_found
1,,8487645,a140d838b0f60c1e9fb46f882937175cfaf08655747013173623ee2b112012f8,products_found
1,,8487748,a140d838b0f60c1e9fb46f882937175cfaf08655747013173623ee2b112012f8,products_found
1,,8487805,a140d838b0f60c1e9fb46f882937175cfaf08655747013173623ee2b112012f8,products_found
1,,8487838,a140d838b0f60c1e9fb46f882937175cfaf08655747013173623ee2b112012f8,products_found
1,,8488876,a140d838b0f60c1e9fb46f882937175cfaf08655747013173623ee2b112012f8,products_found
1,,8488878,a140d838b0f60c1e9fb46f882937175cfaf08655747013173623ee2b112012f8,products_found
1,,8490993,a140d838b0f60c1e9fb46f882937175cfaf08655747013173623ee2b112012f8,products_found
1,,8491277,a140d838b0f60c1e9fb46f882937175cfaf08655747013173623ee2b112012f8,products_found
1,,8491745,a140d838b0f60c1e9fb46f882937175cfaf08655747013173623ee2b112012f8,products_found
1,,8492026,a140d838b0f60c1e9fb46f882937175cfaf08655747013173623ee2b112012f8,products_found
1,,8492101,a140d838b0f60c1e9fb46f882937175cfaf08655747013173623ee2b112012f8,products_found
1,,8494142,a140d838b0f60c1e9fb46f882937175cfaf08655747013173623ee2b112012f8,products_found
1,,8494263,a140d838b0f60c1e9fb46f882937175cfaf08655747013173623ee2b112012f8,products_found
1,,8494410,a140d838b0f60c1e9fb46f882937175cfaf08655747013173623ee2b112012f8,products_found
1,,8494542,a140d838b0f60c1e9fb46f882937175cfaf08655747013173623ee2b112012f8,products_found
1,,8494617,a140d838b0f60c1e9fb46f882937175cfaf08655747013173623ee2b112012f8,products_found
1,,8495232,a140d838b0f60c1e9fb46f882937175cfaf08655747013173623ee2b112012f8,products_found
1,,8495415,a140d838b0f60c1e9fb46f882937175cfaf08655747013173623ee2b112012f8,products_found
1,,8504570,a140d838b0f60c1e9fb46f882937175cfaf08655747013173623ee2b112012f8,products_found
1,,8505670,a140d838b0f60c1e9fb46f882937175cfaf08655747013173623ee2b112012f8,products_found
1,,8505920,a140d838b0f60c1e9fb46f882937175cfaf08655747013173623ee2b112012f8,products_found
1,,8506766,a140d838b0f60c1e9fb46f882937175cfaf08655747013173623ee2b112012f8,products_found
1,,8507073,a140d838b0f60c1e9fb46f882937175cfaf08655747013173623ee2b112012f8,products_found
1,,8507475,a140d838b0f60c1e9fb46f882937175cfaf08655747013173623ee2b112012f8,products_found
1,,8508126,a140d838b0f60c1e9fb46f882937175cfaf08655747013173623ee2b112012f8,products_found
1,,8508493,a140d838b0f60c1e9fb46f882937175cfaf08655747013173623ee2b112012f8,products_found
1,,8509346,a140d838b0f60c1e9fb46f882937175cfaf08655747013173623ee2b112012f8,products_found
1,,8509361,a140d838b0f60c1e9fb46f882937175cfaf08655747013173623ee2b112012f8,products_found
1,,8509781,a140d838b0f60c1e9fb46f882937175cfaf08655747013173623ee2b112012f8,products_found
1,,8517303,a140d838b0f60c1e9fb46f882937175cfaf08655747013173623ee2b112012f8,products_found
1,,8517433,a140d838b0f60c1e9fb46f882937175cfaf08655747013173623ee2b112012f8,products_found
1,,8519253,a140d838b0f60c1e9fb46f882937175cfaf08655747013173623ee2b112012f8,products_found
1,,8521059,a140d838b0f60c1e9fb46f882937175cfaf08655747013173623ee2b112012f8,products_found
1,,8524110,a140d838b0f60c1e9fb46f882937175cfaf08655747013173623ee2b112012f8,products_found
1,,8524346,a140d838b0f60c1e9fb46f882937175cfaf08655747013173623ee2b112012f8,products_found
1,,8526387,a140d838b0f60c1e9fb46f882937175cfaf08655747013173623ee2b112012f8,products_found
1,,8540376,a140d838b0f60c1e9fb46f882937175cfaf08655747013173623ee2b112012f8,products_found
1,,8543100,a140d838b0f60c1e9fb46f882937175cfaf08655747013173623ee2b112012f8,products_found
1,,8543278,a140d838b0f60c1e9fb46f882937175cfaf08655747013173623ee2b112012f8,products_found
1,,8543279,a140d838b0f60c1e9fb46f882937175cfaf08655747013173623ee2b112012f8,products_found
1,,8544992,a140d838b0f60c1e9fb46f882937175cfaf08655747013173623ee2b112012f8,products_found
1,,8544996,a140d838b0f60c1e9fb46f882937175cfaf08655747013173623ee2b112012f8,products_found
1,,8545603,a140d838b0f60c1e9fb46f882937175cfaf08655747013173623ee2b112012f8,products_found
1,,8547140,a140d838b0f60c1e9fb46f882937175cfaf08655747013173623ee2b112012f8,products_found
1,,8547429,a140d838b0f60c1e9fb46f882937175cfaf08655747013173623ee2b112012f8,products_found
1,,8552500,a140d838b0f60c1e9fb46f882937175cfaf08655747013173623ee2b112012f8,products_found
1,,8552540,a140d838b0f60c1e9fb46f882937175cfaf08655747013173623ee2b112012f8,products_found
1,,8552565,a140d838b0f60c1e9fb46f882937175cfaf08655747013173623ee2b112012f8,products_found
1,,8552583,a140d838b0f60c1e9fb46f882937175cfaf08655747013173623ee2b112012f8,products_found
1,,8552587,a140d838b0f60c1e9fb46f882937175cfaf08655747013173623ee2b112012f8,products_found
1,,8552607,a140d838b0f60c1e9fb46f882937175cfaf08655747013173623ee2b112012f8,products_found
1,,8552719,a140d838b0f60c1e9fb46f882937175cfaf08655747013173623ee2b112012f8,products_found
1,,8553788,a140d838b0f60c1e9fb46f882937175cfaf08655747013173623ee2b112012f8,products_found
1,,8553907,a140d838b0f60c1e9fb46f882937175cfaf08655747013173623ee2b112012f8,products_found
1,,8554701,a140d838b0f60c1e9fb46f882937175cfaf08655747013173623ee2b112012f8,products_found
1,,8556077,a140d838b0f60c1e9fb46f882937175cfaf08655747013173623ee2b112012f8,products_found
1,,8557246,a140d838b0f60c1e9fb46f882937175cfaf08655747013173623ee2b112012f8,products_found
1,,8557374,a140d838b0f60c1e9fb46f882937175cfaf08655747013173623ee2b112012f8,products_found
1,,8558011,a140d838b0f60c1e9fb46f882937175cfaf08655747013173623ee2b112012f8,products_found
1,,8559152,a140d838b0f60c1e9fb46f882937175cfaf08655747013173623ee2b112012f8,products_found
1,,8559589,a140d838b0f60c1e9fb46f882937175cfaf08655747013173623ee2b112012f8,products_found
1,,8559644,a140d838b0f60c1e9fb46f882937175cfaf08655747013173623ee2b112012f8,products_found
1,,8559796,a140d838b0f60c1e9fb46f882937175cfaf08655747013173623ee2b112012f8,products_found
1,,8559863,a140d838b0f60c1e9fb46f882937175cfaf08655747013173623ee2b112012f8,products_found
1,,8560280,a140d838b0f60c1e9fb46f882937175cfaf08655747013173623ee2b112012f8,products_found
1,,8560285,a140d838b0f60c1e9fb46f882937175cfaf08655747013173623ee2b112012f8,products_found
1,,8560804,a140d838b0f60c1e9fb46f882937175cfaf08655747013173623ee2b112012f8,products_found
1,,8560840,a140d838b0f60c1e9fb46f882937175cfaf08655747013173623ee2b112012f8,products_found
1,,8560861,a140d838b0f60c1e9fb46f882937175cfaf08655747013173623ee2b112012f8,products_found
1,,8560927,a140d838b0f60c1e9fb46f882937175cfaf08655747013173623ee2b112012f8,products_found
1,,8560940,a140d838b0f60c1e9fb46f882937175cfaf08655747013173623ee2b112012f8,products_found
1,,8561063,a140d838b0f60c1e9fb46f882937175cfaf08655747013173623ee2b112012f8,products_found
1,,8561192,a140d838b0f60c1e9fb46f882937175cfaf08655747013173623ee2b112012f8,products_found
1,,8561231,a140d838b0f60c1e9fb46f882937175cfaf08655747013173623ee2b112012f8,products_found
1,,8564587,a140d838b0f60c1e9fb46f882937175cfaf08655747013173623ee2b112012f8,products_found
1,,8564674,a140d838b0f60c1e9fb46f882937175cfaf08655747013173623ee2b112012f8,products_found
1,,8565266,a140d838b0f60c1e9fb46f882937175cfaf08655747013173623ee2b112012f8,products_found
1,,8565900,a140d838b0f60c1e9fb46f882937175cfaf08655747013173623ee2b112012f8,products_found
1,,8565912,a140d838b0f60c1e9fb46f882937175cfaf08655747013173623ee2b112012f8,products_found
1,,8569819,a140d838b0f60c1e9fb46f882937175cfaf08655747013173623ee2b112012f8,products_found
1,,8570333,a140d838b0f60c1e9fb46f882937175cfaf08655747013173623ee2b112012f8,products_found
1,,8572168,a140d838b0f60c1e9fb46f882937175cfaf08655747013173623ee2b112012f8,products_found
1,,8572936,a140d838b0f60c1e9fb46f882937175cfaf08655747013173623ee2b112012f8,products_found
1,,8573168,a140d838b0f60c1e9fb46f882937175cfaf08655747013173623ee2b112012f8,products_found
1,,8573193,a140d838b0f60c1e9fb46f882937175cfaf08655747013173623ee2b112012f8,products_found
1,,8574270,a140d838b0f60c1e9fb46f882937175cfaf08655747013173623ee2b112012f8,products_found
1,,8578780,a140d838b0f60c1e9fb46f882937175cfaf08655747013173623ee2b112012f8,products_found
1,,8580438,a140d838b0f60c1e9fb46f882937175cfaf08655747013173623ee2b112012f8,products_found
1,,8581232,a140d838b0f60c1e9fb46f882937175cfaf08655747013173623ee2b112012f8,products_found
1,,8581658,a140d838b0f60c1e9fb46f882937175cfaf08655747013173623ee2b112012f8,products_found
1,,8582291,a140d838b0f60c1e9fb46f882937175cfaf08655747013173623ee2b112012f8,products_found
1,,8583696,a140d838b0f60c1e9fb46f882937175cfaf08655747013173623ee2b112012f8,products_found
1,,8587439,a140d838b0f60c1e9fb46f882937175cfaf08655747013173623ee2b112012f8,products_found
1,,8588377,a140d838b0f60c1e9fb46f882937175cfaf08655747013173623ee2b112012f8,products_found
1,,8588982,a140d838b0f60c1e9fb46f882937175cfaf08655747013173623ee2b112012f8,products_found
1,,8589731,a140d838b0f60c1e9fb46f882937175cfaf08655747013173623ee2b112012f8,products_found
1,,8589754,a140d838b0f60c1e9fb46f882937175cfaf08655747013173623ee2b112012f8,products_found
1,,8590527,a140d838b0f60c1e9fb46f882937175cfaf08655747013173623ee2b112012f8,products_found
1,,8590776,a140d838b0f60c1e9fb46f882937175cfaf08655747013173623ee2b112012f8,products_found
1,,8590780,a140d838b0f60c1e9fb46f882937175cfaf08655747013173623ee2b112012f8,products_found
1,,8591173,a140d838b0f60c1e9fb46f882937175cfaf08655747013173623ee2b112012f8,products_found
1,,8591693,a140d838b0f60c1e9fb46f882937175cfaf08655747013173623ee2b112012f8,products_found
1,,8604993,a140d838b0f60c1e9fb46f882937175cfaf08655747013173623ee2b112012f8,products_found
1,,8605074,a140d838b0f60c1e9fb46f882937175cfaf08655747013173623ee2b112012f8,products_found
1,,8608490,a140d838b0f60c1e9fb46f882937175cfaf08655747013173623ee2b112012f8,products_found
1,,8608544,a140d838b0f60c1e9fb46f882937175cfaf08655747013173623ee2b112012f8,products_found
1,,8609450,a140d838b0f60c1e9fb46f882937175cfaf08655747013173623ee2b112012f8,products_found
1,,8610483,a140d838b0f60c1e9fb46f882937175cfaf08655747013173623ee2b112012f8,products_found
1,,8611257,a140d838b0f60c1e9fb46f882937175cfaf08655747013173623ee2b112012f8,products_found
1,,8611781,a140d838b0f60c1e9fb46f882937175cfaf08655747013173623ee2b112012f8,products_found
1,,8611832,a140d838b0f60c1e9fb46f882937175cfaf08655747013173623ee2b112012f8,products_found
1,,8612275,a140d838b0f60c1e9fb46f882937175cfaf08655747013173623ee2b112012f8,products_found
1,,8612847,a140d838b0f60c1e9fb46f882937175cfaf08655747013173623ee2b112012f8,products_found
1,,8613535,a140d838b0f60c1e9fb46f882937175cfaf08655747013173623ee2b112012f8,products_found
1,,8616637,a140d838b0f60c1e9fb46f882937175cfaf08655747013173623ee2b112012f8,products_found
1,,8616873,a140d838b0f60c1e9fb46f882937175cfaf08655747013173623ee2b112012f8,products_found
1,,8617363,a140d838b0f60c1e9fb46f882937175cfaf08655747013173623ee2b112012f8,products_found
1,,8618147,a140d838b0f60c1e9fb46f882937175cfaf08655747013173623ee2b112012f8,products_found
1,,8618226,a140d838b0f60c1e9fb46f882937175cfaf08655747013173623ee2b112012f8,products_found
1,,8620402,a140d838b0f60c1e9fb46f882937175cfaf08655747013173623ee2b112012f8,products_found
1,,8620561,a140d838b0f60c1e9fb46f882937175cfaf08655747013173623ee2b112012f8,products_found
1,,8620565,a140d838b0f60c1e9fb46f882937175cfaf08655747013173623ee2b112012f8,products_found
1,,8621026,a140d838b0f60c1e9fb46f882937175cfaf08655747013173623ee2b112012f8,products_found
1,,8621348,a140d838b0f60c1e9fb46f882937175cfaf08655747013173623ee2b112012f8,products_found
1,,8621353,a140d838b0f60c1e9fb46f882937175cfaf08655747013173623ee2b112012f8,products_found
1,,8625732,a140d838b0f60c1e9fb46f882937175cfaf08655747013173623ee2b112012f8,products_found
1,,8625813,a140d838b0f60c1e9fb46f882937175cfaf08655747013173623ee2b112012f8,products_found
1,,8625821,a140d838b0f60c1e9fb46f882937175cfaf08655747013173623ee2b112012f8,products_found
1,,8625925,a140d838b0f60c1e9fb46f882937175cfaf08655747013173623ee2b112012f8,products_found
1,,8628758,a140d838b0f60c1e9fb46f882937175cfaf08655747013173623ee2b112012f8,products_found
1,,8628973,a140d838b0f60c1e9fb46f882937175cfaf08655747013173623ee2b112012f8,products_found
1,,8630788,a140d838b0f60c1e9fb46f882937175cfaf08655747013173623ee2b112012f8,products_found
1,,8630840,a140d838b0f60c1e9fb46f882937175cfaf08655747013173623ee2b112012f8,products_found
1,,8631504,a140d838b0f60c1e9fb46f882937175cfaf08655747013173623ee2b112012f8,products_found
1,,8635938,a140d838b0f60c1e9fb46f882937175cfaf08655747013173623ee2b112012f8,products_found
1,,8636333,a140d838b0f60c1e9fb46f882937175cfaf08655747013173623ee2b112012f8,products_found
1,,8636434,a140d838b0f60c1e9fb46f882937175cfaf08655747013173623ee2b112012f8,products_found
1,,8636600,a140d838b0f60c1e9fb46f882937175cfaf08655747013173623ee2b112012f8,products_found
1,,8639155,a140d838b0f60c1e9fb46f882937175cfaf08655747013173623ee2b112012f8,products_found
1,,8644288,a140d838b0f60c1e9fb46f882937175cfaf08655747013173623ee2b112012f8,products_found
1,,8644365,a140d838b0f60c1e9fb46f882937175cfaf08655747013173623ee2b112012f8,products_found
1,,8645191,a140d838b0f60c1e9fb46f882937175cfaf08655747013173623ee2b112012f8,products_found
1,,8647295,a140d838b0f60c1e9fb46f882937175cfaf08655747013173623ee2b112012f8,products_found
1,,8649876,a140d838b0f60c1e9fb46f882937175cfaf08655747013173623ee2b112012f8,products_found
1,,8651389,a140d838b0f60c1e9fb46f882937175cfaf08655747013173623ee2b112012f8,products_found
1,,8651551,a140d838b0f60c1e9fb46f882937175cfaf08655747013173623ee2b112012f8,products_found
1,,8652360,a140d838b0f60c1e9fb46f882937175cfaf08655747013173623ee2b112012f8,products_found
1,,8652999,a140d838b0f60c1e9fb46f882937175cfaf08655747013173623ee2b112012f8,products_found
1,,8653134,a140d838b0f60c1e9fb46f882937175cfaf08655747013173623ee2b112012f8,products_found
1,,8655354,a140d838b0f60c1e9fb46f882937175cfaf08655747013173623ee2b112012f8,products_found
1,,8655458,a140d838b0f60c1e9fb46f882937175cfaf08655747013173623ee2b112012f8,products_found
1,,8668810,a140d838b0f60c1e9fb46f882937175cfaf08655747013173623ee2b112012f8,products_found
1,,8669092,a140d838b0f60c1e9fb46f882937175cfaf08655747013173623ee2b112012f8,products_found
1,,8672910,a140d838b0f60c1e9fb46f882937175cfaf08655747013173623ee2b112012f8,products_found
1,,8676148,a140d838b0f60c1e9fb46f882937175cfaf08655747013173623ee2b112012f8,products_found
1,,8678594,a140d838b0f60c1e9fb46f882937175cfaf08655747013173623ee2b112012f8,products_found
1,,8678664,a140d838b0f60c1e9fb46f882937175cfaf08655747013173623ee2b112012f8,products_found
1,,8680979,a140d838b0f60c1e9fb46f882937175cfaf08655747013173623ee2b112012f8,products_found
1,,8681734,a140d838b0f60c1e9fb46f882937175cfaf08655747013173623ee2b112012f8,products_found
1,,8681833,a140d838b0f60c1e9fb46f882937175cfaf08655747013173623ee2b112012f8,products_found
1,,8683144,a140d838b0f60c1e9fb46f882937175cfaf08655747013173623ee2b112012f8,products_found
1,,8684730,a140d838b0f60c1e9fb46f882937175cfaf08655747013173623ee2b112012f8,products_found
1,,8685497,a140d838b0f60c1e9fb46f882937175cfaf08655747013173623ee2b112012f8,products_found
1,,8686097,a140d838b0f60c1e9fb46f882937175cfaf08655747013173623ee2b112012f8,products_found
1,,8686150,a140d838b0f60c1e9fb46f882937175cfaf08655747013173623ee2b112012f8,products_found
1,,8686373,a140d838b0f60c1e9fb46f882937175cfaf08655747013173623ee2b112012f8,products_found
1,,8686761,a140d838b0f60c1e9fb46f882937175cfaf08655747013173623ee2b112012f8,products_found
1,,8687088,a140d838b0f60c1e9fb46f882937175cfaf08655747013173623ee2b112012f8,products_found
1,,8689031,a140d838b0f60c1e9fb46f882937175cfaf08655747013173623ee2b112012f8,products_found
1,,8689373,a140d838b0f60c1e9fb46f882937175cfaf08655747013173623ee2b112012f8,products_found
1,,8689793,a140d838b0f60c1e9fb46f882937175cfaf08655747013173623ee2b112012f8,products_found
1,,8690001,a140d838b0f60c1e9fb46f882937175cfaf08655747013173623ee2b112012f8,products_found
1,,8692861,a140d838b0f60c1e9fb46f882937175cfaf08655747013173623ee2b112012f8,products_found
1,,8694309,a140d838b0f60c1e9fb46f882937175cfaf08655747013173623ee2b112012f8,products_found
1,,8695779,a140d838b0f60c1e9fb46f882937175cfaf08655747013173623ee2b112012f8,products_found
1,,8700506,a140d838b0f60c1e9fb46f882937175cfaf08655747013173623ee2b112012f8,products_found
1,,8700537,a140d838b0f60c1e9fb46f882937175cfaf08655747013173623ee2b112012f8,products_found
1,,8700558,a140d838b0f60c1e9fb46f882937175cfaf08655747013173623ee2b112012f8,products_found
1,,8700771,a140d838b0f60c1e9fb46f882937175cfaf08655747013173623ee2b112012f8,products_found
1,,8701327,a140d838b0f60c1e9fb46f882937175cfaf08655747013173623ee2b112012f8,products_found
1,,8702921,a140d838b0f60c1e9fb46f882937175cfaf08655747013173623ee2b112012f8,products_found
1,,8703491,a140d838b0f60c1e9fb46f882937175cfaf08655747013173623ee2b112012f8,products_found
1,,8703506,a140d838b0f60c1e9fb46f882937175cfaf08655747013173623ee2b112012f8,products_found
1,,8703884,a140d838b0f60c1e9fb46f882937175cfaf08655747013173623ee2b112012f8,products_found
1,,8703887,a140d838b0f60c1e9fb46f882937175cfaf08655747013173623ee2b112012f8,products_found
1,,8709688,a140d838b0f60c1e9fb46f882937175cfaf08655747013173623ee2b112012f8,products_found
1,,8711548,a140d838b0f60c1e9fb46f882937175cfaf08655747013173623ee2b112012f8,products_found
1,,8711794,a140d838b0f60c1e9fb46f882937175cfaf08655747013173623ee2b112012f8,products_found
1,,8712863,a140d838b0f60c1e9fb46f882937175cfaf08655747013173623ee2b112012f8,products_found
1,,8718273,a140d838b0f60c1e9fb46f882937175cfaf08655747013173623ee2b112012f8,products_found
1,,8719324,a140d838b0f60c1e9fb46f882937175cfaf08655747013173623ee2b112012f8,products_found
1,,8719419,a140d838b0f60c1e9fb46f882937175cfaf08655747013173623ee2b112012f8,products_found
1,,8719897,a140d838b0f60c1e9fb46f882937175cfaf08655747013173623ee2b112012f8,products_found
1,,8733497,a140d838b0f60c1e9fb46f882937175cfaf08655747013173623ee2b112012f8,products_found
1,,8733898,a140d838b0f60c1e9fb46f882937175cfaf08655747013173623ee2b112012f8,products_found
1,,8736245,a140d838b0f60c1e9fb46f882937175cfaf08655747013173623ee2b112012f8,products_found
1,,8737796,a140d838b0f60c1e9fb46f882937175cfaf08655747013173623ee2b112012f8,products_found
1,,8738115,a140d838b0f60c1e9fb46f882937175cfaf08655747013173623ee2b112012f8,products_found
1,,8738244,a140d838b0f60c1e9fb46f882937175cfaf08655747013173623ee2b112012f8,products_found
1,,8738735,a140d838b0f60c1e9fb46f882937175cfaf08655747013173623ee2b112012f8,products_found
1,,8738775,a140d838b0f60c1e9fb46f882937175cfaf08655747013173623ee2b112012f8,products_found
1,,8739209,a140d838b0f60c1e9fb46f882937175cfaf08655747013173623ee2b112012f8,products_found
1,,8740744,a140d838b0f60c1e9fb46f882937175cfaf08655747013173623ee2b112012f8,products_found
1,,8742270,a140d838b0f60c1e9fb46f882937175cfaf08655747013173623ee2b112012f8,products_found
1,,8742590,a140d838b0f60c1e9fb46f882937175cfaf08655747013173623ee2b112012f8,products_found
1,,8742735,a140d838b0f60c1e9fb46f882937175cfaf08655747013173623ee2b112012f8,products_found
1,,8743244,a140d838b0f60c1e9fb46f882937175cfaf08655747013173623ee2b112012f8,products_found
1,,8745553,a140d838b0f60c1e9fb46f882937175cfaf08655747013173623ee2b112012f8,products_found
1,,8746295,a140d838b0f60c1e9fb46f882937175cfaf08655747013173623ee2b112012f8,products_found
1,,8746310,a140d838b0f60c1e9fb46f882937175cfaf08655747013173623ee2b112012f8,products_found
1,,8747222,a140d838b0f60c1e9fb46f882937175cfaf08655747013173623ee2b112012f8,products_found
1,,8748435,a140d838b0f60c1e9fb46f882937175cfaf08655747013173623ee2b112012f8,products_found
1,,8749844,a140d838b0f60c1e9fb46f882937175cfaf08655747013173623ee2b112012f8,products_found
1,,8750043,a140d838b0f60c1e9fb46f882937175cfaf08655747013173623ee2b112012f8,products_found
1,,8750094,a140d838b0f60c1e9fb46f882937175cfaf08655747013173623ee2b112012f8,products_found
1,,8750503,a140d838b0f60c1e9fb46f882937175cfaf08655747013173623ee2b112012f8,products_found
1,,8751796,a140d838b0f60c1e9fb46f882937175cfaf08655747013173623ee2b112012f8,products_found
1,,8753657,a140d838b0f60c1e9fb46f882937175cfaf08655747013173623ee2b112012f8,products_found
1,,8753896,a140d838b0f60c1e9fb46f882937175cfaf08655747013173623ee2b112012f8,products_found
1,,8757213,a140d838b0f60c1e9fb46f882937175cfaf08655747013173623ee2b112012f8,products_found
1,,8757824,a140d838b0f60c1e9fb46f882937175cfaf08655747013173623ee2b112012f8,products_found
1,,8757910,a140d838b0f60c1e9fb46f882937175cfaf08655747013173623ee2b112012f8,products_found
1,,8758161,a140d838b0f60c1e9fb46f882937175cfaf08655747013173623ee2b112012f8,products_found
1,,8758204,a140d838b0f60c1e9fb46f882937175cfaf08655747013173623ee2b112012f8,products_found
1,,8760040,a140d838b0f60c1e9fb46f882937175cfaf08655747013173623ee2b112012f8,products_found
1,,8760135,a140d838b0f60c1e9fb46f882937175cfaf08655747013173623ee2b112012f8,products_found
1,,8761550,a140d838b0f60c1e9fb46f882937175cfaf08655747013173623ee2b112012f8,products_found
1,,8766222,a140d838b0f60c1e9fb46f882937175cfaf08655747013173623ee2b112012f8,products_found
1,,8766268,a140d838b0f60c1e9fb46f882937175cfaf08655747013173623ee2b112012f8,products_found
1,,8766285,a140d838b0f60c1e9fb46f882937175cfaf08655747013173623ee2b112012f8,products_found
1,,8766650,a140d838b0f60c1e9fb46f882937175cfaf08655747013173623ee2b112012f8,products_found
1,,8767034,a140d838b0f60c1e9fb46f882937175cfaf08655747013173623ee2b112012f8,products_found
1,,8773015,a140d838b0f60c1e9fb46f882937175cfaf08655747013173623ee2b112012f8,products_found
1,,8773869,a140d838b0f60c1e9fb46f882937175cfaf08655747013173623ee2b112012f8,products_found
1,,8773948,a140d838b0f60c1e9fb46f882937175cfaf08655747013173623ee2b112012f8,products_found
1,,8780959,a140d838b0f60c1e9fb46f882937175cfaf08655747013173623ee2b112012f8,products_found
1,,8780968,a140d838b0f60c1e9fb46f882937175cfaf08655747013173623ee2b112012f8,products_found
1,,8781480,a140d838b0f60c1e9fb46f882937175cfaf08655747013173623ee2b112012f8,products_found
1,,8784288,a140d838b0f60c1e9fb46f882937175cfaf08655747013173623ee2b112012f8,products_found
1,,8801316,a140d838b0f60c1e9fb46f882937175cfaf08655747013173623ee2b112012f8,products_found
1,,8801343,a140d838b0f60c1e9fb46f882937175cfaf08655747013173623ee2b112012f8,products_found
1,,8802165,a140d838b0f60c1e9fb46f882937175cfaf08655747013173623ee2b112012f8,products_found
1,,8802693,a140d838b0f60c1e9fb46f882937175cfaf08655747013173623ee2b112012f8,products_found
1,,8803882,a140d838b0f60c1e9fb46f882937175cfaf08655747013173623ee2b112012f8,products_found
1,,8804283,a140d838b0f60c1e9fb46f882937175cfaf08655747013173623ee2b112012f8,products_found
1,,8804397,a140d838b0f60c1e9fb46f882937175cfaf08655747013173623ee2b112012f8,products_found
1,,8804455,a140d838b0f60c1e9fb46f882937175cfaf08655747013173623ee2b112012f8,products_found
1,,8804845,a140d838b0f60c1e9fb46f882937175cfaf08655747013173623ee2b112012f8,products_found
1,,8805348,a140d838b0f60c1e9fb46f882937175cfaf08655747013173623ee2b112012f8,products_found
1,,8806072,a140d838b0f60c1e9fb46f882937175cfaf08655747013173623ee2b112012f8,products_found
1,,8806123,a140d838b0f60c1e9fb46f882937175cfaf08655747013173623ee2b112012f8,products_found
1,,8807057,a140d838b0f60c1e9fb46f882937175cfaf08655747013173623ee2b112012f8,products_found
1,,8808064,a140d838b0f60c1e9fb46f882937175cfaf08655747013173623ee2b112012f8,products_found
1,,8813404,a140d838b0f60c1e9fb46f882937175cfaf08655747013173623ee2b112012f8,products_found
1,,8815031,a140d838b0f60c1e9fb46f882937175cfaf08655747013173623ee2b112012f8,products_found
1,,8821936,a140d838b0f60c1e9fb46f882937175cfaf08655747013173623ee2b112012f8,products_found
1,,8822216,a140d838b0f60c1e9fb46f882937175cfaf08655747013173623ee2b112012f8,products_found
1,,8822366,a140d838b0f60c1e9fb46f882937175cfaf08655747013173623ee2b112012f8,products_found
1,,8822421,a140d838b0f60c1e9fb46f882937175cfaf08655747013173623ee2b112012f8,products_found
1,,8822585,a140d838b0f60c1e9fb46f882937175cfaf08655747013173623ee2b112012f8,products_found
1,,8823397,a140d838b0f60c1e9fb46f882937175cfaf08655747013173623ee2b112012f8,products_found
1,,8823426,a140d838b0f60c1e9fb46f882937175cfaf08655747013173623ee2b112012f8,products_found
1,,8823833,a140d838b0f60c1e9fb46f882937175cfaf08655747013173623ee2b112012f8,products_found
1,,8823868,a140d838b0f60c1e9fb46f882937175cfaf08655747013173623ee2b112012f8,products_found
1,,8823893,a140d838b0f60c1e9fb46f882937175cfaf08655747013173623ee2b112012f8,products_found
1,,8824737,a140d838b0f60c1e9fb46f882937175cfaf08655747013173623ee2b112012f8,products_found
1,,8826007,a140d838b0f60c1e9fb46f882937175cfaf08655747013173623ee2b112012f8,products_found
1,,8826168,a140d838b0f60c1e9fb46f882937175cfaf08655747013173623ee2b112012f8,products_found
1,,8826878,a140d838b0f60c1e9fb46f882937175cfaf08655747013173623ee2b112012f8,products_found
1,,8827575,a140d838b0f60c1e9fb46f882937175cfaf08655747013173623ee2b112012f8,products_found
1,,8832512,a140d838b0f60c1e9fb46f882937175cfaf08655747013173623ee2b112012f8,products_found
1,,8832676,a140d838b0f60c1e9fb46f882937175cfaf08655747013173623ee2b112012f8,products_found
1,,8836888,a140d838b0f60c1e9fb46f882937175cfaf08655747013173623ee2b112012f8,products_found
1,,8841616,a140d838b0f60c1e9fb46f882937175cfaf08655747013173623ee2b112012f8,products_found
1,,8845026,a140d838b0f60c1e9fb46f882937175cfaf08655747013173623ee2b112012f8,products_found
1,,8845205,a140d838b0f60c1e9fb46f882937175cfaf08655747013173623ee2b112012f8,products_found
1,,8845221,a140d838b0f60c1e9fb46f882937175cfaf08655747013173623ee2b112012f8,products_found
1,,8845574,a140d838b0f60c1e9fb46f882937175cfaf08655747013173623ee2b112012f8,products_found
1,,8847111,a140d838b0f60c1e9fb46f882937175cfaf08655747013173623ee2b112012f8,products_found
1,,8848115,a140d838b0f60c1e9fb46f882937175cfaf08655747013173623ee2b112012f8,products_found
1,,8848271,a140d838b0f60c1e9fb46f882937175cfaf08655747013173623ee2b112012f8,products_found
1,,8848288,a140d838b0f60c1e9fb46f882937175cfaf08655747013173623ee2b112012f8,products_found
1,,8866102,a140d838b0f60c1e9fb46f882937175cfaf08655747013173623ee2b112012f8,products_found
1,,8866137,a140d838b0f60c1e9fb46f882937175cfaf08655747013173623ee2b112012f8,products_found
1,,8868649,a140d838b0f60c1e9fb46f882937175cfaf08655747013173623ee2b112012f8,products_found
1,,8868657,a140d838b0f60c1e9fb46f882937175cfaf08655747013173623ee2b112012f8,products_found
1,,8868686,a140d838b0f60c1e9fb46f882937175cfaf08655747013173623ee2b112012f8,products_found
1,,8868907,a140d838b0f60c1e9fb46f882937175cfaf08655747013173623ee2b112012f8,products_found
1,,8873674,a140d838b0f60c1e9fb46f882937175cfaf08655747013173623ee2b112012f8,products_found
1,,8874090,a140d838b0f60c1e9fb46f882937175cfaf08655747013173623ee2b112012f8,products_found
1,,8878187,a140d838b0f60c1e9fb46f882937175cfaf08655747013173623ee2b112012f8,products_found
1,,8878681,a140d838b0f60c1e9fb46f882937175cfaf08655747013173623ee2b112012f8,products_found
1,,8879427,a140d838b0f60c1e9fb46f882937175cfaf08655747013173623ee2b112012f8,products_found
1,,8879915,a140d838b0f60c1e9fb46f882937175cfaf08655747013173623ee2b112012f8,products_found
1,,8880003,a140d838b0f60c1e9fb46f882937175cfaf08655747013173623ee2b112012f8,products_found
1,,8880123,a140d838b0f60c1e9fb46f882937175cfaf08655747013173623ee2b112012f8,products_found
1,,8882847,a140d838b0f60c1e9fb46f882937175cfaf08655747013173623ee2b112012f8,products_found
1,,8883329,a140d838b0f60c1e9fb46f882937175cfaf08655747013173623ee2b112012f8,products_found
1,,8883593,a140d838b0f60c1e9fb46f882937175cfaf08655747013173623ee2b112012f8,products_found
1,,8883727,a140d838b0f60c1e9fb46f882937175cfaf08655747013173623ee2b112012f8,products_found
1,,8884274,a140d838b0f60c1e9fb46f882937175cfaf08655747013173623ee2b112012f8,products_found
1,,8885643,a140d838b0f60c1e9fb46f882937175cfaf08655747013173623ee2b112012f8,products_found
1,,8885673,a140d838b0f60c1e9fb46f882937175cfaf08655747013173623ee2b112012f8,products_found
1,,8890150,a140d838b0f60c1e9fb46f882937175cfaf08655747013173623ee2b112012f8,products_found
1,,8890783,a140d838b0f60c1e9fb46f882937175cfaf08655747013173623ee2b112012f8,products_found
1,,8890924,a140d838b0f60c1e9fb46f882937175cfaf08655747013173623ee2b112012f8,products_found
1,,8890996,a140d838b0f60c1e9fb46f882937175cfaf08655747013173623ee2b112012f8,products_found
1,,8891278,a140d838b0f60c1e9fb46f882937175cfaf08655747013173623ee2b112012f8,products_found
1,,8891684,a140d838b0f60c1e9fb46f882937175cfaf08655747013173623ee2b112012f8,products_found
1,,8892157,a140d838b0f60c1e9fb46f882937175cfaf08655747013173623ee2b112012f8,products_found
1,,8892303,a140d838b0f60c1e9fb46f882937175cfaf08655747013173623ee2b112012f8,products_found
1,,8892720,a140d838b0f60c1e9fb46f882937175cfaf08655747013173623ee2b112012f8,products_found
1,,8892721,a140d838b0f60c1e9fb46f882937175cfaf08655747013173623ee2b112012f8,products_found
1,,8892910,a140d838b0f60c1e9fb46f882937175cfaf08655747013173623ee2b112012f8,products_found
1,,8895758,a140d838b0f60c1e9fb46f882937175cfaf08655747013173623ee2b112012f8,products_found
1,,8904714,a140d838b0f60c1e9fb46f882937175cfaf08655747013173623ee2b112012f8,products_found
1,,8906045,a140d838b0f60c1e9fb46f882937175cfaf08655747013173623ee2b112012f8,products_found
1,,8906676,a140d838b0f60c1e9fb46f882937175cfaf08655747013173623ee2b112012f8,products_found
1,,8908102,a140d838b0f60c1e9fb46f882937175cfaf08655747013173623ee2b112012f8,products_found
1,,8912730,a140d838b0f60c1e9fb46f882937175cfaf08655747013173623ee2b112012f8,products_found
1,,8914779,a140d838b0f60c1e9fb46f882937175cfaf08655747013173623ee2b112012f8,products_found
1,,8916492,a140d838b0f60c1e9fb46f882937175cfaf08655747013173623ee2b112012f8,products_found
1,,8934103,a140d838b0f60c1e9fb46f882937175cfaf08655747013173623ee2b112012f8,products_found
1,,8934495,a140d838b0f60c1e9fb46f882937175cfaf08655747013173623ee2b112012f8,products_found
1,,8935352,a140d838b0f60c1e9fb46f882937175cfaf08655747013173623ee2b112012f8,products_found
1,,8935810,a140d838b0f60c1e9fb46f882937175cfaf08655747013173623ee2b112012f8,products_found
1,,8937019,a140d838b0f60c1e9fb46f882937175cfaf08655747013173623ee2b112012f8,products_found
1,,8937021,a140d838b0f60c1e9fb46f882937175cfaf08655747013173623ee2b112012f8,products_found
1,,8938628,a140d838b0f60c1e9fb46f882937175cfaf08655747013173623ee2b112012f8,products_found
1,,8938937,a140d838b0f60c1e9fb46f882937175cfaf08655747013173623ee2b112012f8,products_found
1,,8939211,a140d838b0f60c1e9fb46f882937175cfaf08655747013173623ee2b112012f8,products_found
1,,8939650,a140d838b0f60c1e9fb46f882937175cfaf08655747013173623ee2b112012f8,products_found
1,,8940918,a140d838b0f60c1e9fb46f882937175cfaf08655747013173623ee2b112012f8,products_found
1,,8940961,a140d838b0f60c1e9fb46f882937175cfaf08655747013173623ee2b112012f8,products_found
1,,8947520,a140d838b0f60c1e9fb46f882937175cfaf08655747013173623ee2b112012f8,products_found
1,,8948424,a140d838b0f60c1e9fb46f882937175cfaf08655747013173623ee2b112012f8,products_found
1,,8949247,a140d838b0f60c1e9fb46f882937175cfaf08655747013173623ee2b112012f8,products_found
1,,8949925,a140d838b0f60c1e9fb46f882937175cfaf08655747013173623ee2b112012f8,products_found
1,,8950568,a140d838b0f60c1e9fb46f882937175cfaf08655747013173623ee2b112012f8,products_found
1,,8950853,a140d838b0f60c1e9fb46f882937175cfaf08655747013173623ee2b112012f8,products_found
1,,8951205,a140d838b0f60c1e9fb46f882937175cfaf08655747013173623ee2b112012f8,products_found
1,,8953059,a140d838b0f60c1e9fb46f882937175cfaf08655747013173623ee2b112012f8,products_found
1,,8953257,a140d838b0f60c1e9fb46f882937175cfaf08655747013173623ee2b112012f8,products_found
1,,8953296,a140d838b0f60c1e9fb46f882937175cfaf08655747013173623ee2b112012f8,products_found
1,,8953414,a140d838b0f60c1e9fb46f882937175cfaf08655747013173623ee2b112012f8,products_found
1,,8953426,a140d838b0f60c1e9fb46f882937175cfaf08655747013173623ee2b112012f8,products_found
1,,8953475,a140d838b0f60c1e9fb46f882937175cfaf08655747013173623ee2b112012f8,products_found
1,,8955709,a140d838b0f60c1e9fb46f882937175cfaf08655747013173623ee2b112012f8,products_found
1,,8956206,a140d838b0f60c1e9fb46f882937175cfaf08655747013173623ee2b112012f8,products_found
1,,8957572,a140d838b0f60c1e9fb46f882937175cfaf08655747013173623ee2b112012f8,products_found
1,,8957954,a140d838b0f60c1e9fb46f882937175cfaf08655747013173623ee2b112012f8,products_found
1,,8958035,a140d838b0f60c1e9fb46f882937175cfaf08655747013173623ee2b112012f8,products_found
1,,8959839,a140d838b0f60c1e9fb46f882937175cfaf08655747013173623ee2b112012f8,products_found
1,,8960918,a140d838b0f60c1e9fb46f882937175cfaf08655747013173623ee2b112012f8,products_found
1,,8962007,a140d838b0f60c1e9fb46f882937175cfaf08655747013173623ee2b112012f8,products_found
1,,8962094,a140d838b0f60c1e9fb46f882937175cfaf08655747013173623ee2b112012f8,products_found
1,,8963721,a140d838b0f60c1e9fb46f882937175cfaf08655747013173623ee2b112012f8,products_found
1,,8971432,a140d838b0f60c1e9fb46f882937175cfaf08655747013173623ee2b112012f8,products_found
1,,8972058,a140d838b0f60c1e9fb46f882937175cfaf08655747013173623ee2b112012f8,products_found
1,,8973129,a140d838b0f60c1e9fb46f882937175cfaf08655747013173623ee2b112012f8,products_found
1,,8975368,a140d838b0f60c1e9fb46f882937175cfaf08655747013173623ee2b112012f8,products_found
1,,8978528,a140d838b0f60c1e9fb46f882937175cfaf08655747013173623ee2b112012f8,products_found
1,,8984706,a140d838b0f60c1e9fb46f882937175cfaf08655747013173623ee2b112012f8,products_found
1,,8984755,a140d838b0f60c1e9fb46f882937175cfaf08655747013173623ee2b112012f8,products_found
1,,9001468,a140d838b0f60c1e9fb46f882937175cfaf08655747013173623ee2b112012f8,products_found
1,,9002237,a140d838b0f60c1e9fb46f882937175cfaf08655747013173623ee2b112012f8,products_found
1,,9002278,a140d838b0f60c1e9fb46f882937175cfaf08655747013173623ee2b112012f8,products_found
1,,9003401,a140d838b0f60c1e9fb46f882937175cfaf08655747013173623ee2b112012f8,products_found
1,,9005854,a140d838b0f60c1e9fb46f882937175cfaf08655747013173623ee2b112012f8,products_found
1,,9006186,a140d838b0f60c1e9fb46f882937175cfaf08655747013173623ee2b112012f8,products_found
1,,9006449,a140d838b0f60c1e9fb46f882937175cfaf08655747013173623ee2b112012f8,products_found
1,,9007609,a140d838b0f60c1e9fb46f882937175cfaf08655747013173623ee2b112012f8,products_found
1,,9007918,a140d838b0f60c1e9fb46f882937175cfaf08655747013173623ee2b112012f8,products_found
1,,9007953,a140d838b0f60c1e9fb46f882937175cfaf08655747013173623ee2b112012f8,products_found
1,,9008220,a140d838b0f60c1e9fb46f882937175cfaf08655747013173623ee2b112012f8,products_found
1,,9009036,a140d838b0f60c1e9fb46f882937175cfaf08655747013173623ee2b112012f8,products_found
1,,9009953,a140d838b0f60c1e9fb46f882937175cfaf08655747013173623ee2b112012f8,products_found
1,,9011825,a140d838b0f60c1e9fb46f882937175cfaf08655747013173623ee2b112012f8,products_found
1,,9015738,a140d838b0f60c1e9fb46f882937175cfaf08655747013173623ee2b112012f8,products_found
1,,9016295,a140d838b0f60c1e9fb46f882937175cfaf08655747013173623ee2b112012f8,products_found
1,,9020114,a140d838b0f60c1e9fb46f882937175cfaf08655747013173623ee2b112012f8,products_found
1,,9020160,a140d838b0f60c1e9fb46f882937175cfaf08655747013173623ee2b112012f8,products_found
1,,9021047,a140d838b0f60c1e9fb46f882937175cfaf08655747013173623ee2b112012f8,products_found
1,,9021075,a140d838b0f60c1e9fb46f882937175cfaf08655747013173623ee2b112012f8,products_found
1,,9022166,a140d838b0f60c1e9fb46f882937175cfaf08655747013173623ee2b112012f8,products_found
1,,9024857,a140d838b0f60c1e9fb46f882937175cfaf08655747013173623ee2b112012f8,products_found
1,,9025914,a140d838b0f60c1e9fb46f882937175cfaf08655747013173623ee2b112012f8,products_found
1,,9025922,a140d838b0f60c1e9fb46f882937175cfaf08655747013173623ee2b112012f8,products_found
1,,9025971,a140d838b0f60c1e9fb46f882937175cfaf08655747013173623ee2b112012f8,products_found
1,,9026007,a140d838b0f60c1e9fb46f882937175cfaf08655747013173623ee2b112012f8,products_found
1,,9026749,a140d838b0f60c1e9fb46f882937175cfaf08655747013173623ee2b112012f8,products_found
1,,9027841,a140d838b0f60c1e9fb46f882937175cfaf08655747013173623ee2b112012f8,products_found
1,,9027909,a140d838b0f60c1e9fb46f882937175cfaf08655747013173623ee2b112012f8,products_found
1,,9028474,a140d838b0f60c1e9fb46f882937175cfaf08655747013173623ee2b112012f8,products_found
1,,9029486,a140d838b0f60c1e9fb46f882937175cfaf08655747013173623ee2b112012f8,products_found
1,,9030537,a140d838b0f60c1e9fb46f882937175cfaf08655747013173623ee2b112012f8,products_found
1,,9031209,a140d838b0f60c1e9fb46f882937175cfaf08655747013173623ee2b112012f8,products_found
1,,9034103,a140d838b0f60c1e9fb46f882937175cfaf08655747013173623ee2b112012f8,products_found
1,,9040849,a140d838b0f60c1e9fb46f882937175cfaf08655747013173623ee2b112012f8,products_found
1,,9042357,a140d838b0f60c1e9fb46f882937175cfaf08655747013173623ee2b112012f8,products_found
1,,9044228,a140d838b0f60c1e9fb46f882937175cfaf08655747013173623ee2b112012f8,products_found
1,,9048145,a140d838b0f60c1e9fb46f882937175cfaf08655747013173623ee2b112012f8,products_found
1,,9048161,a140d838b0f60c1e9fb46f882937175cfaf08655747013173623ee2b112012f8,products_found
1,,9049010,a140d838b0f60c1e9fb46f882937175cfaf08655747013173623ee2b112012f8,products_found
1,,9049550,a140d838b0f60c1e9fb46f882937175cfaf08655747013173623ee2b112012f8,products_found
1,,9049673,a140d838b0f60c1e9fb46f882937175cfaf08655747013173623ee2b112012f8,products_found
1,,9049697,a140d838b0f60c1e9fb46f882937175cfaf08655747013173623ee2b112012f8,products_found
1,,9053086,a140d838b0f60c1e9fb46f882937175cfaf08655747013173623ee2b112012f8,products_found
1,,9053112,a140d838b0f60c1e9fb46f882937175cfaf08655747013173623ee2b112012f8,products_found
1,,9070666,a140d838b0f60c1e9fb46f882937175cfaf08655747013173623ee2b112012f8,products_found
1,,9071386,a140d838b0f60c1e9fb46f882937175cfaf08655747013173623ee2b112012f8,products_found
1,,9071593,a140d838b0f60c1e9fb46f882937175cfaf08655747013173623ee2b112012f8,products_found
1,,9072190,a140d838b0f60c1e9fb46f882937175cfaf08655747013173623ee2b112012f8,products_found
1,,9072639,a140d838b0f60c1e9fb46f882937175cfaf08655747013173623ee2b112012f8,products_found
1,,9075882,a140d838b0f60c1e9fb46f882937175cfaf08655747013173623ee2b112012f8,products_found
1,,9076513,a140d838b0f60c1e9fb46f882937175cfaf08655747013173623ee2b112012f8,products_found
1,,9077124,a140d838b0f60c1e9fb46f882937175cfaf08655747013173623ee2b112012f8,products_found
1,,9079587,a140d838b0f60c1e9fb46f882937175cfaf08655747013173623ee2b112012f8,products_found
1,,9079915,a140d838b0f60c1e9fb46f882937175cfaf08655747013173623ee2b112012f8,products_found
1,,9083470,a140d838b0f60c1e9fb46f882937175cfaf08655747013173623ee2b112012f8,products_found
1,,9083503,a140d838b0f60c1e9fb46f882937175cfaf08655747013173623ee2b112012f8,products_found
1,,9083564,a140d838b0f60c1e9fb46f882937175cfaf08655747013173623ee2b112012f8,products_found
1,,9084778,a140d838b0f60c1e9fb46f882937175cfaf08655747013173623ee2b112012f8,products_found
1,,9084832,a140d838b0f60c1e9fb46f882937175cfaf08655747013173623ee2b112012f8,products_found
1,,9085563,a140d838b0f60c1e9fb46f882937175cfaf08655747013173623ee2b112012f8,products_found
1,,9086251,a140d838b0f60c1e9fb46f882937175cfaf08655747013173623ee2b112012f8,products_found
1,,9091755,a140d838b0f60c1e9fb46f882937175cfaf08655747013173623ee2b112012f8,products_found
1,,9092504,a140d838b0f60c1e9fb46f882937175cfaf08655747013173623ee2b112012f8,products_found
1,,9093566,a140d838b0f60c1e9fb46f882937175cfaf08655747013173623ee2b112012f8,products_found
1,,9093859,a140d838b0f60c1e9fb46f882937175cfaf08655747013173623ee2b112012f8,products_found
1,,9094763,a140d838b0f60c1e9fb46f882937175cfaf08655747013173623ee2b112012f8,products_found
1,,9097120,a140d838b0f60c1e9fb46f882937175cfaf08655747013173623ee2b112012f8,products_found
1,,9097892,a140d838b0f60c1e9fb46f882937175cfaf08655747013173623ee2b112012f8,products_found
1,,9098810,a140d838b0f60c1e9fb46f882937175cfaf08655747013173623ee2b112012f8,products_found
1,,9099950,a140d838b0f60c1e9fb46f882937175cfaf08655747013173623ee2b112012f8,products_found
1,,9100953,a140d838b0f60c1e9fb46f882937175cfaf08655747013173623ee2b112012f8,products_found
1,,9101208,a140d838b0f60c1e9fb46f882937175cfaf08655747013173623ee2b112012f8,products_found
1,,9101271,a140d838b0f60c1e9fb46f882937175cfaf08655747013173623ee2b112012f8,products_found
1,,9101279,a140d838b0f60c1e9fb46f882937175cfaf08655747013173623ee2b112012f8,products_found
1,,9101400,a140d838b0f60c1e9fb46f882937175cfaf08655747013173623ee2b112012f8,products_found
1,,9101496,a140d838b0f60c1e9fb46f882937175cfaf08655747013173623ee2b112012f8,products_found
1,,9108058,a140d838b0f60c1e9fb46f882937175cfaf08655747013173623ee2b112012f8,products_found
1,,9108085,a140d838b0f60c1e9fb46f882937175cfaf08655747013173623ee2b112012f8,products_found
1,,9110346,a140d838b0f60c1e9fb46f882937175cfaf08655747013173623ee2b112012f8,products_found
1,,9110357,a140d838b0f60c1e9fb46f882937175cfaf08655747013173623ee2b112012f8,products_found
1,,9112931,a140d838b0f60c1e9fb46f882937175cfaf08655747013173623ee2b112012f8,products_found
1,,9114508,a140d838b0f60c1e9fb46f882937175cfaf08655747013173623ee2b112012f8,products_found
1,,9115681,a140d838b0f60c1e9fb46f882937175cfaf08655747013173623ee2b112012f8,products_found
1,,9115800,a140d838b0f60c1e9fb46f882937175cfaf08655747013173623ee2b112012f8,products_found
1,,9116075,a140d838b0f60c1e9fb46f882937175cfaf08655747013173623ee2b112012f8,products_found
1,,9117416,a140d838b0f60c1e9fb46f882937175cfaf08655747013173623ee2b112012f8,products_found
1,,9118340,a140d838b0f60c1e9fb46f882937175cfaf08655747013173623ee2b112012f8,products_found
1,,9119405,a140d838b0f60c1e9fb46f882937175cfaf08655747013173623ee2b112012f8,products_found
1,,9119458,a140d838b0f60c1e9fb46f882937175cfaf08655747013173623ee2b112012f8,products_found
1,,9119568,a140d838b0f60c1e9fb46f882937175cfaf08655747013173623ee2b112012f8,products_found
1,,9119652,a140d838b0f60c1e9fb46f882937175cfaf08655747013173623ee2b112012f8,products_found
1,,9139084,a140d838b0f60c1e9fb46f882937175cfaf08655747013173623ee2b112012f8,products_found
1,,9141355,a140d838b0f60c1e9fb46f882937175cfaf08655747013173623ee2b112012f8,products_found
1,,9141746,a140d838b0f60c1e9fb46f882937175cfaf08655747013173623ee2b112012f8,products_found
1,,9142225,a140d838b0f60c1e9fb46f882937175cfaf08655747013173623ee2b112012f8,products_found
1,,9143254,a140d838b0f60c1e9fb46f882937175cfaf08655747013173623ee2b112012f8,products_found
1,,9146018,a140d838b0f60c1e9fb46f882937175cfaf08655747013173623ee2b112012f8,products_found
1,,9150827,a140d838b0f60c1e9fb46f882937175cfaf08655747013173623ee2b112012f8,products_found
1,,9153554,a140d838b0f60c1e9fb46f882937175cfaf08655747013173623ee2b112012f8,products_found
1,,9153570,a140d838b0f60c1e9fb46f882937175cfaf08655747013173623ee2b112012f8,products_found
1,,9153823,a140d838b0f60c1e9fb46f882937175cfaf08655747013173623ee2b112012f8,products_found
1,,9156585,a140d838b0f60c1e9fb46f882937175cfaf08655747013173623ee2b112012f8,products_found
1,,9157634,a140d838b0f60c1e9fb46f882937175cfaf08655747013173623ee2b112012f8,products_found
1,,9157908,a140d838b0f60c1e9fb46f882937175cfaf08655747013173623ee2b112012f8,products_found
1,,9159198,a140d838b0f60c1e9fb46f882937175cfaf08655747013173623ee2b112012f8,products_found
1,,9159242,a140d838b0f60c1e9fb46f882937175cfaf08655747013173623ee2b112012f8,products_found
1,,9159265,a140d838b0f60c1e9fb46f882937175cfaf08655747013173623ee2b112012f8,products_found
1,,9159275,a140d838b0f60c1e9fb46f882937175cfaf08655747013173623ee2b112012f8,products_found
1,,9159301,a140d838b0f60c1e9fb46f882937175cfaf08655747013173623ee2b112012f8,products_found
1,,9161118,a140d838b0f60c1e9fb46f882937175cfaf08655747013173623ee2b112012f8,products_found
1,,9162741,a140d838b0f60c1e9fb46f882937175cfaf08655747013173623ee2b112012f8,products_found
1,,9163674,a140d838b0f60c1e9fb46f882937175cfaf08655747013173623ee2b112012f8,products_found
1,,9164836,a140d838b0f60c1e9fb46f882937175cfaf08655747013173623ee2b112012f8,products_found
1,,9166862,a140d838b0f60c1e9fb46f882937175cfaf08655747013173623ee2b112012f8,products_found
1,,9166870,a140d838b0f60c1e9fb46f882937175cfaf08655747013173623ee2b112012f8,products_found
1,,9171801,a140d838b0f60c1e9fb46f882937175cfaf08655747013173623ee2b112012f8,products_found
1,,9172506,a140d838b0f60c1e9fb46f882937175cfaf08655747013173623ee2b112012f8,products_found
1,,9177629,a140d838b0f60c1e9fb46f882937175cfaf08655747013173623ee2b112012f8,products_found
1,,9178185,a140d838b0f60c1e9fb46f882937175cfaf08655747013173623ee2b112012f8,products_found
1,,9179531,a140d838b0f60c1e9fb46f882937175cfaf08655747013173623ee2b112012f8,products_found
1,,9180282,a140d838b0f60c1e9fb46f882937175cfaf08655747013173623ee2b112012f8,products_found
1,,9181340,a140d838b0f60c1e9fb46f882937175cfaf08655747013173623ee2b112012f8,products_found
1,,9183378,a140d838b0f60c1e9fb46f882937175cfaf08655747013173623ee2b112012f8,products_found
1,,9205907,a140d838b0f60c1e9fb46f882937175cfaf08655747013173623ee2b112012f8,products_found
1,,9205938,a140d838b0f60c1e9fb46f882937175cfaf08655747013173623ee2b112012f8,products_found
1,,9205993,a140d838b0f60c1e9fb46f882937175cfaf08655747013173623ee2b112012f8,products_found
1,,9207508,a140d838b0f60c1e9fb46f882937175cfaf08655747013173623ee2b112012f8,products_found
1,,9209624,a140d838b0f60c1e9fb46f882937175cfaf08655747013173623ee2b112012f8,products_found
1,,9209808,a140d838b0f60c1e9fb46f882937175cfaf08655747013173623ee2b112012f8,products_found
1,,9210387,a140d838b0f60c1e9fb46f882937175cfaf08655747013173623ee2b112012f8,products_found
1,,9210823,a140d838b0f60c1e9fb46f882937175cfaf08655747013173623ee2b112012f8,products_found
1,,9210828,a140d838b0f60c1e9fb46f882937175cfaf08655747013173623ee2b112012f8,products_found
1,,9214712,a140d838b0f60c1e9fb46f882937175cfaf08655747013173623ee2b112012f8,products_found
1,,9214713,a140d838b0f60c1e9fb46f882937175cfaf08655747013173623ee2b112012f8,products_found
1,,9214715,a140d838b0f60c1e9fb46f882937175cfaf08655747013173623ee2b112012f8,products_found
1,,9214942,a140d838b0f60c1e9fb46f882937175cfaf08655747013173623ee2b112012f8,products_found
1,,9216775,a140d838b0f60c1e9fb46f882937175cfaf08655747013173623ee2b112012f8,products_found
1,,9216810,a140d838b0f60c1e9fb46f882937175cfaf08655747013173623ee2b112012f8,products_found
1,,9220612,a140d838b0f60c1e9fb46f882937175cfaf08655747013173623ee2b112012f8,products_found
1,,9221398,a140d838b0f60c1e9fb46f882937175cfaf08655747013173623ee2b112012f8,products_found
1,,9221517,a140d838b0f60c1e9fb46f882937175cfaf08655747013173623ee2b112012f8,products_found
1,,9222516,a140d838b0f60c1e9fb46f882937175cfaf08655747013173623ee2b112012f8,products_found
1,,9225395,a140d838b0f60c1e9fb46f882937175cfaf08655747013173623ee2b112012f8,products_found
1,,9226339,a140d838b0f60c1e9fb46f882937175cfaf08655747013173623ee2b112012f8,products_found
1,,9229657,a140d838b0f60c1e9fb46f882937175cfaf08655747013173623ee2b112012f8,products_found
1,,9230021,a140d838b0f60c1e9fb46f882937175cfaf08655747013173623ee2b112012f8,products_found
1,,9236858,a140d838b0f60c1e9fb46f882937175cfaf08655747013173623ee2b112012f8,products_found
1,,9239670,a140d838b0f60c1e9fb46f882937175cfaf08655747013173623ee2b112012f8,products_found
1,,9240664,a140d838b0f60c1e9fb46f882937175cfaf08655747013173623ee2b112012f8,products_found
1,,9243795,a140d838b0f60c1e9fb46f882937175cfaf08655747013173623ee2b112012f8,products_found
1,,9244508,a140d838b0f60c1e9fb46f882937175cfaf08655747013173623ee2b112012f8,products_found
1,,9244756,a140d838b0f60c1e9fb46f882937175cfaf08655747013173623ee2b112012f8,products_found
1,,9246715,a140d838b0f60c1e9fb46f882937175cfaf08655747013173623ee2b112012f8,products_found
1,,9264949,a140d838b0f60c1e9fb46f882937175cfaf08655747013173623ee2b112012f8,products_found
1,,9266285,a140d838b0f60c1e9fb46f882937175cfaf08655747013173623ee2b112012f8,products_found
1,,9266431,a140d838b0f60c1e9fb46f882937175cfaf08655747013173623ee2b112012f8,products_found
1,,9267996,a140d838b0f60c1e9fb46f882937175cfaf08655747013173623ee2b112012f8,products_found
1,,9268456,a140d838b0f60c1e9fb46f882937175cfaf08655747013173623ee2b112012f8,products_found
1,,9269042,a140d838b0f60c1e9fb46f882937175cfaf08655747013173623ee2b112012f8,products_found
1,,9269281,a140d838b0f60c1e9fb46f882937175cfaf08655747013173623ee2b112012f8,products_found
1,,9271752,a140d838b0f60c1e9fb46f882937175cfaf08655747013173623ee2b112012f8,products_found
1,,9272070,a140d838b0f60c1e9fb46f882937175cfaf08655747013173623ee2b112012f8,products_found
1,,9277896,a140d838b0f60c1e9fb46f882937175cfaf08655747013173623ee2b112012f8,products_found
1,,9278021,a140d838b0f60c1e9fb46f882937175cfaf08655747013173623ee2b112012f8,products_found
1,,9278553,a140d838b0f60c1e9fb46f882937175cfaf08655747013173623ee2b112012f8,products_found
1,,9278725,a140d838b0f60c1e9fb46f882937175cfaf08655747013173623ee2b112012f8,products_found
1,,9279354,a140d838b0f60c1e9fb46f882937175cfaf08655747013173623ee2b112012f8,products_found
1,,9279669,a140d838b0f60c1e9fb46f882937175cfaf08655747013173623ee2b112012f8,products_found
1,,9280239,a140d838b0f60c1e9fb46f882937175cfaf08655747013173623ee2b112012f8,products_found
1,,9282687,a140d838b0f60c1e9fb46f882937175cfaf08655747013173623ee2b112012f8,products_found
1,,9282762,a140d838b0f60c1e9fb46f882937175cfaf08655747013173623ee2b112012f8,products_found
1,,9282769,a140d838b0f60c1e9fb46f882937175cfaf08655747013173623ee2b112012f8,products_found
1,,9284741,a140d838b0f60c1e9fb46f882937175cfaf08655747013173623ee2b112012f8,products_found
1,,9285265,a140d838b0f60c1e9fb46f882937175cfaf08655747013173623ee2b112012f8,products_found
1,,9285568,a140d838b0f60c1e9fb46f882937175cfaf08655747013173623ee2b112012f8,products_found
1,,9286728,a140d838b0f60c1e9fb46f882937175cfaf08655747013173623ee2b112012f8,products_found
1,,9288786,a140d838b0f60c1e9fb46f882937175cfaf08655747013173623ee2b112012f8,products_found
1,,9291039,a140d838b0f60c1e9fb46f882937175cfaf08655747013173623ee2b112012f8,products_found
1,,9291368,a140d838b0f60c1e9fb46f882937175cfaf08655747013173623ee2b112012f8,products_found
1,,9291378,a140d838b0f60c1e9fb46f882937175cfaf08655747013173623ee2b112012f8,products_found
1,,9291629,a140d838b0f60c1e9fb46f882937175cfaf08655747013173623ee2b112012f8,products_found
1,,9291748,a140d838b0f60c1e9fb46f882937175cfaf08655747013173623ee2b112012f8,products_found
1,,9300285,a140d838b0f60c1e9fb46f882937175cfaf08655747013173623ee2b112012f8,products_found
1,,9301506,a140d838b0f60c1e9fb46f882937175cfaf08655747013173623ee2b112012f8,products_found
1,,9302543,a140d838b0f60c1e9fb46f882937175cfaf08655747013173623ee2b112012f8,products_found
1,,9304101,a140d838b0f60c1e9fb46f882937175cfaf08655747013173623ee2b112012f8,products_found
1,,9304976,a140d838b0f60c1e9fb46f882937175cfaf08655747013173623ee2b112012f8,products_found
1,,9305831,a140d838b0f60c1e9fb46f882937175cfaf08655747013173623ee2b112012f8,products_found
1,,9307105,a140d838b0f60c1e9fb46f882937175cfaf08655747013173623ee2b112012f8,products_found
1,,9307509,a140d838b0f60c1e9fb46f882937175cfaf08655747013173623ee2b112012f8,products_found
1,,9307966,a140d838b0f60c1e9fb46f882937175cfaf08655747013173623ee2b112012f8,products_found
1,,9328641,a140d838b0f60c1e9fb46f882937175cfaf08655747013173623ee2b112012f8,products_found
1,,9328852,a140d838b0f60c1e9fb46f882937175cfaf08655747013173623ee2b112012f8,products_found
1,,9328864,a140d838b0f60c1e9fb46f882937175cfaf08655747013173623ee2b112012f8,products_found
1,,9334289,a140d838b0f60c1e9fb46f882937175cfaf08655747013173623ee2b112012f8,products_found
1,,9334490,a140d838b0f60c1e9fb46f882937175cfaf08655747013173623ee2b112012f8,products_found
1,,9334893,a140d838b0f60c1e9fb46f882937175cfaf08655747013173623ee2b112012f8,products_found
1,,9336200,a140d838b0f60c1e9fb46f882937175cfaf08655747013173623ee2b112012f8,products_found
1,,9340460,a140d838b0f60c1e9fb46f882937175cfaf08655747013173623ee2b112012f8,products_found
1,,9343862,a140d838b0f60c1e9fb46f882937175cfaf08655747013173623ee2b112012f8,products_found
1,,9344623,a140d838b0f60c1e9fb46f882937175cfaf08655747013173623ee2b112012f8,products_found
1,,9345819,a140d838b0f60c1e9fb46f882937175cfaf08655747013173623ee2b112012f8,products_found
1,,9346253,a140d838b0f60c1e9fb46f882937175cfaf08655747013173623ee2b112012f8,products_found
1,,9347009,a140d838b0f60c1e9fb46f882937175cfaf08655747013173623ee2b112012f8,products_found
1,,9347066,a140d838b0f60c1e9fb46f882937175cfaf08655747013173623ee2b112012f8,products_found
1,,9347899,a140d838b0f60c1e9fb46f882937175cfaf08655747013173623ee2b112012f8,products_found
1,,9349482,a140d838b0f60c1e9fb46f882937175cfaf08655747013173623ee2b112012f8,products_found
1,,9349757,a140d838b0f60c1e9fb46f882937175cfaf08655747013173623ee2b112012f8,products_found
1,,9351316,a140d838b0f60c1e9fb46f882937175cfaf08655747013173623ee2b112012f8,products_found
1,,9351920,a140d838b0f60c1e9fb46f882937175cfaf08655747013173623ee2b112012f8,products_found
1,,9353182,a140d838b0f60c1e9fb46f882937175cfaf08655747013173623ee2b112012f8,products_found
1,,9353314,a140d838b0f60c1e9fb46f882937175cfaf08655747013173623ee2b112012f8,products_found
1,,9353742,a140d838b0f60c1e9fb46f882937175cfaf08655747013173623ee2b112012f8,products_found
1,,9357275,a140d838b0f60c1e9fb46f882937175cfaf08655747013173623ee2b112012f8,products_found
1,,9357375,a140d838b0f60c1e9fb46f882937175cfaf08655747013173623ee2b112012f8,products_found
1,,9364290,a140d838b0f60c1e9fb46f882937175cfaf08655747013173623ee2b112012f8,products_found
1,,9364609,a140d838b0f60c1e9fb46f882937175cfaf08655747013173623ee2b112012f8,products_found
1,,9366617,a140d838b0f60c1e9fb46f882937175cfaf08655747013173623ee2b112012f8,products_found
1,,9366886,a140d838b0f60c1e9fb46f882937175cfaf08655747013173623ee2b112012f8,products_found
1,,9366988,a140d838b0f60c1e9fb46f882937175cfaf08655747013173623ee2b112012f8,products_found
1,,9366989,a140d838b0f60c1e9fb46f882937175cfaf08655747013173623ee2b112012f8,products_found
1,,9369366,a140d838b0f60c1e9fb46f882937175cfaf08655747013173623ee2b112012f8,products_found
1,,9388479,a140d838b0f60c1e9fb46f882937175cfaf08655747013173623ee2b112012f8,products_found
1,,9388557,a140d838b0f60c1e9fb46f882937175cfaf08655747013173623ee2b112012f8,products_found
1,,9390653,a140d838b0f60c1e9fb46f882937175cfaf08655747013173623ee2b112012f8,products_found
1,,9390655,a140d838b0f60c1e9fb46f882937175cfaf08655747013173623ee2b112012f8,products_found
1,,9391208,a140d838b0f60c1e9fb46f882937175cfaf08655747013173623ee2b112012f8,products_found
1,,9391506,a140d838b0f60c1e9fb46f882937175cfaf08655747013173623ee2b112012f8,products_found
1,,9392016,a140d838b0f60c1e9fb46f882937175cfaf08655747013173623ee2b112012f8,products_found
1,,9392702,a140d838b0f60c1e9fb46f882937175cfaf08655747013173623ee2b112012f8,products_found
1,,9394601,a140d838b0f60c1e9fb46f882937175cfaf08655747013173623ee2b112012f8,products_found
1,,9394605,a140d838b0f60c1e9fb46f882937175cfaf08655747013173623ee2b112012f8,products_found
1,,9394762,a140d838b0f60c1e9fb46f882937175cfaf08655747013173623ee2b112012f8,products_found
1,,9394920,a140d838b0f60c1e9fb46f882937175cfaf08655747013173623ee2b112012f8,products_found
1,,9395024,a140d838b0f60c1e9fb46f882937175cfaf08655747013173623ee2b112012f8,products_found
1,,9395719,a140d838b0f60c1e9fb46f882937175cfaf08655747013173623ee2b112012f8,products_found
1,,9401997,a140d838b0f60c1e9fb46f882937175cfaf08655747013173623ee2b112012f8,products_found
1,,9402583,a140d838b0f60c1e9fb46f882937175cfaf08655747013173623ee2b112012f8,products_found
1,,9402670,a140d838b0f60c1e9fb46f882937175cfaf08655747013173623ee2b112012f8,products_found
1,,9405541,a140d838b0f60c1e9fb46f882937175cfaf08655747013173623ee2b112012f8,products_found
1,,9405595,a140d838b0f60c1e9fb46f882937175cfaf08655747013173623ee2b112012f8,products_found
1,,9406892,a140d838b0f60c1e9fb46f882937175cfaf08655747013173623ee2b112012f8,products_found
1,,9406990,a140d838b0f60c1e9fb46f882937175cfaf08655747013173623ee2b112012f8,products_found
1,,9409493,a140d838b0f60c1e9fb46f882937175cfaf08655747013173623ee2b112012f8,products_found
1,,9410930,a140d838b0f60c1e9fb46f882937175cfaf08655747013173623ee2b112012f8,products_found
1,,9411166,a140d838b0f60c1e9fb46f882937175cfaf08655747013173623ee2b112012f8,products_found
1,,9411317,a140d838b0f60c1e9fb46f882937175cfaf08655747013173623ee2b112012f8,products_found
1,,9411412,a140d838b0f60c1e9fb46f882937175cfaf08655747013173623ee2b112012f8,products_found
1,,9411943,a140d838b0f60c1e9fb46f882937175cfaf08655747013173623ee2b112012f8,products_found
1,,9412445,a140d838b0f60c1e9fb46f882937175cfaf08655747013173623ee2b112012f8,products_found
1,,9412462,a140d838b0f60c1e9fb46f882937175cfaf08655747013173623ee2b112012f8,products_found
1,,9412623,a140d838b0f60c1e9fb46f882937175cfaf08655747013173623ee2b112012f8,products_found
1,,9412760,a140d838b0f60c1e9fb46f882937175cfaf08655747013173623ee2b112012f8,products_found
1,,9415172,a140d838b0f60c1e9fb46f882937175cfaf08655747013173623ee2b112012f8,products_found
1,,9418508,a140d838b0f60c1e9fb46f882937175cfaf08655747013173623ee2b112012f8,products_found
1,,9418619,a140d838b0f60c1e9fb46f882937175cfaf08655747013173623ee2b112012f8,products_found
1,,9418994,a140d838b0f60c1e9fb46f882937175cfaf08655747013173623ee2b112012f8,products_found
1,,9426071,a140d838b0f60c1e9fb46f882937175cfaf08655747013173623ee2b112012f8,products_found
1,,9429631,a140d838b0f60c1e9fb46f882937175cfaf08655747013173623ee2b112012f8,products_found
1,,9446824,a140d838b0f60c1e9fb46f882937175cfaf08655747013173623ee2b112012f8,products_found
1,,9447166,a140d838b0f60c1e9fb46f882937175cfaf08655747013173623ee2b112012f8,products_found
1,,9450647,a140d838b0f60c1e9fb46f882937175cfaf08655747013173623ee2b112012f8,products_found
1,,9451096,a140d838b0f60c1e9fb46f882937175cfaf08655747013173623ee2b112012f8,products_found
1,,9451127,a140d838b0f60c1e9fb46f882937175cfaf08655747013173623ee2b112012f8,products_found
1,,9451706,a140d838b0f60c1e9fb46f882937175cfaf08655747013173623ee2b112012f8,products_found
1,,9455325,a140d838b0f60c1e9fb46f882937175cfaf08655747013173623ee2b112012f8,products_found
1,,9455556,a140d838b0f60c1e9fb46f882937175cfaf08655747013173623ee2b112012f8,products_found
1,,9455677,a140d838b0f60c1e9fb46f882937175cfaf08655747013173623ee2b112012f8,products_found
1,,9458343,a140d838b0f60c1e9fb46f882937175cfaf08655747013173623ee2b112012f8,products_found
1,,9458613,a140d838b0f60c1e9fb46f882937175cfaf08655747013173623ee2b112012f8,products_found
1,,9466042,a140d838b0f60c1e9fb46f882937175cfaf08655747013173623ee2b112012f8,products_found
1,,9466429,a140d838b0f60c1e9fb46f882937175cfaf08655747013173623ee2b112012f8,products_found
1,,9466668,a140d838b0f60c1e9fb46f882937175cfaf08655747013173623ee2b112012f8,products_found
1,,9467404,a140d838b0f60c1e9fb46f882937175cfaf08655747013173623ee2b112012f8,products_found
1,,9468296,a140d838b0f60c1e9fb46f882937175cfaf08655747013173623ee2b112012f8,products_found
1,,9468382,a140d838b0f60c1e9fb46f882937175cfaf08655747013173623ee2b112012f8,products_found
1,,9468384,a140d838b0f60c1e9fb46f882937175cfaf08655747013173623ee2b112012f8,products_found
1,,9468551,a140d838b0f60c1e9fb46f882937175cfaf08655747013173623ee2b112012f8,products_found
1,,9468717,a140d838b0f60c1e9fb46f882937175cfaf08655747013173623ee2b112012f8,products_found
1,,9471268,a140d838b0f60c1e9fb46f882937175cfaf08655747013173623ee2b112012f8,products_found
1,,9471755,a140d838b0f60c1e9fb46f882937175cfaf08655747013173623ee2b112012f8,products_found
1,,9471974,a140d838b0f60c1e9fb46f882937175cfaf08655747013173623ee2b112012f8,products_found
1,,9472000,a140d838b0f60c1e9fb46f882937175cfaf08655747013173623ee2b112012f8,products_found
1,,9472074,a140d838b0f60c1e9fb46f882937175cfaf08655747013173623ee2b112012f8,products_found
1,,9473078,a140d838b0f60c1e9fb46f882937175cfaf08655747013173623ee2b112012f8,products_found
1,,9474222,a140d838b0f60c1e9fb46f882937175cfaf08655747013173623ee2b112012f8,products_found
1,,9474232,a140d838b0f60c1e9fb46f882937175cfaf08655747013173623ee2b112012f8,products_found
1,,9474483,a140d838b0f60c1e9fb46f882937175cfaf08655747013173623ee2b112012f8,products_found
1,,9474485,a140d838b0f60c1e9fb46f882937175cfaf08655747013173623ee2b112012f8,products_found
1,,9474493,a140d838b0f60c1e9fb46f882937175cfaf08655747013173623ee2b112012f8,products_found
1,,9474969,a140d838b0f60c1e9fb46f882937175cfaf08655747013173623ee2b112012f8,products_found
1,,9475552,a140d838b0f60c1e9fb46f882937175cfaf08655747013173623ee2b112012f8,products_found
1,,9478990,a140d838b0f60c1e9fb46f882937175cfaf08655747013173623ee2b112012f8,products_found
1,,9479273,a140d838b0f60c1e9fb46f882937175cfaf08655747013173623ee2b112012f8,products_found
1,,9479460,a140d838b0f60c1e9fb46f882937175cfaf08655747013173623ee2b112012f8,products_found
1,,9480189,a140d838b0f60c1e9fb46f882937175cfaf08655747013173623ee2b112012f8,products_found
1,,9480310,a140d838b0f60c1e9fb46f882937175cfaf08655747013173623ee2b112012f8,products_found
1,,9480535,a140d838b0f60c1e9fb46f882937175cfaf08655747013173623ee2b112012f8,products_found
1,,9489348,a140d838b0f60c1e9fb46f882937175cfaf08655747013173623ee2b112012f8,products_found
1,,9489524,a140d838b0f60c1e9fb46f882937175cfaf08655747013173623ee2b112012f8,products_found
1,,9489947,a140d838b0f60c1e9fb46f882937175cfaf08655747013173623ee2b112012f8,products_found
1,,9489953,a140d838b0f60c1e9fb46f882937175cfaf08655747013173623ee2b112012f8,products_found
1,,9490653,a140d838b0f60c1e9fb46f882937175cfaf08655747013173623ee2b112012f8,products_found
1,,9509207,a140d838b0f60c1e9fb46f882937175cfaf08655747013173623ee2b112012f8,products_found
1,,9509223,a140d838b0f60c1e9fb46f882937175cfaf08655747013173623ee2b112012f8,products_found
1,,9512687,a140d838b0f60c1e9fb46f882937175cfaf08655747013173623ee2b112012f8,products_found
1,,9513865,a140d838b0f60c1e9fb46f882937175cfaf08655747013173623ee2b112012f8,products_found
1,,9517393,a140d838b0f60c1e9fb46f882937175cfaf08655747013173623ee2b112012f8,products_found
1,,9518318,a140d838b0f60c1e9fb46f882937175cfaf08655747013173623ee2b112012f8,products_found
1,,9518558,a140d838b0f60c1e9fb46f882937175cfaf08655747013173623ee2b112012f8,products_found
1,,9518651,a140d838b0f60c1e9fb46f882937175cfaf08655747013173623ee2b112012f8,products_found
1,,9518710,a140d838b0f60c1e9fb46f882937175cfaf08655747013173623ee2b112012f8,products_found
1,,9520443,a140d838b0f60c1e9fb46f882937175cfaf08655747013173623ee2b112012f8,products_found
1,,9520668,a140d838b0f60c1e9fb46f882937175cfaf08655747013173623ee2b112012f8,products_found
1,,9520700,a140d838b0f60c1e9fb46f882937175cfaf08655747013173623ee2b112012f8,products_found
1,,9520838,a140d838b0f60c1e9fb46f882937175cfaf08655747013173623ee2b112012f8,products_found
1,,9527334,a140d838b0f60c1e9fb46f882937175cfaf08655747013173623ee2b112012f8,products_found
1,,9527915,a140d838b0f60c1e9fb46f882937175cfaf08655747013173623ee2b112012f8,products_found
1,,9528420,a140d838b0f60c1e9fb46f882937175cfaf08655747013173623ee2b112012f8,products_found
1,,9528430,a140d838b0f60c1e9fb46f882937175cfaf08655747013173623ee2b112012f8,products_found
1,,9529148,a140d838b0f60c1e9fb46f882937175cfaf08655747013173623ee2b112012f8,products_found
1,,9529294,a140d838b0f60c1e9fb46f882937175cfaf08655747013173623ee2b112012f8,products_found
1,,9529733,a140d838b0f60c1e9fb46f882937175cfaf08655747013173623ee2b112012f8,products_found
1,,9529744,a140d838b0f60c1e9fb46f882937175cfaf08655747013173623ee2b112012f8,products_found
1,,9529856,a140d838b0f60c1e9fb46f882937175cfaf08655747013173623ee2b112012f8,products_found
1,,9530945,a140d838b0f60c1e9fb46f882937175cfaf08655747013173623ee2b112012f8,products_found
1,,9531850,a140d838b0f60c1e9fb46f882937175cfaf08655747013173623ee2b112012f8,products_found
1,,9532052,a140d838b0f60c1e9fb46f882937175cfaf08655747013173623ee2b112012f8,products_found
1,,9532117,a140d838b0f60c1e9fb46f882937175cfaf08655747013173623ee2b112012f8,products_found
1,,9532123,a140d838b0f60c1e9fb46f882937175cfaf08655747013173623ee2b112012f8,products_found
1,,9532421,a140d838b0f60c1e9fb46f882937175cfaf08655747013173623ee2b112012f8,products_found
1,,9532424,a140d838b0f60c1e9fb46f882937175cfaf08655747013173623ee2b112012f8,products_found
1,,9532637,a140d838b0f60c1e9fb46f882937175cfaf08655747013173623ee2b112012f8,products_found
1,,9532710,a140d838b0f60c1e9fb46f882937175cfaf08655747013173623ee2b112012f8,products_found
1,,9532997,a140d838b0f60c1e9fb46f882937175cfaf08655747013173623ee2b112012f8,products_found
1,,9535080,a140d838b0f60c1e9fb46f882937175cfaf08655747013173623ee2b112012f8,products_found
1,,9535876,a140d838b0f60c1e9fb46f882937175cfaf08655747013173623ee2b112012f8,products_found
1,,9535881,a140d838b0f60c1e9fb46f882937175cfaf08655747013173623ee2b112012f8,products_found
1,,9536048,a140d838b0f60c1e9fb46f882937175cfaf08655747013173623ee2b112012f8,products_found
1,,9536692,a140d838b0f60c1e9fb46f882937175cfaf08655747013173623ee2b112012f8,products_found
1,,9536836,a140d838b0f60c1e9fb46f882937175cfaf08655747013173623ee2b112012f8,products_found
1,,9540450,a140d838b0f60c1e9fb46f882937175cfaf08655747013173623ee2b112012f8,products_found
1,,9540675,a140d838b0f60c1e9fb46f882937175cfaf08655747013173623ee2b112012f8,products_found
1,,9541089,a140d838b0f60c1e9fb46f882937175cfaf08655747013173623ee2b112012f8,products_found
1,,9541094,a140d838b0f60c1e9fb46f882937175cfaf08655747013173623ee2b112012f8,products_found
1,,9541163,a140d838b0f60c1e9fb46f882937175cfaf08655747013173623ee2b112012f8,products_found
1,,9541295,a140d838b0f60c1e9fb46f882937175cfaf08655747013173623ee2b112012f8,products_found
1,,9541322,a140d838b0f60c1e9fb46f882937175cfaf08655747013173623ee2b112012f8,products_found
1,,9541567,a140d838b0f60c1e9fb46f882937175cfaf08655747013173623ee2b112012f8,products_found
1,,9549471,a140d838b0f60c1e9fb46f882937175cfaf08655747013173623ee2b112012f8,products_found
1,,9549472,a140d838b0f60c1e9fb46f882937175cfaf08655747013173623ee2b112012f8,products_found
1,,9549648,a140d838b0f60c1e9fb46f882937175cfaf08655747013173623ee2b112012f8,products_found
1,,9551430,a140d838b0f60c1e9fb46f882937175cfaf08655747013173623ee2b112012f8,products_found
1,,9552608,a140d838b0f60c1e9fb46f882937175cfaf08655747013173623ee2b112012f8,products_found
1,,9569711,a140d838b0f60c1e9fb46f882937175cfaf08655747013173623ee2b112012f8,products_found
1,,9569866,a140d838b0f60c1e9fb46f882937175cfaf08655747013173623ee2b112012f8,products_found
1,,9570741,a140d838b0f60c1e9fb46f882937175cfaf08655747013173623ee2b112012f8,products_found
1,,9573539,a140d838b0f60c1e9fb46f882937175cfaf08655747013173623ee2b112012f8,products_found
1,,9573685,a140d838b0f60c1e9fb46f882937175cfaf08655747013173623ee2b112012f8,products_found
1,,9574614,a140d838b0f60c1e9fb46f882937175cfaf08655747013173623ee2b112012f8,products_found
1,,9576197,a140d838b0f60c1e9fb46f882937175cfaf08655747013173623ee2b112012f8,products_found
1,,9577855,a140d838b0f60c1e9fb46f882937175cfaf08655747013173623ee2b112012f8,products_found
1,,9578686,a140d838b0f60c1e9fb46f882937175cfaf08655747013173623ee2b112012f8,products_found
1,,9579192,a140d838b0f60c1e9fb46f882937175cfaf08655747013173623ee2b112012f8,products_found
1,,9579499,a140d838b0f60c1e9fb46f882937175cfaf08655747013173623ee2b112012f8,products_found
1,,9579641,a140d838b0f60c1e9fb46f882937175cfaf08655747013173623ee2b112012f8,products_found
1,,9579753,a140d838b0f60c1e9fb46f882937175cfaf08655747013173623ee2b112012f8,products_found
1,,9579789,a140d838b0f60c1e9fb46f882937175cfaf08655747013173623ee2b112012f8,products_found
1,,9579860,a140d838b0f60c1e9fb46f882937175cfaf08655747013173623ee2b112012f8,products_found
1,,9583881,a140d838b0f60c1e9fb46f882937175cfaf08655747013173623ee2b112012f8,products_found
1,,9588822,a140d838b0f60c1e9fb46f882937175cfaf08655747013173623ee2b112012f8,products_found
1,,9588880,a140d838b0f60c1e9fb46f882937175cfaf08655747013173623ee2b112012f8,products_found
1,,9589323,a140d838b0f60c1e9fb46f882937175cfaf08655747013173623ee2b112012f8,products_found
1,,9589524,a140d838b0f60c1e9fb46f882937175cfaf08655747013173623ee2b112012f8,products_found
1,,9590976,a140d838b0f60c1e9fb46f882937175cfaf08655747013173623ee2b112012f8,products_found
1,,9591070,a140d838b0f60c1e9fb46f882937175cfaf08655747013173623ee2b112012f8,products_found
1,,9591728,a140d838b0f60c1e9fb46f882937175cfaf08655747013173623ee2b112012f8,products_found
1,,9592575,a140d838b0f60c1e9fb46f882937175cfaf08655747013173623ee2b112012f8,products_found
1,,9592579,a140d838b0f60c1e9fb46f882937175cfaf08655747013173623ee2b112012f8,products_found
1,,9592705,a140d838b0f60c1e9fb46f882937175cfaf08655747013173623ee2b112012f8,products_found
1,,9592831,a140d838b0f60c1e9fb46f882937175cfaf08655747013173623ee2b112012f8,products_found
1,,9592850,a140d838b0f60c1e9fb46f882937175cfaf08655747013173623ee2b112012f8,products_found
1,,9592855,a140d838b0f60c1e9fb46f882937175cfaf08655747013173623ee2b112012f8,products_found
1,,9593757,a140d838b0f60c1e9fb46f882937175cfaf08655747013173623ee2b112012f8,products_found
1,,9593759,a140d838b0f60c1e9fb46f882937175cfaf08655747013173623ee2b112012f8,products_found
1,,9593773,a140d838b0f60c1e9fb46f882937175cfaf08655747013173623ee2b112012f8,products_found
1,,9594184,a140d838b0f60c1e9fb46f882937175cfaf08655747013173623ee2b112012f8,products_found
1,,9595827,a140d838b0f60c1e9fb46f882937175cfaf08655747013173623ee2b112012f8,products_found
1,,9596089,a140d838b0f60c1e9fb46f882937175cfaf08655747013173623ee2b112012f8,products_found
1,,9597058,a140d838b0f60c1e9fb46f882937175cfaf08655747013173623ee2b112012f8,products_found
1,,9597095,a140d838b0f60c1e9fb46f882937175cfaf08655747013173623ee2b112012f8,products_found
1,,9597345,a140d838b0f60c1e9fb46f882937175cfaf08655747013173623ee2b112012f8,products_found
1,,9597411,a140d838b0f60c1e9fb46f882937175cfaf08655747013173623ee2b112012f8,products_found
1,,9597729,a140d838b0f60c1e9fb46f882937175cfaf08655747013173623ee2b112012f8,products_found
1,,9597806,a140d838b0f60c1e9fb46f882937175cfaf08655747013173623ee2b112012f8,products_found
1,,9597854,a140d838b0f60c1e9fb46f882937175cfaf08655747013173623ee2b112012f8,products_found
1,,9602421,a140d838b0f60c1e9fb46f882937175cfaf08655747013173623ee2b112012f8,products_found
1,,9602431,a140d838b0f60c1e9fb46f882937175cfaf08655747013173623ee2b112012f8,products_found
1,,9602514,a140d838b0f60c1e9fb46f882937175cfaf08655747013173623ee2b112012f8,products_found
1,,9602538,a140d838b0f60c1e9fb46f882937175cfaf08655747013173623ee2b112012f8,products_found
1,,9602562,a140d838b0f60c1e9fb46f882937175cfaf08655747013173623ee2b112012f8,products_found
1,,9602595,a140d838b0f60c1e9fb46f882937175cfaf08655747013173623ee2b112012f8,products_found
1,,9602613,a140d838b0f60c1e9fb46f882937175cfaf08655747013173623ee2b112012f8,products_found
1,,9602658,a140d838b0f60c1e9fb46f882937175cfaf08655747013173623ee2b112012f8,products_found
1,,9602775,a140d838b0f60c1e9fb46f882937175cfaf08655747013173623ee2b112012f8,products_found
1,,9605514,a140d838b0f60c1e9fb46f882937175cfaf08655747013173623ee2b112012f8,products_found
1,,9607164,a140d838b0f60c1e9fb46f882937175cfaf08655747013173623ee2b112012f8,products_found
1,,9612825,a140d838b0f60c1e9fb46f882937175cfaf08655747013173623ee2b112012f8,products_found
1,,9613070,a140d838b0f60c1e9fb46f882937175cfaf08655747013173623ee2b112012f8,products_found
1,,9630640,a140d838b0f60c1e9fb46f882937175cfaf08655747013173623ee2b112012f8,products_found
1,,9631762,a140d838b0f60c1e9fb46f882937175cfaf08655747013173623ee2b112012f8,products_found
1,,9631995,a140d838b0f60c1e9fb46f882937175cfaf08655747013173623ee2b112012f8,products_found
1,,9632895,a140d838b0f60c1e9fb46f882937175cfaf08655747013173623ee2b112012f8,products_found
1,,9634821,a140d838b0f60c1e9fb46f882937175cfaf08655747013173623ee2b112012f8,products_found
1,,9635510,a140d838b0f60c1e9fb46f882937175cfaf08655747013173623ee2b112012f8,products_found
1,,9635529,a140d838b0f60c1e9fb46f882937175cfaf08655747013173623ee2b112012f8,products_found
1,,9635606,a140d838b0f60c1e9fb46f882937175cfaf08655747013173623ee2b112012f8,products_found
1,,9636135,a140d838b0f60c1e9fb46f882937175cfaf08655747013173623ee2b112012f8,products_found
1,,9636559,a140d838b0f60c1e9fb46f882937175cfaf08655747013173623ee2b112012f8,products_found
1,,9636563,a140d838b0f60c1e9fb46f882937175cfaf08655747013173623ee2b112012f8,products_found
1,,9636569,a140d838b0f60c1e9fb46f882937175cfaf08655747013173623ee2b112012f8,products_found
1,,9637299,a140d838b0f60c1e9fb46f882937175cfaf08655747013173623ee2b112012f8,products_found
1,,9639021,a140d838b0f60c1e9fb46f882937175cfaf08655747013173623ee2b112012f8,products_found
1,,9640439,a140d838b0f60c1e9fb46f882937175cfaf08655747013173623ee2b112012f8,products_found
1,,9640907,a140d838b0f60c1e9fb46f882937175cfaf08655747013173623ee2b112012f8,products_found
1,,9640921,a140d838b0f60c1e9fb46f882937175cfaf08655747013173623ee2b112012f8,products_found
1,,9640924,a140d838b0f60c1e9fb46f882937175cfaf08655747013173623ee2b112012f8,products_found
1,,9640931,a140d838b0f60c1e9fb46f882937175cfaf08655747013173623ee2b112012f8,products_found
1,,9640946,a140d838b0f60c1e9fb46f882937175cfaf08655747013173623ee2b112012f8,products_found
1,,9640962,a140d838b0f60c1e9fb46f882937175cfaf08655747013173623ee2b112012f8,products_found
1,,9640976,a140d838b0f60c1e9fb46f882937175cfaf08655747013173623ee2b112012f8,products_found
1,,9640985,a140d838b0f60c1e9fb46f882937175cfaf08655747013173623ee2b112012f8,products_found
1,,9641008,a140d838b0f60c1e9fb46f882937175cfaf08655747013173623ee2b112012f8,products_found
1,,9641018,a140d838b0f60c1e9fb46f882937175cfaf08655747013173623ee2b112012f8,products_found
1,,9641031,a140d838b0f60c1e9fb46f882937175cfaf08655747013173623ee2b112012f8,products_found
1,,9641041,a140d838b0f60c1e9fb46f882937175cfaf08655747013173623ee2b112012f8,products_found
1,,9641076,a140d838b0f60c1e9fb46f882937175cfaf08655747013173623ee2b112012f8,products_found
1,,9641103,a140d838b0f60c1e9fb46f882937175cfaf08655747013173623ee2b112012f8,products_found
1,,9641144,a140d838b0f60c1e9fb46f882937175cfaf08655747013173623ee2b112012f8,products_found
1,,9641481,a140d838b0f60c1e9fb46f882937175cfaf08655747013173623ee2b112012f8,products_found
1,,9642018,a140d838b0f60c1e9fb46f882937175cfaf08655747013173623ee2b112012f8,products_found
1,,9642292,a140d838b0f60c1e9fb46f882937175cfaf08655747013173623ee2b112012f8,products_found
1,,9643043,a140d838b0f60c1e9fb46f882937175cfaf08655747013173623ee2b112012f8,products_found
1,,9643210,a140d838b0f60c1e9fb46f882937175cfaf08655747013173623ee2b112012f8,products_found
1,,9643874,a140d838b0f60c1e9fb46f882937175cfaf08655747013173623ee2b112012f8,products_found
1,,9644411,a140d838b0f60c1e9fb46f882937175cfaf08655747013173623ee2b112012f8,products_found
1,,9644683,a140d838b0f60c1e9fb46f882937175cfaf08655747013173623ee2b112012f8,products_found
1,,9649205,a140d838b0f60c1e9fb46f882937175cfaf08655747013173623ee2b112012f8,products_found
1,,9649222,a140d838b0f60c1e9fb46f882937175cfaf08655747013173623ee2b112012f8,products_found
1,,9649706,a140d838b0f60c1e9fb46f882937175cfaf08655747013173623ee2b112012f8,products_found
1,,9650808,a140d838b0f60c1e9fb46f882937175cfaf08655747013173623ee2b112012f8,products_found
1,,9650989,a140d838b0f60c1e9fb46f882937175cfaf08655747013173623ee2b112012f8,products_found
1,,9651155,a140d838b0f60c1e9fb46f882937175cfaf08655747013173623ee2b112012f8,products_found
1,,9651234,a140d838b0f60c1e9fb46f882937175cfaf08655747013173623ee2b112012f8,products_found
1,,9651668,a140d838b0f60c1e9fb46f882937175cfaf08655747013173623ee2b112012f8,products_found
1,,9652166,a140d838b0f60c1e9fb46f882937175cfaf08655747013173623ee2b112012f8,products_found
1,,9652632,a140d838b0f60c1e9fb46f882937175cfaf08655747013173623ee2b112012f8,products_found
1,,9652649,a140d838b0f60c1e9fb46f882937175cfaf08655747013173623ee2b112012f8,products_found
1,,9652655,a140d838b0f60c1e9fb46f882937175cfaf08655747013173623ee2b112012f8,products_found
1,,9653622,a140d838b0f60c1e9fb46f882937175cfaf08655747013173623ee2b112012f8,products_found
1,,9654468,a140d838b0f60c1e9fb46f882937175cfaf08655747013173623ee2b112012f8,products_found
1,,9654875,a140d838b0f60c1e9fb46f882937175cfaf08655747013173623ee2b112012f8,products_found
1,,9655419,a140d838b0f60c1e9fb46f882937175cfaf08655747013173623ee2b112012f8,products_found
1,,9655424,a140d838b0f60c1e9fb46f882937175cfaf08655747013173623ee2b112012f8,products_found
1,,9655858,a140d838b0f60c1e9fb46f882937175cfaf08655747013173623ee2b112012f8,products_found
1,,9656252,a140d838b0f60c1e9fb46f882937175cfaf08655747013173623ee2b112012f8,products_found
1,,9656397,a140d838b0f60c1e9fb46f882937175cfaf08655747013173623ee2b112012f8,products_found
1,,9656543,a140d838b0f60c1e9fb46f882937175cfaf08655747013173623ee2b112012f8,products_found
1,,9656547,a140d838b0f60c1e9fb46f882937175cfaf08655747013173623ee2b112012f8,products_found
1,,9658118,a140d838b0f60c1e9fb46f882937175cfaf08655747013173623ee2b112012f8,products_found
1,,9658192,a140d838b0f60c1e9fb46f882937175cfaf08655747013173623ee2b112012f8,products_found
1,,9661869,a140d838b0f60c1e9fb46f882937175cfaf08655747013173623ee2b112012f8,products_found
1,,9661877,a140d838b0f60c1e9fb46f882937175cfaf08655747013173623ee2b112012f8,products_found
1,,9661979,a140d838b0f60c1e9fb46f882937175cfaf08655747013173623ee2b112012f8,products_found
1,,9662811,a140d838b0f60c1e9fb46f882937175cfaf08655747013173623ee2b112012f8,products_found
1,,9663113,a140d838b0f60c1e9fb46f882937175cfaf08655747013173623ee2b112012f8,products_found
1,,9664142,a140d838b0f60c1e9fb46f882937175cfaf08655747013173623ee2b112012f8,products_found
1,,9664215,a140d838b0f60c1e9fb46f882937175cfaf08655747013173623ee2b112012f8,products_found
1,,9665503,a140d838b0f60c1e9fb46f882937175cfaf08655747013173623ee2b112012f8,products_found
1,,9665922,a140d838b0f60c1e9fb46f882937175cfaf08655747013173623ee2b112012f8,products_found
1,,9673173,a140d838b0f60c1e9fb46f882937175cfaf08655747013173623ee2b112012f8,products_found
1,,9674564,a140d838b0f60c1e9fb46f882937175cfaf08655747013173623ee2b112012f8,products_found
1,,9674592,a140d838b0f60c1e9fb46f882937175cfaf08655747013173623ee2b112012f8,products_found
1,,9674608,a140d838b0f60c1e9fb46f882937175cfaf08655747013173623ee2b112012f8,products_found
1,,9692128,a140d838b0f60c1e9fb46f882937175cfaf08655747013173623ee2b112012f8,products_found
1,,9692336,a140d838b0f60c1e9fb46f882937175cfaf08655747013173623ee2b112012f8,products_found
1,,9692345,a140d838b0f60c1e9fb46f882937175cfaf08655747013173623ee2b112012f8,products_found
1,,9692557,a140d838b0f60c1e9fb46f882937175cfaf08655747013173623ee2b112012f8,products_found
1,,9693006,a140d838b0f60c1e9fb46f882937175cfaf08655747013173623ee2b112012f8,products_found
1,,9696358,a140d838b0f60c1e9fb46f882937175cfaf08655747013173623ee2b112012f8,products_found
1,,9701962,a140d838b0f60c1e9fb46f882937175cfaf08655747013173623ee2b112012f8,products_found
1,,9702006,a140d838b0f60c1e9fb46f882937175cfaf08655747013173623ee2b112012f8,products_found
1,,9702072,a140d838b0f60c1e9fb46f882937175cfaf08655747013173623ee2b112012f8,products_found
1,,9704384,a140d838b0f60c1e9fb46f882937175cfaf08655747013173623ee2b112012f8,products_found
1,,9710326,a140d838b0f60c1e9fb46f882937175cfaf08655747013173623ee2b112012f8,products_found
1,,9710611,a140d838b0f60c1e9fb46f882937175cfaf08655747013173623ee2b112012f8,products_found
1,,9710626,a140d838b0f60c1e9fb46f882937175cfaf08655747013173623ee2b112012f8,products_found
1,,9710792,a140d838b0f60c1e9fb46f882937175cfaf08655747013173623ee2b112012f8,products_found
1,,9711751,a140d838b0f60c1e9fb46f882937175cfaf08655747013173623ee2b112012f8,products_found
1,,9714123,a140d838b0f60c1e9fb46f882937175cfaf08655747013173623ee2b112012f8,products_found
1,,9714358,a140d838b0f60c1e9fb46f882937175cfaf08655747013173623ee2b112012f8,products_found
1,,9714550,a140d838b0f60c1e9fb46f882937175cfaf08655747013173623ee2b112012f8,products_found
1,,9715631,a140d838b0f60c1e9fb46f882937175cfaf08655747013173623ee2b112012f8,products_found
1,,9715925,a140d838b0f60c1e9fb46f882937175cfaf08655747013173623ee2b112012f8,products_found
1,,9715939,a140d838b0f60c1e9fb46f882937175cfaf08655747013173623ee2b112012f8,products_found
1,,9716302,a140d838b0f60c1e9fb46f882937175cfaf08655747013173623ee2b112012f8,products_found
1,,9716391,a140d838b0f60c1e9fb46f882937175cfaf08655747013173623ee2b112012f8,products_found
1,,9717943,a140d838b0f60c1e9fb46f882937175cfaf08655747013173623ee2b112012f8,products_found
1,,9718066,a140d838b0f60c1e9fb46f882937175cfaf08655747013173623ee2b112012f8,products_found
1,,9718379,a140d838b0f60c1e9fb46f882937175cfaf08655747013173623ee2b112012f8,products_found
1,,9719634,a140d838b0f60c1e9fb46f882937175cfaf08655747013173623ee2b112012f8,products_found
1,,9719636,a140d838b0f60c1e9fb46f882937175cfaf08655747013173623ee2b112012f8,products_found
1,,9724984,a140d838b0f60c1e9fb46f882937175cfaf08655747013173623ee2b112012f8,products_found
1,,9726659,a140d838b0f60c1e9fb46f882937175cfaf08655747013173623ee2b112012f8,products_found
1,,9728465,a140d838b0f60c1e9fb46f882937175cfaf08655747013173623ee2b112012f8,products_found
1,,9729691,a140d838b0f60c1e9fb46f882937175cfaf08655747013173623ee2b112012f8,products_found
1,,9730163,a140d838b0f60c1e9fb46f882937175cfaf08655747013173623ee2b112012f8,products_found
1,,9735426,a140d838b0f60c1e9fb46f882937175cfaf08655747013173623ee2b112012f8,products_found
1,,9752973,a140d838b0f60c1e9fb46f882937175cfaf08655747013173623ee2b112012f8,products_found
1,,9752982,a140d838b0f60c1e9fb46f882937175cfaf08655747013173623ee2b112012f8,products_found
1,,9753154,a140d838b0f60c1e9fb46f882937175cfaf08655747013173623ee2b112012f8,products_found
1,,9757613,a140d838b0f60c1e9fb46f882937175cfaf08655747013173623ee2b112012f8,products_found
1,,9758089,a140d838b0f60c1e9fb46f882937175cfaf08655747013173623ee2b112012f8,products_found
1,,9761199,a140d838b0f60c1e9fb46f882937175cfaf08655747013173623ee2b112012f8,products_found
1,,9761573,a140d838b0f60c1e9fb46f882937175cfaf08655747013173623ee2b112012f8,products_found
1,,9761615,a140d838b0f60c1e9fb46f882937175cfaf08655747013173623ee2b112012f8,products_found
1,,9761882,a140d838b0f60c1e9fb46f882937175cfaf08655747013173623ee2b112012f8,products_found
1,,9762514,a140d838b0f60c1e9fb46f882937175cfaf08655747013173623ee2b112012f8,products_found
1,,9762519,a140d838b0f60c1e9fb46f882937175cfaf08655747013173623ee2b112012f8,products_found
1,,9763348,a140d838b0f60c1e9fb46f882937175cfaf08655747013173623ee2b112012f8,products_found
1,,9765975,a140d838b0f60c1e9fb46f882937175cfaf08655747013173623ee2b112012f8,products_found
1,,9766437,a140d838b0f60c1e9fb46f882937175cfaf08655747013173623ee2b112012f8,products_found
1,,9767392,a140d838b0f60c1e9fb46f882937175cfaf08655747013173623ee2b112012f8,products_found
1,,9770983,a140d838b0f60c1e9fb46f882937175cfaf08655747013173623ee2b112012f8,products_found
1,,9771576,a140d838b0f60c1e9fb46f882937175cfaf08655747013173623ee2b112012f8,products_found
1,,9773869,a140d838b0f60c1e9fb46f882937175cfaf08655747013173623ee2b112012f8,products_found
1,,9774400,a140d838b0f60c1e9fb46f882937175cfaf08655747013173623ee2b112012f8,products_found
1,,9775253,a140d838b0f60c1e9fb46f882937175cfaf08655747013173623ee2b112012f8,products_found
1,,9775475,a140d838b0f60c1e9fb46f882937175cfaf08655747013173623ee2b112012f8,products_found
1,,9775938,a140d838b0f60c1e9fb46f882937175cfaf08655747013173623ee2b112012f8,products_found
1,,9776186,a140d838b0f60c1e9fb46f882937175cfaf08655747013173623ee2b112012f8,products_found
1,,9777062,a140d838b0f60c1e9fb46f882937175cfaf08655747013173623ee2b112012f8,products_found
1,,9777087,a140d838b0f60c1e9fb46f882937175cfaf08655747013173623ee2b112012f8,products_found
1,,9777089,a140d838b0f60c1e9fb46f882937175cfaf08655747013173623ee2b112012f8,products_found
1,,9777090,a140d838b0f60c1e9fb46f882937175cfaf08655747013173623ee2b112012f8,products_found
1,,9777200,a140d838b0f60c1e9fb46f882937175cfaf08655747013173623ee2b112012f8,products_found
1,,9777251,a140d838b0f60c1e9fb46f882937175cfaf08655747013173623ee2b112012f8,products_found
1,,9777256,a140d838b0f60c1e9fb46f882937175cfaf08655747013173623ee2b112012f8,products_found
1,,9777290,a140d838b0f60c1e9fb46f882937175cfaf08655747013173623ee2b112012f8,products_found
1,,9777556,a140d838b0f60c1e9fb46f882937175cfaf08655747013173623ee2b112012f8,products_found
1,,9777724,a140d838b0f60c1e9fb46f882937175cfaf08655747013173623ee2b112012f8,products_found
1,,9777757,a140d838b0f60c1e9fb46f882937175cfaf08655747013173623ee2b112012f8,products_found
1,,9777990,a140d838b0f60c1e9fb46f882937175cfaf08655747013173623ee2b112012f8,products_found
1,,9780149,a140d838b0f60c1e9fb46f882937175cfaf08655747013173623ee2b112012f8,products_found
1,,9782691,a140d838b0f60c1e9fb46f882937175cfaf08655747013173623ee2b112012f8,products_found
1,,9783760,a140d838b0f60c1e9fb46f882937175cfaf08655747013173623ee2b112012f8,products_found
1,,9784222,a140d838b0f60c1e9fb46f882937175cfaf08655747013173623ee2b112012f8,products_found
1,,9784230,a140d838b0f60c1e9fb46f882937175cfaf08655747013173623ee2b112012f8,products_found
1,,9785454,a140d838b0f60c1e9fb46f882937175cfaf08655747013173623ee2b112012f8,products_found
1,,9785921,a140d838b0f60c1e9fb46f882937175cfaf08655747013173623ee2b112012f8,products_found
1,,9786017,a140d838b0f60c1e9fb46f882937175cfaf08655747013173623ee2b112012f8,products_found
1,,9786821,a140d838b0f60c1e9fb46f882937175cfaf08655747013173623ee2b112012f8,products_found
1,,9787239,a140d838b0f60c1e9fb46f882937175cfaf08655747013173623ee2b112012f8,products_found
1,,9790806,a140d838b0f60c1e9fb46f882937175cfaf08655747013173623ee2b112012f8,products_found
1,,9790965,a140d838b0f60c1e9fb46f882937175cfaf08655747013173623ee2b112012f8,products_found
1,,9813499,a140d838b0f60c1e9fb46f882937175cfaf08655747013173623ee2b112012f8,products_found
1,,9813678,a140d838b0f60c1e9fb46f882937175cfaf08655747013173623ee2b112012f8,products_found
1,,9818381,a140d838b0f60c1e9fb46f882937175cfaf08655747013173623ee2b112012f8,products_found
1,,9818462,a140d838b0f60c1e9fb46f882937175cfaf08655747013173623ee2b112012f8,products_found
1,,9818732,a140d838b0f60c1e9fb46f882937175cfaf08655747013173623ee2b112012f8,products_found
1,,9820483,a140d838b0f60c1e9fb46f882937175cfaf08655747013173623ee2b112012f8,products_found
1,,9821078,a140d838b0f60c1e9fb46f882937175cfaf08655747013173623ee2b112012f8,products_found
1,,9821151,a140d838b0f60c1e9fb46f882937175cfaf08655747013173623ee2b112012f8,products_found
1,,9821454,a140d838b0f60c1e9fb46f882937175cfaf08655747013173623ee2b112012f8,products_found
1,,9823457,a140d838b0f60c1e9fb46f882937175cfaf08655747013173623ee2b112012f8,products_found
1,,9823487,a140d838b0f60c1e9fb46f882937175cfaf08655747013173623ee2b112012f8,products_found
1,,9823519,a140d838b0f60c1e9fb46f882937175cfaf08655747013173623ee2b112012f8,products_found
1,,9824805,a140d838b0f60c1e9fb46f882937175cfaf08655747013173623ee2b112012f8,products_found
1,,9825174,a140d838b0f60c1e9fb46f882937175cfaf08655747013173623ee2b112012f8,products_found
1,,9825625,a140d838b0f60c1e9fb46f882937175cfaf08655747013173623ee2b112012f8,products_found
1,,9826551,a140d838b0f60c1e9fb46f882937175cfaf08655747013173623ee2b112012f8,products_found
1,,9827094,a140d838b0f60c1e9fb46f882937175cfaf08655747013173623ee2b112012f8,products_found
1,,9827149,a140d838b0f60c1e9fb46f882937175cfaf08655747013173623ee2b112012f8,products_found
1,,9827596,a140d838b0f60c1e9fb46f882937175cfaf08655747013173623ee2b112012f8,products_found
1,,9828127,a140d838b0f60c1e9fb46f882937175cfaf08655747013173623ee2b112012f8,products_found
1,,9832208,a140d838b0f60c1e9fb46f882937175cfaf08655747013173623ee2b112012f8,products_found
1,,9834040,a140d838b0f60c1e9fb46f882937175cfaf08655747013173623ee2b112012f8,products_found
1,,9834257,a140d838b0f60c1e9fb46f882937175cfaf08655747013173623ee2b112012f8,products_found
1,,9834719,a140d838b0f60c1e9fb46f882937175cfaf08655747013173623ee2b112012f8,products_found
1,,9836149,a140d838b0f60c1e9fb46f882937175cfaf08655747013173623ee2b112012f8,products_found
1,,9836959,a140d838b0f60c1e9fb46f882937175cfaf08655747013173623ee2b112012f8,products_found
1,,9837083,a140d838b0f60c1e9fb46f882937175cfaf08655747013173623ee2b112012f8,products_found
1,,9837544,a140d838b0f60c1e9fb46f882937175cfaf08655747013173623ee2b112012f8,products_found
1,,9837578,a140d838b0f60c1e9fb46f882937175cfaf08655747013173623ee2b112012f8,products_found
1,,9837586,a140d838b0f60c1e9fb46f882937175cfaf08655747013173623ee2b112012f8,products_found
1,,9837661,a140d838b0f60c1e9fb46f882937175cfaf08655747013173623ee2b112012f8,products_found
1,,9837685,a140d838b0f60c1e9fb46f882937175cfaf08655747013173623ee2b112012f8,products_found
1,,9837720,a140d838b0f60c1e9fb46f882937175cfaf08655747013173623ee2b112012f8,products_found
1,,9838060,a140d838b0f60c1e9fb46f882937175cfaf08655747013173623ee2b112012f8,products_found
1,,9838414,a140d838b0f60c1e9fb46f882937175cfaf08655747013173623ee2b112012f8,products_found
1,,9838468,a140d838b0f60c1e9fb46f882937175cfaf08655747013173623ee2b112012f8,products_found
1,,9838537,a140d838b0f60c1e9fb46f882937175cfaf08655747013173623ee2b112012f8,products_found
1,,9838608,a140d838b0f60c1e9fb46f882937175cfaf08655747013173623ee2b112012f8,products_found
1,,9838761,a140d838b0f60c1e9fb46f882937175cfaf08655747013173623ee2b112012f8,products_found
1,,9838804,a140d838b0f60c1e9fb46f882937175cfaf08655747013173623ee2b112012f8,products_found
1,,9838949,a140d838b0f60c1e9fb46f882937175cfaf08655747013173623ee2b112012f8,products_found
1,,9838975,a140d838b0f60c1e9fb46f882937175cfaf08655747013173623ee2b112012f8,products_found
1,,9839030,a140d838b0f60c1e9fb46f882937175cfaf08655747013173623ee2b112012f8,products_found
1,,9839062,a140d838b0f60c1e9fb46f882937175cfaf08655747013173623ee2b112012f8,products_found
1,,9839081,a140d838b0f60c1e9fb46f882937175cfaf08655747013173623ee2b112012f8,products_found
1,,9839821,a140d838b0f60c1e9fb46f882937175cfaf08655747013173623ee2b112012f8,products_found
1,,9842890,a140d838b0f60c1e9fb46f882937175cfaf08655747013173623ee2b112012f8,products_found
1,,9842906,a140d838b0f60c1e9fb46f882937175cfaf08655747013173623ee2b112012f8,products_found
1,,9842937,a140d838b0f60c1e9fb46f882937175cfaf08655747013173623ee2b112012f8,products_found
1,,9844088,a140d838b0f60c1e9fb46f882937175cfaf08655747013173623ee2b112012f8,products_found
1,,9845898,a140d838b0f60c1e9fb46f882937175cfaf08655747013173623ee2b112012f8,products_found
1,,9845931,a140d838b0f60c1e9fb46f882937175cfaf08655747013173623ee2b112012f8,products_found
1,,9846086,a140d838b0f60c1e9fb46f882937175cfaf08655747013173623ee2b112012f8,products_found
1,,9847239,a140d838b0f60c1e9fb46f882937175cfaf08655747013173623ee2b112012f8,products_found
1,,9849884,a140d838b0f60c1e9fb46f882937175cfaf08655747013173623ee2b112012f8,products_found
1,,9850387,a140d838b0f60c1e9fb46f882937175cfaf08655747013173623ee2b112012f8,products_found
1,,9850843,a140d838b0f60c1e9fb46f882937175cfaf08655747013173623ee2b112012f8,products_found
1,,9850893,a140d838b0f60c1e9fb46f882937175cfaf08655747013173623ee2b112012f8,products_found
1,,9850912,a140d838b0f60c1e9fb46f882937175cfaf08655747013173623ee2b112012f8,products_found
1,,9850957,a140d838b0f60c1e9fb46f882937175cfaf08655747013173623ee2b112012f8,products_found
1,,9850966,a140d838b0f60c1e9fb46f882937175cfaf08655747013173623ee2b112012f8,products_found
1,,9851123,a140d838b0f60c1e9fb46f882937175cfaf08655747013173623ee2b112012f8,products_found
1,,9851126,a140d838b0f60c1e9fb46f882937175cfaf08655747013173623ee2b112012f8,products_found
1,,9851142,a140d838b0f60c1e9fb46f882937175cfaf08655747013173623ee2b112012f8,products_found
1,,9851226,a140d838b0f60c1e9fb46f882937175cfaf08655747013173623ee2b112012f8,products_found
1,,9851271,a140d838b0f60c1e9fb46f882937175cfaf08655747013173623ee2b112012f8,products_found
1,,9851360,a140d838b0f60c1e9fb46f882937175cfaf08655747013173623ee2b112012f8,products_found
1,,9851662,a140d838b0f60c1e9fb46f882937175cfaf08655747013173623ee2b112012f8,products_found
1,,9851845,a140d838b0f60c1e9fb46f882937175cfaf08655747013173623ee2b112012f8,products_found
1,,9851943,a140d838b0f60c1e9fb46f882937175cfaf08655747013173623ee2b112012f8,products_found
1,,9851970,a140d838b0f60c1e9fb46f882937175cfaf08655747013173623ee2b112012f8,products_found
1,,9851983,a140d838b0f60c1e9fb46f882937175cfaf08655747013173623ee2b112012f8,products_found
1,,9872283,a140d838b0f60c1e9fb46f882937175cfaf08655747013173623ee2b112012f8,products_found
1,,9872831,a140d838b0f60c1e9fb46f882937175cfaf08655747013173623ee2b112012f8,products_found
1,,9873254,a140d838b0f60c1e9fb46f882937175cfaf08655747013173623ee2b112012f8,products_found
1,,9873604,a140d838b0f60c1e9fb46f882937175cfaf08655747013173623ee2b112012f8,products_found
1,,9873759,a140d838b0f60c1e9fb46f882937175cfaf08655747013173623ee2b112012f8,products_found
1,,9873869,a140d838b0f60c1e9fb46f882937175cfaf08655747013173623ee2b112012f8,products_found
1,,9874581,a140d838b0f60c1e9fb46f882937175cfaf08655747013173623ee2b112012f8,products_found
1,,9875711,a140d838b0f60c1e9fb46f882937175cfaf08655747013173623ee2b112012f8,products_found
1,,9880190,a140d838b0f60c1e9fb46f882937175cfaf08655747013173623ee2b112012f8,products_found
1,,9881077,a140d838b0f60c1e9fb46f882937175cfaf08655747013173623ee2b112012f8,products_found
1,,9881258,a140d838b0f60c1e9fb46f882937175cfaf08655747013173623ee2b112012f8,products_found
1,,9881662,a140d838b0f60c1e9fb46f882937175cfaf08655747013173623ee2b112012f8,products_found
1,,9883606,a140d838b0f60c1e9fb46f882937175cfaf08655747013173623ee2b112012f8,products_found
1,,9884104,a140d838b0f60c1e9fb46f882937175cfaf08655747013173623ee2b112012f8,products_found
1,,9885417,a140d838b0f60c1e9fb46f882937175cfaf08655747013173623ee2b112012f8,products_found
1,,9886221,a140d838b0f60c1e9fb46f882937175cfaf08655747013173623ee2b112012f8,products_found
1,,9886224,a140d838b0f60c1e9fb46f882937175cfaf08655747013173623ee2b112012f8,products_found
1,,9886255,a140d838b0f60c1e9fb46f882937175cfaf08655747013173623ee2b112012f8,products_found
1,,9886361,a140d838b0f60c1e9fb46f882937175cfaf08655747013173623ee2b112012f8,products_found
1,,9886661,a140d838b0f60c1e9fb46f882937175cfaf08655747013173623ee2b112012f8,products_found
1,,9887224,a140d838b0f60c1e9fb46f882937175cfaf08655747013173623ee2b112012f8,products_found
1,,9892471,a140d838b0f60c1e9fb46f882937175cfaf08655747013173623ee2b112012f8,products_found
1,,9892816,a140d838b0f60c1e9fb46f882937175cfaf08655747013173623ee2b112012f8,products_found
1,,9892856,a140d838b0f60c1e9fb46f882937175cfaf08655747013173623ee2b112012f8,products_found
1,,9893318,a140d838b0f60c1e9fb46f882937175cfaf08655747013173623ee2b112012f8,products_found
1,,9895004,a140d838b0f60c1e9fb46f882937175cfaf08655747013173623ee2b112012f8,products_found
1,,9895006,a140d838b0f60c1e9fb46f882937175cfaf08655747013173623ee2b112012f8,products_found
1,,9895709,a140d838b0f60c1e9fb46f882937175cfaf08655747013173623ee2b112012f8,products_found
1,,9896018,a140d838b0f60c1e9fb46f882937175cfaf08655747013173623ee2b112012f8,products_found
1,,9896435,a140d838b0f60c1e9fb46f882937175cfaf08655747013173623ee2b112012f8,products_found
1,,9896438,a140d838b0f60c1e9fb46f882937175cfaf08655747013173623ee2b112012f8,products_found
1,,9896558,a140d838b0f60c1e9fb46f882937175cfaf08655747013173623ee2b112012f8,products_found
1,,9897364,a140d838b0f60c1e9fb46f882937175cfaf08655747013173623ee2b112012f8,products_found
1,,9898017,a140d838b0f60c1e9fb46f882937175cfaf08655747013173623ee2b112012f8,products_found
1,,9898364,a140d838b0f60c1e9fb46f882937175cfaf08655747013173623ee2b112012f8,products_found
1,,9898447,a140d838b0f60c1e9fb46f882937175cfaf08655747013173623ee2b112012f8,products_found
1,,9899065,a140d838b0f60c1e9fb46f882937175cfaf08655747013173623ee2b112012f8,products_found
1,,9899141,a140d838b0f60c1e9fb46f882937175cfaf08655747013173623ee2b112012f8,products_found
1,,9899153,a140d838b0f60c1e9fb46f882937175cfaf08655747013173623ee2b112012f8,products_found
1,,9899181,a140d838b0f60c1e9fb46f882937175cfaf08655747013173623ee2b112012f8,products_found
1,,9899193,a140d838b0f60c1e9fb46f882937175cfaf08655747013173623ee2b112012f8,products_found
1,,9899216,a140d838b0f60c1e9fb46f882937175cfaf08655747013173623ee2b112012f8,products_found
1,,9899217,a140d838b0f60c1e9fb46f882937175cfaf08655747013173623ee2b112012f8,products_found
1,,9899233,a140d838b0f60c1e9fb46f882937175cfaf08655747013173623ee2b112012f8,products_found
1,,9899256,a140d838b0f60c1e9fb46f882937175cfaf08655747013173623ee2b112012f8,products_found
1,,9899280,a140d838b0f60c1e9fb46f882937175cfaf08655747013173623ee2b112012f8,products_found
1,,9899315,a140d838b0f60c1e9fb46f882937175cfaf08655747013173623ee2b112012f8,products_found
1,,9899345,a140d838b0f60c1e9fb46f882937175cfaf08655747013173623ee2b112012f8,products_found
1,,9899352,a140d838b0f60c1e9fb46f882937175cfaf08655747013173623ee2b112012f8,products_found
1,,9899355,a140d838b0f60c1e9fb46f882937175cfaf08655747013173623ee2b112012f8,products_found
1,,9899410,a140d838b0f60c1e9fb46f882937175cfaf08655747013173623ee2b112012f8,products_found
1,,9899414,a140d838b0f60c1e9fb46f882937175cfaf08655747013173623ee2b112012f8,products_found
1,,9899421,a140d838b0f60c1e9fb46f882937175cfaf08655747013173623ee2b112012f8,products_found
1,,9899449,a140d838b0f60c1e9fb46f882937175cfaf08655747013173623ee2b112012f8,products_found
1,,9899483,a140d838b0f60c1e9fb46f882937175cfaf08655747013173623ee2b112012f8,products_found
1,,9899505,a140d838b0f60c1e9fb46f882937175cfaf08655747013173623ee2b112012f8,products_found
1,,9899514,a140d838b0f60c1e9fb46f882937175cfaf08655747013173623ee2b112012f8,products_found
1,,9899577,a140d838b0f60c1e9fb46f882937175cfaf08655747013173623ee2b112012f8,products_found
1,,9899583,a140d838b0f60c1e9fb46f882937175cfaf08655747013173623ee2b112012f8,products_found
1,,9899607,a140d838b0f60c1e9fb46f882937175cfaf08655747013173623ee2b112012f8,products_found
1,,9899621,a140d838b0f60c1e9fb46f882937175cfaf08655747013173623ee2b112012f8,products_found
1,,9899623,a140d838b0f60c1e9fb46f882937175cfaf08655747013173623ee2b112012f8,products_found
1,,9899630,a140d838b0f60c1e9fb46f882937175cfaf08655747013173623ee2b112012f8,products_found
1,,9902856,a140d838b0f60c1e9fb46f882937175cfaf08655747013173623ee2b112012f8,products_found
1,,9904006,a140d838b0f60c1e9fb46f882937175cfaf08655747013173623ee2b112012f8,products_found
1,,9906489,a140d838b0f60c1e9fb46f882937175cfaf08655747013173623ee2b112012f8,products_found
1,,9907129,a140d838b0f60c1e9fb46f882937175cfaf08655747013173623ee2b112012f8,products_found
1,,9907505,a140d838b0f60c1e9fb46f882937175cfaf08655747013173623ee2b112012f8,products_found
1,,9908486,a140d838b0f60c1e9fb46f882937175cfaf08655747013173623ee2b112012f8,products_found
1,,9909735,a140d838b0f60c1e9fb46f882937175cfaf08655747013173623ee2b112012f8,products_found
1,,9910828,a140d838b0f60c1e9fb46f882937175cfaf08655747013173623ee2b112012f8,products_found
1,,9910942,a140d838b0f60c1e9fb46f882937175cfaf08655747013173623ee2b112012f8,products_found
1,,9911112,a140d838b0f60c1e9fb46f882937175cfaf08655747013173623ee2b112012f8,products_found
1,,9911882,a140d838b0f60c1e9fb46f882937175cfaf08655747013173623ee2b112012f8,products_found
1,,9912977,a140d838b0f60c1e9fb46f882937175cfaf08655747013173623ee2b112012f8,products_found
1,,9913481,a140d838b0f60c1e9fb46f882937175cfaf08655747013173623ee2b112012f8,products_found
1,,9913798,a140d838b0f60c1e9fb46f882937175cfaf08655747013173623ee2b112012f8,products_found
1,,9932970,a140d838b0f60c1e9fb46f882937175cfaf08655747013173623ee2b112012f8,products_found
1,,9934208,a140d838b0f60c1e9fb46f882937175cfaf08655747013173623ee2b112012f8,products_found
1,,9934274,a140d838b0f60c1e9fb46f882937175cfaf08655747013173623ee2b112012f8,products_found
1,,9936698,a140d838b0f60c1e9fb46f882937175cfaf08655747013173623ee2b112012f8,products_found
1,,9940565,a140d838b0f60c1e9fb46f882937175cfaf08655747013173623ee2b112012f8,products_found
1,,9941066,a140d838b0f60c1e9fb46f882937175cfaf08655747013173623ee2b112012f8,products_found
1,,9941387,a140d838b0f60c1e9fb46f882937175cfaf08655747013173623ee2b112012f8,products_found
1,,9941425,a140d838b0f60c1e9fb46f882937175cfaf08655747013173623ee2b112012f8,products_found
1,,9941550,a140d838b0f60c1e9fb46f882937175cfaf08655747013173623ee2b112012f8,products_found
1,,9941662,a140d838b0f60c1e9fb46f882937175cfaf08655747013173623ee2b112012f8,products_found
1,,9941859,a140d838b0f60c1e9fb46f882937175cfaf08655747013173623ee2b112012f8,products_found
1,,9943435,a140d838b0f60c1e9fb46f882937175cfaf08655747013173623ee2b112012f8,products_found
1,,9944421,a140d838b0f60c1e9fb46f882937175cfaf08655747013173623ee2b112012f8,products_found
1,,9945280,a140d838b0f60c1e9fb46f882937175cfaf08655747013173623ee2b112012f8,products_found
1,,9945370,a140d838b0f60c1e9fb46f882937175cfaf08655747013173623ee2b112012f8,products_found
1,,9946525,a140d838b0f60c1e9fb46f882937175cfaf08655747013173623ee2b112012f8,products_found
1,,9948002,a140d838b0f60c1e9fb46f882937175cfaf08655747013173623ee2b112012f8,products_found
1,,9950612,a140d838b0f60c1e9fb46f882937175cfaf08655747013173623ee2b112012f8,products_found
1,,9953736,a140d838b0f60c1e9fb46f882937175cfaf08655747013173623ee2b112012f8,products_found
1,,9954225,a140d838b0f60c1e9fb46f882937175cfaf08655747013173623ee2b112012f8,products_found
1,,9955262,a140d838b0f60c1e9fb46f882937175cfaf08655747013173623ee2b112012f8,products_found
1,,9955598,a140d838b0f60c1e9fb46f882937175cfaf08655747013173623ee2b112012f8,products_found
1,,9956082,a140d838b0f60c1e9fb46f882937175cfaf08655747013173623ee2b112012f8,products_found
1,,9957351,a140d838b0f60c1e9fb46f882937175cfaf08655747013173623ee2b112012f8,products_found
1,,9957627,a140d838b0f60c1e9fb46f882937175cfaf08655747013173623ee2b112012f8,products_found
1,,9957659,a140d838b0f60c1e9fb46f882937175cfaf08655747013173623ee2b112012f8,products_found
1,,9957668,a140d838b0f60c1e9fb46f882937175cfaf08655747013173623ee2b112012f8,products_found
1,,9958053,a140d838b0f60c1e9fb46f882937175cfaf08655747013173623ee2b112012f8,products_found
1,,9958962,a140d838b0f60c1e9fb46f882937175cfaf08655747013173623ee2b112012f8,products_found
1,,9959093,a140d838b0f60c1e9fb46f882937175cfaf08655747013173623ee2b112012f8,products_found
1,,9959368,a140d838b0f60c1e9fb46f882937175cfaf08655747013173623ee2b112012f8,products_found
1,,9959492,a140d838b0f60c1e9fb46f882937175cfaf08655747013173623ee2b112012f8,products_found
1,,9959494,a140d838b0f60c1e9fb46f882937175cfaf08655747013173623ee2b112012f8,products_found
1,,9959545,a140d838b0f60c1e9fb46f882937175cfaf08655747013173623ee2b112012f8,products_found
1,,9959589,a140d838b0f60c1e9fb46f882937175cfaf08655747013173623ee2b112012f8,products_found
1,,9959765,a140d838b0f60c1e9fb46f882937175cfaf08655747013173623ee2b112012f8,products_found
1,,9962455,a140d838b0f60c1e9fb46f882937175cfaf08655747013173623ee2b112012f8,products_found
1,,9962595,a140d838b0f60c1e9fb46f882937175cfaf08655747013173623ee2b112012f8,products_found
1,,9962731,a140d838b0f60c1e9fb46f882937175cfaf08655747013173623ee2b112012f8,products_found
1,,9963009,a140d838b0f60c1e9fb46f882937175cfaf08655747013173623ee2b112012f8,products_found
1,,9963265,a140d838b0f60c1e9fb46f882937175cfaf08655747013173623ee2b112012f8,products_found
1,,9963461,a140d838b0f60c1e9fb46f882937175cfaf08655747013173623ee2b112012f8,products_found
1,,9963524,a140d838b0f60c1e9fb46f882937175cfaf08655747013173623ee2b112012f8,products_found
1,,9964670,a140d838b0f60c1e9fb46f882937175cfaf08655747013173623ee2b112012f8,products_found
1,,9964748,a140d838b0f60c1e9fb46f882937175cfaf08655747013173623ee2b112012f8,products_found
1,,9964801,a140d838b0f60c1e9fb46f882937175cfaf08655747013173623ee2b112012f8,products_found
1,,9965184,a140d838b0f60c1e9fb46f882937175cfaf08655747013173623ee2b112012f8,products_found
1,,9965206,a140d838b0f60c1e9fb46f882937175cfaf08655747013173623ee2b112012f8,products_found
1,,9965439,a140d838b0f60c1e9fb46f882937175cfaf08655747013173623ee2b112012f8,products_found
1,,9965691,a140d838b0f60c1e9fb46f882937175cfaf08655747013173623ee2b112012f8,products_found
1,,9965957,a140d838b0f60c1e9fb46f882937175cfaf08655747013173623ee2b112012f8,products_found
1,,9966115,a140d838b0f60c1e9fb46f882937175cfaf08655747013173623ee2b112012f8,products_found
1,,9967771,a140d838b0f60c1e9fb46f882937175cfaf08655747013173623ee2b112012f8,products_found
1,,9967884,a140d838b0f60c1e9fb46f882937175cfaf08655747013173623ee2b112012f8,products_found
1,,9971475,a140d838b0f60c1e9fb46f882937175cfaf08655747013173623ee2b112012f8,products_found
1,,9973109,a140d838b0f60c1e9fb46f882937175cfaf08655747013173623ee2b112012f8,products_found
1,,9973855,a140d838b0f60c1e9fb46f882937175cfaf08655747013173623ee2b112012f8,products_found
1,,9991621,a140d838b0f60c1e9fb46f882937175cfaf08655747013173623ee2b112012f8,products_found
1,,9992325,a140d838b0f60c1e9fb46f882937175cfaf08655747013173623ee2b112012f8,products_found
1,,9993529,a140d838b0f60c1e9fb46f882937175cfaf08655747013173623ee2b112012f8,products_found
1,,9995402,a140d838b0f60c1e9fb46f882937175cfaf08655747013173623ee2b112012f8,products_found
1,,9995771,a140d838b0f60c1e9fb46f882937175cfaf08655747013173623ee2b112012f8,products_found
1,,9996632,a140d838b0f60c1e9fb46f882937175cfaf08655747013173623ee2b112012f8,products_found
1,,10000490,a140d838b0f60c1e9fb46f882937175cfaf08655747013173623ee2b112012f8,products_found
1,,10000941,a140d838b0f60c1e9fb46f882937175cfaf08655747013173623ee2b112012f8,products_found
1,,10001368,a140d838b0f60c1e9fb46f882937175cfaf08655747013173623ee2b112012f8,products_found
1,,10002266,a140d838b0f60c1e9fb46f882937175cfaf08655747013173623ee2b112012f8,products_found
1,,10002866,a140d838b0f60c1e9fb46f882937175cfaf08655747013173623ee2b112012f8,products_found
1,,10004519,a140d838b0f60c1e9fb46f882937175cfaf08655747013173623ee2b112012f8,products_found
1,,10004738,a140d838b0f60c1e9fb46f882937175cfaf08655747013173623ee2b112012f8,products_found
1,,10005020,a140d838b0f60c1e9fb46f882937175cfaf08655747013173623ee2b112012f8,products_found
1,,10005758,a140d838b0f60c1e9fb46f882937175cfaf08655747013173623ee2b112012f8,products_found
1,,10005788,a140d838b0f60c1e9fb46f882937175cfaf08655747013173623ee2b112012f8,products_found
1,,10006096,a140d838b0f60c1e9fb46f882937175cfaf08655747013173623ee2b112012f8,products_found
1,,10006581,a140d838b0f60c1e9fb46f882937175cfaf08655747013173623ee2b112012f8,products_found
1,,10006641,a140d838b0f60c1e9fb46f882937175cfaf08655747013173623ee2b112012f8,products_found
1,,10007492,a140d838b0f60c1e9fb46f882937175cfaf08655747013173623ee2b112012f8,products_found
1,,10010440,a140d838b0f60c1e9fb46f882937175cfaf08655747013173623ee2b112012f8,products_found
1,,10010452,a140d838b0f60c1e9fb46f882937175cfaf08655747013173623ee2b112012f8,products_found
1,,10014702,a140d838b0f60c1e9fb46f882937175cfaf08655747013173623ee2b112012f8,products_found
1,,10014875,a140d838b0f60c1e9fb46f882937175cfaf08655747013173623ee2b112012f8,products_found
1,,10015937,a140d838b0f60c1e9fb46f882937175cfaf08655747013173623ee2b112012f8,products_found
1,,10018233,a140d838b0f60c1e9fb46f882937175cfaf08655747013173623ee2b112012f8,products_found
1,,10019065,a140d838b0f60c1e9fb46f882937175cfaf08655747013173623ee2b112012f8,products_found
1,,10019399,a140d838b0f60c1e9fb46f882937175cfaf08655747013173623ee2b112012f8,products_found
1,,10019643,a140d838b0f60c1e9fb46f882937175cfaf08655747013173623ee2b112012f8,products_found
1,,10019708,a140d838b0f60c1e9fb46f882937175cfaf08655747013173623ee2b112012f8,products_found
1,,10019763,a140d838b0f60c1e9fb46f882937175cfaf08655747013173623ee2b112012f8,products_found
1,,10020423,a140d838b0f60c1e9fb46f882937175cfaf08655747013173623ee2b112012f8,products_found
1,,10022908,a140d838b0f60c1e9fb46f882937175cfaf08655747013173623ee2b112012f8,products_found
1,,10023069,a140d838b0f60c1e9fb46f882937175cfaf08655747013173623ee2b112012f8,products_found
1,,10023469,a140d838b0f60c1e9fb46f882937175cfaf08655747013173623ee2b112012f8,products_found
1,,10024051,a140d838b0f60c1e9fb46f882937175cfaf08655747013173623ee2b112012f8,products_found
1,,10024701,a140d838b0f60c1e9fb46f882937175cfaf08655747013173623ee2b112012f8,products_found
1,,10026136,a140d838b0f60c1e9fb46f882937175cfaf08655747013173623ee2b112012f8,products_found
1,,10026457,a140d838b0f60c1e9fb46f882937175cfaf08655747013173623ee2b112012f8,products_found
1,,10026458,a140d838b0f60c1e9fb46f882937175cfaf08655747013173623ee2b112012f8,products_found
1,,10026502,a140d838b0f60c1e9fb46f882937175cfaf08655747013173623ee2b112012f8,products_found
1,,10027247,a140d838b0f60c1e9fb46f882937175cfaf08655747013173623ee2b112012f8,products_found
1,,10027323,a140d838b0f60c1e9fb46f882937175cfaf08655747013173623ee2b112012f8,products_found
1,,10028140,a140d838b0f60c1e9fb46f882937175cfaf08655747013173623ee2b112012f8,products_found
1,,10028352,a140d838b0f60c1e9fb46f882937175cfaf08655747013173623ee2b112012f8,products_found
1,,10028535,a140d838b0f60c1e9fb46f882937175cfaf08655747013173623ee2b112012f8,products_found
1,,10028792,a140d838b0f60c1e9fb46f882937175cfaf08655747013173623ee2b112012f8,products_found
1,,10030778,a140d838b0f60c1e9fb46f882937175cfaf08655747013173623ee2b112012f8,products_found
1,,10031409,a140d838b0f60c1e9fb46f882937175cfaf08655747013173623ee2b112012f8,products_found
1,,10031500,a140d838b0f60c1e9fb46f882937175cfaf08655747013173623ee2b112012f8,products_found
1,,10031526,a140d838b0f60c1e9fb46f882937175cfaf08655747013173623ee2b112012f8,products_found
1,,10031643,a140d838b0f60c1e9fb46f882937175cfaf08655747013173623ee2b112012f8,products_found
1,,10031656,a140d838b0f60c1e9fb46f882937175cfaf08655747013173623ee2b112012f8,products_found
1,,10031707,a140d838b0f60c1e9fb46f882937175cfaf08655747013173623ee2b112012f8,products_found
1,,10031808,a140d838b0f60c1e9fb46f882937175cfaf08655747013173623ee2b112012f8,products_found
1,,10031885,a140d838b0f60c1e9fb46f882937175cfaf08655747013173623ee2b112012f8,products_found
1,,10031907,a140d838b0f60c1e9fb46f882937175cfaf08655747013173623ee2b112012f8,products_found
1,,10031918,a140d838b0f60c1e9fb46f882937175cfaf08655747013173623ee2b112012f8,products_found
1,,10033279,a140d838b0f60c1e9fb46f882937175cfaf08655747013173623ee2b112012f8,products_found
1,,10034146,a140d838b0f60c1e9fb46f882937175cfaf08655747013173623ee2b112012f8,products_found
1,,10055126,a140d838b0f60c1e9fb46f882937175cfaf08655747013173623ee2b112012f8,products_found
1,,10057494,a140d838b0f60c1e9fb46f882937175cfaf08655747013173623ee2b112012f8,products_found
1,,10059645,a140d838b0f60c1e9fb46f882937175cfaf08655747013173623ee2b112012f8,products_found
1,,10063044,a140d838b0f60c1e9fb46f882937175cfaf08655747013173623ee2b112012f8,products_found
1,,10063208,a140d838b0f60c1e9fb46f882937175cfaf08655747013173623ee2b112012f8,products_found
1,,10063802,a140d838b0f60c1e9fb46f882937175cfaf08655747013173623ee2b112012f8,products_found
1,,10064256,a140d838b0f60c1e9fb46f882937175cfaf08655747013173623ee2b112012f8,products_found
1,,10068024,a140d838b0f60c1e9fb46f882937175cfaf08655747013173623ee2b112012f8,products_found
1,,10068030,a140d838b0f60c1e9fb46f882937175cfaf08655747013173623ee2b112012f8,products_found
1,,10068383,a140d838b0f60c1e9fb46f882937175cfaf08655747013173623ee2b112012f8,products_found
1,,10068659,a140d838b0f60c1e9fb46f882937175cfaf08655747013173623ee2b112012f8,products_found
1,,10068919,a140d838b0f60c1e9fb46f882937175cfaf08655747013173623ee2b112012f8,products_found
1,,10070468,a140d838b0f60c1e9fb46f882937175cfaf08655747013173623ee2b112012f8,products_found
1,,10074466,a140d838b0f60c1e9fb46f882937175cfaf08655747013173623ee2b112012f8,products_found
1,,10079317,a140d838b0f60c1e9fb46f882937175cfaf08655747013173623ee2b112012f8,products_found
1,,10079481,a140d838b0f60c1e9fb46f882937175cfaf08655747013173623ee2b112012f8,products_found
1,,10080248,a140d838b0f60c1e9fb46f882937175cfaf08655747013173623ee2b112012f8,products_found
1,,10081899,a140d838b0f60c1e9fb46f882937175cfaf08655747013173623ee2b112012f8,products_found
1,,10083623,a140d838b0f60c1e9fb46f882937175cfaf08655747013173623ee2b112012f8,products_found
1,,10089911,a140d838b0f60c1e9fb46f882937175cfaf08655747013173623ee2b112012f8,products_found
1,,10090151,a140d838b0f60c1e9fb46f882937175cfaf08655747013173623ee2b112012f8,products_found
1,,10090219,a140d838b0f60c1e9fb46f882937175cfaf08655747013173623ee2b112012f8,products_found
1,,10090257,a140d838b0f60c1e9fb46f882937175cfaf08655747013173623ee2b112012f8,products_found
1,,10091110,a140d838b0f60c1e9fb46f882937175cfaf08655747013173623ee2b112012f8,products_found
1,,10091257,a140d838b0f60c1e9fb46f882937175cfaf08655747013173623ee2b112012f8,products_found
1,,10092312,a140d838b0f60c1e9fb46f882937175cfaf08655747013173623ee2b112012f8,products_found
1,,10093664,a140d838b0f60c1e9fb46f882937175cfaf08655747013173623ee2b112012f8,products_found
1,,10094670,a140d838b0f60c1e9fb46f882937175cfaf08655747013173623ee2b112012f8,products_found
1,,10095484,a140d838b0f60c1e9fb46f882937175cfaf08655747013173623ee2b112012f8,products_found
1,,10095512,a140d838b0f60c1e9fb46f882937175cfaf08655747013173623ee2b112012f8,products_found
1,,10098844,a140d838b0f60c1e9fb46f882937175cfaf08655747013173623ee2b112012f8,products_found
1,,10118816,a140d838b0f60c1e9fb46f882937175cfaf08655747013173623ee2b112012f8,products_found
1,,10122255,a140d838b0f60c1e9fb46f882937175cfaf08655747013173623ee2b112012f8,products_found
1,,10122538,a140d838b0f60c1e9fb46f882937175cfaf08655747013173623ee2b112012f8,products_found
1,,10123064,a140d838b0f60c1e9fb46f882937175cfaf08655747013173623ee2b112012f8,products_found
1,,10125352,a140d838b0f60c1e9fb46f882937175cfaf08655747013173623ee2b112012f8,products_found
1,,10129482,a140d838b0f60c1e9fb46f882937175cfaf08655747013173623ee2b112012f8,products_found
1,,10130039,a140d838b0f60c1e9fb46f882937175cfaf08655747013173623ee2b112012f8,products_found
1,,10130057,a140d838b0f60c1e9fb46f882937175cfaf08655747013173623ee2b112012f8,products_found
1,,10132832,a140d838b0f60c1e9fb46f882937175cfaf08655747013173623ee2b112012f8,products_found
1,,10134152,a140d838b0f60c1e9fb46f882937175cfaf08655747013173623ee2b112012f8,products_found
1,,10136549,a140d838b0f60c1e9fb46f882937175cfaf08655747013173623ee2b112012f8,products_found
1,,10139305,a140d838b0f60c1e9fb46f882937175cfaf08655747013173623ee2b112012f8,products_found
1,,10141271,a140d838b0f60c1e9fb46f882937175cfaf08655747013173623ee2b112012f8,products_found
1,,10141900,a140d838b0f60c1e9fb46f882937175cfaf08655747013173623ee2b112012f8,products_found
1,,10147276,a140d838b0f60c1e9fb46f882937175cfaf08655747013173623ee2b112012f8,products_found
1,,10148521,a140d838b0f60c1e9fb46f882937175cfaf08655747013173623ee2b112012f8,products_found
1,,10149023,a140d838b0f60c1e9fb46f882937175cfaf08655747013173623ee2b112012f8,products_found
1,,10152836,a140d838b0f60c1e9fb46f882937175cfaf08655747013173623ee2b112012f8,products_found
1,,10153011,a140d838b0f60c1e9fb46f882937175cfaf08655747013173623ee2b112012f8,products_found
1,,10153855,a140d838b0f60c1e9fb46f882937175cfaf08655747013173623ee2b112012f8,products_found
1,,10154388,a140d838b0f60c1e9fb46f882937175cfaf08655747013173623ee2b112012f8,products_found
1,,10155080,a140d838b0f60c1e9fb46f882937175cfaf08655747013173623ee2b112012f8,products_found
1,,10155286,a140d838b0f60c1e9fb46f882937175cfaf08655747013173623ee2b112012f8,products_found
1,,10155434,a140d838b0f60c1e9fb46f882937175cfaf08655747013173623ee2b112012f8,products_found
1,,10156055,a140d838b0f60c1e9fb46f882937175cfaf08655747013173623ee2b112012f8,products_found
1,,10156064,a140d838b0f60c1e9fb46f882937175cfaf08655747013173623ee2b112012f8,products_found
1,,10156110,a140d838b0f60c1e9fb46f882937175cfaf08655747013173623ee2b112012f8,products_found
1,,10157458,a140d838b0f60c1e9fb46f882937175cfaf08655747013173623ee2b112012f8,products_found
1,,10158729,a140d838b0f60c1e9fb46f882937175cfaf08655747013173623ee2b112012f8,products_found
1,,10158990,a140d838b0f60c1e9fb46f882937175cfaf08655747013173623ee2b112012f8,products_found
1,,10164018,a140d838b0f60c1e9fb46f882937175cfaf08655747013173623ee2b112012f8,products_found
1,,10166274,a140d838b0f60c1e9fb46f882937175cfaf08655747013173623ee2b112012f8,products_found
1,,10186945,a140d838b0f60c1e9fb46f882937175cfaf08655747013173623ee2b112012f8,products_found
1,,10187017,a140d838b0f60c1e9fb46f882937175cfaf08655747013173623ee2b112012f8,products_found
1,,10187159,a140d838b0f60c1e9fb46f882937175cfaf08655747013173623ee2b112012f8,products_found
1,,10187563,a140d838b0f60c1e9fb46f882937175cfaf08655747013173623ee2b112012f8,products_found
1,,10189523,a140d838b0f60c1e9fb46f882937175cfaf08655747013173623ee2b112012f8,products_found
1,,10189542,a140d838b0f60c1e9fb46f882937175cfaf08655747013173623ee2b112012f8,products_found
1,,10189546,a140d838b0f60c1e9fb46f882937175cfaf08655747013173623ee2b112012f8,products_found
1,,10189557,a140d838b0f60c1e9fb46f882937175cfaf08655747013173623ee2b112012f8,products_found
1,,10190777,a140d838b0f60c1e9fb46f882937175cfaf08655747013173623ee2b112012f8,products_found
1,,10191036,a140d838b0f60c1e9fb46f882937175cfaf08655747013173623ee2b112012f8,products_found
1,,10191056,a140d838b0f60c1e9fb46f882937175cfaf08655747013173623ee2b112012f8,products_found
1,,10191070,a140d838b0f60c1e9fb46f882937175cfaf08655747013173623ee2b112012f8,products_found
1,,10198109,a140d838b0f60c1e9fb46f882937175cfaf08655747013173623ee2b112012f8,products_found
1,,10199817,a140d838b0f60c1e9fb46f882937175cfaf08655747013173623ee2b112012f8,products_found
1,,10202759,a140d838b0f60c1e9fb46f882937175cfaf08655747013173623ee2b112012f8,products_found
1,,10203349,a140d838b0f60c1e9fb46f882937175cfaf08655747013173623ee2b112012f8,products_found
1,,10205598,a140d838b0f60c1e9fb46f882937175cfaf08655747013173623ee2b112012f8,products_found
1,,10206675,a140d838b0f60c1e9fb46f882937175cfaf08655747013173623ee2b112012f8,products_found
1,,10208759,a140d838b0f60c1e9fb46f882937175cfaf08655747013173623ee2b112012f8,products_found
1,,10208894,a140d838b0f60c1e9fb46f882937175cfaf08655747013173623ee2b112012f8,products_found
1,,10212441,a140d838b0f60c1e9fb46f882937175cfaf08655747013173623ee2b112012f8,products_found
1,,10213902,a140d838b0f60c1e9fb46f882937175cfaf08655747013173623ee2b112012f8,products_found
1,,10214162,a140d838b0f60c1e9fb46f882937175cfaf08655747013173623ee2b112012f8,products_found
1,,10214328,a140d838b0f60c1e9fb46f882937175cfaf08655747013173623ee2b112012f8,products_found
1,,10214873,a140d838b0f60c1e9fb46f882937175cfaf08655747013173623ee2b112012f8,products_found
1,,10215422,a140d838b0f60c1e9fb46f882937175cfaf08655747013173623ee2b112012f8,products_found
1,,10215869,a140d838b0f60c1e9fb46f882937175cfaf08655747013173623ee2b112012f8,products_found
1,,10219288,a140d838b0f60c1e9fb46f882937175cfaf08655747013173623ee2b112012f8,products_found
1,,10220837,a140d838b0f60c1e9fb46f882937175cfaf08655747013173623ee2b112012f8,products_found
1,,10220950,a140d838b0f60c1e9fb46f882937175cfaf08655747013173623ee2b112012f8,products_found
1,,10223616,a140d838b0f60c1e9fb46f882937175cfaf08655747013173623ee2b112012f8,products_found
1,,10225800,a140d838b0f60c1e9fb46f882937175cfaf08655747013173623ee2b112012f8,products_found
1,,10226343,a140d838b0f60c1e9fb46f882937175cfaf08655747013173623ee2b112012f8,products_found
1,,10226420,a140d838b0f60c1e9fb46f882937175cfaf08655747013173623ee2b112012f8,products_found
1,,10227020,a140d838b0f60c1e9fb46f882937175cfaf08655747013173623ee2b112012f8,products_found
1,,10227501,a140d838b0f60c1e9fb46f882937175cfaf08655747013173623ee2b112012f8,products_found
1,,10227863,a140d838b0f60c1e9fb46f882937175cfaf08655747013173623ee2b112012f8,products_found
1,,10227881,a140d838b0f60c1e9fb46f882937175cfaf08655747013173623ee2b112012f8,products_found
1,,10228942,a140d838b0f60c1e9fb46f882937175cfaf08655747013173623ee2b112012f8,products_found
1,,10232693,a140d838b0f60c1e9fb46f882937175cfaf08655747013173623ee2b112012f8,products_found
1,,10252275,a140d838b0f60c1e9fb46f882937175cfaf08655747013173623ee2b112012f8,products_found
1,,10253547,a140d838b0f60c1e9fb46f882937175cfaf08655747013173623ee2b112012f8,products_found
1,,10253638,a140d838b0f60c1e9fb46f882937175cfaf08655747013173623ee2b112012f8,products_found
1,,10258558,a140d838b0f60c1e9fb46f882937175cfaf08655747013173623ee2b112012f8,products_found
1,,10259029,a140d838b0f60c1e9fb46f882937175cfaf08655747013173623ee2b112012f8,products_found
1,,10259031,a140d838b0f60c1e9fb46f882937175cfaf08655747013173623ee2b112012f8,products_found
1,,10259301,a140d838b0f60c1e9fb46f882937175cfaf08655747013173623ee2b112012f8,products_found
1,,10263598,a140d838b0f60c1e9fb46f882937175cfaf08655747013173623ee2b112012f8,products_found
1,,10264202,a140d838b0f60c1e9fb46f882937175cfaf08655747013173623ee2b112012f8,products_found
1,,10264660,a140d838b0f60c1e9fb46f882937175cfaf08655747013173623ee2b112012f8,products_found
1,,10265898,a140d838b0f60c1e9fb46f882937175cfaf08655747013173623ee2b112012f8,products_found
1,,10266615,a140d838b0f60c1e9fb46f882937175cfaf08655747013173623ee2b112012f8,products_found
1,,10266860,a140d838b0f60c1e9fb46f882937175cfaf08655747013173623ee2b112012f8,products_found
1,,10267121,a140d838b0f60c1e9fb46f882937175cfaf08655747013173623ee2b112012f8,products_found
1,,10268714,a140d838b0f60c1e9fb46f882937175cfaf08655747013173623ee2b112012f8,products_found
1,,10268809,a140d838b0f60c1e9fb46f882937175cfaf08655747013173623ee2b112012f8,products_found
1,,10268903,a140d838b0f60c1e9fb46f882937175cfaf08655747013173623ee2b112012f8,products_found
1,,10268907,a140d838b0f60c1e9fb46f882937175cfaf08655747013173623ee2b112012f8,products_found
1,,10271806,a140d838b0f60c1e9fb46f882937175cfaf08655747013173623ee2b112012f8,products_found
1,,10272389,a140d838b0f60c1e9fb46f882937175cfaf08655747013173623ee2b112012f8,products_found
1,,10272442,a140d838b0f60c1e9fb46f882937175cfaf08655747013173623ee2b112012f8,products_found
1,,10272640,a140d838b0f60c1e9fb46f882937175cfaf08655747013173623ee2b112012f8,products_found
1,,10274244,a140d838b0f60c1e9fb46f882937175cfaf08655747013173623ee2b112012f8,products_found
1,,10275074,a140d838b0f60c1e9fb46f882937175cfaf08655747013173623ee2b112012f8,products_found
1,,10275766,a140d838b0f60c1e9fb46f882937175cfaf08655747013173623ee2b112012f8,products_found
1,,10275805,a140d838b0f60c1e9fb46f882937175cfaf08655747013173623ee2b112012f8,products_found
1,,10275880,a140d838b0f60c1e9fb46f882937175cfaf08655747013173623ee2b112012f8,products_found
1,,10275887,a140d838b0f60c1e9fb46f882937175cfaf08655747013173623ee2b112012f8,products_found
1,,10281311,a140d838b0f60c1e9fb46f882937175cfaf08655747013173623ee2b112012f8,products_found
1,,10285631,a140d838b0f60c1e9fb46f882937175cfaf08655747013173623ee2b112012f8,products_found
1,,10287248,a140d838b0f60c1e9fb46f882937175cfaf08655747013173623ee2b112012f8,products_found
1,,10288922,a140d838b0f60c1e9fb46f882937175cfaf08655747013173623ee2b112012f8,products_found
1,,10289119,a140d838b0f60c1e9fb46f882937175cfaf08655747013173623ee2b112012f8,products_found
1,,10290666,a140d838b0f60c1e9fb46f882937175cfaf08655747013173623ee2b112012f8,products_found
1,,10292238,a140d838b0f60c1e9fb46f882937175cfaf08655747013173623ee2b112012f8,products_found
1,,10292465,a140d838b0f60c1e9fb46f882937175cfaf08655747013173623ee2b112012f8,products_found
1,,10292540,a140d838b0f60c1e9fb46f882937175cfaf08655747013173623ee2b112012f8,products_found
1,,10294509,a140d838b0f60c1e9fb46f882937175cfaf08655747013173623ee2b112012f8,products_found
1,,10294608,a140d838b0f60c1e9fb46f882937175cfaf08655747013173623ee2b112012f8,products_found
1,,10294613,a140d838b0f60c1e9fb46f882937175cfaf08655747013173623ee2b112012f8,products_found
1,,10296163,a140d838b0f60c1e9fb46f882937175cfaf08655747013173623ee2b112012f8,products_found
1,,10318874,a140d838b0f60c1e9fb46f882937175cfaf08655747013173623ee2b112012f8,products_found
1,,10320341,a140d838b0f60c1e9fb46f882937175cfaf08655747013173623ee2b112012f8,products_found
1,,10321927,a140d838b0f60c1e9fb46f882937175cfaf08655747013173623ee2b112012f8,products_found
1,,10322797,a140d838b0f60c1e9fb46f882937175cfaf08655747013173623ee2b112012f8,products_found
1,,10328393,a140d838b0f60c1e9fb46f882937175cfaf08655747013173623ee2b112012f8,products_found
1,,10328458,a140d838b0f60c1e9fb46f882937175cfaf08655747013173623ee2b112012f8,products_found
1,,10329196,a140d838b0f60c1e9fb46f882937175cfaf08655747013173623ee2b112012f8,products_found
1,,10329469,a140d838b0f60c1e9fb46f882937175cfaf08655747013173623ee2b112012f8,products_found
1,,10329835,a140d838b0f60c1e9fb46f882937175cfaf08655747013173623ee2b112012f8,products_found
1,,10330115,a140d838b0f60c1e9fb46f882937175cfaf08655747013173623ee2b112012f8,products_found
1,,10330495,a140d838b0f60c1e9fb46f882937175cfaf08655747013173623ee2b112012f8,products_found
1,,10332213,a140d838b0f60c1e9fb46f882937175cfaf08655747013173623ee2b112012f8,products_found
1,,10332789,a140d838b0f60c1e9fb46f882937175cfaf08655747013173623ee2b112012f8,products_found
1,,10332883,a140d838b0f60c1e9fb46f882937175cfaf08655747013173623ee2b112012f8,products_found
1,,10337258,a140d838b0f60c1e9fb46f882937175cfaf08655747013173623ee2b112012f8,products_found
1,,10337517,a140d838b0f60c1e9fb46f882937175cfaf08655747013173623ee2b112012f8,products_found
1,,10338279,a140d838b0f60c1e9fb46f882937175cfaf08655747013173623ee2b112012f8,products_found
1,,10338529,a140d838b0f60c1e9fb46f882937175cfaf08655747013173623ee2b112012f8,products_found
1,,10340212,a140d838b0f60c1e9fb46f882937175cfaf08655747013173623ee2b112012f8,products_found
1,,10340228,a140d838b0f60c1e9fb46f882937175cfaf08655747013173623ee2b112012f8,products_found
1,,10340423,a140d838b0f60c1e9fb46f882937175cfaf08655747013173623ee2b112012f8,products_found
1,,10341777,a140d838b0f60c1e9fb46f882937175cfaf08655747013173623ee2b112012f8,products_found
1,,10341781,a140d838b0f60c1e9fb46f882937175cfaf08655747013173623ee2b112012f8,products_found
1,,10341787,a140d838b0f60c1e9fb46f882937175cfaf08655747013173623ee2b112012f8,products_found
1,,10341831,a140d838b0f60c1e9fb46f882937175cfaf08655747013173623ee2b112012f8,products_found
1,,10341876,a140d838b0f60c1e9fb46f882937175cfaf08655747013173623ee2b112012f8,products_found
1,,10341878,a140d838b0f60c1e9fb46f882937175cfaf08655747013173623ee2b112012f8,products_found
1,,10341905,a140d838b0f60c1e9fb46f882937175cfaf08655747013173623ee2b112012f8,products_found
1,,10341913,a140d838b0f60c1e9fb46f882937175cfaf08655747013173623ee2b112012f8,products_found
1,,10341917,a140d838b0f60c1e9fb46f882937175cfaf08655747013173623ee2b112012f8,products_found
1,,10342041,a140d838b0f60c1e9fb46f882937175cfaf08655747013173623ee2b112012f8,products_found
1,,10342065,a140d838b0f60c1e9fb46f882937175cfaf08655747013173623ee2b112012f8,products_found
1,,10342097,a140d838b0f60c1e9fb46f882937175cfaf08655747013173623ee2b112012f8,products_found
1,,10342248,a140d838b0f60c1e9fb46f882937175cfaf08655747013173623ee2b112012f8,products_found
1,,10342316,a140d838b0f60c1e9fb46f882937175cfaf08655747013173623ee2b112012f8,products_found
1,,10345478,a140d838b0f60c1e9fb46f882937175cfaf08655747013173623ee2b112012f8,products_found
1,,10345862,a140d838b0f60c1e9fb46f882937175cfaf08655747013173623ee2b112012f8,products_found
1,,10346522,a140d838b0f60c1e9fb46f882937175cfaf08655747013173623ee2b112012f8,products_found
1,,10350571,a140d838b0f60c1e9fb46f882937175cfaf08655747013173623ee2b112012f8,products_found
1,,10351231,a140d838b0f60c1e9fb46f882937175cfaf08655747013173623ee2b112012f8,products_found
1,,10351767,a140d838b0f60c1e9fb46f882937175cfaf08655747013173623ee2b112012f8,products_found
1,,10352603,a140d838b0f60c1e9fb46f882937175cfaf08655747013173623ee2b112012f8,products_found
1,,10352938,a140d838b0f60c1e9fb46f882937175cfaf08655747013173623ee2b112012f8,products_found
1,,10352945,a140d838b0f60c1e9fb46f882937175cfaf08655747013173623ee2b112012f8,products_found
1,,10353968,a140d838b0f60c1e9fb46f882937175cfaf08655747013173623ee2b112012f8,products_found
1,,10354039,a140d838b0f60c1e9fb46f882937175cfaf08655747013173623ee2b112012f8,products_found
1,,10356124,a140d838b0f60c1e9fb46f882937175cfaf08655747013173623ee2b112012f8,products_found
1,,10357831,a140d838b0f60c1e9fb46f882937175cfaf08655747013173623ee2b112012f8,products_found
1,,10358759,a140d838b0f60c1e9fb46f882937175cfaf08655747013173623ee2b112012f8,products_found
1,,10360722,a140d838b0f60c1e9fb46f882937175cfaf08655747013173623ee2b112012f8,products_found
1,,10362031,a140d838b0f60c1e9fb46f882937175cfaf08655747013173623ee2b112012f8,products_found
1,,10363115,a140d838b0f60c1e9fb46f882937175cfaf08655747013173623ee2b112012f8,products_found
1,,10363281,a140d838b0f60c1e9fb46f882937175cfaf08655747013173623ee2b112012f8,products_found
1,,10363300,a140d838b0f60c1e9fb46f882937175cfaf08655747013173623ee2b112012f8,products_found
1,,10383687,a140d838b0f60c1e9fb46f882937175cfaf08655747013173623ee2b112012f8,products_found
1,,10383696,a140d838b0f60c1e9fb46f882937175cfaf08655747013173623ee2b112012f8,products_found
1,,10383729,a140d838b0f60c1e9fb46f882937175cfaf08655747013173623ee2b112012f8,products_found
1,,10384798,a140d838b0f60c1e9fb46f882937175cfaf08655747013173623ee2b112012f8,products_found
1,,10385682,a140d838b0f60c1e9fb46f882937175cfaf08655747013173623ee2b112012f8,products_found
1,,10385708,a140d838b0f60c1e9fb46f882937175cfaf08655747013173623ee2b112012f8,products_found
1,,10386922,a140d838b0f60c1e9fb46f882937175cfaf08655747013173623ee2b112012f8,products_found
1,,10386984,a140d838b0f60c1e9fb46f882937175cfaf08655747013173623ee2b112012f8,products_found
1,,10387742,a140d838b0f60c1e9fb46f882937175cfaf08655747013173623ee2b112012f8,products_found
1,,10388286,a140d838b0f60c1e9fb46f882937175cfaf08655747013173623ee2b112012f8,products_found
1,,10389280,a140d838b0f60c1e9fb46f882937175cfaf08655747013173623ee2b112012f8,products_found
1,,10395381,a140d838b0f60c1e9fb46f882937175cfaf08655747013173623ee2b112012f8,products_found
1,,10397315,a140d838b0f60c1e9fb46f882937175cfaf08655747013173623ee2b112012f8,products_found
1,,10397751,a140d838b0f60c1e9fb46f882937175cfaf08655747013173623ee2b112012f8,products_found
1,,10399321,a140d838b0f60c1e9fb46f882937175cfaf08655747013173623ee2b112012f8,products_found
1,,10404545,a140d838b0f60c1e9fb46f882937175cfaf08655747013173623ee2b112012f8,products_found
1,,10404582,a140d838b0f60c1e9fb46f882937175cfaf08655747013173623ee2b112012f8,products_found
1,,10405224,a140d838b0f60c1e9fb46f882937175cfaf08655747013173623ee2b112012f8,products_found
1,,10405482,a140d838b0f60c1e9fb46f882937175cfaf08655747013173623ee2b112012f8,products_found
1,,10405546,a140d838b0f60c1e9fb46f882937175cfaf08655747013173623ee2b112012f8,products_found
1,,10407020,a140d838b0f60c1e9fb46f882937175cfaf08655747013173623ee2b112012f8,products_found
1,,10407047,a140d838b0f60c1e9fb46f882937175cfaf08655747013173623ee2b112012f8,products_found
1,,10407054,a140d838b0f60c1e9fb46f882937175cfaf08655747013173623ee2b112012f8,products_found
1,,10407086,a140d838b0f60c1e9fb46f882937175cfaf08655747013173623ee2b112012f8,products_found
1,,10407210,a140d838b0f60c1e9fb46f882937175cfaf08655747013173623ee2b112012f8,products_found
1,,10407221,a140d838b0f60c1e9fb46f882937175cfaf08655747013173623ee2b112012f8,products_found
1,,10407271,a140d838b0f60c1e9fb46f882937175cfaf08655747013173623ee2b112012f8,products_found
1,,10407430,a140d838b0f60c1e9fb46f882937175cfaf08655747013173623ee2b112012f8,products_found
1,,10407464,a140d838b0f60c1e9fb46f882937175cfaf08655747013173623ee2b112012f8,products_found
1,,10407482,a140d838b0f60c1e9fb46f882937175cfaf08655747013173623ee2b112012f8,products_found
1,,10415227,a140d838b0f60c1e9fb46f882937175cfaf08655747013173623ee2b112012f8,products_found
1,,10416390,a140d838b0f60c1e9fb46f882937175cfaf08655747013173623ee2b112012f8,products_found
1,,10417704,a140d838b0f60c1e9fb46f882937175cfaf08655747013173623ee2b112012f8,products_found
1,,10418224,a140d838b0f60c1e9fb46f882937175cfaf08655747013173623ee2b112012f8,products_found
1,,10418797,a140d838b0f60c1e9fb46f882937175cfaf08655747013173623ee2b112012f8,products_found
1,,10419211,a140d838b0f60c1e9fb46f882937175cfaf08655747013173623ee2b112012f8,products_found
1,,10419312,a140d838b0f60c1e9fb46f882937175cfaf08655747013173623ee2b112012f8,products_found
1,,10419797,a140d838b0f60c1e9fb46f882937175cfaf08655747013173623ee2b112012f8,products_found
1,,10420279,a140d838b0f60c1e9fb46f882937175cfaf08655747013173623ee2b112012f8,products_found
1,,10420301,a140d838b0f60c1e9fb46f882937175cfaf08655747013173623ee2b112012f8,products_found
1,,10422852,a140d838b0f60c1e9fb46f882937175cfaf08655747013173623ee2b112012f8,products_found
1,,10425070,a140d838b0f60c1e9fb46f882937175cfaf08655747013173623ee2b112012f8,products_found
1,,10426656,a140d838b0f60c1e9fb46f882937175cfaf08655747013173623ee2b112012f8,products_found
1,,10427700,a140d838b0f60c1e9fb46f882937175cfaf08655747013173623ee2b112012f8,products_found
1,,10453588,a140d838b0f60c1e9fb46f882937175cfaf08655747013173623ee2b112012f8,products_found
1,,10454313,a140d838b0f60c1e9fb46f882937175cfaf08655747013173623ee2b112012f8,products_found
1,,10454401,a140d838b0f60c1e9fb46f882937175cfaf08655747013173623ee2b112012f8,products_found
1,,10454632,a140d838b0f60c1e9fb46f882937175cfaf08655747013173623ee2b112012f8,products_found
1,,10459805,a140d838b0f60c1e9fb46f882937175cfaf08655747013173623ee2b112012f8,products_found
1,,10460984,a140d838b0f60c1e9fb46f882937175cfaf08655747013173623ee2b112012f8,products_found
1,,10461045,a140d838b0f60c1e9fb46f882937175cfaf08655747013173623ee2b112012f8,products_found
1,,10462462,a140d838b0f60c1e9fb46f882937175cfaf08655747013173623ee2b112012f8,products_found
1,,10462826,a140d838b0f60c1e9fb46f882937175cfaf08655747013173623ee2b112012f8,products_found
1,,10464050,a140d838b0f60c1e9fb46f882937175cfaf08655747013173623ee2b112012f8,products_found
1,,10464078,a140d838b0f60c1e9fb46f882937175cfaf08655747013173623ee2b112012f8,products_found
1,,10464666,a140d838b0f60c1e9fb46f882937175cfaf08655747013173623ee2b112012f8,products_found
1,,10468885,a140d838b0f60c1e9fb46f882937175cfaf08655747013173623ee2b112012f8,products_found
1,,10468940,a140d838b0f60c1e9fb46f882937175cfaf08655747013173623ee2b112012f8,products_found
1,,10470206,a140d838b0f60c1e9fb46f882937175cfaf08655747013173623ee2b112012f8,products_found
1,,10470616,a140d838b0f60c1e9fb46f882937175cfaf08655747013173623ee2b112012f8,products_found
1,,10470779,a140d838b0f60c1e9fb46f882937175cfaf08655747013173623ee2b112012f8,products_found
1,,10470882,a140d838b0f60c1e9fb46f882937175cfaf08655747013173623ee2b112012f8,products_found
1,,10470993,a140d838b0f60c1e9fb46f882937175cfaf08655747013173623ee2b112012f8,products_found
1,,10471005,a140d838b0f60c1e9fb46f882937175cfaf08655747013173623ee2b112012f8,products_found
1,,10471055,a140d838b0f60c1e9fb46f882937175cfaf08655747013173623ee2b112012f8,products_found
1,,10471090,a140d838b0f60c1e9fb46f882937175cfaf08655747013173623ee2b112012f8,products_found
1,,10471167,a140d838b0f60c1e9fb46f882937175cfaf08655747013173623ee2b112012f8,products_found
1,,10471174,a140d838b0f60c1e9fb46f882937175cfaf08655747013173623ee2b112012f8,products_found
1,,10471204,a140d838b0f60c1e9fb46f882937175cfaf08655747013173623ee2b112012f8,products_found
1,,10471243,a140d838b0f60c1e9fb46f882937175cfaf08655747013173623ee2b112012f8,products_found
1,,10471296,a140d838b0f60c1e9fb46f882937175cfaf08655747013173623ee2b112012f8,products_found
1,,10471345,a140d838b0f60c1e9fb46f882937175cfaf08655747013173623ee2b112012f8,products_found
1,,10471515,a140d838b0f60c1e9fb46f882937175cfaf08655747013173623ee2b112012f8,products_found
1,,10473272,a140d838b0f60c1e9fb46f882937175cfaf08655747013173623ee2b112012f8,products_found
1,,10480915,a140d838b0f60c1e9fb46f882937175cfaf08655747013173623ee2b112012f8,products_found
1,,10480921,a140d838b0f60c1e9fb46f882937175cfaf08655747013173623ee2b112012f8,products_found
1,,10480952,a140d838b0f60c1e9fb46f882937175cfaf08655747013173623ee2b112012f8,products_found
1,,10480982,a140d838b0f60c1e9fb46f882937175cfaf08655747013173623ee2b112012f8,products_found
1,,10481045,a140d838b0f60c1e9fb46f882937175cfaf08655747013173623ee2b112012f8,products_found
1,,10481054,a140d838b0f60c1e9fb46f882937175cfaf08655747013173623ee2b112012f8,products_found
1,,10482160,a140d838b0f60c1e9fb46f882937175cfaf08655747013173623ee2b112012f8,products_found
1,,10483644,a140d838b0f60c1e9fb46f882937175cfaf08655747013173623ee2b112012f8,products_found
1,,10484409,a140d838b0f60c1e9fb46f882937175cfaf08655747013173623ee2b112012f8,products_found
1,,10485179,a140d838b0f60c1e9fb46f882937175cfaf08655747013173623ee2b112012f8,products_found
1,,10485250,a140d838b0f60c1e9fb46f882937175cfaf08655747013173623ee2b112012f8,products_found
1,,10486425,a140d838b0f60c1e9fb46f882937175cfaf08655747013173623ee2b112012f8,products_found
1,,10487119,a140d838b0f60c1e9fb46f882937175cfaf08655747013173623ee2b112012f8,products_found
1,,10488450,a140d838b0f60c1e9fb46f882937175cfaf08655747013173623ee2b112012f8,products_found
1,,10489206,a140d838b0f60c1e9fb46f882937175cfaf08655747013173623ee2b112012f8,products_found
1,,10489345,a140d838b0f60c1e9fb46f882937175cfaf08655747013173623ee2b112012f8,products_found
1,,10489521,a140d838b0f60c1e9fb46f882937175cfaf08655747013173623ee2b112012f8,products_found
1,,10489525,a140d838b0f60c1e9fb46f882937175cfaf08655747013173623ee2b112012f8,products_found
1,,10489539,a140d838b0f60c1e9fb46f882937175cfaf08655747013173623ee2b112012f8,products_found
1,,10490960,a140d838b0f60c1e9fb46f882937175cfaf08655747013173623ee2b112012f8,products_found
1,,10491031,a140d838b0f60c1e9fb46f882937175cfaf08655747013173623ee2b112012f8,products_found
1,,10491044,a140d838b0f60c1e9fb46f882937175cfaf08655747013173623ee2b112012f8,products_found
1,,10491062,a140d838b0f60c1e9fb46f882937175cfaf08655747013173623ee2b112012f8,products_found
1,,10491525,a140d838b0f60c1e9fb46f882937175cfaf08655747013173623ee2b112012f8,products_found
1,,10491544,a140d838b0f60c1e9fb46f882937175cfaf08655747013173623ee2b112012f8,products_found
1,,10491554,a140d838b0f60c1e9fb46f882937175cfaf08655747013173623ee2b112012f8,products_found
1,,10493253,a140d838b0f60c1e9fb46f882937175cfaf08655747013173623ee2b112012f8,products_found
1,,10513530,a140d838b0f60c1e9fb46f882937175cfaf08655747013173623ee2b112012f8,products_found
1,,10514429,a140d838b0f60c1e9fb46f882937175cfaf08655747013173623ee2b112012f8,products_found
1,,10514430,a140d838b0f60c1e9fb46f882937175cfaf08655747013173623ee2b112012f8,products_found
1,,10514770,a140d838b0f60c1e9fb46f882937175cfaf08655747013173623ee2b112012f8,products_found
1,,10518399,a140d838b0f60c1e9fb46f882937175cfaf08655747013173623ee2b112012f8,products_found
1,,10518424,a140d838b0f60c1e9fb46f882937175cfaf08655747013173623ee2b112012f8,products_found
1,,10518725,a140d838b0f60c1e9fb46f882937175cfaf08655747013173623ee2b112012f8,products_found
1,,10518735,a140d838b0f60c1e9fb46f882937175cfaf08655747013173623ee2b112012f8,products_found
1,,10519701,a140d838b0f60c1e9fb46f882937175cfaf08655747013173623ee2b112012f8,products_found
1,,10525027,a140d838b0f60c1e9fb46f882937175cfaf08655747013173623ee2b112012f8,products_found
1,,10525049,a140d838b0f60c1e9fb46f882937175cfaf08655747013173623ee2b112012f8,products_found
1,,10526549,a140d838b0f60c1e9fb46f882937175cfaf08655747013173623ee2b112012f8,products_found
1,,10526887,a140d838b0f60c1e9fb46f882937175cfaf08655747013173623ee2b112012f8,products_found
1,,10527135,a140d838b0f60c1e9fb46f882937175cfaf08655747013173623ee2b112012f8,products_found
1,,10528068,a140d838b0f60c1e9fb46f882937175cfaf08655747013173623ee2b112012f8,products_found
1,,10531955,a140d838b0f60c1e9fb46f882937175cfaf08655747013173623ee2b112012f8,products_found
1,,10532751,a140d838b0f60c1e9fb46f882937175cfaf08655747013173623ee2b112012f8,products_found
1,,10535708,a140d838b0f60c1e9fb46f882937175cfaf08655747013173623ee2b112012f8,products_found
1,,10535807,a140d838b0f60c1e9fb46f882937175cfaf08655747013173623ee2b112012f8,products_found
1,,10535858,a140d838b0f60c1e9fb46f882937175cfaf08655747013173623ee2b112012f8,products_found
1,,10535886,a140d838b0f60c1e9fb46f882937175cfaf08655747013173623ee2b112012f8,products_found
1,,10535897,a140d838b0f60c1e9fb46f882937175cfaf08655747013173623ee2b112012f8,products_found
1,,10535926,a140d838b0f60c1e9fb46f882937175cfaf08655747013173623ee2b112012f8,products_found
1,,10535991,a140d838b0f60c1e9fb46f882937175cfaf08655747013173623ee2b112012f8,products_found
1,,10536177,a140d838b0f60c1e9fb46f882937175cfaf08655747013173623ee2b112012f8,products_found
1,,10538176,a140d838b0f60c1e9fb46f882937175cfaf08655747013173623ee2b112012f8,products_found
1,,10544677,a140d838b0f60c1e9fb46f882937175cfaf08655747013173623ee2b112012f8,products_found
1,,10545066,a140d838b0f60c1e9fb46f882937175cfaf08655747013173623ee2b112012f8,products_found
1,,10547378,a140d838b0f60c1e9fb46f882937175cfaf08655747013173623ee2b112012f8,products_found
1,,10547685,a140d838b0f60c1e9fb46f882937175cfaf08655747013173623ee2b112012f8,products_found
1,,10549023,a140d838b0f60c1e9fb46f882937175cfaf08655747013173623ee2b112012f8,products_found
1,,10549562,a140d838b0f60c1e9fb46f882937175cfaf08655747013173623ee2b112012f8,products_found
1,,10549576,a140d838b0f60c1e9fb46f882937175cfaf08655747013173623ee2b112012f8,products_found
1,,10549924,a140d838b0f60c1e9fb46f882937175cfaf08655747013173623ee2b112012f8,products_found
1,,10551346,a140d838b0f60c1e9fb46f882937175cfaf08655747013173623ee2b112012f8,products_found
1,,10552151,a140d838b0f60c1e9fb46f882937175cfaf08655747013173623ee2b112012f8,products_found
1,,10552611,a140d838b0f60c1e9fb46f882937175cfaf08655747013173623ee2b112012f8,products_found
1,,10552700,a140d838b0f60c1e9fb46f882937175cfaf08655747013173623ee2b112012f8,products_found
1,,10554967,a140d838b0f60c1e9fb46f882937175cfaf08655747013173623ee2b112012f8,products_found
1,,10554999,a140d838b0f60c1e9fb46f882937175cfaf08655747013173623ee2b112012f8,products_found
1,,10555375,a140d838b0f60c1e9fb46f882937175cfaf08655747013173623ee2b112012f8,products_found
1,,10556578,a140d838b0f60c1e9fb46f882937175cfaf08655747013173623ee2b112012f8,products_found
1,,10577994,a140d838b0f60c1e9fb46f882937175cfaf08655747013173623ee2b112012f8,products_found
1,,10581918,a140d838b0f60c1e9fb46f882937175cfaf08655747013173623ee2b112012f8,products_found
1,,10583066,a140d838b0f60c1e9fb46f882937175cfaf08655747013173623ee2b112012f8,products_found
1,,10583180,a140d838b0f60c1e9fb46f882937175cfaf08655747013173623ee2b112012f8,products_found
1,,10583181,a140d838b0f60c1e9fb46f882937175cfaf08655747013173623ee2b112012f8,products_found
1,,10583225,a140d838b0f60c1e9fb46f882937175cfaf08655747013173623ee2b112012f8,products_found
1,,10583761,a140d838b0f60c1e9fb46f882937175cfaf08655747013173623ee2b112012f8,products_found
1,,10585738,a140d838b0f60c1e9fb46f882937175cfaf08655747013173623ee2b112012f8,products_found
1,,10585852,a140d838b0f60c1e9fb46f882937175cfaf08655747013173623ee2b112012f8,products_found
1,,10585887,a140d838b0f60c1e9fb46f882937175cfaf08655747013173623ee2b112012f8,products_found
1,,10586004,a140d838b0f60c1e9fb46f882937175cfaf08655747013173623ee2b112012f8,products_found
1,,10586208,a140d838b0f60c1e9fb46f882937175cfaf08655747013173623ee2b112012f8,products_found
1,,10587105,a140d838b0f60c1e9fb46f882937175cfaf08655747013173623ee2b112012f8,products_found
1,,10591855,a140d838b0f60c1e9fb46f882937175cfaf08655747013173623ee2b112012f8,products_found
1,,10592163,a140d838b0f60c1e9fb46f882937175cfaf08655747013173623ee2b112012f8,products_found
1,,10593535,a140d838b0f60c1e9fb46f882937175cfaf08655747013173623ee2b112012f8,products_found
1,,10593626,a140d838b0f60c1e9fb46f882937175cfaf08655747013173623ee2b112012f8,products_found
1,,10593759,a140d838b0f60c1e9fb46f882937175cfaf08655747013173623ee2b112012f8,products_found
1,,10599206,a140d838b0f60c1e9fb46f882937175cfaf08655747013173623ee2b112012f8,products_found
1,,10600261,a140d838b0f60c1e9fb46f882937175cfaf08655747013173623ee2b112012f8,products_found
1,,10600955,a140d838b0f60c1e9fb46f882937175cfaf08655747013173623ee2b112012f8,products_found
1,,10601284,a140d838b0f60c1e9fb46f882937175cfaf08655747013173623ee2b112012f8,products_found
1,,10601538,a140d838b0f60c1e9fb46f882937175cfaf08655747013173623ee2b112012f8,products_found
1,,10601549,a140d838b0f60c1e9fb46f882937175cfaf08655747013173623ee2b112012f8,products_found
1,,10601579,a140d838b0f60c1e9fb46f882937175cfaf08655747013173623ee2b112012f8,products_found
1,,10602291,a140d838b0f60c1e9fb46f882937175cfaf08655747013173623ee2b112012f8,products_found
1,,10604335,a140d838b0f60c1e9fb46f882937175cfaf08655747013173623ee2b112012f8,products_found
1,,10604592,a140d838b0f60c1e9fb46f882937175cfaf08655747013173623ee2b112012f8,products_found
1,,10611420,a140d838b0f60c1e9fb46f882937175cfaf08655747013173623ee2b112012f8,products_found
1,,10613718,a140d838b0f60c1e9fb46f882937175cfaf08655747013173623ee2b112012f8,products_found
1,,10614158,a140d838b0f60c1e9fb46f882937175cfaf08655747013173623ee2b112012f8,products_found
1,,10614845,a140d838b0f60c1e9fb46f882937175cfaf08655747013173623ee2b112012f8,products_found
1,,10615440,a140d838b0f60c1e9fb46f882937175cfaf08655747013173623ee2b112012f8,products_found
1,,10616415,a140d838b0f60c1e9fb46f882937175cfaf08655747013173623ee2b112012f8,products_found
1,,10616571,a140d838b0f60c1e9fb46f882937175cfaf08655747013173623ee2b112012f8,products_found
1,,10616656,a140d838b0f60c1e9fb46f882937175cfaf08655747013173623ee2b112012f8,products_found
1,,10616679,a140d838b0f60c1e9fb46f882937175cfaf08655747013173623ee2b112012f8,products_found
1,,10616829,a140d838b0f60c1e9fb46f882937175cfaf08655747013173623ee2b112012f8,products_found
1,,10617017,a140d838b0f60c1e9fb46f882937175cfaf08655747013173623ee2b112012f8,products_found
1,,10617638,a140d838b0f60c1e9fb46f882937175cfaf08655747013173623ee2b112012f8,products_found
1,,10619109,a140d838b0f60c1e9fb46f882937175cfaf08655747013173623ee2b112012f8,products_found
1,,10619142,a140d838b0f60c1e9fb46f882937175cfaf08655747013173623ee2b112012f8,products_found
1,,10619192,a140d838b0f60c1e9fb46f882937175cfaf08655747013173623ee2b112012f8,products_found
1,,10620329,a140d838b0f60c1e9fb46f882937175cfaf08655747013173623ee2b112012f8,products_found
1,,10621666,a140d838b0f60c1e9fb46f882937175cfaf08655747013173623ee2b112012f8,products_found
1,,10646620,a140d838b0f60c1e9fb46f882937175cfaf08655747013173623ee2b112012f8,products_found
1,,10649230,a140d838b0f60c1e9fb46f882937175cfaf08655747013173623ee2b112012f8,products_found
1,,10651816,a140d838b0f60c1e9fb46f882937175cfaf08655747013173623ee2b112012f8,products_found
1,,10651945,a140d838b0f60c1e9fb46f882937175cfaf08655747013173623ee2b112012f8,products_found
1,,10653179,a140d838b0f60c1e9fb46f882937175cfaf08655747013173623ee2b112012f8,products_found
1,,10656823,a140d838b0f60c1e9fb46f882937175cfaf08655747013173623ee2b112012f8,products_found
1,,10657406,a140d838b0f60c1e9fb46f882937175cfaf08655747013173623ee2b112012f8,products_found
1,,10657664,a140d838b0f60c1e9fb46f882937175cfaf08655747013173623ee2b112012f8,products_found
1,,10659313,a140d838b0f60c1e9fb46f882937175cfaf08655747013173623ee2b112012f8,products_found
1,,10661679,a140d838b0f60c1e9fb46f882937175cfaf08655747013173623ee2b112012f8,products_found
1,,10661718,a140d838b0f60c1e9fb46f882937175cfaf08655747013173623ee2b112012f8,products_found
1,,10661771,a140d838b0f60c1e9fb46f882937175cfaf08655747013173623ee2b112012f8,products_found
1,,10661778,a140d838b0f60c1e9fb46f882937175cfaf08655747013173623ee2b112012f8,products_found
1,,10661913,a140d838b0f60c1e9fb46f882937175cfaf08655747013173623ee2b112012f8,products_found
1,,10661917,a140d838b0f60c1e9fb46f882937175cfaf08655747013173623ee2b112012f8,products_found
1,,10661976,a140d838b0f60c1e9fb46f882937175cfaf08655747013173623ee2b112012f8,products_found
1,,10662021,a140d838b0f60c1e9fb46f882937175cfaf08655747013173623ee2b112012f8,products_found
1,,10662202,a140d838b0f60c1e9fb46f882937175cfaf08655747013173623ee2b112012f8,products_found
1,,10663396,a140d838b0f60c1e9fb46f882937175cfaf08655747013173623ee2b112012f8,products_found
1,,10664150,a140d838b0f60c1e9fb46f882937175cfaf08655747013173623ee2b112012f8,products_found
1,,10664416,a140d838b0f60c1e9fb46f882937175cfaf08655747013173623ee2b112012f8,products_found
1,,10666230,a140d838b0f60c1e9fb46f882937175cfaf08655747013173623ee2b112012f8,products_found
1,,10666242,a140d838b0f60c1e9fb46f882937175cfaf08655747013173623ee2b112012f8,products_found
1,,10666592,a140d838b0f60c1e9fb46f882937175cfaf08655747013173623ee2b112012f8,products_found
1,,10668665,a140d838b0f60c1e9fb46f882937175cfaf08655747013173623ee2b112012f8,products_found
1,,10669994,a140d838b0f60c1e9fb46f882937175cfaf08655747013173623ee2b112012f8,products_found
1,,10670119,a140d838b0f60c1e9fb46f882937175cfaf08655747013173623ee2b112012f8,products_found
1,,10676014,a140d838b0f60c1e9fb46f882937175cfaf08655747013173623ee2b112012f8,products_found
1,,10676824,a140d838b0f60c1e9fb46f882937175cfaf08655747013173623ee2b112012f8,products_found
1,,10676923,a140d838b0f60c1e9fb46f882937175cfaf08655747013173623ee2b112012f8,products_found
1,,10676927,a140d838b0f60c1e9fb46f882937175cfaf08655747013173623ee2b112012f8,products_found
1,,10677186,a140d838b0f60c1e9fb46f882937175cfaf08655747013173623ee2b112012f8,products_found
1,,10679583,a140d838b0f60c1e9fb46f882937175cfaf08655747013173623ee2b112012f8,products_found
1,,10682541,a140d838b0f60c1e9fb46f882937175cfaf08655747013173623ee2b112012f8,products_found
1,,10684670,a140d838b0f60c1e9fb46f882937175cfaf08655747013173623ee2b112012f8,products_found
1,,10685175,a140d838b0f60c1e9fb46f882937175cfaf08655747013173623ee2b112012f8,products_found
1,,10686814,a140d838b0f60c1e9fb46f882937175cfaf08655747013173623ee2b112012f8,products_found
1,,10686864,a140d838b0f60c1e9fb46f882937175cfaf08655747013173623ee2b112012f8,products_found
1,,10686876,a140d838b0f60c1e9fb46f882937175cfaf08655747013173623ee2b112012f8,products_found
1,,10686909,a140d838b0f60c1e9fb46f882937175cfaf08655747013173623ee2b112012f8,products_found
1,,10686930,a140d838b0f60c1e9fb46f882937175cfaf08655747013173623ee2b112012f8,products_found
1,,10709622,a140d838b0f60c1e9fb46f882937175cfaf08655747013173623ee2b112012f8,products_found
1,,10710755,a140d838b0f60c1e9fb46f882937175cfaf08655747013173623ee2b112012f8,products_found
1,,10711551,a140d838b0f60c1e9fb46f882937175cfaf08655747013173623ee2b112012f8,products_found
1,,10711913,a140d838b0f60c1e9fb46f882937175cfaf08655747013173623ee2b112012f8,products_found
1,,10713616,a140d838b0f60c1e9fb46f882937175cfaf08655747013173623ee2b112012f8,products_found
1,,10714072,a140d838b0f60c1e9fb46f882937175cfaf08655747013173623ee2b112012f8,products_found
1,,10717220,a140d838b0f60c1e9fb46f882937175cfaf08655747013173623ee2b112012f8,products_found
1,,10717241,a140d838b0f60c1e9fb46f882937175cfaf08655747013173623ee2b112012f8,products_found
1,,10718726,a140d838b0f60c1e9fb46f882937175cfaf08655747013173623ee2b112012f8,products_found
1,,10722485,a140d838b0f60c1e9fb46f882937175cfaf08655747013173623ee2b112012f8,products_found
1,,10723367,a140d838b0f60c1e9fb46f882937175cfaf08655747013173623ee2b112012f8,products_found
1,,10723750,a140d838b0f60c1e9fb46f882937175cfaf08655747013173623ee2b112012f8,products_found
1,,10724369,a140d838b0f60c1e9fb46f882937175cfaf08655747013173623ee2b112012f8,products_found
1,,10724569,a140d838b0f60c1e9fb46f882937175cfaf08655747013173623ee2b112012f8,products_found
1,,10727668,a140d838b0f60c1e9fb46f882937175cfaf08655747013173623ee2b112012f8,products_found
1,,10728219,a140d838b0f60c1e9fb46f882937175cfaf08655747013173623ee2b112012f8,products_found
1,,10729472,a140d838b0f60c1e9fb46f882937175cfaf08655747013173623ee2b112012f8,products_found
1,,10730034,a140d838b0f60c1e9fb46f882937175cfaf08655747013173623ee2b112012f8,products_found
1,,10730070,a140d838b0f60c1e9fb46f882937175cfaf08655747013173623ee2b112012f8,products_found
1,,10730250,a140d838b0f60c1e9fb46f882937175cfaf08655747013173623ee2b112012f8,products_found
1,,10730703,a140d838b0f60c1e9fb46f882937175cfaf08655747013173623ee2b112012f8,products_found
1,,10732401,a140d838b0f60c1e9fb46f882937175cfaf08655747013173623ee2b112012f8,products_found
1,,10733174,a140d838b0f60c1e9fb46f882937175cfaf08655747013173623ee2b112012f8,products_found
1,,10735331,a140d838b0f60c1e9fb46f882937175cfaf08655747013173623ee2b112012f8,products_found
1,,10735519,a140d838b0f60c1e9fb46f882937175cfaf08655747013173623ee2b112012f8,products_found
1,,10735564,a140d838b0f60c1e9fb46f882937175cfaf08655747013173623ee2b112012f8,products_found
1,,10735575,a140d838b0f60c1e9fb46f882937175cfaf08655747013173623ee2b112012f8,products_found
1,,10736179,a140d838b0f60c1e9fb46f882937175cfaf08655747013173623ee2b112012f8,products_found
1,,10736223,a140d838b0f60c1e9fb46f882937175cfaf08655747013173623ee2b112012f8,products_found
1,,10736489,a140d838b0f60c1e9fb46f882937175cfaf08655747013173623ee2b112012f8,products_found
1,,10743597,a140d838b0f60c1e9fb46f882937175cfaf08655747013173623ee2b112012f8,products_found
1,,10743600,a140d838b0f60c1e9fb46f882937175cfaf08655747013173623ee2b112012f8,products_found
1,,10744335,a140d838b0f60c1e9fb46f882937175cfaf08655747013173623ee2b112012f8,products_found
1,,10747439,a140d838b0f60c1e9fb46f882937175cfaf08655747013173623ee2b112012f8,products_found
1,,10747445,a140d838b0f60c1e9fb46f882937175cfaf08655747013173623ee2b112012f8,products_found
1,,10748390,a140d838b0f60c1e9fb46f882937175cfaf08655747013173623ee2b112012f8,products_found
1,,10748393,a140d838b0f60c1e9fb46f882937175cfaf08655747013173623ee2b112012f8,products_found
1,,10748621,a140d838b0f60c1e9fb46f882937175cfaf08655747013173623ee2b112012f8,products_found
1,,10751515,a140d838b0f60c1e9fb46f882937175cfaf08655747013173623ee2b112012f8,products_found
1,,10753394,a140d838b0f60c1e9fb46f882937175cfaf08655747013173623ee2b112012f8,products_found
1,,10753734,a140d838b0f60c1e9fb46f882937175cfaf08655747013173623ee2b112012f8,products_found
1,,10753922,a140d838b0f60c1e9fb46f882937175cfaf08655747013173623ee2b112012f8,products_found
1,,10777591,a140d838b0f60c1e9fb46f882937175cfaf08655747013173623ee2b112012f8,products_found
1,,10779233,a140d838b0f60c1e9fb46f882937175cfaf08655747013173623ee2b112012f8,products_found
1,,10785538,a140d838b0f60c1e9fb46f882937175cfaf08655747013173623ee2b112012f8,products_found
1,,10788461,a140d838b0f60c1e9fb46f882937175cfaf08655747013173623ee2b112012f8,products_found
1,,10790387,a140d838b0f60c1e9fb46f882937175cfaf08655747013173623ee2b112012f8,products_found
1,,10793172,a140d838b0f60c1e9fb46f882937175cfaf08655747013173623ee2b112012f8,products_found
1,,10794087,a140d838b0f60c1e9fb46f882937175cfaf08655747013173623ee2b112012f8,products_found
1,,10794242,a140d838b0f60c1e9fb46f882937175cfaf08655747013173623ee2b112012f8,products_found
1,,10794405,a140d838b0f60c1e9fb46f882937175cfaf08655747013173623ee2b112012f8,products_found
1,,10795103,a140d838b0f60c1e9fb46f882937175cfaf08655747013173623ee2b112012f8,products_found
1,,10797460,a140d838b0f60c1e9fb46f882937175cfaf08655747013173623ee2b112012f8,products_found
1,,10798605,a140d838b0f60c1e9fb46f882937175cfaf08655747013173623ee2b112012f8,products_found
1,,10798838,a140d838b0f60c1e9fb46f882937175cfaf08655747013173623ee2b112012f8,products_found
1,,10799735,a140d838b0f60c1e9fb46f882937175cfaf08655747013173623ee2b112012f8,products_found
1,,10801100,a140d838b0f60c1e9fb46f882937175cfaf08655747013173623ee2b112012f8,products_found
1,,10801249,a140d838b0f60c1e9fb46f882937175cfaf08655747013173623ee2b112012f8,products_found
1,,10801951,a140d838b0f60c1e9fb46f882937175cfaf08655747013173623ee2b112012f8,products_found
1,,10809677,a140d838b0f60c1e9fb46f882937175cfaf08655747013173623ee2b112012f8,products_found
1,,10810838,a140d838b0f60c1e9fb46f882937175cfaf08655747013173623ee2b112012f8,products_found
1,,10811496,a140d838b0f60c1e9fb46f882937175cfaf08655747013173623ee2b112012f8,products_found
1,,10812504,a140d838b0f60c1e9fb46f882937175cfaf08655747013173623ee2b112012f8,products_found
1,,10813132,a140d838b0f60c1e9fb46f882937175cfaf08655747013173623ee2b112012f8,products_found
1,,10815916,a140d838b0f60c1e9fb46f882937175cfaf08655747013173623ee2b112012f8,products_found
1,,10816107,a140d838b0f60c1e9fb46f882937175cfaf08655747013173623ee2b112012f8,products_found
1,,10817600,a140d838b0f60c1e9fb46f882937175cfaf08655747013173623ee2b112012f8,products_found
1,,10842192,a140d838b0f60c1e9fb46f882937175cfaf08655747013173623ee2b112012f8,products_found
1,,10843203,a140d838b0f60c1e9fb46f882937175cfaf08655747013173623ee2b112012f8,products_found
1,,10843431,a140d838b0f60c1e9fb46f882937175cfaf08655747013173623ee2b112012f8,products_found
1,,10843590,a140d838b0f60c1e9fb46f882937175cfaf08655747013173623ee2b112012f8,products_found
1,,10845188,a140d838b0f60c1e9fb46f882937175cfaf08655747013173623ee2b112012f8,products_found
1,,10847907,a140d838b0f60c1e9fb46f882937175cfaf08655747013173623ee2b112012f8,products_found
1,,10848459,a140d838b0f60c1e9fb46f882937175cfaf08655747013173623ee2b112012f8,products_found
1,,10849244,a140d838b0f60c1e9fb46f882937175cfaf08655747013173623ee2b112012f8,products_found
1,,10854546,a140d838b0f60c1e9fb46f882937175cfaf08655747013173623ee2b112012f8,products_found
1,,10854555,a140d838b0f60c1e9fb46f882937175cfaf08655747013173623ee2b112012f8,products_found
1,,10854768,a140d838b0f60c1e9fb46f882937175cfaf08655747013173623ee2b112012f8,products_found
1,,10855545,a140d838b0f60c1e9fb46f882937175cfaf08655747013173623ee2b112012f8,products_found
1,,10857342,a140d838b0f60c1e9fb46f882937175cfaf08655747013173623ee2b112012f8,products_found
1,,10857519,a140d838b0f60c1e9fb46f882937175cfaf08655747013173623ee2b112012f8,products_found
1,,10857589,a140d838b0f60c1e9fb46f882937175cfaf08655747013173623ee2b112012f8,products_found
1,,10858691,a140d838b0f60c1e9fb46f882937175cfaf08655747013173623ee2b112012f8,products_found
1,,10858737,a140d838b0f60c1e9fb46f882937175cfaf08655747013173623ee2b112012f8,products_found
1,,10858785,a140d838b0f60c1e9fb46f882937175cfaf08655747013173623ee2b112012f8,products_found
1,,10858803,a140d838b0f60c1e9fb46f882937175cfaf08655747013173623ee2b112012f8,products_found
1,,10858832,a140d838b0f60c1e9fb46f882937175cfaf08655747013173623ee2b112012f8,products_found
1,,10862284,a140d838b0f60c1e9fb46f882937175cfaf08655747013173623ee2b112012f8,products_found
1,,10863608,a140d838b0f60c1e9fb46f882937175cfaf08655747013173623ee2b112012f8,products_found
1,,10864531,a140d838b0f60c1e9fb46f882937175cfaf08655747013173623ee2b112012f8,products_found
1,,10864656,a140d838b0f60c1e9fb46f882937175cfaf08655747013173623ee2b112012f8,products_found
1,,10867017,a140d838b0f60c1e9fb46f882937175cfaf08655747013173623ee2b112012f8,products_found
1,,10872983,a140d838b0f60c1e9fb46f882937175cfaf08655747013173623ee2b112012f8,products_found
1,,10873260,a140d838b0f60c1e9fb46f882937175cfaf08655747013173623ee2b112012f8,products_found
1,,10874215,a140d838b0f60c1e9fb46f882937175cfaf08655747013173623ee2b112012f8,products_found
1,,10874226,a140d838b0f60c1e9fb46f882937175cfaf08655747013173623ee2b112012f8,products_found
1,,10874614,a140d838b0f60c1e9fb46f882937175cfaf08655747013173623ee2b112012f8,products_found
1,,10874926,a140d838b0f60c1e9fb46f882937175cfaf08655747013173623ee2b112012f8,products_found
1,,10875245,a140d838b0f60c1e9fb46f882937175cfaf08655747013173623ee2b112012f8,products_found
1,,10875937,a140d838b0f60c1e9fb46f882937175cfaf08655747013173623ee2b112012f8,products_found
1,,10876237,a140d838b0f60c1e9fb46f882937175cfaf08655747013173623ee2b112012f8,products_found
1,,10877024,a140d838b0f60c1e9fb46f882937175cfaf08655747013173623ee2b112012f8,products_found
1,,10878263,a140d838b0f60c1e9fb46f882937175cfaf08655747013173623ee2b112012f8,products_found
1,,10879038,a140d838b0f60c1e9fb46f882937175cfaf08655747013173623ee2b112012f8,products_found
1,,10879208,a140d838b0f60c1e9fb46f882937175cfaf08655747013173623ee2b112012f8,products_found
1,,10879213,a140d838b0f60c1e9fb46f882937175cfaf08655747013173623ee2b112012f8,products_found
1,,10879656,a140d838b0f60c1e9fb46f882937175cfaf08655747013173623ee2b112012f8,products_found
1,,10880507,a140d838b0f60c1e9fb46f882937175cfaf08655747013173623ee2b112012f8,products_found
1,,10881457,a140d838b0f60c1e9fb46f882937175cfaf08655747013173623ee2b112012f8,products_found
1,,10904857,a140d838b0f60c1e9fb46f882937175cfaf08655747013173623ee2b112012f8,products_found
1,,10905239,a140d838b0f60c1e9fb46f882937175cfaf08655747013173623ee2b112012f8,products_found
1,,10905641,a140d838b0f60c1e9fb46f882937175cfaf08655747013173623ee2b112012f8,products_found
1,,10905746,a140d838b0f60c1e9fb46f882937175cfaf08655747013173623ee2b112012f8,products_found
1,,10905911,a140d838b0f60c1e9fb46f882937175cfaf08655747013173623ee2b112012f8,products_found
1,,10907307,a140d838b0f60c1e9fb46f882937175cfaf08655747013173623ee2b112012f8,products_found
1,,10908248,a140d838b0f60c1e9fb46f882937175cfaf08655747013173623ee2b112012f8,products_found
1,,10909127,a140d838b0f60c1e9fb46f882937175cfaf08655747013173623ee2b112012f8,products_found
1,,10909274,a140d838b0f60c1e9fb46f882937175cfaf08655747013173623ee2b112012f8,products_found
1,,10910878,a140d838b0f60c1e9fb46f882937175cfaf08655747013173623ee2b112012f8,products_found
1,,10916600,a140d838b0f60c1e9fb46f882937175cfaf08655747013173623ee2b112012f8,products_found
1,,10920086,a140d838b0f60c1e9fb46f882937175cfaf08655747013173623ee2b112012f8,products_found
1,,10920420,a140d838b0f60c1e9fb46f882937175cfaf08655747013173623ee2b112012f8,products_found
1,,10920813,a140d838b0f60c1e9fb46f882937175cfaf08655747013173623ee2b112012f8,products_found
1,,10922659,a140d838b0f60c1e9fb46f882937175cfaf08655747013173623ee2b112012f8,products_found
1,,10923260,a140d838b0f60c1e9fb46f882937175cfaf08655747013173623ee2b112012f8,products_found
1,,10924340,a140d838b0f60c1e9fb46f882937175cfaf08655747013173623ee2b112012f8,products_found
1,,10924400,a140d838b0f60c1e9fb46f882937175cfaf08655747013173623ee2b112012f8,products_found
1,,10924562,a140d838b0f60c1e9fb46f882937175cfaf08655747013173623ee2b112012f8,products_found
1,,10924853,a140d838b0f60c1e9fb46f882937175cfaf08655747013173623ee2b112012f8,products_found
1,,10925104,a140d838b0f60c1e9fb46f882937175cfaf08655747013173623ee2b112012f8,products_found
1,,10925113,a140d838b0f60c1e9fb46f882937175cfaf08655747013173623ee2b112012f8,products_found
1,,10933561,a140d838b0f60c1e9fb46f882937175cfaf08655747013173623ee2b112012f8,products_found
1,,10934313,a140d838b0f60c1e9fb46f882937175cfaf08655747013173623ee2b112012f8,products_found
1,,10934674,a140d838b0f60c1e9fb46f882937175cfaf08655747013173623ee2b112012f8,products_found
1,,10935310,a140d838b0f60c1e9fb46f882937175cfaf08655747013173623ee2b112012f8,products_found
1,,10936427,a140d838b0f60c1e9fb46f882937175cfaf08655747013173623ee2b112012f8,products_found
1,,10936786,a140d838b0f60c1e9fb46f882937175cfaf08655747013173623ee2b112012f8,products_found
1,,10937029,a140d838b0f60c1e9fb46f882937175cfaf08655747013173623ee2b112012f8,products_found
1,,10937609,a140d838b0f60c1e9fb46f882937175cfaf08655747013173623ee2b112012f8,products_found
1,,10960993,a140d838b0f60c1e9fb46f882937175cfaf08655747013173623ee2b112012f8,products_found
1,,10960995,a140d838b0f60c1e9fb46f882937175cfaf08655747013173623ee2b112012f8,products_found
1,,10963065,a140d838b0f60c1e9fb46f882937175cfaf08655747013173623ee2b112012f8,products_found
1,,10963242,a140d838b0f60c1e9fb46f882937175cfaf08655747013173623ee2b112012f8,products_found
1,,10964265,a140d838b0f60c1e9fb46f882937175cfaf08655747013173623ee2b112012f8,products_found
1,,10964440,a140d838b0f60c1e9fb46f882937175cfaf08655747013173623ee2b112012f8,products_found
1,,10965008,a140d838b0f60c1e9fb46f882937175cfaf08655747013173623ee2b112012f8,products_found
1,,10965588,a140d838b0f60c1e9fb46f882937175cfaf08655747013173623ee2b112012f8,products_found
1,,10965740,a140d838b0f60c1e9fb46f882937175cfaf08655747013173623ee2b112012f8,products_found
1,,10965963,a140d838b0f60c1e9fb46f882937175cfaf08655747013173623ee2b112012f8,products_found
1,,10973583,a140d838b0f60c1e9fb46f882937175cfaf08655747013173623ee2b112012f8,products_found
1,,10973664,a140d838b0f60c1e9fb46f882937175cfaf08655747013173623ee2b112012f8,products_found
1,,10973814,a140d838b0f60c1e9fb46f882937175cfaf08655747013173623ee2b112012f8,products_found
1,,10975146,a140d838b0f60c1e9fb46f882937175cfaf08655747013173623ee2b112012f8,products_found
1,,10977671,a140d838b0f60c1e9fb46f882937175cfaf08655747013173623ee2b112012f8,products_found
1,,10978763,a140d838b0f60c1e9fb46f882937175cfaf08655747013173623ee2b112012f8,products_found
1,,10979716,a140d838b0f60c1e9fb46f882937175cfaf08655747013173623ee2b112012f8,products_found
1,,10982373,a140d838b0f60c1e9fb46f882937175cfaf08655747013173623ee2b112012f8,products_found
1,,10982872,a140d838b0f60c1e9fb46f882937175cfaf08655747013173623ee2b112012f8,products_found
1,,10984090,a140d838b0f60c1e9fb46f882937175cfaf08655747013173623ee2b112012f8,products_found
1,,10987439,a140d838b0f60c1e9fb46f882937175cfaf08655747013173623ee2b112012f8,products_found
1,,10987985,a140d838b0f60c1e9fb46f882937175cfaf08655747013173623ee2b112012f8,products_found
1,,10989032,a140d838b0f60c1e9fb46f882937175cfaf08655747013173623ee2b112012f8,products_found
1,,10989274,a140d838b0f60c1e9fb46f882937175cfaf08655747013173623ee2b112012f8,products_found
1,,10990886,a140d838b0f60c1e9fb46f882937175cfaf08655747013173623ee2b112012f8,products_found
1,,10990917,a140d838b0f60c1e9fb46f882937175cfaf08655747013173623ee2b112012f8,products_found
1,,10991989,a140d838b0f60c1e9fb46f882937175cfaf08655747013173623ee2b112012f8,products_found
1,,10992011,a140d838b0f60c1e9fb46f882937175cfaf08655747013173623ee2b112012f8,products_found
1,,10992733,a140d838b0f60c1e9fb46f882937175cfaf08655747013173623ee2b112012f8,products_found
1,,11013201,a140d838b0f60c1e9fb46f882937175cfaf08655747013173623ee2b112012f8,products_found
1,,11014932,a140d838b0f60c1e9fb46f882937175cfaf08655747013173623ee2b112012f8,products_found
1,,11015108,a140d838b0f60c1e9fb46f882937175cfaf08655747013173623ee2b112012f8,products_found
1,,11015323,a140d838b0f60c1e9fb46f882937175cfaf08655747013173623ee2b112012f8,products_found
1,,11017094,a140d838b0f60c1e9fb46f882937175cfaf08655747013173623ee2b112012f8,products_found
1,,11017901,a140d838b0f60c1e9fb46f882937175cfaf08655747013173623ee2b112012f8,products_found
1,,11018648,a140d838b0f60c1e9fb46f882937175cfaf08655747013173623ee2b112012f8,products_found
1,,11019987,a140d838b0f60c1e9fb46f882937175cfaf08655747013173623ee2b112012f8,products_found
1,,11021252,a140d838b0f60c1e9fb46f882937175cfaf08655747013173623ee2b112012f8,products_found
1,,11027624,a140d838b0f60c1e9fb46f882937175cfaf08655747013173623ee2b112012f8,products_found
1,,11027722,a140d838b0f60c1e9fb46f882937175cfaf08655747013173623ee2b112012f8,products_found
1,,11029877,a140d838b0f60c1e9fb46f882937175cfaf08655747013173623ee2b112012f8,products_found
1,,11030475,a140d838b0f60c1e9fb46f882937175cfaf08655747013173623ee2b112012f8,products_found
1,,11030711,a140d838b0f60c1e9fb46f882937175cfaf08655747013173623ee2b112012f8,products_found
1,,11032227,a140d838b0f60c1e9fb46f882937175cfaf08655747013173623ee2b112012f8,products_found
1,,11037128,a140d838b0f60c1e9fb46f882937175cfaf08655747013173623ee2b112012f8,products_found
1,,11037335,a140d838b0f60c1e9fb46f882937175cfaf08655747013173623ee2b112012f8,products_found
1,,11037511,a140d838b0f60c1e9fb46f882937175cfaf08655747013173623ee2b112012f8,products_found
1,,11037818,a140d838b0f60c1e9fb46f882937175cfaf08655747013173623ee2b112012f8,products_found
1,,11043136,a140d838b0f60c1e9fb46f882937175cfaf08655747013173623ee2b112012f8,products_found
1,,11043167,a140d838b0f60c1e9fb46f882937175cfaf08655747013173623ee2b112012f8,products_found
1,,11044770,a140d838b0f60c1e9fb46f882937175cfaf08655747013173623ee2b112012f8,products_found
1,,11044779,a140d838b0f60c1e9fb46f882937175cfaf08655747013173623ee2b112012f8,products_found
1,,11045383,a140d838b0f60c1e9fb46f882937175cfaf08655747013173623ee2b112012f8,products_found
1,,11046025,a140d838b0f60c1e9fb46f882937175cfaf08655747013173623ee2b112012f8,products_found
1,,11046458,a140d838b0f60c1e9fb46f882937175cfaf08655747013173623ee2b112012f8,products_found
1,,11046870,a140d838b0f60c1e9fb46f882937175cfaf08655747013173623ee2b112012f8,products_found
1,,11069176,a140d838b0f60c1e9fb46f882937175cfaf08655747013173623ee2b112012f8,products_found
1,,11071207,a140d838b0f60c1e9fb46f882937175cfaf08655747013173623ee2b112012f8,products_found
1,,11073223,a140d838b0f60c1e9fb46f882937175cfaf08655747013173623ee2b112012f8,products_found
1,,11073351,a140d838b0f60c1e9fb46f882937175cfaf08655747013173623ee2b112012f8,products_found
1,,11074178,a140d838b0f60c1e9fb46f882937175cfaf08655747013173623ee2b112012f8,products_found
1,,11074541,a140d838b0f60c1e9fb46f882937175cfaf08655747013173623ee2b112012f8,products_found
1,,11074835,a140d838b0f60c1e9fb46f882937175cfaf08655747013173623ee2b112012f8,products_found
1,,11075429,a140d838b0f60c1e9fb46f882937175cfaf08655747013173623ee2b112012f8,products_found
1,,11075737,a140d838b0f60c1e9fb46f882937175cfaf08655747013173623ee2b112012f8,products_found
1,,11076176,a140d838b0f60c1e9fb46f882937175cfaf08655747013173623ee2b112012f8,products_found
1,,11076276,a140d838b0f60c1e9fb46f882937175cfaf08655747013173623ee2b112012f8,products_found
1,,11076279,a140d838b0f60c1e9fb46f882937175cfaf08655747013173623ee2b112012f8,products_found
1,,11080405,a140d838b0f60c1e9fb46f882937175cfaf08655747013173623ee2b112012f8,products_found
1,,11081512,a140d838b0f60c1e9fb46f882937175cfaf08655747013173623ee2b112012f8,products_found
1,,11086270,a140d838b0f60c1e9fb46f882937175cfaf08655747013173623ee2b112012f8,products_found
1,,11087662,a140d838b0f60c1e9fb46f882937175cfaf08655747013173623ee2b112012f8,products_found
1,,11090556,a140d838b0f60c1e9fb46f882937175cfaf08655747013173623ee2b112012f8,products_found
1,,11090561,a140d838b0f60c1e9fb46f882937175cfaf08655747013173623ee2b112012f8,products_found
1,,11090765,a140d838b0f60c1e9fb46f882937175cfaf08655747013173623ee2b112012f8,products_found
1,,11093538,a140d838b0f60c1e9fb46f882937175cfaf08655747013173623ee2b112012f8,products_found
1,,11098004,a140d838b0f60c1e9fb46f882937175cfaf08655747013173623ee2b112012f8,products_found
1,,11099109,a140d838b0f60c1e9fb46f882937175cfaf08655747013173623ee2b112012f8,products_found
1,,11099351,a140d838b0f60c1e9fb46f882937175cfaf08655747013173623ee2b112012f8,products_found
1,,11100383,a140d838b0f60c1e9fb46f882937175cfaf08655747013173623ee2b112012f8,products_found
1,,11100657,a140d838b0f60c1e9fb46f882937175cfaf08655747013173623ee2b112012f8,products_found
1,,11100670,a140d838b0f60c1e9fb46f882937175cfaf08655747013173623ee2b112012f8,products_found
1,,11121752,a140d838b0f60c1e9fb46f882937175cfaf08655747013173623ee2b112012f8,products_found
1,,11122894,a140d838b0f60c1e9fb46f882937175cfaf08655747013173623ee2b112012f8,products_found
1,,11124353,a140d838b0f60c1e9fb46f882937175cfaf08655747013173623ee2b112012f8,products_found
1,,11124509,a140d838b0f60c1e9fb46f882937175cfaf08655747013173623ee2b112012f8,products_found
1,,11125613,a140d838b0f60c1e9fb46f882937175cfaf08655747013173623ee2b112012f8,products_found
1,,11125797,a140d838b0f60c1e9fb46f882937175cfaf08655747013173623ee2b112012f8,products_found
1,,11125936,a140d838b0f60c1e9fb46f882937175cfaf08655747013173623ee2b112012f8,products_found
1,,11126381,a140d838b0f60c1e9fb46f882937175cfaf08655747013173623ee2b112012f8,products_found
1,,11127479,a140d838b0f60c1e9fb46f882937175cfaf08655747013173623ee2b112012f8,products_found
1,,11129258,a140d838b0f60c1e9fb46f882937175cfaf08655747013173623ee2b112012f8,products_found
1,,11129738,a140d838b0f60c1e9fb46f882937175cfaf08655747013173623ee2b112012f8,products_found
1,,11133306,a140d838b0f60c1e9fb46f882937175cfaf08655747013173623ee2b112012f8,products_found
1,,11134879,a140d838b0f60c1e9fb46f882937175cfaf08655747013173623ee2b112012f8,products_found
1,,11135119,a140d838b0f60c1e9fb46f882937175cfaf08655747013173623ee2b112012f8,products_found
1,,11135308,a140d838b0f60c1e9fb46f882937175cfaf08655747013173623ee2b112012f8,products_found
1,,11137065,a140d838b0f60c1e9fb46f882937175cfaf08655747013173623ee2b112012f8,products_found
1,,11137180,a140d838b0f60c1e9fb46f882937175cfaf08655747013173623ee2b112012f8,products_found
1,,11138155,a140d838b0f60c1e9fb46f882937175cfaf08655747013173623ee2b112012f8,products_found
1,,11144439,a140d838b0f60c1e9fb46f882937175cfaf08655747013173623ee2b112012f8,products_found
1,,11145726,a140d838b0f60c1e9fb46f882937175cfaf08655747013173623ee2b112012f8,products_found
1,,11145831,a140d838b0f60c1e9fb46f882937175cfaf08655747013173623ee2b112012f8,products_found
1,,11147276,a140d838b0f60c1e9fb46f882937175cfaf08655747013173623ee2b112012f8,products_found
1,,11147460,a140d838b0f60c1e9fb46f882937175cfaf08655747013173623ee2b112012f8,products_found
1,,11147814,a140d838b0f60c1e9fb46f882937175cfaf08655747013173623ee2b112012f8,products_found
1,,11151677,a140d838b0f60c1e9fb46f882937175cfaf08655747013173623ee2b112012f8,products_found
1,,11152159,a140d838b0f60c1e9fb46f882937175cfaf08655747013173623ee2b112012f8,products_found
1,,11152950,a140d838b0f60c1e9fb46f882937175cfaf08655747013173623ee2b112012f8,products_found
1,,11153121,a140d838b0f60c1e9fb46f882937175cfaf08655747013173623ee2b112012f8,products_found
1,,11153539,a140d838b0f60c1e9fb46f882937175cfaf08655747013173623ee2b112012f8,products_found
1,,11154043,a140d838b0f60c1e9fb46f882937175cfaf08655747013173623ee2b112012f8,products_found
1,,11176127,a140d838b0f60c1e9fb46f882937175cfaf08655747013173623ee2b112012f8,products_found
1,,11176166,a140d838b0f60c1e9fb46f882937175cfaf08655747013173623ee2b112012f8,products_found
1,,11177543,a140d838b0f60c1e9fb46f882937175cfaf08655747013173623ee2b112012f8,products_found
1,,11177676,a140d838b0f60c1e9fb46f882937175cfaf08655747013173623ee2b112012f8,products_found
1,,11177707,a140d838b0f60c1e9fb46f882937175cfaf08655747013173623ee2b112012f8,products_found
1,,11179076,a140d838b0f60c1e9fb46f882937175cfaf08655747013173623ee2b112012f8,products_found
1,,11182260,a140d838b0f60c1e9fb46f882937175cfaf08655747013173623ee2b112012f8,products_found
1,,11187436,a140d838b0f60c1e9fb46f882937175cfaf08655747013173623ee2b112012f8,products_found
1,,11187837,a140d838b0f60c1e9fb46f882937175cfaf08655747013173623ee2b112012f8,products_found
1,,11188249,a140d838b0f60c1e9fb46f882937175cfaf08655747013173623ee2b112012f8,products_found
1,,11189311,a140d838b0f60c1e9fb46f882937175cfaf08655747013173623ee2b112012f8,products_found
1,,11192235,a140d838b0f60c1e9fb46f882937175cfaf08655747013173623ee2b112012f8,products_found
1,,11192998,a140d838b0f60c1e9fb46f882937175cfaf08655747013173623ee2b112012f8,products_found
1,,11193263,a140d838b0f60c1e9fb46f882937175cfaf08655747013173623ee2b112012f8,products_found
1,,11194032,a140d838b0f60c1e9fb46f882937175cfaf08655747013173623ee2b112012f8,products_found
1,,11197126,a140d838b0f60c1e9fb46f882937175cfaf08655747013173623ee2b112012f8,products_found
1,,11198723,a140d838b0f60c1e9fb46f882937175cfaf08655747013173623ee2b112012f8,products_found
1,,11199725,a140d838b0f60c1e9fb46f882937175cfaf08655747013173623ee2b112012f8,products_found
1,,11200405,a140d838b0f60c1e9fb46f882937175cfaf08655747013173623ee2b112012f8,products_found
1,,11200415,a140d838b0f60c1e9fb46f882937175cfaf08655747013173623ee2b112012f8,products_found
1,,11200767,a140d838b0f60c1e9fb46f882937175cfaf08655747013173623ee2b112012f8,products_found
1,,11200773,a140d838b0f60c1e9fb46f882937175cfaf08655747013173623ee2b112012f8,products_found
1,,11228612,a140d838b0f60c1e9fb46f882937175cfaf08655747013173623ee2b112012f8,products_found
1,,11231334,a140d838b0f60c1e9fb46f882937175cfaf08655747013173623ee2b112012f8,products_found
1,,11232745,a140d838b0f60c1e9fb46f882937175cfaf08655747013173623ee2b112012f8,products_found
1,,11233911,a140d838b0f60c1e9fb46f882937175cfaf08655747013173623ee2b112012f8,products_found
1,,11234677,a140d838b0f60c1e9fb46f882937175cfaf08655747013173623ee2b112012f8,products_found
1,,11235323,a140d838b0f60c1e9fb46f882937175cfaf08655747013173623ee2b112012f8,products_found
1,,11236244,a140d838b0f60c1e9fb46f882937175cfaf08655747013173623ee2b112012f8,products_found
1,,11240948,a140d838b0f60c1e9fb46f882937175cfaf08655747013173623ee2b112012f8,products_found
1,,11241814,a140d838b0f60c1e9fb46f882937175cfaf08655747013173623ee2b112012f8,products_found
1,,11241912,a140d838b0f60c1e9fb46f882937175cfaf08655747013173623ee2b112012f8,products_found
1,,11242721,a140d838b0f60c1e9fb46f882937175cfaf08655747013173623ee2b112012f8,products_found
1,,11243547,a140d838b0f60c1e9fb46f882937175cfaf08655747013173623ee2b112012f8,products_found
1,,11244137,a140d838b0f60c1e9fb46f882937175cfaf08655747013173623ee2b112012f8,products_found
1,,11244682,a140d838b0f60c1e9fb46f882937175cfaf08655747013173623ee2b112012f8,products_found
1,,11249624,a140d838b0f60c1e9fb46f882937175cfaf08655747013173623ee2b112012f8,products_found
1,,11250587,a140d838b0f60c1e9fb46f882937175cfaf08655747013173623ee2b112012f8,products_found
1,,11250867,a140d838b0f60c1e9fb46f882937175cfaf08655747013173623ee2b112012f8,products_found
1,,11251058,a140d838b0f60c1e9fb46f882937175cfaf08655747013173623ee2b112012f8,products_found
1,,11252617,a140d838b0f60c1e9fb46f882937175cfaf08655747013173623ee2b112012f8,products_found
1,,11253711,a140d838b0f60c1e9fb46f882937175cfaf08655747013173623ee2b112012f8,products_found
1,,11253827,a140d838b0f60c1e9fb46f882937175cfaf08655747013173623ee2b112012f8,products_found
1,,11254382,a140d838b0f60c1e9fb46f882937175cfaf08655747013173623ee2b112012f8,products_found
1,,11255231,a140d838b0f60c1e9fb46f882937175cfaf08655747013173623ee2b112012f8,products_found
1,,11255761,a140d838b0f60c1e9fb46f882937175cfaf08655747013173623ee2b112012f8,products_found
1,,11259686,a140d838b0f60c1e9fb46f882937175cfaf08655747013173623ee2b112012f8,products_found
1,,11283615,a140d838b0f60c1e9fb46f882937175cfaf08655747013173623ee2b112012f8,products_found
1,,11284772,a140d838b0f60c1e9fb46f882937175cfaf08655747013173623ee2b112012f8,products_found
1,,11285136,a140d838b0f60c1e9fb46f882937175cfaf08655747013173623ee2b112012f8,products_found
1,,11285625,a140d838b0f60c1e9fb46f882937175cfaf08655747013173623ee2b112012f8,products_found
1,,11285870,a140d838b0f60c1e9fb46f882937175cfaf08655747013173623ee2b112012f8,products_found
1,,11287726,a140d838b0f60c1e9fb46f882937175cfaf08655747013173623ee2b112012f8,products_found
1,,11288051,a140d838b0f60c1e9fb46f882937175cfaf08655747013173623ee2b112012f8,products_found
1,,11288505,a140d838b0f60c1e9fb46f882937175cfaf08655747013173623ee2b112012f8,products_found
1,,11295085,a140d838b0f60c1e9fb46f882937175cfaf08655747013173623ee2b112012f8,products_found
1,,11295426,a140d838b0f60c1e9fb46f882937175cfaf08655747013173623ee2b112012f8,products_found
1,,11297236,a140d838b0f60c1e9fb46f882937175cfaf08655747013173623ee2b112012f8,products_found
1,,11298298,a140d838b0f60c1e9fb46f882937175cfaf08655747013173623ee2b112012f8,products_found
1,,11298815,a140d838b0f60c1e9fb46f882937175cfaf08655747013173623ee2b112012f8,products_found
1,,11303322,a140d838b0f60c1e9fb46f882937175cfaf08655747013173623ee2b112012f8,products_found
1,,11303811,a140d838b0f60c1e9fb46f882937175cfaf08655747013173623ee2b112012f8,products_found
1,,11303815,a140d838b0f60c1e9fb46f882937175cfaf08655747013173623ee2b112012f8,products_found
1,,11304958,a140d838b0f60c1e9fb46f882937175cfaf08655747013173623ee2b112012f8,products_found
1,,11304987,a140d838b0f60c1e9fb46f882937175cfaf08655747013173623ee2b112012f8,products_found
1,,11308499,a140d838b0f60c1e9fb46f882937175cfaf08655747013173623ee2b112012f8,products_found
1,,11336883,a140d838b0f60c1e9fb46f882937175cfaf08655747013173623ee2b112012f8,products_found
1,,11337141,a140d838b0f60c1e9fb46f882937175cfaf08655747013173623ee2b112012f8,products_found
1,,11337372,a140d838b0f60c1e9fb46f882937175cfaf08655747013173623ee2b112012f8,products_found
1,,11337566,a140d838b0f60c1e9fb46f882937175cfaf08655747013173623ee2b112012f8,products_found
1,,11337833,a140d838b0f60c1e9fb46f882937175cfaf08655747013173623ee2b112012f8,products_found
1,,11338091,a140d838b0f60c1e9fb46f882937175cfaf08655747013173623ee2b112012f8,products_found
1,,11341314,a140d838b0f60c1e9fb46f882937175cfaf08655747013173623ee2b112012f8,products_found
1,,11342416,a140d838b0f60c1e9fb46f882937175cfaf08655747013173623ee2b112012f8,products_found
1,,11342573,a140d838b0f60c1e9fb46f882937175cfaf08655747013173623ee2b112012f8,products_found
1,,11348086,a140d838b0f60c1e9fb46f882937175cfaf08655747013173623ee2b112012f8,products_found
1,,11348997,a140d838b0f60c1e9fb46f882937175cfaf08655747013173623ee2b112012f8,products_found
1,,11350389,a140d838b0f60c1e9fb46f882937175cfaf08655747013173623ee2b112012f8,products_found
1,,11356260,a140d838b0f60c1e9fb46f882937175cfaf08655747013173623ee2b112012f8,products_found
1,,11356602,a140d838b0f60c1e9fb46f882937175cfaf08655747013173623ee2b112012f8,products_found
1,,11357185,a140d838b0f60c1e9fb46f882937175cfaf08655747013173623ee2b112012f8,products_found
1,,11357192,a140d838b0f60c1e9fb46f882937175cfaf08655747013173623ee2b112012f8,products_found
1,,11358389,a140d838b0f60c1e9fb46f882937175cfaf08655747013173623ee2b112012f8,products_found
1,,11358392,a140d838b0f60c1e9fb46f882937175cfaf08655747013173623ee2b112012f8,products_found
1,,11359305,a140d838b0f60c1e9fb46f882937175cfaf08655747013173623ee2b112012f8,products_found
1,,11359879,a140d838b0f60c1e9fb46f882937175cfaf08655747013173623ee2b112012f8,products_found
1,,11360571,a140d838b0f60c1e9fb46f882937175cfaf08655747013173623ee2b112012f8,products_found
1,,11360805,a140d838b0f60c1e9fb46f882937175cfaf08655747013173623ee2b112012f8,products_found
1,,11361646,a140d838b0f60c1e9fb46f882937175cfaf08655747013173623ee2b112012f8,products_found
1,,11389771,a140d838b0f60c1e9fb46f882937175cfaf08655747013173623ee2b112012f8,products_found
1,,11391018,a140d838b0f60c1e9fb46f882937175cfaf08655747013173623ee2b112012f8,products_found
1,,11391181,a140d838b0f60c1e9fb46f882937175cfaf08655747013173623ee2b112012f8,products_found
1,,11391667,a140d838b0f60c1e9fb46f882937175cfaf08655747013173623ee2b112012f8,products_found
1,,11391957,a140d838b0f60c1e9fb46f882937175cfaf08655747013173623ee2b112012f8,products_found
1,,11392017,a140d838b0f60c1e9fb46f882937175cfaf08655747013173623ee2b112012f8,products_found
1,,11392618,a140d838b0f60c1e9fb46f882937175cfaf08655747013173623ee2b112012f8,products_found
1,,11394027,a140d838b0f60c1e9fb46f882937175cfaf08655747013173623ee2b112012f8,products_found
1,,11400356,a140d838b0f60c1e9fb46f882937175cfaf08655747013173623ee2b112012f8,products_found
1,,11401182,a140d838b0f60c1e9fb46f882937175cfaf08655747013173623ee2b112012f8,products_found
1,,11401755,a140d838b0f60c1e9fb46f882937175cfaf08655747013173623ee2b112012f8,products_found
1,,11401767,a140d838b0f60c1e9fb46f882937175cfaf08655747013173623ee2b112012f8,products_found
1,,11401822,a140d838b0f60c1e9fb46f882937175cfaf08655747013173623ee2b112012f8,products_found
1,,11401845,a140d838b0f60c1e9fb46f882937175cfaf08655747013173623ee2b112012f8,products_found
1,,11401869,a140d838b0f60c1e9fb46f882937175cfaf08655747013173623ee2b112012f8,products_found
1,,11402995,a140d838b0f60c1e9fb46f882937175cfaf08655747013173623ee2b112012f8,products_found
1,,11403044,a140d838b0f60c1e9fb46f882937175cfaf08655747013173623ee2b112012f8,products_found
1,,11403216,a140d838b0f60c1e9fb46f882937175cfaf08655747013173623ee2b112012f8,products_found
1,,11403339,a140d838b0f60c1e9fb46f882937175cfaf08655747013173623ee2b112012f8,products_found
1,,11403389,a140d838b0f60c1e9fb46f882937175cfaf08655747013173623ee2b112012f8,products_found
1,,11403530,a140d838b0f60c1e9fb46f882937175cfaf08655747013173623ee2b112012f8,products_found
1,,11404644,a140d838b0f60c1e9fb46f882937175cfaf08655747013173623ee2b112012f8,products_found
1,,11408935,a140d838b0f60c1e9fb46f882937175cfaf08655747013173623ee2b112012f8,products_found
1,,11409698,a140d838b0f60c1e9fb46f882937175cfaf08655747013173623ee2b112012f8,products_found
1,,11410904,a140d838b0f60c1e9fb46f882937175cfaf08655747013173623ee2b112012f8,products_found
1,,11413812,a140d838b0f60c1e9fb46f882937175cfaf08655747013173623ee2b112012f8,products_found
1,,11414465,a140d838b0f60c1e9fb46f882937175cfaf08655747013173623ee2b112012f8,products_found
1,,11414511,a140d838b0f60c1e9fb46f882937175cfaf08655747013173623ee2b112012f8,products_found
1,,11415243,a140d838b0f60c1e9fb46f882937175cfaf08655747013173623ee2b112012f8,products_found
1,,11442465,a140d838b0f60c1e9fb46f882937175cfaf08655747013173623ee2b112012f8,products_found
1,,11442793,a140d838b0f60c1e9fb46f882937175cfaf08655747013173623ee2b112012f8,products_found
1,,11444514,a140d838b0f60c1e9fb46f882937175cfaf08655747013173623ee2b112012f8,products_found
1,,11444952,a140d838b0f60c1e9fb46f882937175cfaf08655747013173623ee2b112012f8,products_found
1,,11446443,a140d838b0f60c1e9fb46f882937175cfaf08655747013173623ee2b112012f8,products_found
1,,11449696,a140d838b0f60c1e9fb46f882937175cfaf08655747013173623ee2b112012f8,products_found
1,,11449844,a140d838b0f60c1e9fb46f882937175cfaf08655747013173623ee2b112012f8,products_found
1,,11450414,a140d838b0f60c1e9fb46f882937175cfaf08655747013173623ee2b112012f8,products_found
1,,11453592,a140d838b0f60c1e9fb46f882937175cfaf08655747013173623ee2b112012f8,products_found
1,,11455181,a140d838b0f60c1e9fb46f882937175cfaf08655747013173623ee2b112012f8,products_found
1,,11455428,a140d838b0f60c1e9fb46f882937175cfaf08655747013173623ee2b112012f8,products_found
1,,11455484,a140d838b0f60c1e9fb46f882937175cfaf08655747013173623ee2b112012f8,products_found
1,,11455491,a140d838b0f60c1e9fb46f882937175cfaf08655747013173623ee2b112012f8,products_found
1,,11456382,a140d838b0f60c1e9fb46f882937175cfaf08655747013173623ee2b112012f8,products_found
1,,11456405,a140d838b0f60c1e9fb46f882937175cfaf08655747013173623ee2b112012f8,products_found
1,,11456839,a140d838b0f60c1e9fb46f882937175cfaf08655747013173623ee2b112012f8,products_found
1,,11457191,a140d838b0f60c1e9fb46f882937175cfaf08655747013173623ee2b112012f8,products_found
1,,11457726,a140d838b0f60c1e9fb46f882937175cfaf08655747013173623ee2b112012f8,products_found
1,,11460018,a140d838b0f60c1e9fb46f882937175cfaf08655747013173623ee2b112012f8,products_found
1,,11460462,a140d838b0f60c1e9fb46f882937175cfaf08655747013173623ee2b112012f8,products_found
1,,11461433,a140d838b0f60c1e9fb46f882937175cfaf08655747013173623ee2b112012f8,products_found
1,,11461844,a140d838b0f60c1e9fb46f882937175cfaf08655747013173623ee2b112012f8,products_found
1,,11463211,a140d838b0f60c1e9fb46f882937175cfaf08655747013173623ee2b112012f8,products_found
1,,11463950,a140d838b0f60c1e9fb46f882937175cfaf08655747013173623ee2b112012f8,products_found
1,,11465651,a140d838b0f60c1e9fb46f882937175cfaf08655747013173623ee2b112012f8,products_found
1,,11465813,a140d838b0f60c1e9fb46f882937175cfaf08655747013173623ee2b112012f8,products_found
1,,11465950,a140d838b0f60c1e9fb46f882937175cfaf08655747013173623ee2b112012f8,products_found
1,,11466960,a140d838b0f60c1e9fb46f882937175cfaf08655747013173623ee2b112012f8,products_found
1,,11493431,a140d838b0f60c1e9fb46f882937175cfaf08655747013173623ee2b112012f8,products_found
1,,11493732,a140d838b0f60c1e9fb46f882937175cfaf08655747013173623ee2b112012f8,products_found
1,,11494130,a140d838b0f60c1e9fb46f882937175cfaf08655747013173623ee2b112012f8,products_found
1,,11495458,a140d838b0f60c1e9fb46f882937175cfaf08655747013173623ee2b112012f8,products_found
1,,11497958,a140d838b0f60c1e9fb46f882937175cfaf08655747013173623ee2b112012f8,products_found
1,,11497977,a140d838b0f60c1e9fb46f882937175cfaf08655747013173623ee2b112012f8,products_found
1,,11498128,a140d838b0f60c1e9fb46f882937175cfaf08655747013173623ee2b112012f8,products_found
1,,11499192,a140d838b0f60c1e9fb46f882937175cfaf08655747013173623ee2b112012f8,products_found
1,,11499228,a140d838b0f60c1e9fb46f882937175cfaf08655747013173623ee2b112012f8,products_found
1,,11499263,a140d838b0f60c1e9fb46f882937175cfaf08655747013173623ee2b112012f8,products_found
1,,11499757,a140d838b0f60c1e9fb46f882937175cfaf08655747013173623ee2b112012f8,products_found
1,,11501492,a140d838b0f60c1e9fb46f882937175cfaf08655747013173623ee2b112012f8,products_found
1,,11502172,a140d838b0f60c1e9fb46f882937175cfaf08655747013173623ee2b112012f8,products_found
1,,11502218,a140d838b0f60c1e9fb46f882937175cfaf08655747013173623ee2b112012f8,products_found
1,,11502867,a140d838b0f60c1e9fb46f882937175cfaf08655747013173623ee2b112012f8,products_found
1,,11506235,a140d838b0f60c1e9fb46f882937175cfaf08655747013173623ee2b112012f8,products_found
1,,11506938,a140d838b0f60c1e9fb46f882937175cfaf08655747013173623ee2b112012f8,products_found
1,,11507101,a140d838b0f60c1e9fb46f882937175cfaf08655747013173623ee2b112012f8,products_found
1,,11508644,a140d838b0f60c1e9fb46f882937175cfaf08655747013173623ee2b112012f8,products_found
1,,11509504,a140d838b0f60c1e9fb46f882937175cfaf08655747013173623ee2b112012f8,products_found
1,,11512246,a140d838b0f60c1e9fb46f882937175cfaf08655747013173623ee2b112012f8,products_found
1,,11513441,a140d838b0f60c1e9fb46f882937175cfaf08655747013173623ee2b112012f8,products_found
1,,11513486,a140d838b0f60c1e9fb46f882937175cfaf08655747013173623ee2b112012f8,products_found
1,,11516930,a140d838b0f60c1e9fb46f882937175cfaf08655747013173623ee2b112012f8,products_found
1,,11517719,a140d838b0f60c1e9fb46f882937175cfaf08655747013173623ee2b112012f8,products_found
1,,11518142,a140d838b0f60c1e9fb46f882937175cfaf08655747013173623ee2b112012f8,products_found
1,,11519134,a140d838b0f60c1e9fb46f882937175cfaf08655747013173623ee2b112012f8,products_found
1,,11519226,a140d838b0f60c1e9fb46f882937175cfaf08655747013173623ee2b112012f8,products_found
1,,11521048,a140d838b0f60c1e9fb46f882937175cfaf08655747013173623ee2b112012f8,products_found
1,,11521793,a140d838b0f60c1e9fb46f882937175cfaf08655747013173623ee2b112012f8,products_found
1,,11546211,a140d838b0f60c1e9fb46f882937175cfaf08655747013173623ee2b112012f8,products_found
1,,11547505,a140d838b0f60c1e9fb46f882937175cfaf08655747013173623ee2b112012f8,products_found
1,,11547513,a140d838b0f60c1e9fb46f882937175cfaf08655747013173623ee2b112012f8,products_found
1,,11547869,a140d838b0f60c1e9fb46f882937175cfaf08655747013173623ee2b112012f8,products_found
1,,11548140,a140d838b0f60c1e9fb46f882937175cfaf08655747013173623ee2b112012f8,products_found
1,,11551692,a140d838b0f60c1e9fb46f882937175cfaf08655747013173623ee2b112012f8,products_found
1,,11553706,a140d838b0f60c1e9fb46f882937175cfaf08655747013173623ee2b112012f8,products_found
1,,11554435,a140d838b0f60c1e9fb46f882937175cfaf08655747013173623ee2b112012f8,products_found
1,,11558217,a140d838b0f60c1e9fb46f882937175cfaf08655747013173623ee2b112012f8,products_found
1,,11558882,a140d838b0f60c1e9fb46f882937175cfaf08655747013173623ee2b112012f8,products_found
1,,11560037,a140d838b0f60c1e9fb46f882937175cfaf08655747013173623ee2b112012f8,products_found
1,,11560382,a140d838b0f60c1e9fb46f882937175cfaf08655747013173623ee2b112012f8,products_found
1,,11560397,a140d838b0f60c1e9fb46f882937175cfaf08655747013173623ee2b112012f8,products_found
1,,11560431,a140d838b0f60c1e9fb46f882937175cfaf08655747013173623ee2b112012f8,products_found
1,,11560447,a140d838b0f60c1e9fb46f882937175cfaf08655747013173623ee2b112012f8,products_found
1,,11560897,a140d838b0f60c1e9fb46f882937175cfaf08655747013173623ee2b112012f8,products_found
1,,11564013,a140d838b0f60c1e9fb46f882937175cfaf08655747013173623ee2b112012f8,products_found
1,,11565903,a140d838b0f60c1e9fb46f882937175cfaf08655747013173623ee2b112012f8,products_found
1,,11565924,a140d838b0f60c1e9fb46f882937175cfaf08655747013173623ee2b112012f8,products_found
1,,11566064,a140d838b0f60c1e9fb46f882937175cfaf08655747013173623ee2b112012f8,products_found
1,,11566256,a140d838b0f60c1e9fb46f882937175cfaf08655747013173623ee2b112012f8,products_found
1,,11568224,a140d838b0f60c1e9fb46f882937175cfaf08655747013173623ee2b112012f8,products_found
1,,11568987,a140d838b0f60c1e9fb46f882937175cfaf08655747013173623ee2b112012f8,products_found
1,,11569475,a140d838b0f60c1e9fb46f882937175cfaf08655747013173623ee2b112012f8,products_found
1,,11569782,a140d838b0f60c1e9fb46f882937175cfaf08655747013173623ee2b112012f8,products_found
1,,11572193,a140d838b0f60c1e9fb46f882937175cfaf08655747013173623ee2b112012f8,products_found
1,,11599038,a140d838b0f60c1e9fb46f882937175cfaf08655747013173623ee2b112012f8,products_found
1,,11599264,a140d838b0f60c1e9fb46f882937175cfaf08655747013173623ee2b112012f8,products_found
1,,11599937,a140d838b0f60c1e9fb46f882937175cfaf08655747013173623ee2b112012f8,products_found
1,,11600889,a140d838b0f60c1e9fb46f882937175cfaf08655747013173623ee2b112012f8,products_found
1,,11601357,a140d838b0f60c1e9fb46f882937175cfaf08655747013173623ee2b112012f8,products_found
1,,11601584,a140d838b0f60c1e9fb46f882937175cfaf08655747013173623ee2b112012f8,products_found
1,,11601597,a140d838b0f60c1e9fb46f882937175cfaf08655747013173623ee2b112012f8,products_found
1,,11601972,a140d838b0f60c1e9fb46f882937175cfaf08655747013173623ee2b112012f8,products_found
1,,11607176,a140d838b0f60c1e9fb46f882937175cfaf08655747013173623ee2b112012f8,products_found
1,,11607193,a140d838b0f60c1e9fb46f882937175cfaf08655747013173623ee2b112012f8,products_found
1,,11611275,a140d838b0f60c1e9fb46f882937175cfaf08655747013173623ee2b112012f8,products_found
1,,11611600,a140d838b0f60c1e9fb46f882937175cfaf08655747013173623ee2b112012f8,products_found
1,,11612241,a140d838b0f60c1e9fb46f882937175cfaf08655747013173623ee2b112012f8,products_found
1,,11612280,a140d838b0f60c1e9fb46f882937175cfaf08655747013173623ee2b112012f8,products_found
1,,11614528,a140d838b0f60c1e9fb46f882937175cfaf08655747013173623ee2b112012f8,products_found
1,,11614617,a140d838b0f60c1e9fb46f882937175cfaf08655747013173623ee2b112012f8,products_found
1,,11615258,a140d838b0f60c1e9fb46f882937175cfaf08655747013173623ee2b112012f8,products_found
1,,11615481,a140d838b0f60c1e9fb46f882937175cfaf08655747013173623ee2b112012f8,products_found
1,,11616200,a140d838b0f60c1e9fb46f882937175cfaf08655747013173623ee2b112012f8,products_found
1,,11616596,a140d838b0f60c1e9fb46f882937175cfaf08655747013173623ee2b112012f8,products_found
1,,11616631,a140d838b0f60c1e9fb46f882937175cfaf08655747013173623ee2b112012f8,products_found
1,,11616663,a140d838b0f60c1e9fb46f882937175cfaf08655747013173623ee2b112012f8,products_found
1,,11618601,a140d838b0f60c1e9fb46f882937175cfaf08655747013173623ee2b112012f8,products_found
1,,11619964,a140d838b0f60c1e9fb46f882937175cfaf08655747013173623ee2b112012f8,products_found
1,,11621223,a140d838b0f60c1e9fb46f882937175cfaf08655747013173623ee2b112012f8,products_found
1,,11621897,a140d838b0f60c1e9fb46f882937175cfaf08655747013173623ee2b112012f8,products_found
1,,11622600,a140d838b0f60c1e9fb46f882937175cfaf08655747013173623ee2b112012f8,products_found
1,,11623629,a140d838b0f60c1e9fb46f882937175cfaf08655747013173623ee2b112012f8,products_found
1,,11624249,a140d838b0f60c1e9fb46f882937175cfaf08655747013173623ee2b112012f8,products_found
1,,11649292,a140d838b0f60c1e9fb46f882937175cfaf08655747013173623ee2b112012f8,products_found
1,,11650401,a140d838b0f60c1e9fb46f882937175cfaf08655747013173623ee2b112012f8,products_found
1,,11651105,a140d838b0f60c1e9fb46f882937175cfaf08655747013173623ee2b112012f8,products_found
1,,11651712,a140d838b0f60c1e9fb46f882937175cfaf08655747013173623ee2b112012f8,products_found
1,,11656246,a140d838b0f60c1e9fb46f882937175cfaf08655747013173623ee2b112012f8,products_found
1,,11656302,a140d838b0f60c1e9fb46f882937175cfaf08655747013173623ee2b112012f8,products_found
1,,11656721,a140d838b0f60c1e9fb46f882937175cfaf08655747013173623ee2b112012f8,products_found
1,,11656840,a140d838b0f60c1e9fb46f882937175cfaf08655747013173623ee2b112012f8,products_found
1,,11656918,a140d838b0f60c1e9fb46f882937175cfaf08655747013173623ee2b112012f8,products_found
1,,11657614,a140d838b0f60c1e9fb46f882937175cfaf08655747013173623ee2b112012f8,products_found
1,,11657891,a140d838b0f60c1e9fb46f882937175cfaf08655747013173623ee2b112012f8,products_found
1,,11661803,a140d838b0f60c1e9fb46f882937175cfaf08655747013173623ee2b112012f8,products_found
1,,11662184,a140d838b0f60c1e9fb46f882937175cfaf08655747013173623ee2b112012f8,products_found
1,,11662440,a140d838b0f60c1e9fb46f882937175cfaf08655747013173623ee2b112012f8,products_found
1,,11666881,a140d838b0f60c1e9fb46f882937175cfaf08655747013173623ee2b112012f8,products_found
1,,11667548,a140d838b0f60c1e9fb46f882937175cfaf08655747013173623ee2b112012f8,products_found
1,,11669125,a140d838b0f60c1e9fb46f882937175cfaf08655747013173623ee2b112012f8,products_found
1,,11669239,a140d838b0f60c1e9fb46f882937175cfaf08655747013173623ee2b112012f8,products_found
1,,11670125,a140d838b0f60c1e9fb46f882937175cfaf08655747013173623ee2b112012f8,products_found
1,,11670599,a140d838b0f60c1e9fb46f882937175cfaf08655747013173623ee2b112012f8,products_found
1,,11671429,a140d838b0f60c1e9fb46f882937175cfaf08655747013173623ee2b112012f8,products_found
1,,11671579,a140d838b0f60c1e9fb46f882937175cfaf08655747013173623ee2b112012f8,products_found
1,,11673674,a140d838b0f60c1e9fb46f882937175cfaf08655747013173623ee2b112012f8,products_found
1,,11673686,a140d838b0f60c1e9fb46f882937175cfaf08655747013173623ee2b112012f8,products_found
1,,11673802,a140d838b0f60c1e9fb46f882937175cfaf08655747013173623ee2b112012f8,products_found
1,,11701407,a140d838b0f60c1e9fb46f882937175cfaf08655747013173623ee2b112012f8,products_found
1,,11702948,a140d838b0f60c1e9fb46f882937175cfaf08655747013173623ee2b112012f8,products_found
1,,11704044,a140d838b0f60c1e9fb46f882937175cfaf08655747013173623ee2b112012f8,products_found
1,,11705004,a140d838b0f60c1e9fb46f882937175cfaf08655747013173623ee2b112012f8,products_found
1,,11706658,a140d838b0f60c1e9fb46f882937175cfaf08655747013173623ee2b112012f8,products_found
1,,11709022,a140d838b0f60c1e9fb46f882937175cfaf08655747013173623ee2b112012f8,products_found
1,,11709124,a140d838b0f60c1e9fb46f882937175cfaf08655747013173623ee2b112012f8,products_found
1,,11709244,a140d838b0f60c1e9fb46f882937175cfaf08655747013173623ee2b112012f8,products_found
1,,11709423,a140d838b0f60c1e9fb46f882937175cfaf08655747013173623ee2b112012f8,products_found
1,,11714231,a140d838b0f60c1e9fb46f882937175cfaf08655747013173623ee2b112012f8,products_found
1,,11718144,a140d838b0f60c1e9fb46f882937175cfaf08655747013173623ee2b112012f8,products_found
1,,11718389,a140d838b0f60c1e9fb46f882937175cfaf08655747013173623ee2b112012f8,products_found
1,,11720424,a140d838b0f60c1e9fb46f882937175cfaf08655747013173623ee2b112012f8,products_found
1,,11724091,a140d838b0f60c1e9fb46f882937175cfaf08655747013173623ee2b112012f8,products_found
1,,11724094,a140d838b0f60c1e9fb46f882937175cfaf08655747013173623ee2b112012f8,products_found
1,,11724210,a140d838b0f60c1e9fb46f882937175cfaf08655747013173623ee2b112012f8,products_found
1,,11752632,a140d838b0f60c1e9fb46f882937175cfaf08655747013173623ee2b112012f8,products_found
1,,11752906,a140d838b0f60c1e9fb46f882937175cfaf08655747013173623ee2b112012f8,products_found
1,,11752908,a140d838b0f60c1e9fb46f882937175cfaf08655747013173623ee2b112012f8,products_found
1,,11754430,a140d838b0f60c1e9fb46f882937175cfaf08655747013173623ee2b112012f8,products_found
1,,11754553,a140d838b0f60c1e9fb46f882937175cfaf08655747013173623ee2b112012f8,products_found
1,,11756821,a140d838b0f60c1e9fb46f882937175cfaf08655747013173623ee2b112012f8,products_found
1,,11757422,a140d838b0f60c1e9fb46f882937175cfaf08655747013173623ee2b112012f8,products_found
1,,11757451,a140d838b0f60c1e9fb46f882937175cfaf08655747013173623ee2b112012f8,products_found
1,,11758544,a140d838b0f60c1e9fb46f882937175cfaf08655747013173623ee2b112012f8,products_found
1,,11760231,a140d838b0f60c1e9fb46f882937175cfaf08655747013173623ee2b112012f8,products_found
1,,11760860,a140d838b0f60c1e9fb46f882937175cfaf08655747013173623ee2b112012f8,products_found
1,,11760931,a140d838b0f60c1e9fb46f882937175cfaf08655747013173623ee2b112012f8,products_found
1,,11760959,a140d838b0f60c1e9fb46f882937175cfaf08655747013173623ee2b112012f8,products_found
1,,11761199,a140d838b0f60c1e9fb46f882937175cfaf08655747013173623ee2b112012f8,products_found
1,,11763910,a140d838b0f60c1e9fb46f882937175cfaf08655747013173623ee2b112012f8,products_found
1,,11764462,a140d838b0f60c1e9fb46f882937175cfaf08655747013173623ee2b112012f8,products_found
1,,11768142,a140d838b0f60c1e9fb46f882937175cfaf08655747013173623ee2b112012f8,products_found
1,,11768970,a140d838b0f60c1e9fb46f882937175cfaf08655747013173623ee2b112012f8,products_found
1,,11769146,a140d838b0f60c1e9fb46f882937175cfaf08655747013173623ee2b112012f8,products_found
1,,11769801,a140d838b0f60c1e9fb46f882937175cfaf08655747013173623ee2b112012f8,products_found
1,,11769890,a140d838b0f60c1e9fb46f882937175cfaf08655747013173623ee2b112012f8,products_found
1,,11771430,a140d838b0f60c1e9fb46f882937175cfaf08655747013173623ee2b112012f8,products_found
1,,11773022,a140d838b0f60c1e9fb46f882937175cfaf08655747013173623ee2b112012f8,products_found
1,,11774303,a140d838b0f60c1e9fb46f882937175cfaf08655747013173623ee2b112012f8,products_found
1,,11774383,a140d838b0f60c1e9fb46f882937175cfaf08655747013173623ee2b112012f8,products_found
1,,11774387,a140d838b0f60c1e9fb46f882937175cfaf08655747013173623ee2b112012f8,products_found
1,,11774991,a140d838b0f60c1e9fb46f882937175cfaf08655747013173623ee2b112012f8,products_found
1,,11775507,a140d838b0f60c1e9fb46f882937175cfaf08655747013173623ee2b112012f8,products_found
1,,11802615,a140d838b0f60c1e9fb46f882937175cfaf08655747013173623ee2b112012f8,products_found
1,,11804465,a140d838b0f60c1e9fb46f882937175cfaf08655747013173623ee2b112012f8,products_found
1,,11804952,a140d838b0f60c1e9fb46f882937175cfaf08655747013173623ee2b112012f8,products_found
1,,11807274,a140d838b0f60c1e9fb46f882937175cfaf08655747013173623ee2b112012f8,products_found
1,,11810124,a140d838b0f60c1e9fb46f882937175cfaf08655747013173623ee2b112012f8,products_found
1,,11811193,a140d838b0f60c1e9fb46f882937175cfaf08655747013173623ee2b112012f8,products_found
1,,11811454,a140d838b0f60c1e9fb46f882937175cfaf08655747013173623ee2b112012f8,products_found
1,,11812062,a140d838b0f60c1e9fb46f882937175cfaf08655747013173623ee2b112012f8,products_found
1,,11812199,a140d838b0f60c1e9fb46f882937175cfaf08655747013173623ee2b112012f8,products_found
1,,11817750,a140d838b0f60c1e9fb46f882937175cfaf08655747013173623ee2b112012f8,products_found
1,,11818607,a140d838b0f60c1e9fb46f882937175cfaf08655747013173623ee2b112012f8,products_found
1,,11818872,a140d838b0f60c1e9fb46f882937175cfaf08655747013173623ee2b112012f8,products_found
1,,11819135,a140d838b0f60c1e9fb46f882937175cfaf08655747013173623ee2b112012f8,products_found
1,,11821363,a140d838b0f60c1e9fb46f882937175cfaf08655747013173623ee2b112012f8,products_found
1,,11823054,a140d838b0f60c1e9fb46f882937175cfaf08655747013173623ee2b112012f8,products_found
1,,11824218,a140d838b0f60c1e9fb46f882937175cfaf08655747013173623ee2b112012f8,products_found
1,,11824222,a140d838b0f60c1e9fb46f882937175cfaf08655747013173623ee2b112012f8,products_found
1,,11824786,a140d838b0f60c1e9fb46f882937175cfaf08655747013173623ee2b112012f8,products_found
1,,11825057,a140d838b0f60c1e9fb46f882937175cfaf08655747013173623ee2b112012f8,products_found
1,,11826400,a140d838b0f60c1e9fb46f882937175cfaf08655747013173623ee2b112012f8,products_found
1,,11852982,a140d838b0f60c1e9fb46f882937175cfaf08655747013173623ee2b112012f8,products_found
1,,11853255,a140d838b0f60c1e9fb46f882937175cfaf08655747013173623ee2b112012f8,products_found
1,,11853878,a140d838b0f60c1e9fb46f882937175cfaf08655747013173623ee2b112012f8,products_found
1,,11853905,a140d838b0f60c1e9fb46f882937175cfaf08655747013173623ee2b112012f8,products_found
1,,11854061,a140d838b0f60c1e9fb46f882937175cfaf08655747013173623ee2b112012f8,products_found
1,,11854636,a140d838b0f60c1e9fb46f882937175cfaf08655747013173623ee2b112012f8,products_found
1,,11855538,a140d838b0f60c1e9fb46f882937175cfaf08655747013173623ee2b112012f8,products_found
1,,11858541,a140d838b0f60c1e9fb46f882937175cfaf08655747013173623ee2b112012f8,products_found
1,,11858741,a140d838b0f60c1e9fb46f882937175cfaf08655747013173623ee2b112012f8,products_found
1,,11858748,a140d838b0f60c1e9fb46f882937175cfaf08655747013173623ee2b112012f8,products_found
1,,11858979,a140d838b0f60c1e9fb46f882937175cfaf08655747013173623ee2b112012f8,products_found
1,,11860395,a140d838b0f60c1e9fb46f882937175cfaf08655747013173623ee2b112012f8,products_found
1,,11867071,a140d838b0f60c1e9fb46f882937175cfaf08655747013173623ee2b112012f8,products_found
1,,11867733,a140d838b0f60c1e9fb46f882937175cfaf08655747013173623ee2b112012f8,products_found
1,,11868122,a140d838b0f60c1e9fb46f882937175cfaf08655747013173623ee2b112012f8,products_found
1,,11872139,a140d838b0f60c1e9fb46f882937175cfaf08655747013173623ee2b112012f8,products_found
1,,11873166,a140d838b0f60c1e9fb46f882937175cfaf08655747013173623ee2b112012f8,products_found
1,,11873171,a140d838b0f60c1e9fb46f882937175cfaf08655747013173623ee2b112012f8,products_found
1,,11874338,a140d838b0f60c1e9fb46f882937175cfaf08655747013173623ee2b112012f8,products_found
1,,11874577,a140d838b0f60c1e9fb46f882937175cfaf08655747013173623ee2b112012f8,products_found
1,,11875511,a140d838b0f60c1e9fb46f882937175cfaf08655747013173623ee2b112012f8,products_found
1,,11875734,a140d838b0f60c1e9fb46f882937175cfaf08655747013173623ee2b112012f8,products_found
1,,11904151,a140d838b0f60c1e9fb46f882937175cfaf08655747013173623ee2b112012f8,products_found
1,,11905011,a140d838b0f60c1e9fb46f882937175cfaf08655747013173623ee2b112012f8,products_found
1,,11905398,a140d838b0f60c1e9fb46f882937175cfaf08655747013173623ee2b112012f8,products_found
1,,11906217,a140d838b0f60c1e9fb46f882937175cfaf08655747013173623ee2b112012f8,products_found
1,,11909686,a140d838b0f60c1e9fb46f882937175cfaf08655747013173623ee2b112012f8,products_found
1,,11909839,a140d838b0f60c1e9fb46f882937175cfaf08655747013173623ee2b112012f8,products_found
1,,11911580,a140d838b0f60c1e9fb46f882937175cfaf08655747013173623ee2b112012f8,products_found
1,,11912911,a140d838b0f60c1e9fb46f882937175cfaf08655747013173623ee2b112012f8,products_found
1,,11912916,a140d838b0f60c1e9fb46f882937175cfaf08655747013173623ee2b112012f8,products_found
1,,11912932,a140d838b0f60c1e9fb46f882937175cfaf08655747013173623ee2b112012f8,products_found
1,,11912941,a140d838b0f60c1e9fb46f882937175cfaf08655747013173623ee2b112012f8,products_found
1,,11912987,a140d838b0f60c1e9fb46f882937175cfaf08655747013173623ee2b112012f8,products_found
1,,11913012,a140d838b0f60c1e9fb46f882937175cfaf08655747013173623ee2b112012f8,products_found
1,,11913013,a140d838b0f60c1e9fb46f882937175cfaf08655747013173623ee2b112012f8,products_found
1,,11913052,a140d838b0f60c1e9fb46f882937175cfaf08655747013173623ee2b112012f8,products_found
1,,11913071,a140d838b0f60c1e9fb46f882937175cfaf08655747013173623ee2b112012f8,products_found
1,,11913072,a140d838b0f60c1e9fb46f882937175cfaf08655747013173623ee2b112012f8,products_found
1,,11913073,a140d838b0f60c1e9fb46f882937175cfaf08655747013173623ee2b112012f8,products_found
1,,11918099,a140d838b0f60c1e9fb46f882937175cfaf08655747013173623ee2b112012f8,products_found
1,,11918793,a140d838b0f60c1e9fb46f882937175cfaf08655747013173623ee2b112012f8,products_found
1,,11922290,a140d838b0f60c1e9fb46f882937175cfaf08655747013173623ee2b112012f8,products_found
1,,11922648,a140d838b0f60c1e9fb46f882937175cfaf08655747013173623ee2b112012f8,products_found
1,,11922678,a140d838b0f60c1e9fb46f882937175cfaf08655747013173623ee2b112012f8,products_found
1,,11922722,a140d838b0f60c1e9fb46f882937175cfaf08655747013173623ee2b112012f8,products_found
1,,11922782,a140d838b0f60c1e9fb46f882937175cfaf08655747013173623ee2b112012f8,products_found
1,,11923074,a140d838b0f60c1e9fb46f882937175cfaf08655747013173623ee2b112012f8,products_found
1,,11923270,a140d838b0f60c1e9fb46f882937175cfaf08655747013173623ee2b112012f8,products_found
1,,11923284,a140d838b0f60c1e9fb46f882937175cfaf08655747013173623ee2b112012f8,products_found
1,,11923819,a140d838b0f60c1e9fb46f882937175cfaf08655747013173623ee2b112012f8,products_found
1,,11924426,a140d838b0f60c1e9fb46f882937175cfaf08655747013173623ee2b112012f8,products_found
1,,11954842,a140d838b0f60c1e9fb46f882937175cfaf08655747013173623ee2b112012f8,products_found
1,,11955499,a140d838b0f60c1e9fb46f882937175cfaf08655747013173623ee2b112012f8,products_found
1,,11959569,a140d838b0f60c1e9fb46f882937175cfaf08655747013173623ee2b112012f8,products_found
1,,11960862,a140d838b0f60c1e9fb46f882937175cfaf08655747013173623ee2b112012f8,products_found
1,,11962284,a140d838b0f60c1e9fb46f882937175cfaf08655747013173623ee2b112012f8,products_found
1,,11963206,a140d838b0f60c1e9fb46f882937175cfaf08655747013173623ee2b112012f8,products_found
1,,11966253,a140d838b0f60c1e9fb46f882937175cfaf08655747013173623ee2b112012f8,products_found
1,,11966557,a140d838b0f60c1e9fb46f882937175cfaf08655747013173623ee2b112012f8,products_found
1,,11966668,a140d838b0f60c1e9fb46f882937175cfaf08655747013173623ee2b112012f8,products_found
1,,11967004,a140d838b0f60c1e9fb46f882937175cfaf08655747013173623ee2b112012f8,products_found
1,,11967872,a140d838b0f60c1e9fb46f882937175cfaf08655747013173623ee2b112012f8,products_found
1,,11968463,a140d838b0f60c1e9fb46f882937175cfaf08655747013173623ee2b112012f8,products_found
1,,11968490,a140d838b0f60c1e9fb46f882937175cfaf08655747013173623ee2b112012f8,products_found
1,,11968513,a140d838b0f60c1e9fb46f882937175cfaf08655747013173623ee2b112012f8,products_found
1,,11968514,a140d838b0f60c1e9fb46f882937175cfaf08655747013173623ee2b112012f8,products_found
1,,11969092,a140d838b0f60c1e9fb46f882937175cfaf08655747013173623ee2b112012f8,products_found
1,,11970288,a140d838b0f60c1e9fb46f882937175cfaf08655747013173623ee2b112012f8,products_found
1,,11972666,a140d838b0f60c1e9fb46f882937175cfaf08655747013173623ee2b112012f8,products_found
1,,11972872,a140d838b0f60c1e9fb46f882937175cfaf08655747013173623ee2b112012f8,products_found
1,,11974540,a140d838b0f60c1e9fb46f882937175cfaf08655747013173623ee2b112012f8,products_found
1,,11975363,a140d838b0f60c1e9fb46f882937175cfaf08655747013173623ee2b112012f8,products_found
1,,12004656,a140d838b0f60c1e9fb46f882937175cfaf08655747013173623ee2b112012f8,products_found
1,,12004679,a140d838b0f60c1e9fb46f882937175cfaf08655747013173623ee2b112012f8,products_found
1,,12004680,a140d838b0f60c1e9fb46f882937175cfaf08655747013173623ee2b112012f8,products_found
1,,12008872,a140d838b0f60c1e9fb46f882937175cfaf08655747013173623ee2b112012f8,products_found
1,,12008916,a140d838b0f60c1e9fb46f882937175cfaf08655747013173623ee2b112012f8,products_found
1,,12009347,a140d838b0f60c1e9fb46f882937175cfaf08655747013173623ee2b112012f8,products_found
1,,12010534,a140d838b0f60c1e9fb46f882937175cfaf08655747013173623ee2b112012f8,products_found
1,,12012872,a140d838b0f60c1e9fb46f882937175cfaf08655747013173623ee2b112012f8,products_found
1,,12013615,a140d838b0f60c1e9fb46f882937175cfaf08655747013173623ee2b112012f8,products_found
1,,12017109,a140d838b0f60c1e9fb46f882937175cfaf08655747013173623ee2b112012f8,products_found
1,,12017140,a140d838b0f60c1e9fb46f882937175cfaf08655747013173623ee2b112012f8,products_found
1,,12019440,a140d838b0f60c1e9fb46f882937175cfaf08655747013173623ee2b112012f8,products_found
1,,12020218,a140d838b0f60c1e9fb46f882937175cfaf08655747013173623ee2b112012f8,products_found
1,,12020329,a140d838b0f60c1e9fb46f882937175cfaf08655747013173623ee2b112012f8,products_found
1,,12021625,a140d838b0f60c1e9fb46f882937175cfaf08655747013173623ee2b112012f8,products_found
1,,12021811,a140d838b0f60c1e9fb46f882937175cfaf08655747013173623ee2b112012f8,products_found
1,,12021943,a140d838b0f60c1e9fb46f882937175cfaf08655747013173623ee2b112012f8,products_found
1,,12022517,a140d838b0f60c1e9fb46f882937175cfaf08655747013173623ee2b112012f8,products_found
1,,12022718,a140d838b0f60c1e9fb46f882937175cfaf08655747013173623ee2b112012f8,products_found
1,,12023078,a140d838b0f60c1e9fb46f882937175cfaf08655747013173623ee2b112012f8,products_found
1,,12024120,a140d838b0f60c1e9fb46f882937175cfaf08655747013173623ee2b112012f8,products_found
1,,12055539,a140d838b0f60c1e9fb46f882937175cfaf08655747013173623ee2b112012f8,products_found
1,,12056139,a140d838b0f60c1e9fb46f882937175cfaf08655747013173623ee2b112012f8,products_found
1,,12058147,a140d838b0f60c1e9fb46f882937175cfaf08655747013173623ee2b112012f8,products_found
1,,12058204,a140d838b0f60c1e9fb46f882937175cfaf08655747013173623ee2b112012f8,products_found
1,,12058931,a140d838b0f60c1e9fb46f882937175cfaf08655747013173623ee2b112012f8,products_found
1,,12061222,a140d838b0f60c1e9fb46f882937175cfaf08655747013173623ee2b112012f8,products_found
1,,12061238,a140d838b0f60c1e9fb46f882937175cfaf08655747013173623ee2b112012f8,products_found
1,,12061969,a140d838b0f60c1e9fb46f882937175cfaf08655747013173623ee2b112012f8,products_found
1,,12062660,a140d838b0f60c1e9fb46f882937175cfaf08655747013173623ee2b112012f8,products_found
1,,12062667,a140d838b0f60c1e9fb46f882937175cfaf08655747013173623ee2b112012f8,products_found
1,,12066335,a140d838b0f60c1e9fb46f882937175cfaf08655747013173623ee2b112012f8,products_found
1,,12066569,a140d838b0f60c1e9fb46f882937175cfaf08655747013173623ee2b112012f8,products_found
1,,12068975,a140d838b0f60c1e9fb46f882937175cfaf08655747013173623ee2b112012f8,products_found
1,,12069319,a140d838b0f60c1e9fb46f882937175cfaf08655747013173623ee2b112012f8,products_found
1,,12069414,a140d838b0f60c1e9fb46f882937175cfaf08655747013173623ee2b112012f8,products_found
1,,12070811,a140d838b0f60c1e9fb46f882937175cfaf08655747013173623ee2b112012f8,products_found
1,,12071006,a140d838b0f60c1e9fb46f882937175cfaf08655747013173623ee2b112012f8,products_found
1,,12071037,a140d838b0f60c1e9fb46f882937175cfaf08655747013173623ee2b112012f8,products_found
1,,12105785,a140d838b0f60c1e9fb46f882937175cfaf08655747013173623ee2b112012f8,products_found
1,,12106929,a140d838b0f60c1e9fb46f882937175cfaf08655747013173623ee2b112012f8,products_found
1,,12106934,a140d838b0f60c1e9fb46f882937175cfaf08655747013173623ee2b112012f8,products_found
1,,12107008,a140d838b0f60c1e9fb46f882937175cfaf08655747013173623ee2b112012f8,products_found
1,,12107021,a140d838b0f60c1e9fb46f882937175cfaf08655747013173623ee2b112012f8,products_found
1,,12108293,a140d838b0f60c1e9fb46f882937175cfaf08655747013173623ee2b112012f8,products_found
1,,12108312,a140d838b0f60c1e9fb46f882937175cfaf08655747013173623ee2b112012f8,products_found
1,,12108364,a140d838b0f60c1e9fb46f882937175cfaf08655747013173623ee2b112012f8,products_found
1,,12109845,a140d838b0f60c1e9fb46f882937175cfaf08655747013173623ee2b112012f8,products_found
1,,12110786,a140d838b0f60c1e9fb46f882937175cfaf08655747013173623ee2b112012f8,products_found
1,,12110942,a140d838b0f60c1e9fb46f882937175cfaf08655747013173623ee2b112012f8,products_found
1,,12115188,a140d838b0f60c1e9fb46f882937175cfaf08655747013173623ee2b112012f8,products_found
1,,12116380,a140d838b0f60c1e9fb46f882937175cfaf08655747013173623ee2b112012f8,products_found
1,,12116489,a140d838b0f60c1e9fb46f882937175cfaf08655747013173623ee2b112012f8,products_found
1,,12117215,a140d838b0f60c1e9fb46f882937175cfaf08655747013173623ee2b112012f8,products_found
1,,12120307,a140d838b0f60c1e9fb46f882937175cfaf08655747013173623ee2b112012f8,products_found
1,,12120484,a140d838b0f60c1e9fb46f882937175cfaf08655747013173623ee2b112012f8,products_found
1,,12121118,a140d838b0f60c1e9fb46f882937175cfaf08655747013173623ee2b112012f8,products_found
1,,12121470,a140d838b0f60c1e9fb46f882937175cfaf08655747013173623ee2b112012f8,products_found
1,,12121570,a140d838b0f60c1e9fb46f882937175cfaf08655747013173623ee2b112012f8,products_found
1,,12154526,a140d838b0f60c1e9fb46f882937175cfaf08655747013173623ee2b112012f8,products_found
1,,12156174,a140d838b0f60c1e9fb46f882937175cfaf08655747013173623ee2b112012f8,products_found
1,,12156347,a140d838b0f60c1e9fb46f882937175cfaf08655747013173623ee2b112012f8,products_found
1,,12157983,a140d838b0f60c1e9fb46f882937175cfaf08655747013173623ee2b112012f8,products_found
1,,12159249,a140d838b0f60c1e9fb46f882937175cfaf08655747013173623ee2b112012f8,products_found
1,,12164564,a140d838b0f60c1e9fb46f882937175cfaf08655747013173623ee2b112012f8,products_found
1,,12164634,a140d838b0f60c1e9fb46f882937175cfaf08655747013173623ee2b112012f8,products_found
1,,12164751,a140d838b0f60c1e9fb46f882937175cfaf08655747013173623ee2b112012f8,products_found
1,,12164770,a140d838b0f60c1e9fb46f882937175cfaf08655747013173623ee2b112012f8,products_found
1,,12167361,a140d838b0f60c1e9fb46f882937175cfaf08655747013173623ee2b112012f8,products_found
1,,12168280,a140d838b0f60c1e9fb46f882937175cfaf08655747013173623ee2b112012f8,products_found
1,,12170648,a140d838b0f60c1e9fb46f882937175cfaf08655747013173623ee2b112012f8,products_found
1,,12206313,a140d838b0f60c1e9fb46f882937175cfaf08655747013173623ee2b112012f8,products_found
1,,12207117,a140d838b0f60c1e9fb46f882937175cfaf08655747013173623ee2b112012f8,products_found
1,,12208887,a140d838b0f60c1e9fb46f882937175cfaf08655747013173623ee2b112012f8,products_found
1,,12216278,a140d838b0f60c1e9fb46f882937175cfaf08655747013173623ee2b112012f8,products_found
1,,12216706,a140d838b0f60c1e9fb46f882937175cfaf08655747013173623ee2b112012f8,products_found
1,,12217907,a140d838b0f60c1e9fb46f882937175cfaf08655747013173623ee2b112012f8,products_found
1,,12251650,a140d838b0f60c1e9fb46f882937175cfaf08655747013173623ee2b112012f8,products_found
1,,12251779,a140d838b0f60c1e9fb46f882937175cfaf08655747013173623ee2b112012f8,products_found
1,,12252424,a140d838b0f60c1e9fb46f882937175cfaf08655747013173623ee2b112012f8,products_found
1,,12252732,a140d838b0f60c1e9fb46f882937175cfaf08655747013173623ee2b112012f8,products_found
1,,12253490,a140d838b0f60c1e9fb46f882937175cfaf08655747013173623ee2b112012f8,products_found
1,,12254378,a140d838b0f60c1e9fb46f882937175cfaf08655747013173623ee2b112012f8,products_found
1,,12254688,a140d838b0f60c1e9fb46f882937175cfaf08655747013173623ee2b112012f8,products_found
1,,12254792,a140d838b0f60c1e9fb46f882937175cfaf08655747013173623ee2b112012f8,products_found
1,,12254909,a140d838b0f60c1e9fb46f882937175cfaf08655747013173623ee2b112012f8,products_found
1,,12255382,a140d838b0f60c1e9fb46f882937175cfaf08655747013173623ee2b112012f8,products_found
1,,12256520,a140d838b0f60c1e9fb46f882937175cfaf08655747013173623ee2b112012f8,products_found
1,,12257851,a140d838b0f60c1e9fb46f882937175cfaf08655747013173623ee2b112012f8,products_found
1,,12257886,a140d838b0f60c1e9fb46f882937175cfaf08655747013173623ee2b112012f8,products_found
1,,12265150,a140d838b0f60c1e9fb46f882937175cfaf08655747013173623ee2b112012f8,products_found
1,,12266636,a140d838b0f60c1e9fb46f882937175cfaf08655747013173623ee2b112012f8,products_found
1,,12268220,a140d838b0f60c1e9fb46f882937175cfaf08655747013173623ee2b112012f8,products_found
1,,12301181,a140d838b0f60c1e9fb46f882937175cfaf08655747013173623ee2b112012f8,products_found
1,,12302391,a140d838b0f60c1e9fb46f882937175cfaf08655747013173623ee2b112012f8,products_found
1,,12302530,a140d838b0f60c1e9fb46f882937175cfaf08655747013173623ee2b112012f8,products_found
1,,12306058,a140d838b0f60c1e9fb46f882937175cfaf08655747013173623ee2b112012f8,products_found
1,,12306699,a140d838b0f60c1e9fb46f882937175cfaf08655747013173623ee2b112012f8,products_found
1,,12306808,a140d838b0f60c1e9fb46f882937175cfaf08655747013173623ee2b112012f8,products_found
1,,12314973,a140d838b0f60c1e9fb46f882937175cfaf08655747013173623ee2b112012f8,products_found
1,,12316431,a140d838b0f60c1e9fb46f882937175cfaf08655747013173623ee2b112012f8,products_found
1,,12316447,a140d838b0f60c1e9fb46f882937175cfaf08655747013173623ee2b112012f8,products_found
1,,12351927,a140d838b0f60c1e9fb46f882937175cfaf08655747013173623ee2b112012f8,products_found
1,,12352520,a140d838b0f60c1e9fb46f882937175cfaf08655747013173623ee2b112012f8,products_found
1,,12353633,a140d838b0f60c1e9fb46f882937175cfaf08655747013173623ee2b112012f8,products_found
1,,12353720,a140d838b0f60c1e9fb46f882937175cfaf08655747013173623ee2b112012f8,products_found
1,,12356746,a140d838b0f60c1e9fb46f882937175cfaf08655747013173623ee2b112012f8,products_found
1,,12356914,a140d838b0f60c1e9fb46f882937175cfaf08655747013173623ee2b112012f8,products_found
1,,12365000,a140d838b0f60c1e9fb46f882937175cfaf08655747013173623ee2b112012f8,products_found
1,,12365015,a140d838b0f60c1e9fb46f882937175cfaf08655747013173623ee2b112012f8,products_found
1,,12365184,a140d838b0f60c1e9fb46f882937175cfaf08655747013173623ee2b112012f8,products_found
1,,12366084,a140d838b0f60c1e9fb46f882937175cfaf08655747013173623ee2b112012f8,products_found
1,,12367017,a140d838b0f60c1e9fb46f882937175cfaf08655747013173623ee2b112012f8,products_found
1,,12367310,a140d838b0f60c1e9fb46f882937175cfaf08655747013173623ee2b112012f8,products_found
1,,12400538,a140d838b0f60c1e9fb46f882937175cfaf08655747013173623ee2b112012f8,products_found
1,,12401863,a140d838b0f60c1e9fb46f882937175cfaf08655747013173623ee2b112012f8,products_found
1,,12403119,a140d838b0f60c1e9fb46f882937175cfaf08655747013173623ee2b112012f8,products_found
1,,12403968,a140d838b0f60c1e9fb46f882937175cfaf08655747013173623ee2b112012f8,products_found
1,,12404086,a140d838b0f60c1e9fb46f882937175cfaf08655747013173623ee2b112012f8,products_found
1,,12404305,a140d838b0f60c1e9fb46f882937175cfaf08655747013173623ee2b112012f8,products_found
1,,12404954,a140d838b0f60c1e9fb46f882937175cfaf08655747013173623ee2b112012f8,products_found
1,,12405333,a140d838b0f60c1e9fb46f882937175cfaf08655747013173623ee2b112012f8,products_found
1,,12405950,a140d838b0f60c1e9fb46f882937175cfaf08655747013173623ee2b112012f8,products_found
1,,12406749,a140d838b0f60c1e9fb46f882937175cfaf08655747013173623ee2b112012f8,products_found
1,,12406807,a140d838b0f60c1e9fb46f882937175cfaf08655747013173623ee2b112012f8,products_found
1,,12407623,a140d838b0f60c1e9fb46f882937175cfaf08655747013173623ee2b112012f8,products_found
1,,12416661,a140d838b0f60c1e9fb46f882937175cfaf08655747013173623ee2b112012f8,products_found
1,,12416987,a140d838b0f60c1e9fb46f882937175cfaf08655747013173623ee2b112012f8,products_found
1,,12418662,a140d838b0f60c1e9fb46f882937175cfaf08655747013173623ee2b112012f8,products_found
1,,12418724,a140d838b0f60c1e9fb46f882937175cfaf08655747013173623ee2b112012f8,products_found
1,,12418816,a140d838b0f60c1e9fb46f882937175cfaf08655747013173623ee2b112012f8,products_found
1,,12418891,a140d838b0f60c1e9fb46f882937175cfaf08655747013173623ee2b112012f8,products_found
1,,12419303,a140d838b0f60c1e9fb46f882937175cfaf08655747013173623ee2b112012f8,products_found
1,,12453581,a140d838b0f60c1e9fb46f882937175cfaf08655747013173623ee2b112012f8,products_found
1,,12453855,a140d838b0f60c1e9fb46f882937175cfaf08655747013173623ee2b112012f8,products_found
1,,12454461,a140d838b0f60c1e9fb46f882937175cfaf08655747013173623ee2b112012f8,products_found
1,,12456601,a140d838b0f60c1e9fb46f882937175cfaf08655747013173623ee2b112012f8,products_found
1,,12459731,a140d838b0f60c1e9fb46f882937175cfaf08655747013173623ee2b112012f8,products_found
1,,12459808,a140d838b0f60c1e9fb46f882937175cfaf08655747013173623ee2b112012f8,products_found
1,,12459913,a140d838b0f60c1e9fb46f882937175cfaf08655747013173623ee2b112012f8,products_found
1,,12469800,a140d838b0f60c1e9fb46f882937175cfaf08655747013173623ee2b112012f8,products_found
1,,12470041,a140d838b0f60c1e9fb46f882937175cfaf08655747013173623ee2b112012f8,products_found
1,,12470530,a140d838b0f60c1e9fb46f882937175cfaf08655747013173623ee2b112012f8,products_found
1,,12470844,a140d838b0f60c1e9fb46f882937175cfaf08655747013173623ee2b112012f8,products_found
1,,12470954,a140d838b0f60c1e9fb46f882937175cfaf08655747013173623ee2b112012f8,products_found
1,,12504988,a140d838b0f60c1e9fb46f882937175cfaf08655747013173623ee2b112012f8,products_found
1,,12505076,a140d838b0f60c1e9fb46f882937175cfaf08655747013173623ee2b112012f8,products_found
1,,12505503,a140d838b0f60c1e9fb46f882937175cfaf08655747013173623ee2b112012f8,products_found
1,,12505654,a140d838b0f60c1e9fb46f882937175cfaf08655747013173623ee2b112012f8,products_found
1,,12506342,a140d838b0f60c1e9fb46f882937175cfaf08655747013173623ee2b112012f8,products_found
1,,12506351,a140d838b0f60c1e9fb46f882937175cfaf08655747013173623ee2b112012f8,products_found
1,,12506770,a140d838b0f60c1e9fb46f882937175cfaf08655747013173623ee2b112012f8,products_found
1,,12508335,a140d838b0f60c1e9fb46f882937175cfaf08655747013173623ee2b112012f8,products_found
1,,12509829,a140d838b0f60c1e9fb46f882937175cfaf08655747013173623ee2b112012f8,products_found
1,,12554051,a140d838b0f60c1e9fb46f882937175cfaf08655747013173623ee2b112012f8,products_found
1,,12555140,a140d838b0f60c1e9fb46f882937175cfaf08655747013173623ee2b112012f8,products_found
1,,12557548,a140d838b0f60c1e9fb46f882937175cfaf08655747013173623ee2b112012f8,products_found
1,,12557713,a140d838b0f60c1e9fb46f882937175cfaf08655747013173623ee2b112012f8,products_found
1,,12600735,a140d838b0f60c1e9fb46f882937175cfaf08655747013173623ee2b112012f8,products_found
1,,12602568,a140d838b0f60c1e9fb46f882937175cfaf08655747013173623ee2b112012f8,products_found
1,,12643582,a140d838b0f60c1e9fb46f882937175cfaf08655747013173623ee2b112012f8,products_found
1,,12643589,a140d838b0f60c1e9fb46f882937175cfaf08655747013173623ee2b112012f8,products_found
1,,12644020,a140d838b0f60c1e9fb46f882937175cfaf08655747013173623ee2b112012f8,products_found
1,,12644769,a140d838b0f60c1e9fb46f882937175cfaf08655747013173623ee2b112012f8,products_found
1,,12644774,a140d838b0f60c1e9fb46f882937175cfaf08655747013173623ee2b112012f8,products_found
1,,12644822,a140d838b0f60c1e9fb46f882937175cfaf08655747013173623ee2b112012f8,products_found
1,,12645761,a140d838b0f60c1e9fb46f882937175cfaf08655747013173623ee2b112012f8,products_found
1,,12647110,a140d838b0f60c1e9fb46f882937175cfaf08655747013173623ee2b112012f8,products_found
1,,12691412,a140d838b0f60c1e9fb46f882937175cfaf08655747013173623ee2b112012f8,products_found
1,,12734396,a140d838b0f60c1e9fb46f882937175cfaf08655747013173623ee2b112012f8,products_found
1,,12735740,a140d838b0f60c1e9fb46f882937175cfaf08655747013173623ee2b112012f8,products_found
1,,12735830,a140d838b0f60c1e9fb46f882937175cfaf08655747013173623ee2b112012f8,products_found
1,,12736658,a140d838b0f60c1e9fb46f882937175cfaf08655747013173623ee2b112012f8,products_found
1,,12784167,a140d838b0f60c1e9fb46f882937175cfaf08655747013173623ee2b112012f8,products_found
1,,12785320,a140d838b0f60c1e9fb46f882937175cfaf08655747013173623ee2b112012f8,products_found
1,,12834874,a140d838b0f60c1e9fb46f882937175cfaf08655747013173623ee2b112012f8,products_found
1,,12885212,a140d838b0f60c1e9fb46f882937175cfaf08655747013173623ee2b112012f8,products_found
1,,12935144,a140d838b0f60c1e9fb46f882937175cfaf08655747013173623ee2b112012f8,products_found
