kepid,koi_count,host_order,batch_number,batch_id
757450,1,0,0,batch-00000
892772,1,1,0,batch-00000
1025986,1,2,0,batch-00000
1026032,1,3,0,batch-00000
1026957,1,4,0,batch-00000
1161345,1,5,0,batch-00000
1293031,1,6,0,batch-00000
1293046,1,7,0,batch-00000
1432214,1,8,0,batch-00000
1432789,1,9,0,batch-00000
1433962,1,10,1,batch-00001
1433980,1,11,1,batch-00001
1434395,1,12,1,batch-00001
1571511,1,13,1,batch-00001
1572948,1,14,1,batch-00001
1575690,1,15,1,batch-00001
1717722,1,16,1,batch-00001
1718189,3,17,1,batch-00001
1718958,1,18,1,batch-00001
1722276,1,19,1,batch-00001
1724513,1,20,2,batch-00002
1724719,1,21,2,batch-00002
1725016,1,22,2,batch-00002
1725193,1,23,2,batch-00002
1849702,1,24,2,batch-00002
1865042,1,25,2,batch-00002
1868404,1,26,2,batch-00002
1870398,1,27,2,batch-00002
1871056,2,28,2,batch-00002
1872821,1,29,2,batch-00002
1873513,1,30,3,batch-00003
1995519,1,31,3,batch-00003
1995712,1,32,3,batch-00003
1995732,1,33,3,batch-00003
1996180,1,34,3,batch-00003
1996679,1,35,3,batch-00003
2010152,1,36,3,batch-00003
2010191,1,37,3,batch-00003
2010607,1,38,3,batch-00003
2012722,1,39,3,batch-00003
2013883,1,40,4,batch-00004
2014991,1,41,4,batch-00004
2019076,1,42,4,batch-00004
2019477,1,43,4,batch-00004
2021440,1,44,4,batch-00004
2140389,1,45,4,batch-00004
2141783,1,46,4,batch-00004
2142522,1,47,4,batch-00004
2161536,1,48,4,batch-00004
2161623,1,49,4,batch-00004
2162994,1,50,5,batch-00005
2164169,1,51,5,batch-00005
2165002,2,52,5,batch-00005
2165352,1,53,5,batch-00005
2166200,1,54,5,batch-00005
2166206,1,55,5,batch-00005
2167444,1,56,5,batch-00005
2167890,1,57,5,batch-00005
2302548,2,58,5,batch-00005
2302758,1,59,5,batch-00005
2304320,1,60,6,batch-00006
2305255,1,61,6,batch-00006
2305372,1,62,6,batch-00006
2305543,1,63,6,batch-00006
2306740,1,64,6,batch-00006
2307206,1,65,6,batch-00006
2307415,2,66,6,batch-00006
2308411,1,67,6,batch-00006
2308957,1,68,6,batch-00006
2309585,1,69,6,batch-00006
2309587,1,70,7,batch-00007
2309719,1,71,7,batch-00007
2309910,1,72,7,batch-00007
2436378,1,73,7,batch-00007
2437060,1,74,7,batch-00007
2437112,2,75,7,batch-00007
2437149,1,76,7,batch-00007
2437209,1,77,7,batch-00007
2437452,1,78,7,batch-00007
2437488,1,79,7,batch-00007
2437505,1,80,8,batch-00008
2437783,1,81,8,batch-00008
2437804,1,82,8,batch-00008
2437897,1,83,8,batch-00008
2438061,1,84,8,batch-00008
2438062,1,85,8,batch-00008
2438070,1,86,8,batch-00008
2438264,2,87,8,batch-00008
2438406,1,88,8,batch-00008
2438490,1,89,8,batch-00008
2438502,1,90,9,batch-00009
2438513,2,91,9,batch-00009
2438517,1,92,9,batch-00009
2439243,1,93,9,batch-00009
2440757,1,94,9,batch-00009
2441151,1,95,9,batch-00009
2441161,1,96,9,batch-00009
2441495,1,97,9,batch-00009
2441728,1,98,9,batch-00009
2442084,1,99,9,batch-00009
2442359,1,100,10,batch-00010
2442448,1,101,10,batch-00010
2444412,1,102,10,batch-00010
2445129,1,103,10,batch-00010
2445134,1,104,10,batch-00010
2445154,1,105,10,batch-00010
2445975,1,106,10,batch-00010
2446113,1,107,10,batch-00010
2446134,1,108,10,batch-00010
2446623,1,109,10,batch-00010
2449053,1,110,11,batch-00011
2449074,1,111,11,batch-00011
2449090,1,112,11,batch-00011
2452440,1,113,11,batch-00011
2452450,1,114,11,batch-00011
2556650,1,115,11,batch-00011
2557430,1,116,11,batch-00011
2557816,1,117,11,batch-00011
2558363,1,118,11,batch-00011
2558370,1,119,11,batch-00011
2568971,1,120,12,batch-00012
2569488,1,121,12,batch-00012
2569494,1,122,12,batch-00012
2569516,1,123,12,batch-00012
2569995,1,124,12,batch-00012
2570432,1,125,12,batch-00012
2570505,1,126,12,batch-00012
2570767,1,127,12,batch-00012
2570773,1,128,12,batch-00012
2571238,1,129,12,batch-00012
2573056,1,130,13,batch-00013
2573108,1,131,13,batch-00013
2574201,1,132,13,batch-00013
2574338,1,133,13,batch-00013
2574543,1,134,13,batch-00013
2576107,1,135,13,batch-00013
2576197,1,136,13,batch-00013
2576692,1,137,13,batch-00013
2578017,1,138,13,batch-00013
2578811,1,139,13,batch-00013
2580872,1,140,14,batch-00014
2581191,1,141,14,batch-00014
2581316,2,142,14,batch-00014
2581554,1,143,14,batch-00014
2583777,1,144,14,batch-00014
2584163,1,145,14,batch-00014
2692377,1,146,14,batch-00014
2693092,1,147,14,batch-00014
2693736,1,148,14,batch-00014
2694632,1,149,14,batch-00014
2695110,1,150,15,batch-00015
2696703,1,151,15,batch-00015
2697935,1,152,15,batch-00015
2707097,1,153,15,batch-00015
2707916,1,154,15,batch-00015
2707985,1,155,15,batch-00015
2708156,1,156,15,batch-00015
2708172,1,157,15,batch-00015
2708203,1,158,15,batch-00015
2708221,1,159,15,batch-00015
2708270,1,160,16,batch-00016
2708278,1,161,16,batch-00016
2708286,1,162,16,batch-00016
2708343,1,163,16,batch-00016
2708420,1,164,16,batch-00016
2708445,1,165,16,batch-00016
2708614,1,166,16,batch-00016
2708885,1,167,16,batch-00016
2710623,1,168,16,batch-00016
2711114,1,169,16,batch-00016
2711123,1,170,17,batch-00017
2711131,1,171,17,batch-00017
2711597,1,172,17,batch-00017
2712825,1,173,17,batch-00017
2713049,1,174,17,batch-00017
2715135,1,175,17,batch-00017
2715695,1,176,17,batch-00017
2716801,1,177,17,batch-00017
2716853,2,178,17,batch-00017
2717158,1,179,17,batch-00017
2718778,1,180,18,batch-00018
2719873,1,181,18,batch-00018
2720354,1,182,18,batch-00018
2720514,1,183,18,batch-00018
2721030,1,184,18,batch-00018
2830919,1,185,18,batch-00018
2831055,1,186,18,batch-00018
2831251,1,187,18,batch-00018
2832589,1,188,18,batch-00018
2837111,2,189,18,batch-00018
2849805,1,190,19,batch-00019
2850321,1,191,19,batch-00019
2851100,1,192,19,batch-00019
2852528,1,193,19,batch-00019
2852560,1,194,19,batch-00019
2853093,1,195,19,batch-00019
2853828,1,196,19,batch-00019
2854181,1,197,19,batch-00019
2854698,2,198,19,batch-00019
2854839,1,199,19,batch-00019
2854914,2,200,20,batch-00020
2854948,1,201,20,batch-00020
2856960,1,202,20,batch-00020
2857607,1,203,20,batch-00020
2859299,1,204,20,batch-00020
2860114,1,205,20,batch-00020
2860594,1,206,20,batch-00020
2860788,1,207,20,batch-00020
2860793,1,208,20,batch-00020
2969638,1,209,20,batch-00020
2970804,1,210,21,batch-00021
2973509,1,211,21,batch-00021
2975770,2,212,21,batch-00021
2985767,1,213,21,batch-00021
2987027,1,214,21,batch-00021
2987433,1,215,21,batch-00021
2989404,2,216,21,batch-00021
2989706,1,217,21,batch-00021
2990873,1,218,21,batch-00021
2995392,1,219,21,batch-00021
2997178,1,220,22,batch-00022
2997455,1,221,22,batch-00022
2998124,1,222,22,batch-00022
3001885,1,223,22,batch-00022
3003019,1,224,22,batch-00022
3003991,1,225,22,batch-00022
3003992,2,226,22,batch-00022
3097346,1,227,22,batch-00022
3097352,1,228,22,batch-00022
3098184,1,229,22,batch-00022
3098194,1,230,23,batch-00023
3098197,1,231,23,batch-00023
3098810,1,232,23,batch-00023
3102000,1,233,23,batch-00023
3102024,1,234,23,batch-00023
3102309,1,235,23,batch-00023
3102384,1,236,23,batch-00023
3103227,1,237,23,batch-00023
3109930,1,238,23,batch-00023
3109937,1,239,23,batch-00023
3110937,1,240,24,batch-00024
3113266,1,241,24,batch-00024
3114167,1,242,24,batch-00024
3114661,1,243,24,batch-00024
3114667,1,244,24,batch-00024
3114811,1,245,24,batch-00024
3115480,1,246,24,batch-00024
3116412,1,247,24,batch-00024
3117046,1,248,24,batch-00024
3118797,1,249,24,batch-00024
3119256,1,250,25,batch-00025
3120276,1,251,25,batch-00025
3120308,1,252,25,batch-00025
3120320,1,253,25,batch-00025
3120355,1,254,25,batch-00025
3120397,1,255,25,batch-00025
3120431,1,256,25,batch-00025
3120904,1,257,25,batch-00025
3121340,1,258,25,batch-00025
3122913,1,259,25,batch-00025
3122985,1,260,26,batch-00026
3124412,1,261,26,batch-00026
3124420,1,262,26,batch-00026
3124598,1,263,26,batch-00026
3127817,1,264,26,batch-00026
3128552,3,265,26,batch-00026
3128793,1,266,26,batch-00026
3130300,1,267,26,batch-00026
3130548,1,268,26,batch-00026
3217264,3,269,26,batch-00026
3218844,1,270,27,batch-00027
3218908,3,271,27,batch-00027
3219643,1,272,27,batch-00027
3219995,1,273,27,batch-00027
3222680,1,274,27,batch-00027
3228740,1,275,27,batch-00027
3228804,1,276,27,batch-00027
3228824,1,277,27,batch-00027
3228825,1,278,27,batch-00027
3228945,1,279,27,batch-00027
3228959,1,280,28,batch-00028
3228986,1,281,28,batch-00028
3228988,1,282,28,batch-00028
3229028,1,283,28,batch-00028
3229150,1,284,28,batch-00028
3230095,1,285,28,batch-00028
3230206,1,286,28,batch-00028
3230227,1,287,28,batch-00028
3230578,1,288,28,batch-00028
3230753,1,289,28,batch-00028
3230787,1,290,29,batch-00029
3231120,1,291,29,batch-00029
3231137,1,292,29,batch-00029
3231341,4,293,29,batch-00029
3232859,1,294,29,batch-00029
3233043,1,295,29,batch-00029
3234598,2,296,29,batch-00029
3234843,2,297,29,batch-00029
3235282,1,298,29,batch-00029
3239636,1,299,29,batch-00029
3239671,1,300,30,batch-00030
3239945,3,301,30,batch-00030
3240049,1,302,30,batch-00030
3240158,2,303,30,batch-00030
3240159,1,304,30,batch-00030
3240406,1,305,30,batch-00030
3240706,1,306,30,batch-00030
3241248,1,307,30,batch-00030
3241344,1,308,30,batch-00030
3241557,1,309,30,batch-00030
3241604,1,310,31,batch-00031
3241619,1,311,31,batch-00031
3241647,1,312,31,batch-00031
3241662,1,313,31,batch-00031
3244792,1,314,31,batch-00031
3245000,1,315,31,batch-00031
3245661,1,316,31,batch-00031
3245969,1,317,31,batch-00031
3247268,2,318,31,batch-00031
3247294,1,319,31,batch-00031
3247396,1,320,32,batch-00032
3247404,1,321,32,batch-00032
3247503,1,322,32,batch-00032
3248019,1,323,32,batch-00032
3248033,1,324,32,batch-00032
3248332,1,325,32,batch-00032
3248696,1,326,32,batch-00032
3323289,1,327,32,batch-00032
3324644,1,328,32,batch-00032
3324986,1,329,32,batch-00032
3326377,2,330,33,batch-00033
3327980,1,331,33,batch-00033
3327992,1,332,33,batch-00033
3327993,1,333,33,batch-00033
3328026,1,334,33,batch-00033
3328027,1,335,33,batch-00033
3328052,1,336,33,batch-00033
3328080,1,337,33,batch-00033
3329643,1,338,33,batch-00033
3330684,1,339,33,batch-00033
3335813,1,340,34,batch-00034
3335816,1,341,34,batch-00034
3336476,1,342,34,batch-00034
3336765,1,343,34,batch-00034
3336845,1,344,34,batch-00034
3337061,1,345,34,batch-00034
3337351,1,346,34,batch-00034
3337425,1,347,34,batch-00034
3337432,1,348,34,batch-00034
3337438,1,349,34,batch-00034
3337548,1,350,35,batch-00035
3338660,1,351,35,batch-00035
3338674,1,352,35,batch-00035
3338885,2,353,35,batch-00035
3339538,1,354,35,batch-00035
3340312,1,355,35,batch-00035
3340313,1,356,35,batch-00035
3341760,1,357,35,batch-00035
3341934,1,358,35,batch-00035
3342467,1,359,35,batch-00035
3342592,1,360,36,batch-00036
3342794,2,361,36,batch-00036
3342952,1,362,36,batch-00036
3342970,2,363,36,batch-00036
3343281,1,364,36,batch-00036
3343866,1,365,36,batch-00036
3344419,1,366,36,batch-00036
3344427,1,367,36,batch-00036
3345675,1,368,36,batch-00036
3345973,1,369,36,batch-00036
3346154,1,370,37,batch-00037
3347485,1,371,37,batch-00037
3347807,1,372,37,batch-00037
3348082,3,373,37,batch-00037
3348090,1,374,37,batch-00037
3348093,1,375,37,batch-00037
3348285,1,376,37,batch-00037
3351888,1,377,37,batch-00037
3352751,1,378,37,batch-00037
3353050,1,379,37,batch-00037
3353454,1,380,38,batch-00038
3354846,1,381,38,batch-00038
3355104,1,382,38,batch-00038
3426367,1,383,38,batch-00038
3427776,1,384,38,batch-00038
3428468,1,385,38,batch-00038
3433668,1,386,38,batch-00038
3437739,1,387,38,batch-00038
3437776,2,388,38,batch-00038
3438507,1,389,38,batch-00038
3438975,1,390,39,batch-00039
3438976,1,391,39,batch-00039
3439031,1,392,39,batch-00039
3439096,1,393,39,batch-00039
3439126,1,394,39,batch-00039
3440118,1,395,39,batch-00039
3440230,1,396,39,batch-00039
3441340,1,397,39,batch-00039
3441784,1,398,39,batch-00039
3442054,1,399,39,batch-00039
3442055,1,400,40,batch-00040
3443582,1,401,40,batch-00040
3443790,1,402,40,batch-00040
3444098,1,403,40,batch-00040
3444588,1,404,40,batch-00040
3445812,1,405,40,batch-00040
3446451,1,406,40,batch-00040
3446746,1,407,40,batch-00040
3447722,3,408,40,batch-00040
3448130,1,409,40,batch-00040
3448323,1,410,41,batch-00041
3448456,1,411,41,batch-00041
3449540,1,412,41,batch-00041
3458028,1,413,41,batch-00041
3458687,1,414,41,batch-00041
3458919,1,415,41,batch-00041
3459199,1,416,41,batch-00041
3526331,1,417,41,batch-00041
3530668,1,418,41,batch-00041
3531231,1,419,41,batch-00041
3531558,1,420,42,batch-00042
3532985,1,421,42,batch-00042
3533469,1,422,42,batch-00042
3533483,1,423,42,batch-00042
3534118,2,424,42,batch-00042
3541800,1,425,42,batch-00042
3541946,3,426,42,batch-00042
3542222,1,427,42,batch-00042
3542542,1,428,42,batch-00042
3542573,1,429,42,batch-00042
3542574,1,430,43,batch-00043
3542588,1,431,43,batch-00043
3543270,1,432,43,batch-00043
3544595,1,433,43,batch-00043
3544640,1,434,43,batch-00043
3544678,1,435,43,batch-00043
3544689,1,436,43,batch-00043
3544694,1,437,43,batch-00043
3545135,1,438,43,batch-00043
3546060,1,439,43,batch-00043
3547091,1,440,44,batch-00044
3547315,1,441,44,batch-00044
3548044,2,442,44,batch-00044
3548622,1,443,44,batch-00044
3548639,1,444,44,batch-00044
3550434,1,445,44,batch-00044
3554031,3,446,44,batch-00044
3554600,1,447,44,batch-00044
3556220,1,448,44,batch-00044
3556229,1,449,44,batch-00044
3556742,1,450,45,batch-00045
3557341,1,451,45,batch-00045
3558803,1,452,45,batch-00045
3558981,1,453,45,batch-00045
3559860,1,454,45,batch-00045
3559935,1,455,45,batch-00045
3560301,1,456,45,batch-00045
3561464,1,457,45,batch-00045
3629330,1,458,45,batch-00045
3629967,1,459,45,batch-00045
3632089,2,460,46,batch-00046
3632418,1,461,46,batch-00046
3640905,2,462,46,batch-00046
3641726,1,463,46,batch-00046
3642289,2,464,46,batch-00046
3642335,1,465,46,batch-00046
3644071,1,466,46,batch-00046
3644174,1,467,46,batch-00046
3644399,1,468,46,batch-00046
3644505,1,469,46,batch-00046
3644523,1,470,47,batch-00047
3644542,1,471,47,batch-00047
3644601,2,472,47,batch-00047
3644602,1,473,47,batch-00047
3644631,1,474,47,batch-00047
3644653,1,475,47,batch-00047
3644738,1,476,47,batch-00047
3645282,1,477,47,batch-00047
3645438,2,478,47,batch-00047
3650049,1,479,47,batch-00047
3654095,1,480,48,batch-00048
3654719,1,481,48,batch-00048
3654950,1,482,48,batch-00048
3655326,1,483,48,batch-00048
3655332,1,484,48,batch-00048
3656121,2,485,48,batch-00048
3656322,1,486,48,batch-00048
3656700,1,487,48,batch-00048
3657176,1,488,48,batch-00048
3657758,2,489,48,batch-00048
3659940,1,490,49,batch-00049
3660924,1,491,49,batch-00049
3661886,2,492,49,batch-00049
3662635,1,493,49,batch-00049
3662838,1,494,49,batch-00049
3663141,1,495,49,batch-00049
3728432,1,496,49,batch-00049
3728701,1,497,49,batch-00049
3730335,1,498,49,batch-00049
3732035,1,499,49,batch-00049
3732821,1,500,50,batch-00050
3732894,1,501,50,batch-00050
3732972,1,502,50,batch-00050
3733628,1,503,50,batch-00050
3734418,1,504,50,batch-00050
3734501,1,505,50,batch-00050
3734868,1,506,50,batch-00050
3735629,1,507,50,batch-00050
3735634,1,508,50,batch-00050
3742855,1,509,50,batch-00050
3745559,1,510,51,batch-00051
3745690,3,511,51,batch-00051
3747262,1,512,51,batch-00051
3747817,1,513,51,batch-00051
3749134,1,514,51,batch-00051
3749365,1,515,51,batch-00051
3749508,2,516,51,batch-00051
3749978,1,517,51,batch-00051
3750350,1,518,51,batch-00051
3751231,1,519,51,batch-00051
3755522,1,520,52,batch-00052
3756264,1,521,52,batch-00052
3757407,1,522,52,batch-00052
3757588,1,523,52,batch-00052
3757778,1,524,52,batch-00052
3762468,1,525,52,batch-00052
3764714,1,526,52,batch-00052
3764879,1,527,52,batch-00052
3765771,1,528,52,batch-00052
3766353,1,529,52,batch-00052
3830820,1,530,53,batch-00053
3831053,1,531,53,batch-00053
3831911,1,532,53,batch-00053
3832474,2,533,53,batch-00053
3832716,1,534,53,batch-00053
3833007,1,535,53,batch-00053
3834317,1,536,53,batch-00053
3834322,1,537,53,batch-00053
3834360,1,538,53,batch-00053
3834364,1,539,53,batch-00053
3835670,1,540,54,batch-00054
3836375,1,541,54,batch-00054
3836399,1,542,54,batch-00054
3836413,1,543,54,batch-00054
3836439,1,544,54,batch-00054
3836450,1,545,54,batch-00054
3836453,1,546,54,batch-00054
3836509,1,547,54,batch-00054
3836522,1,548,54,batch-00054
3836558,1,549,54,batch-00054
3838004,1,550,55,batch-00055
3838486,1,551,55,batch-00055
3838496,1,552,55,batch-00055
3839294,1,553,55,batch-00055
3839488,1,554,55,batch-00055
3846515,1,555,55,batch-00055
3847138,1,556,55,batch-00055
3847708,1,557,55,batch-00055
3847907,1,558,55,batch-00055
3848275,1,559,55,batch-00055
3848665,1,560,56,batch-00056
3848919,1,561,56,batch-00056
3848972,1,562,56,batch-00056
3849155,1,563,56,batch-00056
3851130,1,564,56,batch-00056
3851134,1,565,56,batch-00056
3851193,1,566,56,batch-00056
3851194,1,567,56,batch-00056
3851949,1,568,56,batch-00056
3852258,1,569,56,batch-00056
3852476,1,570,57,batch-00057
3852655,1,571,57,batch-00057
3853673,1,572,57,batch-00057
3854101,1,573,57,batch-00057
3857860,1,574,57,batch-00057
3858704,1,575,57,batch-00057
3858804,1,576,57,batch-00057
3858824,1,577,57,batch-00057
3858851,1,578,57,batch-00057
3858879,1,579,57,batch-00057
3858884,1,580,58,batch-00058
3858917,1,581,58,batch-00058
3858919,1,582,58,batch-00058
3858943,1,583,58,batch-00058
3858949,1,584,58,batch-00058
3858988,1,585,58,batch-00058
3859042,1,586,58,batch-00058
3859079,1,587,58,batch-00058
3859151,1,588,58,batch-00058
3859363,1,589,58,batch-00058
3859628,1,590,59,batch-00059
3859890,1,591,59,batch-00059
3860441,1,592,59,batch-00059
3861595,1,593,59,batch-00059
3861611,1,594,59,batch-00059
3862246,1,595,59,batch-00059
3865567,1,596,59,batch-00059
3865595,1,597,59,batch-00059
3866536,1,598,59,batch-00059
3867593,1,599,59,batch-00059
3867615,2,600,60,batch-00060
3869014,1,601,60,batch-00060
3869326,1,602,60,batch-00060
3869825,1,603,60,batch-00060
3935914,1,604,60,batch-00060
3937519,2,605,60,batch-00060
3937814,1,606,60,batch-00060
3938073,1,607,60,batch-00060
3939150,2,608,60,batch-00060
3940418,1,609,60,batch-00060
3942670,2,610,61,batch-00061
3945802,1,611,61,batch-00061
3946023,1,612,61,batch-00061
3952651,1,613,61,batch-00061
3953106,1,614,61,batch-00061
3953173,1,615,61,batch-00061
3954211,1,616,61,batch-00061
3955817,1,617,61,batch-00061
3955867,1,618,61,batch-00061
3957082,1,619,61,batch-00061
3958301,1,620,62,batch-00062
3962243,3,621,62,batch-00062
3962357,1,622,62,batch-00062
3962684,1,623,62,batch-00062
3962728,1,624,62,batch-00062
3962872,1,625,62,batch-00062
3964109,1,626,62,batch-00062
3964545,1,627,62,batch-00062
3964562,1,628,62,batch-00062
3966262,1,629,62,batch-00062
3966801,1,630,63,batch-00063
3966912,1,631,63,batch-00063
3967326,1,632,63,batch-00063
3967501,1,633,63,batch-00063
3967760,2,634,63,batch-00063
3969687,1,635,63,batch-00063
3970117,1,636,63,batch-00063
3970233,1,637,63,batch-00063
3971315,1,638,63,batch-00063
3973002,1,639,63,batch-00063
3973504,1,640,64,batch-00064
3973549,1,641,64,batch-00064
4035640,1,642,64,batch-00064
4035667,1,643,64,batch-00064
4035675,1,644,64,batch-00064
4037163,1,645,64,batch-00064
4037164,1,646,64,batch-00064
4037428,1,647,64,batch-00064
4042026,1,648,64,batch-00064
4043190,1,649,64,batch-00064
4043443,1,650,65,batch-00065
4044005,1,651,65,batch-00065
4049108,1,652,65,batch-00065
4049124,1,653,65,batch-00065
4049131,1,654,65,batch-00065
4055092,1,655,65,batch-00065
4055304,1,656,65,batch-00065
4055774,1,657,65,batch-00065
4056579,1,658,65,batch-00065
4056616,1,659,65,batch-00065
4058169,1,660,66,batch-00066
4058881,1,661,66,batch-00066
4059887,1,662,66,batch-00066
4061149,1,663,66,batch-00066
4067110,1,664,66,batch-00066
4067549,1,665,66,batch-00066
4067925,1,666,66,batch-00066
4069213,1,667,66,batch-00066
4070376,1,668,66,batch-00066
4072333,1,669,66,batch-00066
4072526,1,670,67,batch-00067
4073089,1,671,67,batch-00067
4073707,1,672,67,batch-00067
4073730,1,673,67,batch-00067
4074294,1,674,67,batch-00067
4075015,1,675,67,batch-00067
4075064,1,676,67,batch-00067
4075067,1,677,67,batch-00067
4076098,1,678,67,batch-00067
4076952,1,679,67,batch-00067
4076976,1,680,68,batch-00068
4077252,1,681,68,batch-00068
4077526,4,682,68,batch-00068
4077901,1,683,68,batch-00068
4078157,1,684,68,batch-00068
4078311,1,685,68,batch-00068
4078693,1,686,68,batch-00068
4079530,1,687,68,batch-00068
4079535,1,688,68,batch-00068
4135665,1,689,68,batch-00068
4136466,1,690,69,batch-00069
4136659,1,691,69,batch-00069
4138008,1,692,69,batch-00069
4138557,1,693,69,batch-00069
4138951,1,694,69,batch-00069
4139816,4,695,69,batch-00069
4140813,1,696,69,batch-00069
4141376,1,697,69,batch-00069
4141587,1,698,69,batch-00069
4142768,1,699,69,batch-00069
4142847,2,700,70,batch-00070
4143755,1,701,70,batch-00070
4144231,1,702,70,batch-00070
4144236,1,703,70,batch-00070
4144238,1,704,70,batch-00070
4144576,1,705,70,batch-00070
4144873,1,706,70,batch-00070
4147444,1,707,70,batch-00070
4149450,1,708,70,batch-00070
4149684,1,709,70,batch-00070
4150390,1,710,71,batch-00071
4150496,2,711,71,batch-00071
4150539,2,712,71,batch-00071
4150611,3,713,71,batch-00071
4150624,2,714,71,batch-00071
4150701,1,715,71,batch-00071
4150703,1,716,71,batch-00071
4150804,1,717,71,batch-00071
4155328,1,718,71,batch-00071
4157052,1,719,71,batch-00071
4157325,4,720,72,batch-00072
4157488,1,721,72,batch-00072
4159347,1,722,72,batch-00072
4160006,1,723,72,batch-00072
4160669,1,724,72,batch-00072
4164393,1,725,72,batch-00072
4164922,1,726,72,batch-00072
4164994,1,727,72,batch-00072
4165473,1,728,72,batch-00072
4165960,1,729,72,batch-00072
4169315,1,730,73,batch-00073
4173026,2,731,73,batch-00073
4174507,1,732,73,batch-00073
4175105,1,733,73,batch-00073
4175630,1,734,73,batch-00073
4178389,1,735,73,batch-00073
4178606,1,736,73,batch-00073
4180280,1,737,73,batch-00073
4180396,1,738,73,batch-00073
4180401,1,739,73,batch-00073
4242692,1,740,74,batch-00074
4243911,1,741,74,batch-00074
4245861,1,742,74,batch-00074
4245897,1,743,74,batch-00074
4245933,1,744,74,batch-00074
4247092,1,745,74,batch-00074
4247791,1,746,74,batch-00074
4247807,1,747,74,batch-00074
4247811,1,748,74,batch-00074
4247991,1,749,74,batch-00074
4248120,1,750,75,batch-00075
4249725,2,751,75,batch-00075
4252226,1,752,75,batch-00075
4253860,1,753,75,batch-00075
4254466,1,754,75,batch-00075
4255422,1,755,75,batch-00075
4261960,1,756,75,batch-00075
4262581,1,757,75,batch-00075
4263293,2,758,75,batch-00075
4269252,1,759,75,batch-00075
4270253,2,760,76,batch-00076
4270565,1,761,76,batch-00076
4271474,1,762,76,batch-00076
4275117,1,763,76,batch-00076
4275191,1,764,76,batch-00076
4275328,1,765,76,batch-00076
4275721,2,766,76,batch-00076
4275739,1,767,76,batch-00076
4276114,1,768,76,batch-00076
4276445,1,769,76,batch-00076
4278221,1,770,77,batch-00077
4281068,1,771,77,batch-00077
4281895,1,772,77,batch-00077
4282191,1,773,77,batch-00077
4282872,1,774,77,batch-00077
4284147,1,775,77,batch-00077
4284980,1,776,77,batch-00077
4285087,1,777,77,batch-00077
4285107,1,778,77,batch-00077
4346178,1,779,77,batch-00077
4346875,1,780,78,batch-00078
4349442,2,781,78,batch-00078
4349452,2,782,78,batch-00078
4349935,1,783,78,batch-00078
4352168,1,784,78,batch-00078
4355503,1,785,78,batch-00078
4356621,1,786,78,batch-00078
4356766,1,787,78,batch-00078
4357985,1,788,78,batch-00078
4365442,1,789,78,batch-00078
4365461,1,790,79,batch-00079
4365645,1,791,79,batch-00079
4366923,1,792,79,batch-00079
4367544,1,793,79,batch-00079
4367854,2,794,79,batch-00079
4370527,1,795,79,batch-00079
4371172,1,796,79,batch-00079
4372410,1,797,79,batch-00079
4372765,1,798,79,batch-00079
4372768,1,799,79,batch-00079
4372961,1,800,80,batch-00080
4373195,1,801,80,batch-00080
4374339,1,802,80,batch-00080
4374610,1,803,80,batch-00080
4375101,1,804,80,batch-00080
4376629,1,805,80,batch-00080
4376644,1,806,80,batch-00080
4380283,1,807,80,batch-00080
4380560,1,808,80,batch-00080
4381282,1,809,80,batch-00080
4381429,1,810,81,batch-00081
4385148,1,811,81,batch-00081
4386047,1,812,81,batch-00081
4386059,1,813,81,batch-00081
4386607,1,814,81,batch-00081
4390912,1,815,81,batch-00081
4391348,1,816,81,batch-00081
4445630,1,817,81,batch-00081
4446411,1,818,81,batch-00081
4454219,1,819,81,batch-00081
4454752,1,820,82,batch-00082
4454934,1,821,82,batch-00082
4455231,3,822,82,batch-00082
4455763,1,823,82,batch-00082
4456622,1,824,82,batch-00082
4458082,2,825,82,batch-00082
4459068,1,826,82,batch-00082
4459924,1,827,82,batch-00082
4466356,1,828,82,batch-00082
4466677,1,829,82,batch-00082
4472143,1,830,83,batch-00083
4472818,1,831,83,batch-00083
4473226,1,832,83,batch-00083
4473613,1,833,83,batch-00083
4474637,1,834,83,batch-00083
4474645,1,835,83,batch-00083
4476123,1,836,83,batch-00083
4478168,1,837,83,batch-00083
4479633,1,838,83,batch-00083
4480676,1,839,83,batch-00083
4482738,1,840,84,batch-00084
4483138,1,841,84,batch-00084
4483235,1,842,84,batch-00084
4484312,1,843,84,batch-00084
4484336,1,844,84,batch-00084
4484356,1,845,84,batch-00084
4489844,1,846,84,batch-00084
4540632,1,847,84,batch-00084
4544571,1,848,84,batch-00084
4544572,1,849,84,batch-00084
4544620,1,850,85,batch-00085
4544623,1,851,85,batch-00085
4544628,1,852,85,batch-00085
4544684,1,853,85,batch-00085
4544907,1,854,85,batch-00085
4545187,2,855,85,batch-00085
4545570,1,856,85,batch-00085
4545926,1,857,85,batch-00085
4547480,1,858,85,batch-00085
4548011,1,859,85,batch-00085
4548098,1,860,86,batch-00086
4551328,1,861,86,batch-00086
4551663,1,862,86,batch-00086
4556468,1,863,86,batch-00086
4557341,1,864,86,batch-00086
4563268,2,865,86,batch-00086
4565985,1,866,86,batch-00086
4566999,1,867,86,batch-00086
4568117,1,868,86,batch-00086
4568298,1,869,86,batch-00086
4569590,1,870,87,batch-00087
4569942,1,871,87,batch-00087
4570555,1,872,87,batch-00087
4570931,1,873,87,batch-00087
4570949,1,874,87,batch-00087
4571536,1,875,87,batch-00087
4574310,1,876,87,batch-00087
4574319,1,877,87,batch-00087
4578594,1,878,87,batch-00087
4579313,1,879,87,batch-00087
4579321,1,880,88,batch-00088
4579598,1,881,88,batch-00088
4586482,1,882,88,batch-00088
4587448,1,883,88,batch-00088
4633434,1,884,88,batch-00088
4633570,2,885,88,batch-00088
4634135,1,886,88,batch-00088
4636565,1,887,88,batch-00088
4636578,3,888,88,batch-00088
4639868,1,889,88,batch-00088
4644604,1,890,89,batch-00089
4644952,3,891,89,batch-00089
4645174,1,892,89,batch-00089
4645492,1,893,89,batch-00089
4645833,1,894,89,batch-00089
4647662,1,895,89,batch-00089
4649440,1,896,89,batch-00089
4650674,1,897,89,batch-00089
4650733,1,898,89,batch-00089
4651399,1,899,89,batch-00089
4656049,1,900,90,batch-00090
4659255,1,901,90,batch-00090
4659405,1,902,90,batch-00090
4661634,1,903,90,batch-00090
4663185,1,904,90,batch-00090
4663658,1,905,90,batch-00090
4664046,1,906,90,batch-00090
4664743,1,907,90,batch-00090
4664847,1,908,90,batch-00090
4665571,2,909,90,batch-00090
4665989,1,910,91,batch-00091
4665991,1,911,91,batch-00091
4666008,1,912,91,batch-00091
4669402,1,913,91,batch-00091
4670267,1,914,91,batch-00091
4671584,1,915,91,batch-00091
4673628,1,916,91,batch-00091
4677282,1,917,91,batch-00091
4678171,1,918,91,batch-00091
4678873,1,919,91,batch-00091
4678875,1,920,92,batch-00092
4678919,1,921,92,batch-00092
4679314,1,922,92,batch-00092
4679687,1,923,92,batch-00092
4680772,1,924,92,batch-00092
4681152,1,925,92,batch-00092
4725292,1,926,92,batch-00092
4725681,2,927,92,batch-00092
4729553,1,928,92,batch-00092
4730442,1,929,92,batch-00092
4732015,1,930,93,batch-00093
4735826,1,931,93,batch-00093
4736208,1,932,93,batch-00093
4736569,1,933,93,batch-00093
4736644,1,934,93,batch-00093
4737267,1,935,93,batch-00093
4737302,1,936,93,batch-00093
4738095,1,937,93,batch-00093
4739194,1,938,93,batch-00093
4739565,1,939,93,batch-00093
4740676,1,940,94,batch-00094
4740688,1,941,94,batch-00094
4741126,2,942,94,batch-00094
4742414,1,943,94,batch-00094
4743513,1,944,94,batch-00094
4750341,1,945,94,batch-00094
4751083,1,946,94,batch-00094
4752451,1,947,94,batch-00094
4753561,1,948,94,batch-00094
4753988,1,949,94,batch-00094
4757331,1,950,95,batch-00095
4757437,2,951,95,batch-00095
4758350,1,952,95,batch-00095
4758368,1,953,95,batch-00095
4760478,1,954,95,batch-00095
4760746,1,955,95,batch-00095
4761060,1,956,95,batch-00095
4763020,1,957,95,batch-00095
4764774,1,958,95,batch-00095
4768756,1,959,95,batch-00095
4768846,1,960,96,batch-00096
4769799,1,961,96,batch-00096
4769824,1,962,96,batch-00096
4769931,1,963,96,batch-00096
4770365,3,964,96,batch-00096
4770617,2,965,96,batch-00096
4772095,1,966,96,batch-00096
4773155,1,967,96,batch-00096
4774646,1,968,96,batch-00096
4813563,1,969,96,batch-00096
4814502,1,970,97,batch-00097
4815520,1,971,97,batch-00097
4815612,1,972,97,batch-00097
4824268,1,973,97,batch-00097
4826110,1,974,97,batch-00097
4826439,1,975,97,batch-00097
4827723,1,976,97,batch-00097
4828341,1,977,97,batch-00097
4829935,1,978,97,batch-00097
4831728,1,979,97,batch-00097
4832175,1,980,98,batch-00098
4832197,1,981,98,batch-00098
4832225,1,982,98,batch-00098
4832837,1,983,98,batch-00098
4833421,5,984,98,batch-00098
4839180,1,985,98,batch-00098
4840156,1,986,98,batch-00098
4840263,1,987,98,batch-00098
4840327,1,988,98,batch-00098
4840818,1,989,98,batch-00098
4841374,1,990,99,batch-00099
4843592,1,991,99,batch-00099
4844004,1,992,99,batch-00099
4845862,1,993,99,batch-00099
4847534,1,994,99,batch-00099
4847782,1,995,99,batch-00099
4847801,1,996,99,batch-00099
4847832,1,997,99,batch-00099
4847843,1,998,99,batch-00099
4848115,1,999,99,batch-00099
4848321,1,1000,100,batch-00100
4848423,1,1001,100,batch-00100
4848424,1,1002,100,batch-00100
4850961,1,1003,100,batch-00100
4851145,1,1004,100,batch-00100
4851217,1,1005,100,batch-00100
4851239,1,1006,100,batch-00100
4851283,1,1007,100,batch-00100
4851338,1,1008,100,batch-00100
4851356,1,1009,100,batch-00100
4851464,1,1010,101,batch-00101
4851530,1,1011,101,batch-00101
4852297,1,1012,101,batch-00101
4852528,5,1013,101,batch-00101
4857058,2,1014,101,batch-00101
4857213,1,1015,101,batch-00101
4858610,1,1016,101,batch-00101
4860678,1,1017,101,batch-00101
4860932,1,1018,101,batch-00101
4861527,1,1019,101,batch-00101
4861736,1,1020,102,batch-00102
4861784,1,1021,102,batch-00102
4861791,1,1022,102,batch-00102
4862332,1,1023,102,batch-00102
4862625,2,1024,102,batch-00102
4863260,1,1025,102,batch-00102
4863369,1,1026,102,batch-00102
4863753,1,1027,102,batch-00102
4864734,1,1028,102,batch-00102
4902030,1,1029,102,batch-00102
4902202,1,1030,103,batch-00103
4908495,1,1031,103,batch-00103
4909707,1,1032,103,batch-00103
4912589,1,1033,103,batch-00103
4912991,1,1034,103,batch-00103
4913000,1,1035,103,batch-00103
4913852,1,1036,103,batch-00103
4914399,1,1037,103,batch-00103
4914423,2,1038,103,batch-00103
4914566,1,1039,103,batch-00103
4914709,1,1040,104,batch-00104
4914737,1,1041,104,batch-00104
4915638,1,1042,104,batch-00104
4917014,1,1043,104,batch-00104
4917596,1,1044,104,batch-00104
4927315,1,1045,104,batch-00104
4927734,1,1046,104,batch-00104
4928119,1,1047,104,batch-00104
4929299,1,1048,104,batch-00104
4931073,1,1049,104,batch-00104
4932348,1,1050,105,batch-00105
4932442,1,1051,105,batch-00105
4932689,1,1052,105,batch-00105
4932691,1,1053,105,batch-00105
4933476,1,1054,105,batch-00105
4935914,1,1055,105,batch-00105
4936180,1,1056,105,batch-00105
4936990,1,1057,105,batch-00105
4937143,1,1058,105,batch-00105
4939346,2,1059,105,batch-00105
4940201,1,1060,106,batch-00106
4940438,1,1061,106,batch-00106
4945035,1,1062,106,batch-00106
4946049,1,1063,106,batch-00106
4946581,1,1064,106,batch-00106
4946584,1,1065,106,batch-00106
4946680,1,1066,106,batch-00106
4947556,2,1067,106,batch-00106
4947726,1,1068,106,batch-00106
4948730,1,1069,106,batch-00106
4948863,1,1070,107,batch-00107
4949214,1,1071,107,batch-00107
4949524,1,1072,107,batch-00107
4949751,1,1073,107,batch-00107
4950232,1,1074,107,batch-00107
4950557,1,1075,107,batch-00107
4951249,1,1076,107,batch-00107
4952341,1,1077,107,batch-00107
4953173,1,1078,107,batch-00107
4953262,1,1079,107,batch-00107
4989057,1,1080,108,batch-00108
4990977,1,1081,108,batch-00108
4991208,1,1082,108,batch-00108
4996558,1,1083,108,batch-00108
5000179,1,1084,108,batch-00108
5003117,1,1085,108,batch-00108
5003670,1,1086,108,batch-00108
5004909,1,1087,108,batch-00108
5005121,1,1088,108,batch-00108
5006817,1,1089,108,batch-00108
5007345,1,1090,109,batch-00109
5008501,1,1091,109,batch-00109
5009189,1,1092,109,batch-00109
5009688,1,1093,109,batch-00109
5009743,1,1094,109,batch-00109
5014753,1,1095,109,batch-00109
5014903,1,1096,109,batch-00109
5015459,1,1097,109,batch-00109
5015913,1,1098,109,batch-00109
5016163,1,1099,109,batch-00109
5017058,1,1100,110,batch-00110
5018787,1,1101,110,batch-00110
5020034,1,1102,110,batch-00110
5020044,1,1103,110,batch-00110
5020319,1,1104,110,batch-00110
5021174,1,1105,110,batch-00110
5021176,1,1106,110,batch-00110
5021732,1,1107,110,batch-00110
5021737,1,1108,110,batch-00110
5021899,1,1109,110,batch-00110
5022440,1,1110,111,batch-00111
5022828,1,1111,111,batch-00111
5022900,1,1112,111,batch-00111
5023948,1,1113,111,batch-00111
5023956,1,1114,111,batch-00111
5024126,1,1115,111,batch-00111
5024138,1,1116,111,batch-00111
5024177,1,1117,111,batch-00111
5024292,1,1118,111,batch-00111
5024414,1,1119,111,batch-00111
5024429,1,1120,112,batch-00112
5024450,1,1121,112,batch-00112
5024482,1,1122,112,batch-00112
5025217,1,1123,112,batch-00112
5025294,1,1124,112,batch-00112
5026023,1,1125,112,batch-00112
5026187,1,1126,112,batch-00112
5026326,1,1127,112,batch-00112
5031857,1,1128,112,batch-00112
5031882,1,1129,112,batch-00112
5034333,1,1130,113,batch-00113
5035972,1,1131,113,batch-00113
5036480,1,1132,113,batch-00113
5036516,1,1133,113,batch-00113
5036530,1,1134,113,batch-00113
5036537,1,1135,113,batch-00113
5036538,1,1136,113,batch-00113
5036705,1,1137,113,batch-00113
5036966,1,1138,113,batch-00113
5039053,1,1139,113,batch-00113
5039129,1,1140,114,batch-00114
5039441,1,1141,114,batch-00114
5040223,1,1142,114,batch-00114
5041569,1,1143,114,batch-00114
5041847,1,1144,114,batch-00114
5042210,1,1145,114,batch-00114
5042785,1,1146,114,batch-00114
5077629,1,1147,114,batch-00114
5078025,2,1148,114,batch-00114
5078879,1,1149,114,batch-00114
5078939,1,1150,115,batch-00115
5080346,1,1151,115,batch-00115
5080636,1,1152,115,batch-00115
5080652,1,1153,115,batch-00115
5083252,1,1154,115,batch-00115
5084171,1,1155,115,batch-00115
5084942,1,1156,115,batch-00115
5088400,1,1157,115,batch-00115
5088536,3,1158,115,batch-00115
5088591,1,1159,115,batch-00115
5090690,1,1160,116,batch-00116
5091016,1,1161,116,batch-00116
5091614,1,1162,116,batch-00116
5092266,1,1163,116,batch-00116
5094412,1,1164,116,batch-00116
5094751,2,1165,116,batch-00116
5095082,1,1166,116,batch-00116
5095269,1,1167,116,batch-00116
5096590,1,1168,116,batch-00116
5097454,1,1169,116,batch-00116
5097470,1,1170,117,batch-00117
5098444,1,1171,117,batch-00117
5103942,1,1172,117,batch-00117
5103998,1,1173,117,batch-00117
5106313,1,1174,117,batch-00117
5108946,1,1175,117,batch-00117
5110423,1,1176,117,batch-00117
5111801,1,1177,117,batch-00117
5112198,1,1178,117,batch-00117
5112567,1,1179,117,batch-00117
5113053,1,1180,118,batch-00118
5113146,1,1181,118,batch-00118
5113809,1,1182,118,batch-00118
5113822,2,1183,118,batch-00118
5115178,1,1184,118,batch-00118
5119619,1,1185,118,batch-00118
5120087,1,1186,118,batch-00118
5120225,1,1187,118,batch-00118
5121173,1,1188,118,batch-00118
5121511,1,1189,118,batch-00118
5122112,1,1190,119,batch-00119
5124254,1,1191,119,batch-00119
5124667,1,1192,119,batch-00119
5125048,1,1193,119,batch-00119
5125347,1,1194,119,batch-00119
5126627,1,1195,119,batch-00119
5126932,1,1196,119,batch-00119
5128673,1,1197,119,batch-00119
5128966,1,1198,119,batch-00119
5130369,1,1199,119,batch-00119
5130380,1,1200,120,batch-00120
5130563,1,1201,120,batch-00120
5130740,1,1202,120,batch-00120
5130983,1,1203,120,batch-00120
5164255,1,1204,120,batch-00120
5164794,1,1205,120,batch-00120
5168498,1,1206,120,batch-00120
5172274,1,1207,120,batch-00120
5174492,1,1208,120,batch-00120
5174677,1,1209,120,batch-00120
5174858,1,1210,121,batch-00121
5174920,1,1211,121,batch-00121
5175024,1,1212,121,batch-00121
5177104,1,1213,121,batch-00121
5181455,1,1214,121,batch-00121
5181804,1,1215,121,batch-00121
5181817,1,1216,121,batch-00121
5183357,1,1217,121,batch-00121
5184584,1,1218,121,batch-00121
5184709,1,1219,121,batch-00121
5184911,1,1220,122,batch-00122
5185765,1,1221,122,batch-00122
5185897,3,1222,122,batch-00122
5193077,1,1223,122,batch-00122
5193384,1,1224,122,batch-00122
5193386,1,1225,122,batch-00122
5193400,1,1226,122,batch-00122
5195172,1,1227,122,batch-00122
5195945,1,1228,122,batch-00122
5199426,1,1229,122,batch-00122
5199978,1,1230,123,batch-00123
5200084,1,1231,123,batch-00123
5201115,1,1232,123,batch-00123
5201593,1,1233,123,batch-00123
5202905,2,1234,123,batch-00123
5206233,1,1235,123,batch-00123
5209845,1,1236,123,batch-00123
5210475,1,1237,123,batch-00123
5211199,1,1238,123,batch-00123
5211470,2,1239,123,batch-00123
5211922,1,1240,124,batch-00124
5212220,1,1241,124,batch-00124
5213230,1,1242,124,batch-00124
5213404,1,1243,124,batch-00124
5213902,1,1244,124,batch-00124
5215251,1,1245,124,batch-00124
5215700,1,1246,124,batch-00124
5215980,1,1247,124,batch-00124
5216727,1,1248,124,batch-00124
5217574,1,1249,124,batch-00124
5217586,1,1250,125,batch-00125
5217733,1,1251,125,batch-00125
5217891,1,1252,125,batch-00125
5218014,1,1253,125,batch-00125
5218441,1,1254,125,batch-00125
5219234,4,1255,125,batch-00125
5252423,2,1256,125,batch-00125
5254230,1,1257,125,batch-00125
5255552,1,1258,125,batch-00125
5263802,1,1259,125,batch-00125
5264304,1,1260,126,batch-00126
5266937,1,1261,126,batch-00126
5268955,1,1262,126,batch-00126
5269407,1,1263,126,batch-00126
5269467,1,1264,126,batch-00126
5270698,1,1265,126,batch-00126
5271608,1,1266,126,batch-00126
5272233,2,1267,126,batch-00126
5272571,1,1268,126,batch-00126
5272878,1,1269,126,batch-00126
5273713,1,1270,127,batch-00127
5276332,1,1271,127,batch-00127
5280587,1,1272,127,batch-00127
5281113,1,1273,127,batch-00127
5282049,1,1274,127,batch-00127
5282051,1,1275,127,batch-00127
5282477,1,1276,127,batch-00127
5282656,1,1277,127,batch-00127
5283542,1,1278,127,batch-00127
5284133,1,1279,127,batch-00127
5285607,1,1280,128,batch-00128
5286786,1,1281,128,batch-00128
5287983,1,1282,128,batch-00128
5288543,1,1283,128,batch-00128
5288570,1,1284,128,batch-00128
5288577,1,1285,128,batch-00128
5288744,1,1286,128,batch-00128
5289854,2,1287,128,batch-00128
5294739,1,1288,128,batch-00128
5298620,1,1289,128,batch-00128
5299459,2,1290,129,batch-00129
5300878,1,1291,129,batch-00129
5301093,1,1292,129,batch-00129
5301750,5,1293,129,batch-00129
5302006,1,1294,129,batch-00129
5302643,1,1295,129,batch-00129
5303346,1,1296,129,batch-00129
5303551,1,1297,129,batch-00129
5303557,1,1298,129,batch-00129
5305225,1,1299,129,batch-00129
5305240,1,1300,130,batch-00130
5305399,1,1301,130,batch-00130
5305404,1,1302,130,batch-00130
5305451,1,1303,130,batch-00130
5305471,1,1304,130,batch-00130
5306383,1,1305,130,batch-00130
5306720,1,1306,130,batch-00130
5306862,1,1307,130,batch-00130
5307568,1,1308,130,batch-00130
5307858,1,1309,130,batch-00130
5307990,1,1310,131,batch-00131
5308387,1,1311,131,batch-00131
5308419,1,1312,131,batch-00131
5308537,1,1313,131,batch-00131
5308663,1,1314,131,batch-00131
5308666,1,1315,131,batch-00131
5308777,1,1316,131,batch-00131
5308778,1,1317,131,batch-00131
5309353,1,1318,131,batch-00131
5310435,1,1319,131,batch-00131
5339567,1,1320,132,batch-00132
5340644,1,1321,132,batch-00132
5342473,1,1322,132,batch-00132
5343976,1,1323,132,batch-00132
5347537,1,1324,132,batch-00132
5347784,1,1325,132,batch-00132
5350244,1,1326,132,batch-00132
5350447,1,1327,132,batch-00132
5351250,5,1328,132,batch-00132
5356593,1,1329,132,batch-00132
5357470,1,1330,133,batch-00133
5357545,1,1331,133,batch-00133
5357901,1,1332,133,batch-00133
5358241,3,1333,133,batch-00133
5358624,1,1334,133,batch-00133
5359678,1,1335,133,batch-00133
5360082,1,1336,133,batch-00133
5360974,1,1337,133,batch-00133
5364071,4,1338,133,batch-00133
5369827,1,1339,133,batch-00133
5370302,1,1340,134,batch-00134
5371776,4,1341,134,batch-00134
5371777,1,1342,134,batch-00134
5372966,1,1343,134,batch-00134
5374403,1,1344,134,batch-00134
5374854,2,1345,134,batch-00134
5375194,1,1346,134,batch-00134
5376067,1,1347,134,batch-00134
5383248,1,1348,134,batch-00134
5384079,2,1349,134,batch-00134
5384713,2,1350,135,batch-00135
5384802,1,1351,135,batch-00135
5385139,1,1352,135,batch-00135
5385150,1,1353,135,batch-00135
5385269,1,1354,135,batch-00135
5385410,1,1355,135,batch-00135
5385439,1,1356,135,batch-00135
5385469,1,1357,135,batch-00135
5385471,1,1358,135,batch-00135
5385491,1,1359,135,batch-00135
5385509,1,1360,136,batch-00136
5385548,1,1361,136,batch-00136
5385566,1,1362,136,batch-00136
5385575,1,1363,136,batch-00136
5385667,1,1364,136,batch-00136
5385697,2,1365,136,batch-00136
5385773,1,1366,136,batch-00136
5385778,1,1367,136,batch-00136
5386163,1,1368,136,batch-00136
5386264,1,1369,136,batch-00136
5387843,1,1370,137,batch-00137
5389184,1,1371,137,batch-00137
5389540,1,1372,137,batch-00137
5389632,1,1373,137,batch-00137
5391407,1,1374,137,batch-00137
5392702,1,1375,137,batch-00137
5392871,1,1376,137,batch-00137
5392897,1,1377,137,batch-00137
5393558,1,1378,137,batch-00137
5396122,1,1379,137,batch-00137
5397905,1,1380,138,batch-00138
5398002,1,1381,138,batch-00138
5428471,1,1382,138,batch-00138
5428668,1,1383,138,batch-00138
5435816,1,1384,138,batch-00138
5436013,1,1385,138,batch-00138
5436338,1,1386,138,batch-00138
5436502,5,1387,138,batch-00138
5437945,1,1388,138,batch-00138
5438099,4,1389,138,batch-00138
5438757,2,1390,139,batch-00139
5440317,1,1391,139,batch-00139
5443604,1,1392,139,batch-00139
5443775,1,1393,139,batch-00139
5444334,1,1394,139,batch-00139
5444384,1,1395,139,batch-00139
5444392,1,1396,139,batch-00139
5444491,1,1397,139,batch-00139
5444548,1,1398,139,batch-00139
5444549,1,1399,139,batch-00139
5445681,1,1400,140,batch-00140
5449777,1,1401,140,batch-00140
5450814,1,1402,140,batch-00140
5450893,1,1403,140,batch-00140
5456023,1,1404,140,batch-00140
5456319,1,1405,140,batch-00140
5456651,2,1406,140,batch-00140
5460434,1,1407,140,batch-00140
5460835,1,1408,140,batch-00140
5461440,1,1409,140,batch-00140
5462901,1,1410,141,batch-00141
5467102,1,1411,141,batch-00141
5467113,1,1412,141,batch-00141
5467124,1,1413,141,batch-00141
5467126,1,1414,141,batch-00141
5468555,1,1415,141,batch-00141
5470739,1,1416,141,batch-00141
5470851,1,1417,141,batch-00141
5470960,1,1418,141,batch-00141
5471010,1,1419,141,batch-00141
5471059,2,1420,142,batch-00142
5471068,1,1421,142,batch-00142
5471108,1,1422,142,batch-00142
5471158,1,1423,142,batch-00142
5471192,1,1424,142,batch-00142
5471202,1,1425,142,batch-00142
5471217,1,1426,142,batch-00142
5471271,1,1427,142,batch-00142
5471289,1,1428,142,batch-00142
5471415,1,1429,142,batch-00142
5471480,1,1430,143,batch-00143
5471489,1,1431,143,batch-00143
5471496,1,1432,143,batch-00143
5471566,1,1433,143,batch-00143
5471574,1,1434,143,batch-00143
5471606,1,1435,143,batch-00143
5471675,1,1436,143,batch-00143
5471688,1,1437,143,batch-00143
5471690,1,1438,143,batch-00143
5471769,1,1439,143,batch-00143
5471770,1,1440,144,batch-00144
5471792,1,1441,144,batch-00144
5473535,1,1442,144,batch-00144
5473556,1,1443,144,batch-00144
5474613,2,1444,144,batch-00144
5474733,1,1445,144,batch-00144
5475494,1,1446,144,batch-00144
5475641,1,1447,144,batch-00144
5475712,1,1448,144,batch-00144
5475735,1,1449,144,batch-00144
5475736,1,1450,145,batch-00145
5476671,2,1451,145,batch-00145
5477805,1,1452,145,batch-00145
5478055,1,1453,145,batch-00145
5478083,1,1454,145,batch-00145
5479717,1,1455,145,batch-00145
5479802,1,1456,145,batch-00145
5479973,1,1457,145,batch-00145
5480640,3,1458,145,batch-00145
5480736,1,1459,145,batch-00145
5480884,1,1460,146,batch-00146
5481148,1,1461,146,batch-00146
5481416,1,1462,146,batch-00146
5481426,1,1463,146,batch-00146
5482603,1,1464,146,batch-00146
5511081,4,1465,146,batch-00146
5512513,1,1466,146,batch-00146
5513012,1,1467,146,batch-00146
5513833,1,1468,146,batch-00146
5513857,1,1469,146,batch-00146
5513861,1,1470,147,batch-00147
5513866,1,1471,147,batch-00147
5513893,1,1472,147,batch-00147
5513897,1,1473,147,batch-00147
5514383,1,1474,147,batch-00147
5520547,1,1475,147,batch-00147
5521300,1,1476,147,batch-00147
5524881,1,1477,147,batch-00147
5526527,1,1478,147,batch-00147
5526717,1,1479,147,batch-00147
5527172,1,1480,148,batch-00148
5529501,1,1481,148,batch-00148
5529552,1,1482,148,batch-00148
5529560,1,1483,148,batch-00148
5529643,1,1484,148,batch-00148
5529738,1,1485,148,batch-00148
5530112,1,1486,148,batch-00148
5530881,1,1487,148,batch-00148
5530882,1,1488,148,batch-00148
5531576,2,1489,148,batch-00148
5531694,1,1490,149,batch-00149
5534476,1,1491,149,batch-00149
5534702,1,1492,149,batch-00149
5534814,1,1493,149,batch-00149
5534941,1,1494,149,batch-00149
5534965,1,1495,149,batch-00149
5535280,1,1496,149,batch-00149
5535890,1,1497,149,batch-00149
5542466,1,1498,149,batch-00149
5542983,1,1499,149,batch-00149
5544903,1,1500,150,batch-00150
5545815,1,1501,150,batch-00150
5546277,1,1502,150,batch-00150
5546691,1,1503,150,batch-00150
5546761,1,1504,150,batch-00150
5547480,1,1505,150,batch-00150
5551228,1,1506,150,batch-00150
5551240,1,1507,150,batch-00150
5551504,1,1508,150,batch-00150
5553624,1,1509,150,batch-00150
5553652,1,1510,151,batch-00151
5556726,1,1511,151,batch-00151
5556804,1,1512,151,batch-00151
5557821,1,1513,151,batch-00151
5559651,1,1514,151,batch-00151
5560830,1,1515,151,batch-00151
5560831,1,1516,151,batch-00151
5561278,1,1517,151,batch-00151
5562090,1,1518,151,batch-00151
5562784,1,1519,151,batch-00151
5563080,1,1520,152,batch-00152
5563937,1,1521,152,batch-00152
5564247,1,1522,152,batch-00152
5565261,1,1523,152,batch-00152
5565486,1,1524,152,batch-00152
5565497,1,1525,152,batch-00152
5565707,1,1526,152,batch-00152
5596440,1,1527,152,batch-00152
5597970,1,1528,152,batch-00152
5598216,1,1529,152,batch-00152
5598595,1,1530,153,batch-00153
5598639,1,1531,153,batch-00153
5598645,1,1532,153,batch-00153
5599774,1,1533,153,batch-00153
5601258,1,1534,153,batch-00153
5602588,1,1535,153,batch-00153
5607631,1,1536,153,batch-00153
5608566,1,1537,153,batch-00153
5609593,1,1538,153,batch-00153
5610698,1,1539,153,batch-00153
5613330,1,1540,154,batch-00154
5617259,1,1541,154,batch-00154
5617854,1,1542,154,batch-00154
5621125,1,1543,154,batch-00154
5621294,1,1544,154,batch-00154
5621299,1,1545,154,batch-00154
5621586,1,1546,154,batch-00154
5622250,1,1547,154,batch-00154
5629353,1,1548,154,batch-00154
5629538,1,1549,154,batch-00154
5629985,1,1550,155,batch-00155
5631630,1,1551,155,batch-00155
5632701,1,1552,155,batch-00155
5632781,1,1553,155,batch-00155
5636642,1,1554,155,batch-00155
5636648,1,1555,155,batch-00155
5637036,1,1556,155,batch-00155
5638699,1,1557,155,batch-00155
5640085,1,1558,155,batch-00155
5642620,2,1559,155,batch-00155
5643492,1,1560,156,batch-00156
5644412,1,1561,156,batch-00156
5647008,1,1562,156,batch-00156
5647638,1,1563,156,batch-00156
5648449,1,1564,156,batch-00156
5649206,1,1565,156,batch-00156
5649215,1,1566,156,batch-00156
5649325,1,1567,156,batch-00156
5649833,1,1568,156,batch-00156
5649836,1,1569,156,batch-00156
5649837,1,1570,157,batch-00157
5649956,1,1571,157,batch-00157
5650314,1,1572,157,batch-00157
5650420,1,1573,157,batch-00157
5651104,1,1574,157,batch-00157
5652237,1,1575,157,batch-00157
5652260,1,1576,157,batch-00157
5652893,1,1577,157,batch-00157
5652983,1,1578,157,batch-00157
5653126,2,1579,157,batch-00157
5653152,1,1580,158,batch-00158
5653163,1,1581,158,batch-00158
5653795,1,1582,158,batch-00158
5653849,1,1583,158,batch-00158
5683743,1,1584,158,batch-00158
5686174,1,1585,158,batch-00158
5686974,1,1586,158,batch-00158
5688683,2,1587,158,batch-00158
5688790,1,1588,158,batch-00158
5688910,1,1589,158,batch-00158
5688997,1,1590,159,batch-00159
5689351,5,1591,159,batch-00159
5695396,2,1592,159,batch-00159
5695524,1,1593,159,batch-00159
5695904,1,1594,159,batch-00159
5696909,1,1595,159,batch-00159
5696918,1,1596,159,batch-00159
5700330,1,1597,159,batch-00159
5700900,1,1598,159,batch-00159
5702939,1,1599,159,batch-00159
5705819,1,1600,160,batch-00160
5706595,3,1601,160,batch-00160
5706966,2,1602,160,batch-00160
5709103,1,1603,160,batch-00160
5709226,1,1604,160,batch-00160
5709725,2,1605,160,batch-00160
5716508,1,1606,160,batch-00160
5716763,1,1607,160,batch-00160
5716932,1,1608,160,batch-00160
5717567,1,1609,160,batch-00160
5725087,1,1610,161,batch-00161
5725851,1,1611,161,batch-00161
5728139,1,1612,161,batch-00161
5728283,1,1613,161,batch-00161
5730380,1,1614,161,batch-00161
5730389,1,1615,161,batch-00161
5730394,1,1616,161,batch-00161
5731312,1,1617,161,batch-00161
5734702,1,1618,161,batch-00161
5735762,3,1619,161,batch-00161
5735878,1,1620,162,batch-00162
5736461,1,1621,162,batch-00162
5736801,1,1622,162,batch-00162
5737869,1,1623,162,batch-00162
5738346,1,1624,162,batch-00162
5738496,1,1625,162,batch-00162
5738506,1,1626,162,batch-00162
5738634,1,1627,162,batch-00162
5738698,1,1628,162,batch-00162
5768816,1,1629,162,batch-00162
5768927,1,1630,163,batch-00163
5769810,1,1631,163,batch-00163
5769943,1,1632,163,batch-00163
5770074,1,1633,163,batch-00163
5771589,1,1634,163,batch-00163
5771719,1,1635,163,batch-00163
5773121,1,1636,163,batch-00163
5774349,1,1637,163,batch-00163
5774375,1,1638,163,batch-00163
5775090,1,1639,163,batch-00163
5775129,1,1640,164,batch-00164
5779852,1,1641,164,batch-00164
5780460,1,1642,164,batch-00164
5780885,1,1643,164,batch-00164
5780930,1,1644,164,batch-00164
5781192,1,1645,164,batch-00164
5784777,1,1646,164,batch-00164
5786676,1,1647,164,batch-00164
5790807,1,1648,164,batch-00164
5791705,1,1649,164,batch-00164
5791986,2,1650,165,batch-00165
5792202,5,1651,165,batch-00165
5794240,1,1652,165,batch-00165
5794379,2,1653,165,batch-00165
5794570,2,1654,165,batch-00165
5796185,1,1655,165,batch-00165
5796186,1,1656,165,batch-00165
5796675,1,1657,165,batch-00165
5801571,1,1658,165,batch-00165
5802246,1,1659,165,batch-00165
5802285,1,1660,166,batch-00166
5802292,1,1661,166,batch-00166
5802470,1,1662,166,batch-00166
5802478,1,1663,166,batch-00166
5802486,1,1664,166,batch-00166
5806800,1,1665,166,batch-00166
5807579,1,1666,166,batch-00166
5807769,1,1667,166,batch-00166
5809890,2,1668,166,batch-00166
5809954,1,1669,166,batch-00166
5812648,1,1670,167,batch-00167
5812701,1,1671,167,batch-00167
5812960,1,1672,167,batch-00167
5814013,1,1673,167,batch-00167
5814635,1,1674,167,batch-00167
5816144,1,1675,167,batch-00167
5816165,1,1676,167,batch-00167
5816806,1,1677,167,batch-00167
5816811,1,1678,167,batch-00167
5817533,1,1679,167,batch-00167
5817553,1,1680,168,batch-00168
5817566,1,1681,168,batch-00168
5817613,1,1682,168,batch-00168
5817685,1,1683,168,batch-00168
5817712,1,1684,168,batch-00168
5817957,1,1685,168,batch-00168
5817986,1,1686,168,batch-00168
5818068,1,1687,168,batch-00168
5820218,1,1688,168,batch-00168
5823557,1,1689,168,batch-00168
5856571,1,1690,169,batch-00169
5857540,1,1691,169,batch-00169
5858519,1,1692,169,batch-00169
5860968,1,1693,169,batch-00169
5864975,1,1694,169,batch-00169
5865654,1,1695,169,batch-00169
5866099,1,1696,169,batch-00169
5866104,1,1697,169,batch-00169
5866724,3,1698,169,batch-00169
5868793,1,1699,169,batch-00169
5871116,1,1700,170,batch-00170
5871918,1,1701,170,batch-00170
5871985,1,1702,170,batch-00170
5872139,1,1703,170,batch-00170
5872150,2,1704,170,batch-00170
5876360,1,1705,170,batch-00170
5876368,1,1706,170,batch-00170
5876805,1,1707,170,batch-00170
5879448,1,1708,170,batch-00170
5880320,4,1709,170,batch-00170
5881120,1,1710,171,batch-00171
5881688,1,1711,171,batch-00171
5881813,1,1712,171,batch-00171
5887316,1,1713,171,batch-00171
5887393,1,1714,171,batch-00171
5893123,1,1715,171,batch-00171
5894073,1,1716,171,batch-00171
5894825,1,1717,171,batch-00171
5894972,1,1718,171,batch-00171
5895083,1,1719,171,batch-00171
5895158,1,1720,172,batch-00172
5895588,1,1721,172,batch-00172
5898983,1,1722,172,batch-00172
5899544,1,1723,172,batch-00172
5900235,1,1724,172,batch-00172
5900390,1,1725,172,batch-00172
5903312,1,1726,172,batch-00172
5905728,1,1727,172,batch-00172
5905822,1,1728,172,batch-00172
5906694,1,1729,172,batch-00172
5908086,1,1730,173,batch-00173
5938970,1,1731,173,batch-00173
5940165,1,1732,173,batch-00173
5941160,2,1733,173,batch-00173
5942808,2,1734,173,batch-00173
5942949,1,1735,173,batch-00173
5952309,1,1736,173,batch-00173
5952366,2,1737,173,batch-00173
5952403,1,1738,173,batch-00173
5952448,1,1739,173,batch-00173
5952457,1,1740,174,batch-00174
5953297,1,1741,174,batch-00174
5955321,1,1742,174,batch-00174
5955427,1,1743,174,batch-00174
5955621,1,1744,174,batch-00174
5956342,4,1745,174,batch-00174
5956354,1,1746,174,batch-00174
5956656,1,1747,174,batch-00174
5956776,1,1748,174,batch-00174
5956787,1,1749,174,batch-00174
5956977,1,1750,175,batch-00175
5959719,2,1751,175,batch-00175
5959753,1,1752,175,batch-00175
5961350,1,1753,175,batch-00175
5962262,1,1754,175,batch-00175
5962509,1,1755,175,batch-00175
5962514,1,1756,175,batch-00175
5962716,1,1757,175,batch-00175
5963222,1,1758,175,batch-00175
5963582,1,1759,175,batch-00175
5963591,1,1760,176,batch-00176
5965819,3,1761,176,batch-00176
5966154,2,1762,176,batch-00176
5966322,1,1763,176,batch-00176
5966660,1,1764,176,batch-00176
5972334,2,1765,176,batch-00176
5977470,1,1766,176,batch-00176
5977541,1,1767,176,batch-00176
5978170,1,1768,176,batch-00176
5978361,1,1769,176,batch-00176
5978559,1,1770,177,batch-00177
5979863,1,1771,177,batch-00177
5980061,1,1772,177,batch-00177
5980208,1,1773,177,batch-00177
5980354,1,1774,177,batch-00177
5980783,1,1775,177,batch-00177
5981058,1,1776,177,batch-00177
5982353,1,1777,177,batch-00177
5982368,1,1778,177,batch-00177
5983348,1,1779,177,batch-00177
5986209,1,1780,178,batch-00178
5988031,1,1781,178,batch-00178
5990753,1,1782,178,batch-00178
5991070,1,1783,178,batch-00178
5991765,1,1784,178,batch-00178
5992210,1,1785,178,batch-00178
6019872,1,1786,178,batch-00178
6020753,2,1787,178,batch-00178
6021193,3,1788,178,batch-00178
6021275,4,1789,178,batch-00178
6022556,1,1790,179,batch-00179
6023859,1,1791,179,batch-00179
6025124,1,1792,179,batch-00179
6026438,2,1793,179,batch-00179
6026924,1,1794,179,batch-00179
6028860,1,1795,179,batch-00179
6029130,1,1796,179,batch-00179
6029239,1,1797,179,batch-00179
6032318,1,1798,179,batch-00179
6032497,1,1799,179,batch-00179
6032517,1,1800,180,batch-00180
6032920,1,1801,180,batch-00180
6034945,1,1802,180,batch-00180
6035124,1,1803,180,batch-00180
6037187,1,1804,180,batch-00180
6037581,3,1805,180,batch-00180
6041511,1,1806,180,batch-00180
6041734,2,1807,180,batch-00180
6042031,1,1808,180,batch-00180
6042116,1,1809,180,batch-00180
6042214,1,1810,181,batch-00181
6042663,1,1811,181,batch-00181
6043574,1,1812,181,batch-00181
6044064,1,1813,181,batch-00181
6044553,1,1814,181,batch-00181
6045250,1,1815,181,batch-00181
6046311,1,1816,181,batch-00181
6046540,1,1817,181,batch-00181
6047072,1,1818,181,batch-00181
6047498,1,1819,181,batch-00181
6048024,1,1820,182,batch-00182
6048106,1,1821,182,batch-00182
6048255,1,1822,182,batch-00182
6049190,1,1823,182,batch-00182
6049470,1,1824,182,batch-00182
6056992,1,1825,182,batch-00182
6057684,1,1826,182,batch-00182
6057750,1,1827,182,batch-00182
6058614,1,1828,182,batch-00182
6058816,1,1829,182,batch-00182
6058875,1,1830,183,batch-00183
6058896,1,1831,183,batch-00183
6060203,1,1832,183,batch-00183
6060580,1,1833,183,batch-00183
6061119,1,1834,183,batch-00183
6061773,1,1835,183,batch-00183
6062088,3,1836,183,batch-00183
6062929,1,1837,183,batch-00183
6063220,1,1838,183,batch-00183
6063448,1,1839,183,batch-00183
6066379,1,1840,184,batch-00184
6066403,1,1841,184,batch-00184
6066416,1,1842,184,batch-00184
6067545,1,1843,184,batch-00184
6069674,1,1844,184,batch-00184
6071903,1,1845,184,batch-00184
6072593,1,1846,184,batch-00184
6103049,1,1847,184,batch-00184
6103377,1,1848,184,batch-00184
6105359,1,1849,184,batch-00184
6105462,2,1850,185,batch-00185
6106282,1,1851,185,batch-00185
6109688,1,1852,185,batch-00185
6111011,1,1853,185,batch-00185
6113752,1,1854,185,batch-00185
6114140,1,1855,185,batch-00185
6115516,1,1856,185,batch-00185
6117415,1,1857,185,batch-00185
6118370,1,1858,185,batch-00185
6119141,1,1859,185,batch-00185
6119605,1,1860,186,batch-00186
6124512,1,1861,186,batch-00186
6125481,1,1862,186,batch-00186
6126076,1,1863,186,batch-00186
6128027,1,1864,186,batch-00186
6128141,1,1865,186,batch-00186
6129524,1,1866,186,batch-00186
6129694,1,1867,186,batch-00186
6131236,1,1868,186,batch-00186
6131659,1,1869,186,batch-00186
6137681,1,1870,187,batch-00187
6137704,1,1871,187,batch-00187
6139220,1,1872,187,batch-00187
6142862,1,1873,187,batch-00187
6145939,1,1874,187,batch-00187
6146418,1,1875,187,batch-00187
6146838,1,1876,187,batch-00187
6147122,1,1877,187,batch-00187
6147573,1,1878,187,batch-00187
6147851,1,1879,187,batch-00187
6148271,1,1880,188,batch-00188
6149910,1,1881,188,batch-00188
6150977,1,1882,188,batch-00188
6152521,1,1883,188,batch-00188
6152974,2,1884,188,batch-00188
6153407,1,1885,188,batch-00188
6153672,1,1886,188,batch-00188
6182019,1,1887,188,batch-00188
6182508,1,1888,188,batch-00188
6182846,1,1889,188,batch-00188
6182849,1,1890,189,batch-00189
6183511,1,1891,189,batch-00189
6184894,1,1892,189,batch-00189
6185331,1,1893,189,batch-00189
6185496,1,1894,189,batch-00189
6185711,1,1895,189,batch-00189
6185717,1,1896,189,batch-00189
6186964,1,1897,189,batch-00189
6187888,1,1898,189,batch-00189
6190535,1,1899,189,batch-00189
6191521,1,1900,190,batch-00190
6191945,1,1901,190,batch-00190
6195669,1,1902,190,batch-00190
6196457,2,1903,190,batch-00190
6197038,1,1904,190,batch-00190
6197215,1,1905,190,batch-00190
6198182,1,1906,190,batch-00190
6198256,1,1907,190,batch-00190
6198999,1,1908,190,batch-00190
6199702,1,1909,190,batch-00190
6199716,1,1910,191,batch-00191
6200235,1,1911,191,batch-00191
6200709,1,1912,191,batch-00191
6200715,1,1913,191,batch-00191
6205228,1,1914,191,batch-00191
6205384,1,1915,191,batch-00191
6205405,1,1916,191,batch-00191
6205460,1,1917,191,batch-00191
6205468,1,1918,191,batch-00191
6205566,1,1919,191,batch-00191
6205897,1,1920,192,batch-00192
6206214,1,1921,192,batch-00192
6206470,1,1922,192,batch-00192
6206559,1,1923,192,batch-00192
6206751,1,1924,192,batch-00192
6207053,1,1925,192,batch-00192
6209347,1,1926,192,batch-00192
6209677,1,1927,192,batch-00192
6209798,1,1928,192,batch-00192
6211812,1,1929,192,batch-00192
6220470,1,1930,193,batch-00193
6221385,2,1931,193,batch-00193
6222898,1,1932,193,batch-00193
6226290,1,1933,193,batch-00193
6227560,1,1934,193,batch-00193
6228703,1,1935,193,batch-00193
6230649,1,1936,193,batch-00193
6231401,1,1937,193,batch-00193
6233466,1,1938,193,batch-00193
6233483,1,1939,193,batch-00193
6233573,1,1940,194,batch-00194
6233890,1,1941,194,batch-00194
6233903,1,1942,194,batch-00194
6263593,1,1943,194,batch-00194
6265665,1,1944,194,batch-00194
6265792,1,1945,194,batch-00194
6266741,2,1946,194,batch-00194
6267425,1,1947,194,batch-00194
6267535,1,1948,194,batch-00194
6268648,1,1949,194,batch-00194
6268722,1,1950,195,batch-00195
6269070,1,1951,195,batch-00195
6272413,1,1952,195,batch-00195
6276477,1,1953,195,batch-00195
6276791,1,1954,195,batch-00195
6276994,1,1955,195,batch-00195
6277594,1,1956,195,batch-00195
6278762,5,1957,195,batch-00195
6279974,1,1958,195,batch-00195
6283224,1,1959,195,batch-00195
6285094,1,1960,196,batch-00196
6285396,1,1961,196,batch-00196
6285397,1,1962,196,batch-00196
6286155,1,1963,196,batch-00196
6286161,1,1964,196,batch-00196
6286633,1,1965,196,batch-00196
6287313,1,1966,196,batch-00196
6289257,2,1967,196,batch-00196
6289344,1,1968,196,batch-00196
6289897,1,1969,196,batch-00196
6290382,1,1970,197,batch-00197
6291033,1,1971,197,batch-00197
6291653,1,1972,197,batch-00197
6291837,1,1973,197,batch-00197
6292162,1,1974,197,batch-00197
6292732,1,1975,197,batch-00197
6294819,1,1976,197,batch-00197
6301030,1,1977,197,batch-00197
6301035,1,1978,197,batch-00197
6305192,1,1979,197,batch-00197
6307062,1,1980,198,batch-00198
6307063,1,1981,198,batch-00198
6307083,1,1982,198,batch-00198
6307521,2,1983,198,batch-00198
6307537,1,1984,198,batch-00198
6309264,1,1985,198,batch-00198
6310636,1,1986,198,batch-00198
6311520,1,1987,198,batch-00198
6311637,1,1988,198,batch-00198
6311681,1,1989,198,batch-00198
6312314,1,1990,199,batch-00199
6312521,1,1991,199,batch-00199
6312534,1,1992,199,batch-00199
6314173,1,1993,199,batch-00199
6314185,1,1994,199,batch-00199
6342333,1,1995,199,batch-00199
6343170,1,1996,199,batch-00199
6343576,1,1997,199,batch-00199
6345732,2,1998,199,batch-00199
6347299,2,1999,199,batch-00199
6349881,1,2000,200,batch-00200
6350031,1,2001,200,batch-00200
6350476,1,2002,200,batch-00200
6351097,1,2003,200,batch-00200
6356207,1,2004,200,batch-00200
6356692,1,2005,200,batch-00200
6359320,2,2006,200,batch-00200
6359798,1,2007,200,batch-00200
6359802,1,2008,200,batch-00200
6362386,1,2009,200,batch-00200
6362874,1,2010,201,batch-00201
6363494,1,2011,201,batch-00201
6363560,1,2012,201,batch-00201
6364064,1,2013,201,batch-00201
6364067,1,2014,201,batch-00201
6364126,1,2015,201,batch-00201
6364143,1,2016,201,batch-00201
6364162,1,2017,201,batch-00201
6364195,1,2018,201,batch-00201
6364200,1,2019,201,batch-00201
6364215,1,2020,202,batch-00202
6364247,1,2021,202,batch-00202
6364276,1,2022,202,batch-00202
6364294,1,2023,202,batch-00202
6364307,1,2024,202,batch-00202
6364327,1,2025,202,batch-00202
6364582,1,2026,202,batch-00202
6365156,1,2027,202,batch-00202
6365321,1,2028,202,batch-00202
6366559,1,2029,202,batch-00202
6367628,1,2030,203,batch-00203
6367663,1,2031,203,batch-00203
6368175,1,2032,203,batch-00203
6368230,1,2033,203,batch-00203
6369845,1,2034,203,batch-00203
6372268,1,2035,203,batch-00203
6373680,1,2036,203,batch-00203
6381846,2,2037,203,batch-00203
6382217,2,2038,203,batch-00203
6383785,2,2039,203,batch-00203
6383821,1,2040,204,batch-00204
6384840,1,2041,204,batch-00204
6386784,1,2042,204,batch-00204
6387450,1,2043,204,batch-00204
6387542,1,2044,204,batch-00204
6387887,1,2045,204,batch-00204
6388770,1,2046,204,batch-00204
6390236,1,2047,204,batch-00204
6390824,1,2048,204,batch-00204
6392727,1,2049,204,batch-00204
6421188,1,2050,205,batch-00205
6421483,1,2051,205,batch-00205
6421503,1,2052,205,batch-00205
6422070,1,2053,205,batch-00205
6422155,4,2054,205,batch-00205
6425957,2,2055,205,batch-00205
6428700,2,2056,205,batch-00205
6428794,1,2057,205,batch-00205
6429812,1,2058,205,batch-00205
6431670,1,2059,205,batch-00205
6432345,1,2060,206,batch-00206
6435936,1,2061,206,batch-00206
6436029,1,2062,206,batch-00206
6436505,1,2063,206,batch-00206
6437993,1,2064,206,batch-00206
6442246,1,2065,206,batch-00206
6442340,3,2066,206,batch-00206
6442377,1,2067,206,batch-00206
6442602,1,2068,206,batch-00206
6443392,1,2069,206,batch-00206
6444896,1,2070,207,batch-00207
6445531,1,2071,207,batch-00207
6447326,1,2072,207,batch-00207
6448768,1,2073,207,batch-00207
6448890,1,2074,207,batch-00207
6449291,1,2075,207,batch-00207
6449358,1,2076,207,batch-00207
6449552,1,2077,207,batch-00207
6451125,1,2078,207,batch-00207
6451936,2,2079,207,batch-00207
6461850,1,2080,208,batch-00208
6462863,4,2081,208,batch-00208
6462874,2,2082,208,batch-00208
6463499,1,2083,208,batch-00208
6464285,1,2084,208,batch-00208
6466939,1,2085,208,batch-00208
6468138,1,2086,208,batch-00208
6468337,1,2087,208,batch-00208
6468938,1,2088,208,batch-00208
6469946,1,2089,208,batch-00208
6470516,1,2090,209,batch-00209
6470521,1,2091,209,batch-00209
6470917,1,2092,209,batch-00209
6471229,1,2093,209,batch-00209
6471230,1,2094,209,batch-00209
6497146,1,2095,209,batch-00209
6500206,1,2096,209,batch-00209
6501635,1,2097,209,batch-00209
6504534,1,2098,209,batch-00209
6504954,1,2099,209,batch-00209
6507427,1,2100,210,batch-00210
6508221,2,2101,210,batch-00210
6515722,1,2102,210,batch-00210
6516529,1,2103,210,batch-00210
6516874,1,2104,210,batch-00210
6519865,1,2105,210,batch-00210
6521045,3,2106,210,batch-00210
6521174,1,2107,210,batch-00210
6521526,1,2108,210,batch-00210
6521542,1,2109,210,batch-00210
6522242,1,2110,211,batch-00211
6522353,1,2111,211,batch-00211
6522745,1,2112,211,batch-00211
6522750,1,2113,211,batch-00211
6522824,1,2114,211,batch-00211
6523216,1,2115,211,batch-00211
6525106,1,2116,211,batch-00211
6525185,1,2117,211,batch-00211
6525193,1,2118,211,batch-00211
6525196,1,2119,211,batch-00211
6525209,2,2120,212,batch-00212
6525249,1,2121,212,batch-00212
6525280,1,2122,212,batch-00212
6526377,1,2123,212,batch-00212
6527016,1,2124,212,batch-00212
6527229,1,2125,212,batch-00212
6528141,1,2126,212,batch-00212
6528464,2,2127,212,batch-00212
6531143,1,2128,212,batch-00212
6531485,1,2129,212,batch-00212
6531491,1,2130,213,batch-00213
6531496,2,2131,213,batch-00213
6541920,6,2132,213,batch-00213
6543645,1,2133,213,batch-00213
6543674,1,2134,213,batch-00213
6543682,1,2135,213,batch-00213
6543683,1,2136,213,batch-00213
6543893,2,2137,213,batch-00213
6545018,1,2138,213,batch-00213
6545051,1,2139,213,batch-00213
6545358,1,2140,214,batch-00214
6546508,1,2141,214,batch-00214
6546528,1,2142,214,batch-00214
6547322,1,2143,214,batch-00214
6548447,1,2144,214,batch-00214
6579806,1,2145,214,batch-00214
6583107,1,2146,214,batch-00214
6584167,1,2147,214,batch-00214
6584273,1,2148,214,batch-00214
6586746,1,2149,214,batch-00214
6587002,3,2150,215,batch-00215
6587105,1,2151,215,batch-00215
6587280,2,2152,215,batch-00215
6587796,1,2153,215,batch-00215
6590307,1,2154,215,batch-00215
6590362,1,2155,215,batch-00215
6591789,1,2156,215,batch-00215
6592832,1,2157,215,batch-00215
6593363,1,2158,215,batch-00215
6593734,1,2159,215,batch-00215
6594945,1,2160,216,batch-00216
6594972,1,2161,216,batch-00216
6595662,1,2162,216,batch-00216
6599919,1,2163,216,batch-00216
6599975,1,2164,216,batch-00216
6600492,1,2165,216,batch-00216
6603043,1,2166,216,batch-00216
6604328,1,2167,216,batch-00216
6605493,1,2168,216,batch-00216
6606282,1,2169,216,batch-00216
6606438,1,2170,217,batch-00217
6606653,1,2171,217,batch-00217
6606669,1,2172,217,batch-00217
6606934,1,2173,217,batch-00217
6607357,2,2174,217,batch-00217
6607610,1,2175,217,batch-00217
6607644,1,2176,217,batch-00217
6609270,2,2177,217,batch-00217
6610064,1,2178,217,batch-00217
6610219,1,2179,217,batch-00217
6610433,1,2180,218,batch-00218
6611330,1,2181,218,batch-00218
6612284,1,2182,218,batch-00218
6612327,1,2183,218,batch-00218
6612411,1,2184,218,batch-00218
6613006,1,2185,218,batch-00218
6614629,1,2186,218,batch-00218
6614926,1,2187,218,batch-00218
6615511,1,2188,218,batch-00218
6615600,1,2189,218,batch-00218
6616218,2,2190,219,batch-00219
6619815,1,2191,219,batch-00219
6620003,1,2192,219,batch-00219
6621116,1,2193,219,batch-00219
6627507,1,2194,219,batch-00219
6628237,1,2195,219,batch-00219
6628740,1,2196,219,batch-00219
6629156,1,2197,219,batch-00219
6629332,1,2198,219,batch-00219
6629588,1,2199,219,batch-00219
6629993,1,2200,220,batch-00220
6630943,1,2201,220,batch-00220
6634112,1,2202,220,batch-00220
6634133,1,2203,220,batch-00220
6636320,1,2204,220,batch-00220
6665064,2,2205,220,batch-00220
6665223,2,2206,220,batch-00220
6665512,1,2207,220,batch-00220
6665695,1,2208,220,batch-00220
6666233,1,2209,220,batch-00220
6670075,1,2210,221,batch-00221
6672229,1,2211,221,batch-00221
6674908,1,2212,221,batch-00221
6675056,1,2213,221,batch-00221
6675060,1,2214,221,batch-00221
6676725,1,2215,221,batch-00221
6677256,1,2216,221,batch-00221
6677267,1,2217,221,batch-00221
6677841,1,2218,221,batch-00221
6678383,3,2219,221,batch-00221
6679504,1,2220,222,batch-00222
6681473,1,2221,222,batch-00222
6681618,1,2222,222,batch-00222
6685403,1,2223,222,batch-00222
6685526,1,2224,222,batch-00222
6685609,3,2225,222,batch-00222
6690082,2,2226,222,batch-00222
6690171,1,2227,222,batch-00222
6690836,1,2228,222,batch-00222
6692833,1,2229,222,batch-00222
6693640,1,2230,223,batch-00223
6694186,1,2231,223,batch-00223
6695801,1,2232,223,batch-00223
6695889,1,2233,223,batch-00223
6696580,3,2234,223,batch-00223
6697605,1,2235,223,batch-00223
6697716,1,2236,223,batch-00223
6697756,1,2237,223,batch-00223
6698670,1,2238,223,batch-00223
6699562,1,2239,223,batch-00223
6705026,1,2240,224,batch-00224
6705137,1,2241,224,batch-00224
6706287,1,2242,224,batch-00224
6707833,1,2243,224,batch-00224
6707835,1,2244,224,batch-00224
6707942,1,2245,224,batch-00224
6716545,1,2246,224,batch-00224
6720773,1,2247,224,batch-00224
6721123,1,2248,224,batch-00224
6751874,1,2249,224,batch-00224
6752002,1,2250,225,batch-00225
6755944,1,2251,225,batch-00225
6756202,1,2252,225,batch-00225
6756669,1,2253,225,batch-00225
6758917,1,2254,225,batch-00225
6761777,1,2255,225,batch-00225
6762829,1,2256,225,batch-00225
6766634,1,2257,225,batch-00225
6766748,1,2258,225,batch-00225
6767840,1,2259,225,batch-00225
6768394,3,2260,226,batch-00226
6768616,1,2261,226,batch-00226
6773862,1,2262,226,batch-00226
6774537,1,2263,226,batch-00226
6774826,1,2264,226,batch-00226
6774880,1,2265,226,batch-00226
6775985,1,2266,226,batch-00226
6776401,1,2267,226,batch-00226
6778008,1,2268,226,batch-00226
6778019,1,2269,226,batch-00226
6778289,1,2270,227,batch-00227
6779260,1,2271,227,batch-00227
6779726,1,2272,227,batch-00227
6780158,1,2273,227,batch-00227
6780367,1,2274,227,batch-00227
6781047,1,2275,227,batch-00227
6781535,1,2276,227,batch-00227
6781548,1,2277,227,batch-00227
6783732,1,2278,227,batch-00227
6784235,1,2279,227,batch-00227
6784887,1,2280,228,batch-00228
6786037,3,2281,228,batch-00228
6786348,1,2282,228,batch-00228
6792124,1,2283,228,batch-00228
6795089,1,2284,228,batch-00228
6803202,1,2285,228,batch-00228
6803855,1,2286,228,batch-00228
6804648,1,2287,228,batch-00228
6805146,1,2288,228,batch-00228
6806632,1,2289,228,batch-00228
6806695,1,2290,229,batch-00229
6838050,1,2291,229,batch-00229
6841577,1,2292,229,batch-00229
6842682,1,2293,229,batch-00229
6846544,1,2294,229,batch-00229
6846911,1,2295,229,batch-00229
6847018,1,2296,229,batch-00229
6848529,1,2297,229,batch-00229
6849046,1,2298,229,batch-00229
6849310,3,2299,229,batch-00229
6850504,5,2300,230,batch-00230
6850665,1,2301,230,batch-00230
6851425,1,2302,230,batch-00230
6852488,1,2303,230,batch-00230
6859801,1,2304,230,batch-00230
6859813,1,2305,230,batch-00230
6862332,1,2306,230,batch-00230
6862603,1,2307,230,batch-00230
6862721,1,2308,230,batch-00230
6863161,1,2309,230,batch-00230
6863187,1,2310,231,batch-00231
6863839,1,2311,231,batch-00231
6863840,1,2312,231,batch-00231
6863998,1,2313,231,batch-00231
6864569,1,2314,231,batch-00231
6864859,1,2315,231,batch-00231
6864885,1,2316,231,batch-00231
6864891,1,2317,231,batch-00231
6864893,1,2318,231,batch-00231
6866228,1,2319,231,batch-00231
6867555,1,2320,232,batch-00232
6867766,1,2321,232,batch-00232
6869184,1,2322,232,batch-00232
6871071,3,2323,232,batch-00232
6877673,1,2324,232,batch-00232
6878167,1,2325,232,batch-00232
6878240,2,2326,232,batch-00232
6879171,1,2327,232,batch-00232
6879865,1,2328,232,batch-00232
6880517,1,2329,232,batch-00232
6887321,1,2330,233,batch-00233
6889235,1,2331,233,batch-00233
6890618,1,2332,233,batch-00233
6891366,1,2333,233,batch-00233
6891512,1,2334,233,batch-00233
6891513,1,2335,233,batch-00233
6891543,1,2336,233,batch-00233
6891637,1,2337,233,batch-00233
6921944,1,2338,233,batch-00233
6922244,1,2339,233,batch-00233
6922710,1,2340,234,batch-00234
6924203,1,2341,234,batch-00234
6927629,1,2342,234,batch-00234
6928906,1,2343,234,batch-00234
6929016,1,2344,234,batch-00234
6929285,1,2345,234,batch-00234
6929841,1,2346,234,batch-00234
6932987,2,2347,234,batch-00234
6933567,1,2348,234,batch-00234
6933781,1,2349,234,batch-00234
6934291,1,2350,235,batch-00235
6934587,1,2351,235,batch-00235
6936909,2,2352,235,batch-00235
6936966,1,2353,235,batch-00235
6936977,1,2354,235,batch-00235
6937402,1,2355,235,batch-00235
6937529,1,2356,235,batch-00235
6937692,1,2357,235,batch-00235
6939670,1,2358,235,batch-00235
6941084,1,2359,235,batch-00235
6945786,1,2360,236,batch-00236
6946199,1,2361,236,batch-00236
6946985,1,2362,236,batch-00236
6947164,1,2363,236,batch-00236
6948054,4,2364,236,batch-00236
6948480,1,2365,236,batch-00236
6948815,1,2366,236,batch-00236
6949061,2,2367,236,batch-00236
6949550,1,2368,236,batch-00236
6949607,2,2369,236,batch-00236
6950275,1,2370,237,batch-00237
6953281,1,2371,237,batch-00237
6956014,1,2372,237,batch-00237
6956136,1,2373,237,batch-00237
6956216,1,2374,237,batch-00237
6956233,1,2375,237,batch-00237
6960445,1,2376,237,batch-00237
6960446,1,2377,237,batch-00237
6960456,1,2378,237,batch-00237
6960487,1,2379,237,batch-00237
6960913,1,2380,238,batch-00238
6962018,1,2381,238,batch-00238
6962109,1,2382,238,batch-00238
6962901,1,2383,238,batch-00238
6962977,5,2384,238,batch-00238
6964043,1,2385,238,batch-00238
6964159,1,2386,238,batch-00238
6964929,1,2387,238,batch-00238
6965293,1,2388,238,batch-00238
6967278,1,2389,238,batch-00238
6967430,1,2390,239,batch-00239
6973796,1,2391,239,batch-00239
6974867,1,2392,239,batch-00239
6975129,3,2393,239,batch-00239
6975615,1,2394,239,batch-00239
7008149,1,2395,239,batch-00239
7008211,1,2396,239,batch-00239
7009828,1,2397,239,batch-00239
7013923,1,2398,239,batch-00239
7017437,1,2399,239,batch-00239
7019489,1,2400,240,batch-00240
7019524,1,2401,240,batch-00240
7020168,1,2402,240,batch-00240
7021177,1,2403,240,batch-00240
7021534,1,2404,240,batch-00240
7021681,2,2405,240,batch-00240
7022603,1,2406,240,batch-00240
7023960,1,2407,240,batch-00240
7024222,1,2408,240,batch-00240
7024530,1,2409,240,batch-00240
7025526,1,2410,241,batch-00241
7025540,1,2411,241,batch-00241
7025846,1,2412,241,batch-00241
7025851,1,2413,241,batch-00241
7031066,1,2414,241,batch-00241
7031126,1,2415,241,batch-00241
7031132,1,2416,241,batch-00241
7031208,1,2417,241,batch-00241
7031340,1,2418,241,batch-00241
7031430,1,2419,241,batch-00241
7031517,1,2420,242,batch-00242
7031638,1,2421,242,batch-00242
7031726,1,2422,242,batch-00242
7031732,1,2423,242,batch-00242
7031742,1,2424,242,batch-00242
7031767,1,2425,242,batch-00242
7031898,1,2426,242,batch-00242
7031942,1,2427,242,batch-00242
7031948,1,2428,242,batch-00242
7031992,1,2429,242,batch-00242
7032001,1,2430,243,batch-00243
7032117,1,2431,243,batch-00243
7032383,1,2432,243,batch-00243
7032568,1,2433,243,batch-00243
7032687,1,2434,243,batch-00243
7033233,1,2435,243,batch-00243
7033671,1,2436,243,batch-00243
7033713,1,2437,243,batch-00243
7033748,1,2438,243,batch-00243
7037540,1,2439,243,batch-00243
7038096,1,2440,244,batch-00244
7040629,4,2441,244,batch-00244
7045435,1,2442,244,batch-00244
7045496,1,2443,244,batch-00244
7045605,1,2444,244,batch-00244
7046035,1,2445,244,batch-00244
7046804,1,2446,244,batch-00244
7047207,1,2447,244,batch-00244
7047299,1,2448,244,batch-00244
7047363,1,2449,244,batch-00244
7047824,1,2450,245,batch-00245
7047922,1,2451,245,batch-00245
7049486,1,2452,245,batch-00245
7049771,1,2453,245,batch-00245
7050060,1,2454,245,batch-00245
7050989,2,2455,245,batch-00245
7051984,1,2456,245,batch-00245
7053328,1,2457,245,batch-00245
7090524,1,2458,245,batch-00245
7090867,1,2459,245,batch-00245
7091432,1,2460,246,batch-00246
7094486,1,2461,246,batch-00246
7097534,1,2462,246,batch-00246
7097571,1,2463,246,batch-00246
7097965,1,2464,246,batch-00246
7098355,1,2465,246,batch-00246
7100673,4,2466,246,batch-00246
7101828,1,2467,246,batch-00246
7102227,3,2468,246,batch-00246
7102316,3,2469,246,batch-00246
7103919,1,2470,247,batch-00247
7105574,1,2471,247,batch-00247
7106437,1,2472,247,batch-00247
7106438,1,2473,247,batch-00247
7107561,1,2474,247,batch-00247
7107802,1,2475,247,batch-00247
7108433,1,2476,247,batch-00247
7109675,2,2477,247,batch-00247
7109851,1,2478,247,batch-00247
7115200,1,2479,247,batch-00247
7115291,1,2480,248,batch-00248
7115332,1,2481,248,batch-00248
7115463,1,2482,248,batch-00248
7115550,1,2483,248,batch-00248
7115597,1,2484,248,batch-00248
7115661,1,2485,248,batch-00248
7115671,1,2486,248,batch-00248
7115785,3,2487,248,batch-00248
7115878,1,2488,248,batch-00248
7115925,1,2489,248,batch-00248
7116024,1,2490,249,batch-00249
7116043,1,2491,249,batch-00249
7116226,1,2492,249,batch-00249
7116236,1,2493,249,batch-00249
7116282,1,2494,249,batch-00249
7116519,1,2495,249,batch-00249
7116859,1,2496,249,batch-00249
7117003,1,2497,249,batch-00249
7117050,1,2498,249,batch-00249
7117126,1,2499,249,batch-00249
7117147,1,2500,250,batch-00250
7117355,1,2501,250,batch-00250
7117485,1,2502,250,batch-00250
7117513,1,2503,250,batch-00250
7117541,1,2504,250,batch-00250
7117549,1,2505,250,batch-00250
7117710,1,2506,250,batch-00250
7118364,1,2507,250,batch-00250
7118545,1,2508,250,batch-00250
7119481,1,2509,250,batch-00250
7120108,1,2510,251,batch-00251
7121885,1,2511,251,batch-00251
7122259,1,2512,251,batch-00251
7124026,1,2513,251,batch-00251
7124613,1,2514,251,batch-00251
7125636,1,2515,251,batch-00251
7128918,1,2516,251,batch-00251
7129465,1,2517,251,batch-00251
7130418,1,2518,251,batch-00251
7131760,1,2519,251,batch-00251
7132015,1,2520,252,batch-00252
7132542,1,2521,252,batch-00252
7132798,2,2522,252,batch-00252
7133286,1,2523,252,batch-00252
7134976,2,2524,252,batch-00252
7135852,1,2525,252,batch-00252
7136729,1,2526,252,batch-00252
7136958,1,2527,252,batch-00252
7137725,1,2528,252,batch-00252
7137798,1,2529,252,batch-00252
7174349,1,2530,253,batch-00253
7174351,1,2531,253,batch-00253
7175184,2,2532,253,batch-00253
7177553,1,2533,253,batch-00253
7177555,1,2534,253,batch-00253
7177766,1,2535,253,batch-00253
7177892,1,2536,253,batch-00253
7183745,2,2537,253,batch-00253
7185710,1,2538,253,batch-00253
7186665,1,2539,253,batch-00253
7198648,1,2540,254,batch-00254
7199644,1,2541,254,batch-00254
7199724,1,2542,254,batch-00254
7199756,1,2543,254,batch-00254
7199774,1,2544,254,batch-00254
7199883,1,2545,254,batch-00254
7199935,1,2546,254,batch-00254
7200102,1,2547,254,batch-00254
7200225,1,2548,254,batch-00254
7200301,1,2549,254,batch-00254
7200485,1,2550,255,batch-00255
7202957,2,2551,255,batch-00255
7203179,1,2552,255,batch-00255
7203194,1,2553,255,batch-00255
7203326,1,2554,255,batch-00255
7204073,1,2555,255,batch-00255
7204233,1,2556,255,batch-00255
7204981,1,2557,255,batch-00255
7207061,2,2558,255,batch-00255
7210749,1,2559,255,batch-00255
7211141,1,2560,256,batch-00256
7211221,1,2561,256,batch-00256
7211469,1,2562,256,batch-00256
7211879,1,2563,256,batch-00256
7212066,1,2564,256,batch-00256
7212184,1,2565,256,batch-00256
7212722,1,2566,256,batch-00256
7214090,1,2567,256,batch-00256
7215603,1,2568,256,batch-00256
7216284,1,2569,256,batch-00256
7219825,2,2570,257,batch-00257
7219906,1,2571,257,batch-00257
7220320,1,2572,257,batch-00257
7220322,1,2573,257,batch-00257
7220429,1,2574,257,batch-00257
7255336,1,2575,257,batch-00257
7257363,1,2576,257,batch-00257
7257373,1,2577,257,batch-00257
7257966,1,2578,257,batch-00257
7259249,1,2579,257,batch-00257
7259298,1,2580,258,batch-00258
7265298,2,2581,258,batch-00258
7269493,1,2582,258,batch-00258
7269881,1,2583,258,batch-00258
7269974,2,2584,258,batch-00258
7270230,1,2585,258,batch-00258
7273277,1,2586,258,batch-00258
7277317,1,2587,258,batch-00258
7280953,1,2588,258,batch-00258
7281217,1,2589,258,batch-00258
7281229,1,2590,259,batch-00259
7281399,1,2591,259,batch-00259
7281411,1,2592,259,batch-00259
7281454,1,2593,259,batch-00259
7281484,1,2594,259,batch-00259
7281616,1,2595,259,batch-00259
7281668,1,2596,259,batch-00259
7281694,1,2597,259,batch-00259
7281699,1,2598,259,batch-00259
7282008,1,2599,259,batch-00259
7282042,1,2600,260,batch-00260
7282154,1,2601,260,batch-00260
7282168,1,2602,260,batch-00260
7282872,1,2603,260,batch-00260
7285616,1,2604,260,batch-00260
7285673,1,2605,260,batch-00260
7285757,1,2606,260,batch-00260
7286173,1,2607,260,batch-00260
7286911,1,2608,260,batch-00260
7287391,1,2609,260,batch-00260
7287415,1,2610,261,batch-00261
7287995,3,2611,261,batch-00261
7288306,1,2612,261,batch-00261
7288444,1,2613,261,batch-00261
7289157,1,2614,261,batch-00261
7289162,1,2615,261,batch-00261
7289165,1,2616,261,batch-00261
7289317,1,2617,261,batch-00261
7289577,1,2618,261,batch-00261
7293937,1,2619,261,batch-00261
7295235,1,2620,262,batch-00262
7295570,1,2621,262,batch-00262
7296086,1,2622,262,batch-00262
7296094,1,2623,262,batch-00262
7303253,1,2624,262,batch-00262
7303287,3,2625,262,batch-00262
7304449,1,2626,262,batch-00262
7335713,1,2627,262,batch-00262
7335972,1,2628,262,batch-00262
7336754,1,2629,262,batch-00262
7340624,1,2630,263,batch-00263
7347246,1,2631,263,batch-00263
7350067,1,2632,263,batch-00263
7352727,1,2633,263,batch-00263
7353970,1,2634,263,batch-00263
7357531,1,2635,263,batch-00263
7362450,1,2636,263,batch-00263
7362632,1,2637,263,batch-00263
7362696,1,2638,263,batch-00263
7362852,1,2639,263,batch-00263
7364176,1,2640,264,batch-00264
7365447,1,2641,264,batch-00264
7366036,1,2642,264,batch-00264
7366258,4,2643,264,batch-00264
7368103,1,2644,264,batch-00264
7368137,1,2645,264,batch-00264
7368664,1,2646,264,batch-00264
7369523,1,2647,264,batch-00264
7369865,1,2648,264,batch-00264
7373451,2,2649,264,batch-00264
7373877,1,2650,265,batch-00265
7374746,1,2651,265,batch-00265
7375348,1,2652,265,batch-00265
7375795,2,2653,265,batch-00265
7376490,1,2654,265,batch-00265
7376500,1,2655,265,batch-00265
7376982,1,2656,265,batch-00265
7376983,4,2657,265,batch-00265
7377033,1,2658,265,batch-00265
7377200,1,2659,265,batch-00265
7379385,1,2660,266,batch-00266
7380829,1,2661,266,batch-00266
7381695,1,2662,266,batch-00266
7382313,1,2663,266,batch-00266
7385387,1,2664,266,batch-00266
7385478,1,2665,266,batch-00266
7385509,1,2666,266,batch-00266
7386391,1,2667,266,batch-00266
7386827,1,2668,266,batch-00266
7416306,1,2669,266,batch-00266
7418173,1,2670,267,batch-00267
7419318,2,2671,267,batch-00267
7421876,1,2672,267,batch-00267
7422883,1,2673,267,batch-00267
7427764,1,2674,267,batch-00267
7428316,1,2675,267,batch-00267
7428736,1,2676,267,batch-00267
7429240,1,2677,267,batch-00267
7429287,1,2678,267,batch-00267
7430034,1,2679,267,batch-00267
7430876,1,2680,268,batch-00268
7431665,1,2681,268,batch-00268
7431709,1,2682,268,batch-00268
7433585,1,2683,268,batch-00268
7434875,2,2684,268,batch-00268
7435780,1,2685,268,batch-00268
7436177,1,2686,268,batch-00268
7439316,1,2687,268,batch-00268
7440748,2,2688,268,batch-00268
7445445,3,2689,268,batch-00268
7447200,2,2690,269,batch-00269
7448023,1,2691,269,batch-00269
7449136,1,2692,269,batch-00269
7449541,1,2693,269,batch-00269
7449844,1,2694,269,batch-00269
7450747,1,2695,269,batch-00269
7451315,1,2696,269,batch-00269
7455287,3,2697,269,batch-00269
7455553,1,2698,269,batch-00269
7455981,1,2699,269,batch-00269
7456001,1,2700,270,batch-00270
7456521,1,2701,270,batch-00270
7457278,1,2702,270,batch-00270
7457296,1,2703,270,batch-00270
7458309,1,2704,270,batch-00270
7458433,1,2705,270,batch-00270
7458762,1,2706,270,batch-00270
7461307,1,2707,270,batch-00270
7461314,1,2708,270,batch-00270
7463685,1,2709,270,batch-00270
7466863,1,2710,271,batch-00271
7470491,1,2711,271,batch-00271
7503885,1,2712,271,batch-00271
7504778,1,2713,271,batch-00271
7509886,2,2714,271,batch-00271
7510820,1,2715,271,batch-00271
7512982,1,2716,271,batch-00271
7515212,2,2717,271,batch-00271
7515670,1,2718,271,batch-00271
7515762,1,2719,271,batch-00271
7516073,1,2720,272,batch-00272
7517261,1,2721,272,batch-00272
7522911,1,2722,272,batch-00272
7529266,1,2723,272,batch-00272
7531677,1,2724,272,batch-00272
7534267,1,2725,272,batch-00272
7537945,1,2726,272,batch-00272
7538434,1,2727,272,batch-00272
7538450,1,2728,272,batch-00272
7541502,1,2729,272,batch-00272
7541746,1,2730,273,batch-00273
7542369,1,2731,273,batch-00273
7542813,1,2732,273,batch-00273
7543649,1,2733,273,batch-00273
7549209,1,2734,273,batch-00273
7552344,1,2735,273,batch-00273
7552701,1,2736,273,batch-00273
7582689,3,2737,273,batch-00273
7584650,1,2738,273,batch-00273
7584778,1,2739,273,batch-00273
7585481,1,2740,274,batch-00274
7593110,1,2741,274,batch-00274
7595157,2,2742,274,batch-00274
7596240,1,2743,274,batch-00274
7597005,1,2744,274,batch-00274
7597703,1,2745,274,batch-00274
7598128,1,2746,274,batch-00274
7599004,1,2747,274,batch-00274
7601633,1,2748,274,batch-00274
7601918,1,2749,274,batch-00274
7602070,1,2750,275,batch-00275
7603200,3,2751,275,batch-00275
7604328,2,2752,275,batch-00275
7605093,1,2753,275,batch-00275
7605600,1,2754,275,batch-00275
7609553,1,2755,275,batch-00275
7610663,1,2756,275,batch-00275
7612691,1,2757,275,batch-00275
7613246,1,2758,275,batch-00275
7618364,1,2759,275,batch-00275
7620413,1,2760,276,batch-00276
7620660,1,2761,276,batch-00276
7620844,1,2762,276,batch-00276
7622059,1,2763,276,batch-00276
7622072,1,2764,276,batch-00276
7622473,1,2765,276,batch-00276
7622486,2,2766,276,batch-00276
7624297,1,2767,276,batch-00276
7626370,1,2768,276,batch-00276
7626506,2,2769,276,batch-00276
7629518,1,2770,277,batch-00277
7630658,1,2771,277,batch-00277
7631194,1,2772,277,batch-00277
7658229,1,2773,277,batch-00277
7659389,1,2774,277,batch-00277
7661409,1,2775,277,batch-00277
7662744,1,2776,277,batch-00277
7663405,1,2777,277,batch-00277
7663691,1,2778,277,batch-00277
7664272,1,2779,277,batch-00277
7668648,1,2780,278,batch-00278
7668663,1,2781,278,batch-00278
7670485,1,2782,278,batch-00278
7670617,1,2783,278,batch-00278
7670943,1,2784,278,batch-00278
7672097,1,2785,278,batch-00278
7672940,1,2786,278,batch-00278
7673192,4,2787,278,batch-00278
7673841,2,2788,278,batch-00278
7674050,1,2789,278,batch-00278
7676423,1,2790,279,batch-00279
7677005,1,2791,279,batch-00279
7678434,2,2792,279,batch-00279
7679812,1,2793,279,batch-00279
7681230,1,2794,279,batch-00279
7684873,1,2795,279,batch-00279
7685981,1,2796,279,batch-00279
7686191,1,2797,279,batch-00279
7690521,1,2798,279,batch-00279
7690844,1,2799,279,batch-00279
7690855,1,2800,280,batch-00280
7691260,1,2801,280,batch-00280
7691527,1,2802,280,batch-00280
7692093,1,2803,280,batch-00280
7694615,1,2804,280,batch-00280
7695087,1,2805,280,batch-00280
7695093,1,2806,280,batch-00280
7697568,1,2807,280,batch-00280
7699298,1,2808,280,batch-00280
7700561,1,2809,280,batch-00280
7700578,1,2810,281,batch-00281
7700590,1,2811,281,batch-00281
7700622,1,2812,281,batch-00281
7700871,1,2813,281,batch-00281
7703882,1,2814,281,batch-00281
7703910,1,2815,281,batch-00281
7703955,2,2816,281,batch-00281
7707736,1,2817,281,batch-00281
7707742,1,2818,281,batch-00281
7708193,1,2819,281,batch-00281
7708215,1,2820,282,batch-00282
7732285,1,2821,282,batch-00282
7732791,1,2822,282,batch-00282
7741048,1,2823,282,batch-00282
7742408,1,2824,282,batch-00282
7743464,1,2825,282,batch-00282
7747425,4,2826,282,batch-00282
7747457,1,2827,282,batch-00282
7747835,1,2828,282,batch-00282
7749318,1,2829,282,batch-00282
7749773,1,2830,283,batch-00283
7750740,1,2831,283,batch-00283
7751294,1,2832,283,batch-00283
7751562,1,2833,283,batch-00283
7751571,1,2834,283,batch-00283
7755636,1,2835,283,batch-00283
7757698,1,2836,283,batch-00283
7761545,1,2837,283,batch-00283
7761918,1,2838,283,batch-00283
7762723,1,2839,283,batch-00283
7762886,1,2840,284,batch-00284
7763269,1,2841,284,batch-00284
7764367,1,2842,284,batch-00284
7765528,1,2843,284,batch-00284
7767162,1,2844,284,batch-00284
7767559,1,2845,284,batch-00284
7767733,1,2846,284,batch-00284
7768952,1,2847,284,batch-00284
7769072,1,2848,284,batch-00284
7769815,1,2849,284,batch-00284
7769819,1,2850,285,batch-00285
7770450,1,2851,285,batch-00285
7770471,1,2852,285,batch-00285
7773179,1,2853,285,batch-00285
7777365,1,2854,285,batch-00285
7777372,1,2855,285,batch-00285
7777397,1,2856,285,batch-00285
7777416,1,2857,285,batch-00285
7777471,1,2858,285,batch-00285
7777522,1,2859,285,batch-00285
7778437,1,2860,286,batch-00286
7778621,1,2861,286,batch-00286
7778767,1,2862,286,batch-00286
7779077,1,2863,286,batch-00286
7779942,1,2864,286,batch-00286
7798259,1,2865,286,batch-00286
7799701,1,2866,286,batch-00286
7800285,1,2867,286,batch-00286
7802136,1,2868,286,batch-00286
7802719,1,2869,286,batch-00286
7808587,1,2870,287,batch-00287
7810483,1,2871,287,batch-00287
7811537,2,2872,287,batch-00287
7812167,1,2873,287,batch-00287
7812175,1,2874,287,batch-00287
7812179,1,2875,287,batch-00287
7812455,1,2876,287,batch-00287
7812893,1,2877,287,batch-00287
7813039,1,2878,287,batch-00287
7815744,1,2879,287,batch-00287
7815931,1,2880,288,batch-00288
7816665,1,2881,288,batch-00288
7816680,1,2882,288,batch-00288
7818447,1,2883,288,batch-00288
7821010,1,2884,288,batch-00288
7825899,2,2885,288,batch-00288
7826620,1,2886,288,batch-00288
7826659,1,2887,288,batch-00288
7830321,1,2888,288,batch-00288
7830637,1,2889,288,batch-00288
7831264,2,2890,289,batch-00289
7831363,1,2891,289,batch-00289
7832356,1,2892,289,batch-00289
7837302,1,2893,289,batch-00289
7837526,1,2894,289,batch-00289
7838639,1,2895,289,batch-00289
7838655,1,2896,289,batch-00289
7838906,2,2897,289,batch-00289
7840035,1,2898,289,batch-00289
7840044,1,2899,289,batch-00289
7841368,1,2900,290,batch-00290
7841925,2,2901,290,batch-00290
7841986,1,2902,290,batch-00290
7842610,1,2903,290,batch-00290
7846730,1,2904,290,batch-00290
7847104,1,2905,290,batch-00290
7847927,1,2906,290,batch-00290
7849854,1,2907,290,batch-00290
7866921,1,2908,290,batch-00290
7869917,2,2909,290,batch-00290
7870032,1,2910,291,batch-00291
7870250,1,2911,291,batch-00291
7870282,1,2912,291,batch-00291
7870390,3,2913,291,batch-00291
7871954,2,2914,291,batch-00291
7874976,1,2915,291,batch-00291
7877496,1,2916,291,batch-00291
7877818,1,2917,291,batch-00291
7877820,1,2918,291,batch-00291
7877824,1,2919,291,batch-00291
7877978,1,2920,292,batch-00292
7879433,1,2921,292,batch-00292
7879648,1,2922,292,batch-00292
7882360,1,2923,292,batch-00292
7885494,1,2924,292,batch-00292
7885518,1,2925,292,batch-00292
7885558,1,2926,292,batch-00292
7885570,1,2927,292,batch-00292
7886329,1,2928,292,batch-00292
7888957,1,2929,292,batch-00292
7889486,2,2930,293,batch-00293
7891264,1,2931,293,batch-00293
7897936,1,2932,293,batch-00293
7898352,2,2933,293,batch-00293
7898576,1,2934,293,batch-00293
7900114,1,2935,293,batch-00293
7901948,1,2936,293,batch-00293
7903086,1,2937,293,batch-00293
7906671,1,2938,293,batch-00293
7906739,1,2939,293,batch-00293
7907423,3,2940,294,batch-00294
7908367,2,2941,294,batch-00294
7910148,1,2942,294,batch-00294
7914906,1,2943,294,batch-00294
7916058,1,2944,294,batch-00294
7918172,1,2945,294,batch-00294
7918217,1,2946,294,batch-00294
7918992,1,2947,294,batch-00294
7919516,1,2948,294,batch-00294
7919653,1,2949,294,batch-00294
7919867,1,2950,295,batch-00295
7936194,1,2951,295,batch-00295
7938468,1,2952,295,batch-00295
7938496,1,2953,295,batch-00295
7938499,1,2954,295,batch-00295
7938883,1,2955,295,batch-00295
7939330,2,2956,295,batch-00295
7940533,1,2957,295,batch-00295
7941200,1,2958,295,batch-00295
7941635,1,2959,295,batch-00295
7943535,1,2960,296,batch-00296
7947631,1,2961,296,batch-00296
7948784,1,2962,296,batch-00296
7950644,1,2963,296,batch-00296
7950775,1,2964,296,batch-00296
7951018,1,2965,296,batch-00296
7955301,1,2966,296,batch-00296
7955580,1,2967,296,batch-00296
7959310,1,2968,296,batch-00296
7960295,1,2969,296,batch-00296
7960547,1,2970,297,batch-00297
7960980,1,2971,297,batch-00297
7967517,1,2972,297,batch-00297
7968683,1,2973,297,batch-00297
7970629,1,2974,297,batch-00297
7970760,1,2975,297,batch-00297
7971389,1,2976,297,batch-00297
7972785,1,2977,297,batch-00297
7975727,1,2978,297,batch-00297
7976136,1,2979,297,batch-00297
7976435,1,2980,298,batch-00298
7977197,2,2981,298,batch-00298
7983117,1,2982,298,batch-00298
7983756,1,2983,298,batch-00298
7985167,1,2984,298,batch-00298
7985733,1,2985,298,batch-00298
7987086,1,2986,298,batch-00298
7987749,1,2987,298,batch-00298
7987866,1,2988,298,batch-00298
7989422,1,2989,298,batch-00298
8004903,1,2990,299,batch-00299
8007644,1,2991,299,batch-00299
8007675,1,2992,299,batch-00299
8008067,3,2993,299,batch-00299
8008128,1,2994,299,batch-00299
8008206,2,2995,299,batch-00299
8008913,1,2996,299,batch-00299
8009350,1,2997,299,batch-00299
8009496,1,2998,299,batch-00299
8009500,1,2999,299,batch-00299
8012732,1,3000,300,batch-00300
8013289,1,3001,300,batch-00300
8013439,3,3002,300,batch-00300
8015907,1,3003,300,batch-00300
8016211,1,3004,300,batch-00300
8016214,1,3005,300,batch-00300
8016691,1,3006,300,batch-00300
8017703,3,3007,300,batch-00300
8019043,2,3008,300,batch-00300
8022244,2,3009,300,batch-00300
8022489,3,3010,301,batch-00301
8023317,1,3011,301,batch-00301
8025596,1,3012,301,batch-00301
8027902,1,3013,301,batch-00301
8028465,1,3014,301,batch-00301
8029197,1,3015,301,batch-00301
8029848,1,3016,301,batch-00301
8030148,1,3017,301,batch-00301
8030339,2,3018,301,batch-00301
8036287,1,3019,301,batch-00301
8037038,1,3020,302,batch-00302
8037145,4,3021,302,batch-00302
8039892,1,3022,302,batch-00302
8039925,1,3023,302,batch-00302
8041216,1,3024,302,batch-00302
8042453,1,3025,302,batch-00302
8042747,1,3026,302,batch-00302
8042789,1,3027,302,batch-00302
8042835,1,3028,302,batch-00302
8043052,1,3029,302,batch-00302
8043638,1,3030,303,batch-00303
8043714,1,3031,303,batch-00303
8043721,1,3032,303,batch-00303
8043882,1,3033,303,batch-00303
8043968,1,3034,303,batch-00303
8044600,1,3035,303,batch-00303
8044608,1,3036,303,batch-00303
8046659,1,3037,303,batch-00303
8046689,1,3038,303,batch-00303
8047283,1,3039,303,batch-00303
8047428,1,3040,304,batch-00304
8051946,1,3041,304,batch-00304
8052474,1,3042,304,batch-00304
8053552,1,3043,304,batch-00304
8056665,2,3044,304,batch-00304
8073705,1,3045,304,batch-00304
8073806,1,3046,304,batch-00304
8074805,1,3047,304,batch-00304
8075618,1,3048,304,batch-00304
8076630,1,3049,304,batch-00304
8077137,2,3050,305,batch-00305
8078502,1,3051,305,batch-00305
8081187,1,3052,305,batch-00305
8081239,1,3053,305,batch-00305
8081389,1,3054,305,batch-00305
8081899,1,3055,305,batch-00305
8081905,1,3056,305,batch-00305
8082001,1,3057,305,batch-00305
8087812,1,3058,305,batch-00305
8088354,1,3059,305,batch-00305
8094120,1,3060,306,batch-00306
8094140,1,3061,306,batch-00306
8094221,1,3062,306,batch-00306
8095099,1,3063,306,batch-00306
8095110,1,3064,306,batch-00306
8095441,1,3065,306,batch-00306
8097825,1,3066,306,batch-00306
8098300,1,3067,306,batch-00306
8098515,1,3068,306,batch-00306
8098728,1,3069,306,batch-00306
8099138,1,3070,307,batch-00307
8104030,1,3071,307,batch-00307
8104436,1,3072,307,batch-00307
8105398,1,3073,307,batch-00307
8106610,1,3074,307,batch-00307
8107225,1,3075,307,batch-00307
8107380,1,3076,307,batch-00307
8108437,1,3077,307,batch-00307
8108450,1,3078,307,batch-00307
8109107,1,3079,307,batch-00307
8109692,1,3080,308,batch-00308
8110758,1,3081,308,batch-00308
8110767,1,3082,308,batch-00308
8111381,1,3083,308,batch-00308
8111622,1,3084,308,batch-00308
8111919,1,3085,308,batch-00308
8112324,1,3086,308,batch-00308
8113154,1,3087,308,batch-00308
8120608,5,3088,308,batch-00308
8121067,1,3089,308,batch-00308
8121310,1,3090,309,batch-00309
8125580,1,3091,309,batch-00309
8126531,1,3092,309,batch-00309
8126558,1,3093,309,batch-00309
8127586,1,3094,309,batch-00309
8127639,1,3095,309,batch-00309
8127648,1,3096,309,batch-00309
8128067,1,3097,309,batch-00309
8128247,1,3098,309,batch-00309
8128965,1,3099,309,batch-00309
8129005,1,3100,310,batch-00310
8129189,1,3101,310,batch-00310
8129641,1,3102,310,batch-00310
8142787,1,3103,310,batch-00310
8142942,1,3104,310,batch-00310
8143170,1,3105,310,batch-00310
8145789,1,3106,310,batch-00310
8149484,1,3107,310,batch-00310
8150320,5,3108,310,batch-00310
8151055,1,3109,310,batch-00310
8153568,1,3110,311,batch-00311
8155368,1,3111,311,batch-00311
8155584,1,3112,311,batch-00311
8156120,1,3113,311,batch-00311
8158127,2,3114,311,batch-00311
8160953,1,3115,311,batch-00311
8161561,1,3116,311,batch-00311
8162376,1,3117,311,batch-00311
8162789,1,3118,311,batch-00311
8162790,1,3119,311,batch-00311
8164012,1,3120,312,batch-00312
8164257,3,3121,312,batch-00312
8164262,1,3122,312,batch-00312
8165946,1,3123,312,batch-00312
8167938,1,3124,312,batch-00312
8167978,1,3125,312,batch-00312
8167996,3,3126,312,batch-00312
8168187,1,3127,312,batch-00312
8168581,1,3128,312,batch-00312
8174625,1,3129,312,batch-00312
8175131,1,3130,313,batch-00313
8176650,1,3131,313,batch-00313
8176653,1,3132,313,batch-00313
8177798,1,3133,313,batch-00313
8179190,1,3134,313,batch-00313
8179286,1,3135,313,batch-00313
8179325,1,3136,313,batch-00313
8179747,1,3137,313,batch-00313
8180020,1,3138,313,batch-00313
8180063,1,3139,313,batch-00313
8183288,1,3140,314,batch-00314
8183389,1,3141,314,batch-00314
8183911,1,3142,314,batch-00314
8190354,1,3143,314,batch-00314
8191672,1,3144,314,batch-00314
8192911,1,3145,314,batch-00314
8193178,2,3146,314,batch-00314
8193315,1,3147,314,batch-00314
8195877,1,3148,314,batch-00314
8196180,1,3149,314,batch-00314
8197343,1,3150,315,batch-00315
8197560,1,3151,315,batch-00315
8197761,1,3152,315,batch-00315
8197767,1,3153,315,batch-00315
8210018,1,3154,315,batch-00315
8210370,1,3155,315,batch-00315
8210721,1,3156,315,batch-00315
8211521,1,3157,315,batch-00315
8211605,1,3158,315,batch-00315
8212002,1,3159,315,batch-00315
8218379,1,3160,316,batch-00316
8219268,1,3161,316,batch-00316
8219673,1,3162,316,batch-00316
8222813,2,3163,316,batch-00316
8223328,1,3164,316,batch-00316
8223655,1,3165,316,batch-00316
8226050,1,3166,316,batch-00316
8226720,1,3167,316,batch-00316
8226994,3,3168,316,batch-00316
8227661,1,3169,316,batch-00316
8229048,1,3170,317,batch-00317
8229458,1,3171,317,batch-00317
8229696,1,3172,317,batch-00317
8230616,2,3173,317,batch-00317
8230809,1,3174,317,batch-00317
8231299,1,3175,317,batch-00317
8231667,1,3176,317,batch-00317
8231877,1,3177,317,batch-00317
8233702,1,3178,317,batch-00317
8233802,1,3179,317,batch-00317
8234477,1,3180,318,batch-00318
8240109,1,3181,318,batch-00318
8240123,1,3182,318,batch-00318
8240797,2,3183,318,batch-00318
8240861,1,3184,318,batch-00318
8240904,2,3185,318,batch-00318
8242350,1,3186,318,batch-00318
8242434,1,3187,318,batch-00318
8242681,1,3188,318,batch-00318
8243263,1,3189,318,batch-00318
8243283,1,3190,319,batch-00319
8244173,1,3191,319,batch-00319
8244190,1,3192,319,batch-00319
8244295,1,3193,319,batch-00319
8245108,1,3194,319,batch-00319
8246781,1,3195,319,batch-00319
8247638,4,3196,319,batch-00319
8247771,1,3197,319,batch-00319
8248939,1,3198,319,batch-00319
8254882,1,3199,319,batch-00319
8255058,1,3200,320,batch-00320
8255887,1,3201,320,batch-00320
8256044,1,3202,320,batch-00320
8256049,1,3203,320,batch-00320
8257205,2,3204,320,batch-00320
8257407,1,3205,320,batch-00320
8258160,1,3206,320,batch-00320
8258171,1,3207,320,batch-00320
8260198,1,3208,320,batch-00320
8260234,1,3209,320,batch-00320
8260269,1,3210,321,batch-00321
8260902,1,3211,321,batch-00321
8261920,2,3212,321,batch-00321
8262210,1,3213,321,batch-00321
8262223,1,3214,321,batch-00321
8263545,1,3215,321,batch-00321
8263746,1,3216,321,batch-00321
8263752,2,3217,321,batch-00321
8264070,1,3218,321,batch-00321
8264097,1,3219,321,batch-00321
8265156,1,3220,322,batch-00322
8266276,1,3221,322,batch-00322
8277797,2,3222,322,batch-00322
8278371,1,3223,322,batch-00322
8279765,1,3224,322,batch-00322
8280511,3,3225,322,batch-00322
8282651,1,3226,322,batch-00322
8282846,1,3227,322,batch-00322
8285254,1,3228,322,batch-00322
8285970,1,3229,322,batch-00322
8288404,1,3230,323,batch-00323
8288719,1,3231,323,batch-00323
8288947,1,3232,323,batch-00323
8292840,3,3233,323,batch-00323
8293631,1,3234,323,batch-00323
8294484,1,3235,323,batch-00323
8295671,1,3236,323,batch-00323
8296467,1,3237,323,batch-00323
8297017,1,3238,323,batch-00323
8299947,1,3239,323,batch-00323
8299955,1,3240,324,batch-00324
8301013,1,3241,324,batch-00324
8302302,1,3242,324,batch-00324
8302450,1,3243,324,batch-00324
8302455,1,3244,324,batch-00324
8302473,1,3245,324,batch-00324
8307354,1,3246,324,batch-00324
8308260,1,3247,324,batch-00324
8308347,1,3248,324,batch-00324
8311864,1,3249,324,batch-00324
8312222,1,3250,325,batch-00325
8312852,1,3251,325,batch-00325
8314801,1,3252,325,batch-00325
8316503,1,3253,325,batch-00325
8320630,1,3254,325,batch-00325
8321314,1,3255,325,batch-00325
8323753,1,3256,325,batch-00325
8323764,1,3257,325,batch-00325
8326342,1,3258,325,batch-00325
8330548,1,3259,325,batch-00325
8330575,1,3260,326,batch-00326
8331612,1,3261,326,batch-00326
8332986,1,3262,326,batch-00326
8344004,2,3263,326,batch-00326
8345172,1,3264,326,batch-00326
8345358,1,3265,326,batch-00326
8345473,1,3266,326,batch-00326
8346392,1,3267,326,batch-00326
8349582,1,3268,326,batch-00326
8351704,1,3269,326,batch-00326
8352537,1,3270,327,batch-00327
8355239,2,3271,327,batch-00327
8356054,1,3272,327,batch-00327
8358008,1,3273,327,batch-00327
8358012,1,3274,327,batch-00327
8359498,1,3275,327,batch-00327
8360640,1,3276,327,batch-00327
8361905,1,3277,327,batch-00327
8364115,1,3278,327,batch-00327
8364119,1,3279,327,batch-00327
8364969,1,3280,328,batch-00328
8365739,1,3281,328,batch-00328
8367113,1,3282,328,batch-00328
8367298,1,3283,328,batch-00328
8367644,1,3284,328,batch-00328
8374394,1,3285,328,batch-00328
8374494,1,3286,328,batch-00328
8374499,1,3287,328,batch-00328
8374580,1,3288,328,batch-00328
8378634,1,3289,328,batch-00328
8378656,1,3290,329,batch-00329
8378922,1,3291,329,batch-00329
8379547,1,3292,329,batch-00329
8379705,1,3293,329,batch-00329
8380709,1,3294,329,batch-00329
8380743,1,3295,329,batch-00329
8381204,1,3296,329,batch-00329
8381592,1,3297,329,batch-00329
8381693,1,3298,329,batch-00329
8382339,1,3299,329,batch-00329
8386035,1,3300,330,batch-00330
8394721,4,3301,330,batch-00330
8395660,4,3302,330,batch-00330
8397446,1,3303,330,batch-00330
8397947,1,3304,330,batch-00330
8398290,1,3305,330,batch-00330
8409295,1,3306,330,batch-00330
8409588,1,3307,330,batch-00330
8410415,1,3308,330,batch-00330
8410727,2,3309,330,batch-00330
8411947,1,3310,331,batch-00331
8414159,1,3311,331,batch-00331
8414216,1,3312,331,batch-00331
8414716,1,3313,331,batch-00331
8414907,2,3314,331,batch-00331
8414914,1,3315,331,batch-00331
8415200,1,3316,331,batch-00331
8415745,1,3317,331,batch-00331
8415863,1,3318,331,batch-00331
8416523,1,3319,331,batch-00331
8417078,1,3320,332,batch-00332
8423903,1,3321,332,batch-00332
8424002,1,3322,332,batch-00332
8426567,1,3323,332,batch-00332
8429014,1,3324,332,batch-00332
8429314,1,3325,332,batch-00332
8429415,1,3326,332,batch-00332
8429450,1,3327,332,batch-00332
8429566,1,3328,332,batch-00332
8429668,1,3329,332,batch-00332
8430105,1,3330,333,batch-00333
8430964,1,3331,333,batch-00333
8432034,1,3332,333,batch-00333
8435232,1,3333,333,batch-00333
8439323,1,3334,333,batch-00333
8439618,1,3335,333,batch-00333
8440062,1,3336,333,batch-00333
8444552,1,3337,333,batch-00333
8445775,1,3338,333,batch-00333
8453191,1,3339,333,batch-00333
8453211,1,3340,334,batch-00334
8453214,1,3341,334,batch-00334
8453324,1,3342,334,batch-00334
8453851,1,3343,334,batch-00334
8456679,1,3344,334,batch-00334
8458207,1,3345,334,batch-00334
8459354,1,3346,334,batch-00334
8459663,1,3347,334,batch-00334
8460600,1,3348,334,batch-00334
8460634,1,3349,334,batch-00334
8462258,1,3350,335,batch-00335
8463346,2,3351,335,batch-00335
8474898,1,3352,335,batch-00335
8478994,2,3353,335,batch-00335
8479386,1,3354,335,batch-00335
8480285,2,3355,335,batch-00335
8480582,1,3356,335,batch-00335
8480642,1,3357,335,batch-00335
8481129,1,3358,335,batch-00335
8487645,1,3359,335,batch-00335
8487748,1,3360,336,batch-00336
8487805,1,3361,336,batch-00336
8487838,1,3362,336,batch-00336
8488876,1,3363,336,batch-00336
8488878,1,3364,336,batch-00336
8490993,2,3365,336,batch-00336
8491277,1,3366,336,batch-00336
8491745,1,3367,336,batch-00336
8492026,1,3368,336,batch-00336
8492101,1,3369,336,batch-00336
8494142,2,3370,337,batch-00337
8494263,1,3371,337,batch-00337
8494410,2,3372,337,batch-00337
8494542,1,3373,337,batch-00337
8494617,1,3374,337,batch-00337
8495232,1,3375,337,batch-00337
8495415,2,3376,337,batch-00337
8504570,1,3377,337,batch-00337
8505670,2,3378,337,batch-00337
8505920,2,3379,337,batch-00337
8506766,1,3380,338,batch-00338
8507073,1,3381,338,batch-00338
8507475,1,3382,338,batch-00338
8508126,1,3383,338,batch-00338
8508493,1,3384,338,batch-00338
8509346,1,3385,338,batch-00338
8509361,1,3386,338,batch-00338
8509781,1,3387,338,batch-00338
8517303,1,3388,338,batch-00338
8517433,1,3389,338,batch-00338
8519253,1,3390,339,batch-00339
8521059,1,3391,339,batch-00339
8524110,1,3392,339,batch-00339
8524346,1,3393,339,batch-00339
8526387,1,3394,339,batch-00339
8540376,1,3395,339,batch-00339
8543100,1,3396,339,batch-00339
8543278,1,3397,339,batch-00339
8543279,1,3398,339,batch-00339
8544992,2,3399,339,batch-00339
8544996,1,3400,340,batch-00340
8545603,1,3401,340,batch-00340
8547140,1,3402,340,batch-00340
8547429,1,3403,340,batch-00340
8552500,1,3404,340,batch-00340
8552540,1,3405,340,batch-00340
8552565,1,3406,340,batch-00340
8552583,1,3407,340,batch-00340
8552587,1,3408,340,batch-00340
8552607,1,3409,340,batch-00340
8552719,3,3410,341,batch-00341
8553788,1,3411,341,batch-00341
8553907,1,3412,341,batch-00341
8554701,1,3413,341,batch-00341
8556077,1,3414,341,batch-00341
8557246,1,3415,341,batch-00341
8557374,2,3416,341,batch-00341
8558011,2,3417,341,batch-00341
8559152,1,3418,341,batch-00341
8559589,1,3419,341,batch-00341
8559644,2,3420,342,batch-00342
8559796,1,3421,342,batch-00342
8559863,1,3422,342,batch-00342
8560280,1,3423,342,batch-00342
8560285,1,3424,342,batch-00342
8560804,1,3425,342,batch-00342
8560840,1,3426,342,batch-00342
8560861,1,3427,342,batch-00342
8560927,1,3428,342,batch-00342
8560940,1,3429,342,batch-00342
8561063,2,3430,343,batch-00343
8561192,1,3431,343,batch-00343
8561231,1,3432,343,batch-00343
8564587,2,3433,343,batch-00343
8564674,2,3434,343,batch-00343
8565266,1,3435,343,batch-00343
8565900,1,3436,343,batch-00343
8565912,1,3437,343,batch-00343
8569819,1,3438,343,batch-00343
8570333,1,3439,343,batch-00343
8572168,1,3440,344,batch-00344
8572936,1,3441,344,batch-00344
8573168,1,3442,344,batch-00344
8573193,1,3443,344,batch-00344
8574270,1,3444,344,batch-00344
8578780,1,3445,344,batch-00344
8580438,1,3446,344,batch-00344
8581232,1,3447,344,batch-00344
8581658,1,3448,344,batch-00344
8582291,1,3449,344,batch-00344
8583696,1,3450,345,batch-00345
8587439,1,3451,345,batch-00345
8588377,1,3452,345,batch-00345
8588982,1,3453,345,batch-00345
8589731,1,3454,345,batch-00345
8589754,1,3455,345,batch-00345
8590527,1,3456,345,batch-00345
8590776,1,3457,345,batch-00345
8590780,1,3458,345,batch-00345
8591173,1,3459,345,batch-00345
8591693,1,3460,346,batch-00346
8604993,1,3461,346,batch-00346
8605074,1,3462,346,batch-00346
8608490,1,3463,346,batch-00346
8608544,1,3464,346,batch-00346
8609450,5,3465,346,batch-00346
8610483,1,3466,346,batch-00346
8611257,1,3467,346,batch-00346
8611781,1,3468,346,batch-00346
8611832,2,3469,346,batch-00346
8612275,2,3470,347,batch-00347
8612847,1,3471,347,batch-00347
8613535,2,3472,347,batch-00347
8616637,2,3473,347,batch-00347
8616873,1,3474,347,batch-00347
8617363,1,3475,347,batch-00347
8618147,1,3476,347,batch-00347
8618226,1,3477,347,batch-00347
8620402,1,3478,347,batch-00347
8620561,1,3479,347,batch-00347
8620565,1,3480,348,batch-00348
8621026,1,3481,348,batch-00348
8621348,1,3482,348,batch-00348
8621353,1,3483,348,batch-00348
8625732,1,3484,348,batch-00348
8625813,1,3485,348,batch-00348
8625821,1,3486,348,batch-00348
8625925,1,3487,348,batch-00348
8628758,2,3488,348,batch-00348
8628973,1,3489,348,batch-00348
8630788,3,3490,349,batch-00349
8630840,1,3491,349,batch-00349
8631504,1,3492,349,batch-00349
8635938,1,3493,349,batch-00349
8636333,1,3494,349,batch-00349
8636434,1,3495,349,batch-00349
8636600,1,3496,349,batch-00349
8639155,1,3497,349,batch-00349
8644288,3,3498,349,batch-00349
8644365,1,3499,349,batch-00349
8645191,1,3500,350,batch-00350
8647295,1,3501,350,batch-00350
8649876,1,3502,350,batch-00350
8651389,1,3503,350,batch-00350
8651551,1,3504,350,batch-00350
8652360,2,3505,350,batch-00350
8652999,1,3506,350,batch-00350
8653134,1,3507,350,batch-00350
8655354,1,3508,350,batch-00350
8655458,1,3509,350,batch-00350
8668810,1,3510,351,batch-00351
8669092,1,3511,351,batch-00351
8672910,1,3512,351,batch-00351
8676148,1,3513,351,batch-00351
8678594,2,3514,351,batch-00351
8678664,1,3515,351,batch-00351
8680979,2,3516,351,batch-00351
8681734,1,3517,351,batch-00351
8681833,1,3518,351,batch-00351
8683144,1,3519,351,batch-00351
8684730,1,3520,352,batch-00352
8685497,1,3521,352,batch-00352
8686097,1,3522,352,batch-00352
8686150,1,3523,352,batch-00352
8686373,1,3524,352,batch-00352
8686761,1,3525,352,batch-00352
8687088,1,3526,352,batch-00352
8689031,1,3527,352,batch-00352
8689373,3,3528,352,batch-00352
8689793,1,3529,352,batch-00352
8690001,1,3530,353,batch-00353
8692861,2,3531,353,batch-00353
8694309,1,3532,353,batch-00353
8695779,1,3533,353,batch-00353
8700506,1,3534,353,batch-00353
8700537,1,3535,353,batch-00353
8700558,1,3536,353,batch-00353
8700771,1,3537,353,batch-00353
8701327,1,3538,353,batch-00353
8702921,1,3539,353,batch-00353
8703491,1,3540,354,batch-00354
8703506,1,3541,354,batch-00354
8703884,1,3542,354,batch-00354
8703887,1,3543,354,batch-00354
8709688,1,3544,354,batch-00354
8711548,1,3545,354,batch-00354
8711794,1,3546,354,batch-00354
8712863,1,3547,354,batch-00354
8718273,1,3548,354,batch-00354
8719324,2,3549,354,batch-00354
8719419,1,3550,355,batch-00355
8719897,1,3551,355,batch-00355
8733497,1,3552,355,batch-00355
8733898,3,3553,355,batch-00355
8736245,1,3554,355,batch-00355
8737796,1,3555,355,batch-00355
8738115,1,3556,355,batch-00355
8738244,1,3557,355,batch-00355
8738735,2,3558,355,batch-00355
8738775,1,3559,355,batch-00355
8739209,1,3560,356,batch-00356
8740744,1,3561,356,batch-00356
8742270,1,3562,356,batch-00356
8742590,1,3563,356,batch-00356
8742735,1,3564,356,batch-00356
8743244,2,3565,356,batch-00356
8745553,1,3566,356,batch-00356
8746295,1,3567,356,batch-00356
8746310,1,3568,356,batch-00356
8747222,1,3569,356,batch-00356
8748435,1,3570,357,batch-00357
8749844,1,3571,357,batch-00357
8750043,1,3572,357,batch-00357
8750094,1,3573,357,batch-00357
8750503,1,3574,357,batch-00357
8751796,1,3575,357,batch-00357
8753657,2,3576,357,batch-00357
8753896,2,3577,357,batch-00357
8757213,1,3578,357,batch-00357
8757824,1,3579,357,batch-00357
8757910,1,3580,358,batch-00358
8758161,1,3581,358,batch-00358
8758204,1,3582,358,batch-00358
8760040,1,3583,358,batch-00358
8760135,1,3584,358,batch-00358
8761550,1,3585,358,batch-00358
8766222,1,3586,358,batch-00358
8766268,1,3587,358,batch-00358
8766285,1,3588,358,batch-00358
8766650,1,3589,358,batch-00358
8767034,1,3590,359,batch-00359
8773015,1,3591,359,batch-00359
8773869,1,3592,359,batch-00359
8773948,1,3593,359,batch-00359
8780959,3,3594,359,batch-00359
8780968,1,3595,359,batch-00359
8781480,1,3596,359,batch-00359
8784288,1,3597,359,batch-00359
8801316,1,3598,359,batch-00359
8801343,1,3599,359,batch-00359
8802165,1,3600,360,batch-00360
8802693,1,3601,360,batch-00360
8803882,1,3602,360,batch-00360
8804283,2,3603,360,batch-00360
8804397,1,3604,360,batch-00360
8804455,1,3605,360,batch-00360
8804845,2,3606,360,batch-00360
8805348,1,3607,360,batch-00360
8806072,1,3608,360,batch-00360
8806123,2,3609,360,batch-00360
8807057,1,3610,361,batch-00361
8808064,1,3611,361,batch-00361
8813404,1,3612,361,batch-00361
8815031,1,3613,361,batch-00361
8821936,1,3614,361,batch-00361
8822216,2,3615,361,batch-00361
8822366,1,3616,361,batch-00361
8822421,1,3617,361,batch-00361
8822585,1,3618,361,batch-00361
8823397,1,3619,361,batch-00361
8823426,1,3620,362,batch-00362
8823833,1,3621,362,batch-00362
8823868,1,3622,362,batch-00362
8823893,1,3623,362,batch-00362
8824737,1,3624,362,batch-00362
8826007,1,3625,362,batch-00362
8826168,1,3626,362,batch-00362
8826878,1,3627,362,batch-00362
8827575,1,3628,362,batch-00362
8832512,1,3629,362,batch-00362
8832676,1,3630,363,batch-00363
8836888,1,3631,363,batch-00363
8841616,1,3632,363,batch-00363
8845026,1,3633,363,batch-00363
8845205,1,3634,363,batch-00363
8845221,1,3635,363,batch-00363
8845574,1,3636,363,batch-00363
8847111,1,3637,363,batch-00363
8848115,1,3638,363,batch-00363
8848271,1,3639,363,batch-00363
8848288,1,3640,364,batch-00364
8866102,1,3641,364,batch-00364
8866137,1,3642,364,batch-00364
8868649,1,3643,364,batch-00364
8868657,1,3644,364,batch-00364
8868686,1,3645,364,batch-00364
8868907,1,3646,364,batch-00364
8873674,1,3647,364,batch-00364
8874090,1,3648,364,batch-00364
8878187,1,3649,364,batch-00364
8878681,1,3650,365,batch-00365
8879427,1,3651,365,batch-00365
8879915,1,3652,365,batch-00365
8880003,1,3653,365,batch-00365
8880123,1,3654,365,batch-00365
8882847,1,3655,365,batch-00365
8883329,2,3656,365,batch-00365
8883593,1,3657,365,batch-00365
8883727,1,3658,365,batch-00365
8884274,1,3659,365,batch-00365
8885643,1,3660,366,batch-00366
8885673,1,3661,366,batch-00366
8890150,2,3662,366,batch-00366
8890783,2,3663,366,batch-00366
8890924,2,3664,366,batch-00366
8890996,1,3665,366,batch-00366
8891278,1,3666,366,batch-00366
8891684,1,3667,366,batch-00366
8892157,1,3668,366,batch-00366
8892303,1,3669,366,batch-00366
8892720,1,3670,367,batch-00367
8892721,1,3671,367,batch-00367
8892910,1,3672,367,batch-00367
8895758,1,3673,367,batch-00367
8904714,1,3674,367,batch-00367
8906045,1,3675,367,batch-00367
8906676,1,3676,367,batch-00367
8908102,1,3677,367,batch-00367
8912730,1,3678,367,batch-00367
8914779,1,3679,367,batch-00367
8916492,1,3680,368,batch-00368
8934103,1,3681,368,batch-00368
8934495,1,3682,368,batch-00368
8935352,1,3683,368,batch-00368
8935810,1,3684,368,batch-00368
8937019,1,3685,368,batch-00368
8937021,1,3686,368,batch-00368
8938628,1,3687,368,batch-00368
8938937,1,3688,368,batch-00368
8939211,1,3689,368,batch-00368
8939650,1,3690,369,batch-00369
8940918,1,3691,369,batch-00369
8940961,1,3692,369,batch-00369
8947520,1,3693,369,batch-00369
8948424,1,3694,369,batch-00369
8949247,1,3695,369,batch-00369
8949925,1,3696,369,batch-00369
8950568,4,3697,369,batch-00369
8950853,1,3698,369,batch-00369
8951205,1,3699,369,batch-00369
8953059,1,3700,370,batch-00370
8953257,1,3701,370,batch-00370
8953296,1,3702,370,batch-00370
8953414,1,3703,370,batch-00370
8953426,1,3704,370,batch-00370
8953475,1,3705,370,batch-00370
8955709,1,3706,370,batch-00370
8956206,1,3707,370,batch-00370
8957572,1,3708,370,batch-00370
8957954,1,3709,370,batch-00370
8958035,1,3710,371,batch-00371
8959839,1,3711,371,batch-00371
8960918,1,3712,371,batch-00371
8962007,1,3713,371,batch-00371
8962094,4,3714,371,batch-00371
8963721,1,3715,371,batch-00371
8971432,1,3716,371,batch-00371
8972058,2,3717,371,batch-00371
8973129,1,3718,371,batch-00371
8975368,1,3719,371,batch-00371
8978528,2,3720,372,batch-00372
8984706,1,3721,372,batch-00372
8984755,1,3722,372,batch-00372
9001468,1,3723,372,batch-00372
9002237,1,3724,372,batch-00372
9002278,4,3725,372,batch-00372
9003401,1,3726,372,batch-00372
9005854,1,3727,372,batch-00372
9006186,3,3728,372,batch-00372
9006449,3,3729,372,batch-00372
9007609,1,3730,373,batch-00373
9007918,1,3731,373,batch-00373
9007953,1,3732,373,batch-00373
9008220,1,3733,373,batch-00373
9009036,1,3734,373,batch-00373
9009953,1,3735,373,batch-00373
9011825,1,3736,373,batch-00373
9015738,1,3737,373,batch-00373
9016295,1,3738,373,batch-00373
9020114,1,3739,373,batch-00373
9020160,3,3740,374,batch-00374
9021047,1,3741,374,batch-00374
9021075,1,3742,374,batch-00374
9022166,1,3743,374,batch-00374
9024857,2,3744,374,batch-00374
9025914,1,3745,374,batch-00374
9025922,1,3746,374,batch-00374
9025971,1,3747,374,batch-00374
9026007,1,3748,374,batch-00374
9026749,1,3749,374,batch-00374
9027841,1,3750,375,batch-00375
9027909,1,3751,375,batch-00375
9028474,1,3752,375,batch-00375
9029486,1,3753,375,batch-00375
9030537,1,3754,375,batch-00375
9031209,1,3755,375,batch-00375
9034103,1,3756,375,batch-00375
9040849,1,3757,375,batch-00375
9042357,1,3758,375,batch-00375
9044228,1,3759,375,batch-00375
9048145,1,3760,376,batch-00376
9048161,1,3761,376,batch-00376
9049010,1,3762,376,batch-00376
9049550,1,3763,376,batch-00376
9049673,1,3764,376,batch-00376
9049697,1,3765,376,batch-00376
9053086,1,3766,376,batch-00376
9053112,1,3767,376,batch-00376
9070666,1,3768,376,batch-00376
9071386,1,3769,376,batch-00376
9071593,2,3770,377,batch-00377
9072190,1,3771,377,batch-00377
9072639,1,3772,377,batch-00377
9075882,1,3773,377,batch-00377
9076513,1,3774,377,batch-00377
9077124,1,3775,377,batch-00377
9079587,1,3776,377,batch-00377
9079915,1,3777,377,batch-00377
9083470,1,3778,377,batch-00377
9083503,1,3779,377,batch-00377
9083564,1,3780,378,batch-00378
9084778,1,3781,378,batch-00378
9084832,1,3782,378,batch-00378
9085563,1,3783,378,batch-00378
9086251,1,3784,378,batch-00378
9091755,1,3785,378,batch-00378
9092504,2,3786,378,batch-00378
9093566,1,3787,378,batch-00378
9093859,1,3788,378,batch-00378
9094763,1,3789,378,batch-00378
9097120,1,3790,379,batch-00379
9097892,1,3791,379,batch-00379
9098810,1,3792,379,batch-00379
9099950,1,3793,379,batch-00379
9100953,2,3794,379,batch-00379
9101208,1,3795,379,batch-00379
9101271,1,3796,379,batch-00379
9101279,1,3797,379,batch-00379
9101400,1,3798,379,batch-00379
9101496,2,3799,379,batch-00379
9108058,1,3800,380,batch-00380
9108085,1,3801,380,batch-00380
9110346,1,3802,380,batch-00380
9110357,1,3803,380,batch-00380
9112931,1,3804,380,batch-00380
9114508,1,3805,380,batch-00380
9115681,1,3806,380,batch-00380
9115800,1,3807,380,batch-00380
9116075,1,3808,380,batch-00380
9117416,2,3809,380,batch-00380
9118340,1,3810,381,batch-00381
9119405,1,3811,381,batch-00381
9119458,1,3812,381,batch-00381
9119568,2,3813,381,batch-00381
9119652,1,3814,381,batch-00381
9139084,1,3815,381,batch-00381
9141355,1,3816,381,batch-00381
9141746,2,3817,381,batch-00381
9142225,1,3818,381,batch-00381
9143254,1,3819,381,batch-00381
9146018,3,3820,382,batch-00382
9150827,1,3821,382,batch-00382
9153554,1,3822,382,batch-00382
9153570,1,3823,382,batch-00382
9153823,1,3824,382,batch-00382
9156585,1,3825,382,batch-00382
9157634,1,3826,382,batch-00382
9157908,1,3827,382,batch-00382
9159198,1,3828,382,batch-00382
9159242,1,3829,382,batch-00382
9159265,1,3830,383,batch-00383
9159275,1,3831,383,batch-00383
9159301,1,3832,383,batch-00383
9161118,1,3833,383,batch-00383
9162741,1,3834,383,batch-00383
9163674,1,3835,383,batch-00383
9164836,1,3836,383,batch-00383
9166862,1,3837,383,batch-00383
9166870,1,3838,383,batch-00383
9171801,1,3839,383,batch-00383
9172506,1,3840,384,batch-00384
9177629,1,3841,384,batch-00384
9178185,1,3842,384,batch-00384
9179531,1,3843,384,batch-00384
9180282,1,3844,384,batch-00384
9181340,1,3845,384,batch-00384
9183378,1,3846,384,batch-00384
9205907,1,3847,384,batch-00384
9205938,2,3848,384,batch-00384
9205993,1,3849,384,batch-00384
9207508,1,3850,385,batch-00385
9209624,2,3851,385,batch-00385
9209808,1,3852,385,batch-00385
9210387,1,3853,385,batch-00385
9210823,1,3854,385,batch-00385
9210828,1,3855,385,batch-00385
9214712,2,3856,385,batch-00385
9214713,1,3857,385,batch-00385
9214715,2,3858,385,batch-00385
9214942,1,3859,385,batch-00385
9216775,1,3860,386,batch-00386
9216810,1,3861,386,batch-00386
9220612,1,3862,386,batch-00386
9221398,1,3863,386,batch-00386
9221517,1,3864,386,batch-00386
9222516,1,3865,386,batch-00386
9225395,1,3866,386,batch-00386
9226339,1,3867,386,batch-00386
9229657,1,3868,386,batch-00386
9230021,1,3869,386,batch-00386
9236858,1,3870,387,batch-00387
9239670,1,3871,387,batch-00387
9240664,1,3872,387,batch-00387
9243795,1,3873,387,batch-00387
9244508,1,3874,387,batch-00387
9244756,1,3875,387,batch-00387
9246715,1,3876,387,batch-00387
9264949,1,3877,387,batch-00387
9266285,1,3878,387,batch-00387
9266431,1,3879,387,batch-00387
9267996,1,3880,388,batch-00388
9268456,1,3881,388,batch-00388
9269042,1,3882,388,batch-00388
9269281,1,3883,388,batch-00388
9271752,1,3884,388,batch-00388
9272070,1,3885,388,batch-00388
9277896,1,3886,388,batch-00388
9278021,1,3887,388,batch-00388
9278553,1,3888,388,batch-00388
9278725,1,3889,388,batch-00388
9279354,1,3890,389,batch-00389
9279669,1,3891,389,batch-00389
9280239,1,3892,389,batch-00389
9282687,1,3893,389,batch-00389
9282762,1,3894,389,batch-00389
9282769,1,3895,389,batch-00389
9284741,1,3896,389,batch-00389
9285265,2,3897,389,batch-00389
9285568,1,3898,389,batch-00389
9286728,1,3899,389,batch-00389
9288786,1,3900,390,batch-00390
9291039,2,3901,390,batch-00390
9291368,2,3902,390,batch-00390
9291378,1,3903,390,batch-00390
9291629,1,3904,390,batch-00390
9291748,1,3905,390,batch-00390
9300285,1,3906,390,batch-00390
9301506,1,3907,390,batch-00390
9302543,1,3908,390,batch-00390
9304101,1,3909,390,batch-00390
9304976,1,3910,391,batch-00391
9305831,1,3911,391,batch-00391
9307105,1,3912,391,batch-00391
9307509,1,3913,391,batch-00391
9307966,1,3914,391,batch-00391
9328641,1,3915,391,batch-00391
9328852,1,3916,391,batch-00391
9328864,1,3917,391,batch-00391
9334289,3,3918,391,batch-00391
9334490,1,3919,391,batch-00391
9334893,1,3920,392,batch-00392
9336200,1,3921,392,batch-00392
9340460,1,3922,392,batch-00392
9343862,1,3923,392,batch-00392
9344623,1,3924,392,batch-00392
9345819,1,3925,392,batch-00392
9346253,1,3926,392,batch-00392
9347009,1,3927,392,batch-00392
9347066,1,3928,392,batch-00392
9347899,3,3929,392,batch-00392
9349482,1,3930,393,batch-00393
9349757,1,3931,393,batch-00393
9351316,2,3932,393,batch-00393
9351920,1,3933,393,batch-00393
9353182,1,3934,393,batch-00393
9353314,1,3935,393,batch-00393
9353742,1,3936,393,batch-00393
9357275,1,3937,393,batch-00393
9357375,1,3938,393,batch-00393
9364290,2,3939,393,batch-00393
9364609,1,3940,394,batch-00394
9366617,1,3941,394,batch-00394
9366886,1,3942,394,batch-00394
9366988,1,3943,394,batch-00394
9366989,1,3944,394,batch-00394
9369366,1,3945,394,batch-00394
9388479,2,3946,394,batch-00394
9388557,1,3947,394,batch-00394
9390653,1,3948,394,batch-00394
9390655,1,3949,394,batch-00394
9391208,1,3950,395,batch-00395
9391506,1,3951,395,batch-00395
9392016,1,3952,395,batch-00395
9392702,1,3953,395,batch-00395
9394601,1,3954,395,batch-00395
9394605,1,3955,395,batch-00395
9394762,1,3956,395,batch-00395
9394920,1,3957,395,batch-00395
9395024,1,3958,395,batch-00395
9395719,1,3959,395,batch-00395
9401997,1,3960,396,batch-00396
9402583,1,3961,396,batch-00396
9402670,1,3962,396,batch-00396
9405541,1,3963,396,batch-00396
9405595,1,3964,396,batch-00396
9406892,1,3965,396,batch-00396
9406990,1,3966,396,batch-00396
9409493,1,3967,396,batch-00396
9410930,1,3968,396,batch-00396
9411166,2,3969,396,batch-00396
9411317,1,3970,397,batch-00397
9411412,1,3971,397,batch-00397
9411943,1,3972,397,batch-00397
9412445,1,3973,397,batch-00397
9412462,1,3974,397,batch-00397
9412623,1,3975,397,batch-00397
9412760,2,3976,397,batch-00397
9415172,3,3977,397,batch-00397
9418508,1,3978,397,batch-00397
9418619,1,3979,397,batch-00397
9418994,1,3980,398,batch-00398
9426071,1,3981,398,batch-00398
9429631,1,3982,398,batch-00398
9446824,1,3983,398,batch-00398
9447166,1,3984,398,batch-00398
9450647,1,3985,398,batch-00398
9451096,1,3986,398,batch-00398
9451127,1,3987,398,batch-00398
9451706,3,3988,398,batch-00398
9455325,1,3989,398,batch-00398
9455556,2,3990,399,batch-00399
9455677,1,3991,399,batch-00399
9458343,1,3992,399,batch-00399
9458613,5,3993,399,batch-00399
9466042,1,3994,399,batch-00399
9466429,1,3995,399,batch-00399
9466668,4,3996,399,batch-00399
9467404,1,3997,399,batch-00399
9468296,1,3998,399,batch-00399
9468382,1,3999,399,batch-00399
9468384,1,4000,400,batch-00400
9468551,1,4001,400,batch-00400
9468717,1,4002,400,batch-00400
9471268,3,4003,400,batch-00400
9471755,1,4004,400,batch-00400
9471974,2,4005,400,batch-00400
9472000,1,4006,400,batch-00400
9472074,1,4007,400,batch-00400
9473078,1,4008,400,batch-00400
9474222,1,4009,400,batch-00400
9474232,1,4010,401,batch-00401
9474483,1,4011,401,batch-00401
9474485,1,4012,401,batch-00401
9474493,1,4013,401,batch-00401
9474969,1,4014,401,batch-00401
9475552,2,4015,401,batch-00401
9478990,1,4016,401,batch-00401
9479273,1,4017,401,batch-00401
9479460,1,4018,401,batch-00401
9480189,3,4019,401,batch-00401
9480310,1,4020,402,batch-00402
9480535,1,4021,402,batch-00402
9489348,1,4022,402,batch-00402
9489524,3,4023,402,batch-00402
9489947,1,4024,402,batch-00402
9489953,1,4025,402,batch-00402
9490653,1,4026,402,batch-00402
9509207,1,4027,402,batch-00402
9509223,1,4028,402,batch-00402
9512687,1,4029,402,batch-00402
9513865,1,4030,403,batch-00403
9517393,2,4031,403,batch-00403
9518318,2,4032,403,batch-00403
9518558,1,4033,403,batch-00403
9518651,1,4034,403,batch-00403
9518710,1,4035,403,batch-00403
9520443,1,4036,403,batch-00403
9520668,1,4037,403,batch-00403
9520700,1,4038,403,batch-00403
9520838,1,4039,403,batch-00403
9527334,1,4040,404,batch-00404
9527915,1,4041,404,batch-00404
9528420,1,4042,404,batch-00404
9528430,1,4043,404,batch-00404
9529148,1,4044,404,batch-00404
9529294,1,4045,404,batch-00404
9529733,1,4046,404,batch-00404
9529744,3,4047,404,batch-00404
9529856,1,4048,404,batch-00404
9530945,2,4049,404,batch-00404
9531850,1,4050,405,batch-00405
9532052,1,4051,405,batch-00405
9532117,1,4052,405,batch-00405
9532123,1,4053,405,batch-00405
9532421,1,4054,405,batch-00405
9532424,1,4055,405,batch-00405
9532637,1,4056,405,batch-00405
9532710,1,4057,405,batch-00405
9532997,1,4058,405,batch-00405
9535080,1,4059,405,batch-00405
9535876,1,4060,406,batch-00406
9535881,1,4061,406,batch-00406
9536048,1,4062,406,batch-00406
9536692,1,4063,406,batch-00406
9536836,1,4064,406,batch-00406
9540450,1,4065,406,batch-00406
9540675,1,4066,406,batch-00406
9541089,1,4067,406,batch-00406
9541094,1,4068,406,batch-00406
9541163,1,4069,406,batch-00406
9541295,1,4070,407,batch-00407
9541322,1,4071,407,batch-00407
9541567,1,4072,407,batch-00407
9549471,1,4073,407,batch-00407
9549472,1,4074,407,batch-00407
9549648,1,4075,407,batch-00407
9551430,1,4076,407,batch-00407
9552608,1,4077,407,batch-00407
9569711,1,4078,407,batch-00407
9569866,1,4079,407,batch-00407
9570741,1,4080,408,batch-00408
9573539,1,4081,408,batch-00408
9573685,1,4082,408,batch-00408
9574614,1,4083,408,batch-00408
9576197,1,4084,408,batch-00408
9577855,1,4085,408,batch-00408
9578686,1,4086,408,batch-00408
9579192,1,4087,408,batch-00408
9579499,1,4088,408,batch-00408
9579641,2,4089,408,batch-00408
9579753,1,4090,409,batch-00409
9579789,1,4091,409,batch-00409
9579860,1,4092,409,batch-00409
9583881,1,4093,409,batch-00409
9588822,1,4094,409,batch-00409
9588880,1,4095,409,batch-00409
9589323,1,4096,409,batch-00409
9589524,1,4097,409,batch-00409
9590976,3,4098,409,batch-00409
9591070,1,4099,409,batch-00409
9591728,1,4100,410,batch-00410
9592575,1,4101,410,batch-00410
9592579,1,4102,410,batch-00410
9592705,1,4103,410,batch-00410
9592831,1,4104,410,batch-00410
9592850,1,4105,410,batch-00410
9592855,1,4106,410,batch-00410
9593757,1,4107,410,batch-00410
9593759,1,4108,410,batch-00410
9593773,1,4109,410,batch-00410
9594184,1,4110,411,batch-00411
9595827,1,4111,411,batch-00411
9596089,1,4112,411,batch-00411
9597058,1,4113,411,batch-00411
9597095,1,4114,411,batch-00411
9597345,3,4115,411,batch-00411
9597411,1,4116,411,batch-00411
9597729,2,4117,411,batch-00411
9597806,1,4118,411,batch-00411
9597854,1,4119,411,batch-00411
9602421,1,4120,412,batch-00412
9602431,1,4121,412,batch-00412
9602514,1,4122,412,batch-00412
9602538,1,4123,412,batch-00412
9602562,1,4124,412,batch-00412
9602595,1,4125,412,batch-00412
9602613,1,4126,412,batch-00412
9602658,1,4127,412,batch-00412
9602775,1,4128,412,batch-00412
9605514,3,4129,412,batch-00412
9607164,1,4130,413,batch-00413
9612825,1,4131,413,batch-00413
9613070,1,4132,413,batch-00413
9630640,1,4133,413,batch-00413
9631762,1,4134,413,batch-00413
9631995,1,4135,413,batch-00413
9632895,1,4136,413,batch-00413
9634821,1,4137,413,batch-00413
9635510,1,4138,413,batch-00413
9635529,1,4139,413,batch-00413
9635606,1,4140,414,batch-00414
9636135,2,4141,414,batch-00414
9636559,1,4142,414,batch-00414
9636563,1,4143,414,batch-00414
9636569,1,4144,414,batch-00414
9637299,1,4145,414,batch-00414
9639021,1,4146,414,batch-00414
9640439,1,4147,414,batch-00414
9640907,1,4148,414,batch-00414
9640921,2,4149,414,batch-00414
9640924,1,4150,415,batch-00415
9640931,1,4151,415,batch-00415
9640946,1,4152,415,batch-00415
9640962,1,4153,415,batch-00415
9640976,1,4154,415,batch-00415
9640985,1,4155,415,batch-00415
9641008,1,4156,415,batch-00415
9641018,1,4157,415,batch-00415
9641031,1,4158,415,batch-00415
9641041,1,4159,415,batch-00415
9641076,1,4160,416,batch-00416
9641103,1,4161,416,batch-00416
9641144,1,4162,416,batch-00416
9641481,1,4163,416,batch-00416
9642018,1,4164,416,batch-00416
9642292,1,4165,416,batch-00416
9643043,1,4166,416,batch-00416
9643210,1,4167,416,batch-00416
9643874,1,4168,416,batch-00416
9644411,1,4169,416,batch-00416
9644683,1,4170,417,batch-00417
9649205,1,4171,417,batch-00417
9649222,1,4172,417,batch-00417
9649706,1,4173,417,batch-00417
9650808,2,4174,417,batch-00417
9650989,1,4175,417,batch-00417
9651155,1,4176,417,batch-00417
9651234,1,4177,417,batch-00417
9651668,1,4178,417,batch-00417
9652166,1,4179,417,batch-00417
9652632,1,4180,418,batch-00418
9652649,1,4181,418,batch-00418
9652655,1,4182,418,batch-00418
9653622,1,4183,418,batch-00418
9654468,1,4184,418,batch-00418
9654875,1,4185,418,batch-00418
9655419,1,4186,418,batch-00418
9655424,1,4187,418,batch-00418
9655858,1,4188,418,batch-00418
9656252,1,4189,418,batch-00418
9656397,1,4190,419,batch-00419
9656543,1,4191,419,batch-00419
9656547,1,4192,419,batch-00419
9658118,1,4193,419,batch-00419
9658192,1,4194,419,batch-00419
9661869,1,4195,419,batch-00419
9661877,1,4196,419,batch-00419
9661979,1,4197,419,batch-00419
9662811,1,4198,419,batch-00419
9663113,1,4199,419,batch-00419
9664142,1,4200,420,batch-00420
9664215,1,4201,420,batch-00420
9665503,1,4202,420,batch-00420
9665922,1,4203,420,batch-00420
9673173,1,4204,420,batch-00420
9674564,1,4205,420,batch-00420
9674592,2,4206,420,batch-00420
9674608,1,4207,420,batch-00420
9692128,1,4208,420,batch-00420
9692336,1,4209,420,batch-00420
9692345,1,4210,421,batch-00421
9692557,1,4211,421,batch-00421
9693006,1,4212,421,batch-00421
9696358,1,4213,421,batch-00421
9701962,1,4214,421,batch-00421
9702006,1,4215,421,batch-00421
9702072,1,4216,421,batch-00421
9704384,1,4217,421,batch-00421
9710326,1,4218,421,batch-00421
9710611,1,4219,421,batch-00421
9710626,1,4220,422,batch-00422
9710792,1,4221,422,batch-00422
9711751,1,4222,422,batch-00422
9714123,1,4223,422,batch-00422
9714358,1,4224,422,batch-00422
9714550,1,4225,422,batch-00422
9715631,1,4226,422,batch-00422
9715925,1,4227,422,batch-00422
9715939,1,4228,422,batch-00422
9716302,1,4229,422,batch-00422
9716391,1,4230,423,batch-00423
9717943,1,4231,423,batch-00423
9718066,2,4232,423,batch-00423
9718379,1,4233,423,batch-00423
9719634,1,4234,423,batch-00423
9719636,1,4235,423,batch-00423
9724984,1,4236,423,batch-00423
9726659,1,4237,423,batch-00423
9728465,1,4238,423,batch-00423
9729691,1,4239,423,batch-00423
9730163,2,4240,424,batch-00424
9735426,1,4241,424,batch-00424
9752973,1,4242,424,batch-00424
9752982,1,4243,424,batch-00424
9753154,1,4244,424,batch-00424
9757613,4,4245,424,batch-00424
9758089,2,4246,424,batch-00424
9761199,1,4247,424,batch-00424
9761573,1,4248,424,batch-00424
9761615,1,4249,424,batch-00424
9761882,1,4250,425,batch-00425
9762514,1,4251,425,batch-00425
9762519,1,4252,425,batch-00425
9763348,1,4253,425,batch-00425
9765975,1,4254,425,batch-00425
9766437,1,4255,425,batch-00425
9767392,1,4256,425,batch-00425
9770983,1,4257,425,batch-00425
9771576,1,4258,425,batch-00425
9773869,1,4259,425,batch-00425
9774400,1,4260,426,batch-00426
9775253,1,4261,426,batch-00426
9775475,1,4262,426,batch-00426
9775938,2,4263,426,batch-00426
9776186,1,4264,426,batch-00426
9777062,1,4265,426,batch-00426
9777087,1,4266,426,batch-00426
9777089,1,4267,426,batch-00426
9777090,1,4268,426,batch-00426
9777200,1,4269,426,batch-00426
9777251,1,4270,427,batch-00427
9777256,1,4271,427,batch-00427
9777290,1,4272,427,batch-00427
9777556,1,4273,427,batch-00427
9777724,1,4274,427,batch-00427
9777757,1,4275,427,batch-00427
9777990,1,4276,427,batch-00427
9780149,1,4277,427,batch-00427
9782691,2,4278,427,batch-00427
9783760,1,4279,427,batch-00427
9784222,1,4280,428,batch-00428
9784230,1,4281,428,batch-00428
9785454,1,4282,428,batch-00428
9785921,2,4283,428,batch-00428
9786017,1,4284,428,batch-00428
9786821,1,4285,428,batch-00428
9787239,5,4286,428,batch-00428
9790806,1,4287,428,batch-00428
9790965,1,4288,428,batch-00428
9813499,1,4289,428,batch-00428
9813678,1,4290,429,batch-00429
9818381,1,4291,429,batch-00429
9818462,1,4292,429,batch-00429
9818732,1,4293,429,batch-00429
9820483,1,4294,429,batch-00429
9821078,1,4295,429,batch-00429
9821151,1,4296,429,batch-00429
9821454,2,4297,429,batch-00429
9823457,2,4298,429,batch-00429
9823487,1,4299,429,batch-00429
9823519,2,4300,430,batch-00430
9824805,1,4301,430,batch-00430
9825174,1,4302,430,batch-00430
9825625,1,4303,430,batch-00430
9826551,1,4304,430,batch-00430
9827094,1,4305,430,batch-00430
9827149,1,4306,430,batch-00430
9827596,1,4307,430,batch-00430
9828127,1,4308,430,batch-00430
9832208,1,4309,430,batch-00430
9834040,1,4310,431,batch-00431
9834257,1,4311,431,batch-00431
9834719,1,4312,431,batch-00431
9836149,1,4313,431,batch-00431
9836959,1,4314,431,batch-00431
9837083,1,4315,431,batch-00431
9837544,1,4316,431,batch-00431
9837578,1,4317,431,batch-00431
9837586,1,4318,431,batch-00431
9837661,3,4319,431,batch-00431
9837685,1,4320,432,batch-00432
9837720,1,4321,432,batch-00432
9838060,1,4322,432,batch-00432
9838414,1,4323,432,batch-00432
9838468,1,4324,432,batch-00432
9838537,1,4325,432,batch-00432
9838608,1,4326,432,batch-00432
9838761,1,4327,432,batch-00432
9838804,1,4328,432,batch-00432
9838949,1,4329,432,batch-00432
9838975,1,4330,433,batch-00433
9839030,1,4331,433,batch-00433
9839062,1,4332,433,batch-00433
9839081,1,4333,433,batch-00433
9839821,2,4334,433,batch-00433
9842890,1,4335,433,batch-00433
9842906,1,4336,433,batch-00433
9842937,1,4337,433,batch-00433
9844088,1,4338,433,batch-00433
9845898,1,4339,433,batch-00433
9845931,1,4340,434,batch-00434
9846086,1,4341,434,batch-00434
9847239,1,4342,434,batch-00434
9849884,1,4343,434,batch-00434
9850387,1,4344,434,batch-00434
9850843,1,4345,434,batch-00434
9850893,1,4346,434,batch-00434
9850912,1,4347,434,batch-00434
9850957,1,4348,434,batch-00434
9850966,1,4349,434,batch-00434
9851123,1,4350,435,batch-00435
9851126,1,4351,435,batch-00435
9851142,1,4352,435,batch-00435
9851226,1,4353,435,batch-00435
9851271,1,4354,435,batch-00435
9851360,1,4355,435,batch-00435
9851662,1,4356,435,batch-00435
9851845,1,4357,435,batch-00435
9851943,1,4358,435,batch-00435
9851970,1,4359,435,batch-00435
9851983,1,4360,436,batch-00436
9872283,1,4361,436,batch-00436
9872831,1,4362,436,batch-00436
9873254,2,4363,436,batch-00436
9873604,1,4364,436,batch-00436
9873759,1,4365,436,batch-00436
9873869,1,4366,436,batch-00436
9874581,1,4367,436,batch-00436
9875711,1,4368,436,batch-00436
9880190,1,4369,436,batch-00436
9881077,1,4370,437,batch-00437
9881258,1,4371,437,batch-00437
9881662,2,4372,437,batch-00437
9883606,1,4373,437,batch-00437
9884104,3,4374,437,batch-00437
9885417,1,4375,437,batch-00437
9886221,1,4376,437,batch-00437
9886224,1,4377,437,batch-00437
9886255,1,4378,437,batch-00437
9886361,3,4379,437,batch-00437
9886661,1,4380,438,batch-00438
9887224,1,4381,438,batch-00438
9892471,1,4382,438,batch-00438
9892816,4,4383,438,batch-00438
9892856,1,4384,438,batch-00438
9893318,1,4385,438,batch-00438
9895004,1,4386,438,batch-00438
9895006,1,4387,438,batch-00438
9895709,1,4388,438,batch-00438
9896018,2,4389,438,batch-00438
9896435,1,4390,439,batch-00439
9896438,1,4391,439,batch-00439
9896558,2,4392,439,batch-00439
9897364,1,4393,439,batch-00439
9898017,1,4394,439,batch-00439
9898364,1,4395,439,batch-00439
9898447,1,4396,439,batch-00439
9899065,1,4397,439,batch-00439
9899141,1,4398,439,batch-00439
9899153,1,4399,439,batch-00439
9899181,2,4400,440,batch-00440
9899193,1,4401,440,batch-00440
9899216,1,4402,440,batch-00440
9899217,1,4403,440,batch-00440
9899233,1,4404,440,batch-00440
9899256,1,4405,440,batch-00440
9899280,1,4406,440,batch-00440
9899315,1,4407,440,batch-00440
9899345,1,4408,440,batch-00440
9899352,1,4409,440,batch-00440
9899355,1,4410,441,batch-00441
9899410,1,4411,441,batch-00441
9899414,1,4412,441,batch-00441
9899421,1,4413,441,batch-00441
9899449,1,4414,441,batch-00441
9899483,1,4415,441,batch-00441
9899505,1,4416,441,batch-00441
9899514,1,4417,441,batch-00441
9899577,1,4418,441,batch-00441
9899583,1,4419,441,batch-00441
9899607,1,4420,442,batch-00442
9899621,1,4421,442,batch-00442
9899623,1,4422,442,batch-00442
9899630,1,4423,442,batch-00442
9902856,1,4424,442,batch-00442
9904006,2,4425,442,batch-00442
9906489,1,4426,442,batch-00442
9907129,1,4427,442,batch-00442
9907505,1,4428,442,batch-00442
9908486,1,4429,442,batch-00442
9909735,2,4430,443,batch-00443
9910828,1,4431,443,batch-00443
9910942,1,4432,443,batch-00443
9911112,1,4433,443,batch-00443
9911882,1,4434,443,batch-00443
9912977,1,4435,443,batch-00443
9913481,1,4436,443,batch-00443
9913798,1,4437,443,batch-00443
9932970,1,4438,443,batch-00443
9934208,1,4439,443,batch-00443
9934274,1,4440,444,batch-00444
9936698,1,4441,444,batch-00444
9940565,1,4442,444,batch-00444
9941066,1,4443,444,batch-00444
9941387,1,4444,444,batch-00444
9941425,1,4445,444,batch-00444
9941550,1,4446,444,batch-00444
9941662,1,4447,444,batch-00444
9941859,3,4448,444,batch-00444
9943435,1,4449,444,batch-00444
9944421,1,4450,445,batch-00445
9945280,1,4451,445,batch-00445
9945370,1,4452,445,batch-00445
9946525,3,4453,445,batch-00445
9948002,1,4454,445,batch-00445
9950612,4,4455,445,batch-00445
9953736,1,4456,445,batch-00445
9954225,1,4457,445,batch-00445
9955262,1,4458,445,batch-00445
9955598,1,4459,445,batch-00445
9956082,1,4460,446,batch-00446
9957351,1,4461,446,batch-00446
9957627,1,4462,446,batch-00446
9957659,1,4463,446,batch-00446
9957668,1,4464,446,batch-00446
9958053,1,4465,446,batch-00446
9958962,3,4466,446,batch-00446
9959093,1,4467,446,batch-00446
9959368,1,4468,446,batch-00446
9959492,1,4469,446,batch-00446
9959494,1,4470,447,batch-00447
9959545,1,4471,447,batch-00447
9959589,1,4472,447,batch-00447
9959765,1,4473,447,batch-00447
9962455,2,4474,447,batch-00447
9962595,1,4475,447,batch-00447
9962731,1,4476,447,batch-00447
9963009,1,4477,447,batch-00447
9963265,1,4478,447,batch-00447
9963461,1,4479,447,batch-00447
9963524,4,4480,448,batch-00448
9964670,1,4481,448,batch-00448
9964748,1,4482,448,batch-00448
9964801,1,4483,448,batch-00448
9965184,1,4484,448,batch-00448
9965206,1,4485,448,batch-00448
9965439,1,4486,448,batch-00448
9965691,1,4487,448,batch-00448
9965957,1,4488,448,batch-00448
9966115,1,4489,448,batch-00448
9967771,2,4490,449,batch-00449
9967884,1,4491,449,batch-00449
9971475,1,4492,449,batch-00449
9973109,1,4493,449,batch-00449
9973855,1,4494,449,batch-00449
9991621,1,4495,449,batch-00449
9992325,1,4496,449,batch-00449
9993529,1,4497,449,batch-00449
9995402,1,4498,449,batch-00449
9995771,1,4499,449,batch-00449
9996632,1,4500,450,batch-00450
10000490,1,4501,450,batch-00450
10000941,1,4502,450,batch-00450
10001368,1,4503,450,batch-00450
10002266,1,4504,450,batch-00450
10002866,3,4505,450,batch-00450
10004519,1,4506,450,batch-00450
10004738,3,4507,450,batch-00450
10005020,1,4508,450,batch-00450
10005758,2,4509,450,batch-00450
10005788,1,4510,451,batch-00451
10006096,1,4511,451,batch-00451
10006581,1,4512,451,batch-00451
10006641,1,4513,451,batch-00451
10007492,1,4514,451,batch-00451
10010440,1,4515,451,batch-00451
10010452,1,4516,451,batch-00451
10014702,1,4517,451,batch-00451
10014875,1,4518,451,batch-00451
10015937,1,4519,451,batch-00451
10018233,1,4520,452,batch-00452
10019065,1,4521,452,batch-00452
10019399,1,4522,452,batch-00452
10019643,2,4523,452,batch-00452
10019708,2,4524,452,batch-00452
10019763,1,4525,452,batch-00452
10020423,1,4526,452,batch-00452
10022908,1,4527,452,batch-00452
10023069,1,4528,452,batch-00452
10023469,1,4529,452,batch-00452
10024051,1,4530,453,batch-00453
10024701,1,4531,453,batch-00453
10026136,1,4532,453,batch-00453
10026457,1,4533,453,batch-00453
10026458,1,4534,453,batch-00453
10026502,1,4535,453,batch-00453
10027247,1,4536,453,batch-00453
10027323,2,4537,453,batch-00453
10028140,1,4538,453,batch-00453
10028352,1,4539,453,batch-00453
10028535,1,4540,454,batch-00454
10028792,1,4541,454,batch-00454
10030778,1,4542,454,batch-00454
10031409,1,4543,454,batch-00454
10031500,1,4544,454,batch-00454
10031526,1,4545,454,batch-00454
10031643,1,4546,454,batch-00454
10031656,1,4547,454,batch-00454
10031707,1,4548,454,batch-00454
10031808,1,4549,454,batch-00454
10031885,1,4550,455,batch-00455
10031907,1,4551,455,batch-00455
10031918,1,4552,455,batch-00455
10033279,1,4553,455,batch-00455
10034146,1,4554,455,batch-00455
10055126,3,4555,455,batch-00455
10057494,1,4556,455,batch-00455
10059645,1,4557,455,batch-00455
10063044,1,4558,455,batch-00455
10063208,1,4559,455,batch-00455
10063802,1,4560,456,batch-00456
10064256,1,4561,456,batch-00456
10068024,1,4562,456,batch-00456
10068030,1,4563,456,batch-00456
10068383,1,4564,456,batch-00456
10068659,1,4565,456,batch-00456
10068919,1,4566,456,batch-00456
10070468,1,4567,456,batch-00456
10074466,1,4568,456,batch-00456
10079317,1,4569,456,batch-00456
10079481,1,4570,457,batch-00457
10080248,1,4571,457,batch-00457
10081899,1,4572,457,batch-00457
10083623,1,4573,457,batch-00457
10089911,1,4574,457,batch-00457
10090151,1,4575,457,batch-00457
10090219,1,4576,457,batch-00457
10090257,1,4577,457,batch-00457
10091110,2,4578,457,batch-00457
10091257,1,4579,457,batch-00457
10092312,2,4580,458,batch-00458
10093664,1,4581,458,batch-00458
10094670,1,4582,458,batch-00458
10095484,1,4583,458,batch-00458
10095512,1,4584,458,batch-00458
10098844,2,4585,458,batch-00458
10118816,1,4586,458,batch-00458
10122255,1,4587,458,batch-00458
10122538,4,4588,458,batch-00458
10123064,1,4589,458,batch-00458
10125352,1,4590,459,batch-00459
10129482,1,4591,459,batch-00459
10130039,3,4592,459,batch-00459
10130057,1,4593,459,batch-00459
10132832,1,4594,459,batch-00459
10134152,1,4595,459,batch-00459
10136549,2,4596,459,batch-00459
10139305,1,4597,459,batch-00459
10141271,1,4598,459,batch-00459
10141900,3,4599,459,batch-00459
10147276,1,4600,460,batch-00460
10148521,1,4601,460,batch-00460
10149023,1,4602,460,batch-00460
10152836,1,4603,460,batch-00460
10153011,1,4604,460,batch-00460
10153855,1,4605,460,batch-00460
10154388,1,4606,460,batch-00460
10155080,1,4607,460,batch-00460
10155286,1,4608,460,batch-00460
10155434,1,4609,460,batch-00460
10156055,1,4610,461,batch-00461
10156064,1,4611,461,batch-00461
10156110,1,4612,461,batch-00461
10157458,1,4613,461,batch-00461
10158729,1,4614,461,batch-00461
10158990,1,4615,461,batch-00461
10164018,1,4616,461,batch-00461
10166274,3,4617,461,batch-00461
10186945,1,4618,461,batch-00461
10187017,5,4619,461,batch-00461
10187159,1,4620,462,batch-00462
10187563,1,4621,462,batch-00462
10189523,1,4622,462,batch-00462
10189542,1,4623,462,batch-00462
10189546,3,4624,462,batch-00462
10189557,1,4625,462,batch-00462
10190777,1,4626,462,batch-00462
10191036,1,4627,462,batch-00462
10191056,1,4628,462,batch-00462
10191070,1,4629,462,batch-00462
10198109,1,4630,463,batch-00463
10199817,1,4631,463,batch-00463
10202759,1,4632,463,batch-00463
10203349,1,4633,463,batch-00463
10205598,1,4634,463,batch-00463
10206675,1,4635,463,batch-00463
10208759,1,4636,463,batch-00463
10208894,1,4637,463,batch-00463
10212441,2,4638,463,batch-00463
10213902,1,4639,463,batch-00463
10214162,1,4640,464,batch-00464
10214328,1,4641,464,batch-00464
10214873,1,4642,464,batch-00464
10215422,1,4643,464,batch-00464
10215869,1,4644,464,batch-00464
10219288,1,4645,464,batch-00464
10220837,1,4646,464,batch-00464
10220950,1,4647,464,batch-00464
10223616,1,4648,464,batch-00464
10225800,1,4649,464,batch-00464
10226343,1,4650,465,batch-00465
10226420,1,4651,465,batch-00465
10227020,4,4652,465,batch-00465
10227501,1,4653,465,batch-00465
10227863,1,4654,465,batch-00465
10227881,1,4655,465,batch-00465
10228942,1,4656,465,batch-00465
10232693,1,4657,465,batch-00465
10252275,2,4658,465,batch-00465
10253547,2,4659,465,batch-00465
10253638,1,4660,466,batch-00466
10258558,1,4661,466,batch-00466
10259029,1,4662,466,batch-00466
10259031,1,4663,466,batch-00466
10259301,1,4664,466,batch-00466
10263598,1,4665,466,batch-00466
10264202,1,4666,466,batch-00466
10264660,1,4667,466,batch-00466
10265898,2,4668,466,batch-00466
10266615,1,4669,466,batch-00466
10266860,1,4670,467,batch-00467
10267121,1,4671,467,batch-00467
10268714,1,4672,467,batch-00467
10268809,1,4673,467,batch-00467
10268903,1,4674,467,batch-00467
10268907,1,4675,467,batch-00467
10271806,4,4676,467,batch-00467
10272389,1,4677,467,batch-00467
10272442,1,4678,467,batch-00467
10272640,1,4679,467,batch-00467
10274244,1,4680,468,batch-00468
10275074,1,4681,468,batch-00468
10275766,1,4682,468,batch-00468
10275805,1,4683,468,batch-00468
10275880,1,4684,468,batch-00468
10275887,1,4685,468,batch-00468
10281311,1,4686,468,batch-00468
10285631,1,4687,468,batch-00468
10287248,1,4688,468,batch-00468
10288922,1,4689,468,batch-00468
10289119,1,4690,469,batch-00469
10290666,1,4691,469,batch-00469
10292238,1,4692,469,batch-00469
10292465,1,4693,469,batch-00469
10292540,1,4694,469,batch-00469
10294509,1,4695,469,batch-00469
10294608,1,4696,469,batch-00469
10294613,1,4697,469,batch-00469
10296163,1,4698,469,batch-00469
10318874,1,4699,469,batch-00469
10320341,1,4700,470,batch-00470
10321927,1,4701,470,batch-00470
10322797,1,4702,470,batch-00470
10328393,3,4703,470,batch-00470
10328458,1,4704,470,batch-00470
10329196,1,4705,470,batch-00470
10329469,1,4706,470,batch-00470
10329835,1,4707,470,batch-00470
10330115,1,4708,470,batch-00470
10330495,1,4709,470,batch-00470
10332213,1,4710,471,batch-00471
10332789,1,4711,471,batch-00471
10332883,1,4712,471,batch-00471
10337258,1,4713,471,batch-00471
10337517,2,4714,471,batch-00471
10338279,1,4715,471,batch-00471
10338529,1,4716,471,batch-00471
10340212,1,4717,471,batch-00471
10340228,1,4718,471,batch-00471
10340423,2,4719,471,batch-00471
10341777,1,4720,472,batch-00472
10341781,1,4721,472,batch-00472
10341787,1,4722,472,batch-00472
10341831,1,4723,472,batch-00472
10341876,1,4724,472,batch-00472
10341878,1,4725,472,batch-00472
10341905,1,4726,472,batch-00472
10341913,1,4727,472,batch-00472
10341917,1,4728,472,batch-00472
10342041,1,4729,472,batch-00472
10342065,1,4730,473,batch-00473
10342097,1,4731,473,batch-00473
10342248,1,4732,473,batch-00473
10342316,1,4733,473,batch-00473
10345478,1,4734,473,batch-00473
10345862,1,4735,473,batch-00473
10346522,1,4736,473,batch-00473
10350571,3,4737,473,batch-00473
10351231,1,4738,473,batch-00473
10351767,1,4739,473,batch-00473
10352603,1,4740,474,batch-00474
10352938,1,4741,474,batch-00474
10352945,1,4742,474,batch-00474
10353968,1,4743,474,batch-00474
10354039,1,4744,474,batch-00474
10356124,1,4745,474,batch-00474
10357831,1,4746,474,batch-00474
10358759,2,4747,474,batch-00474
10360722,1,4748,474,batch-00474
10362031,1,4749,474,batch-00474
10363115,1,4750,475,batch-00475
10363281,1,4751,475,batch-00475
10363300,1,4752,475,batch-00475
10383687,1,4753,475,batch-00475
10383696,1,4754,475,batch-00475
10383729,1,4755,475,batch-00475
10384798,1,4756,475,batch-00475
10385682,1,4757,475,batch-00475
10385708,1,4758,475,batch-00475
10386922,2,4759,475,batch-00475
10386984,1,4760,476,batch-00476
10387742,2,4761,476,batch-00476
10388286,1,4762,476,batch-00476
10389280,1,4763,476,batch-00476
10395381,1,4764,476,batch-00476
10397315,1,4765,476,batch-00476
10397751,2,4766,476,batch-00476
10399321,1,4767,476,batch-00476
10404545,1,4768,476,batch-00476
10404582,2,4769,476,batch-00476
10405224,1,4770,477,batch-00477
10405482,1,4771,477,batch-00477
10405546,1,4772,477,batch-00477
10407020,1,4773,477,batch-00477
10407047,1,4774,477,batch-00477
10407054,1,4775,477,batch-00477
10407086,1,4776,477,batch-00477
10407210,1,4777,477,batch-00477
10407221,1,4778,477,batch-00477
10407271,1,4779,477,batch-00477
10407430,1,4780,478,batch-00478
10407464,1,4781,478,batch-00478
10407482,1,4782,478,batch-00478
10415227,1,4783,478,batch-00478
10416390,1,4784,478,batch-00478
10417704,1,4785,478,batch-00478
10418224,1,4786,478,batch-00478
10418797,1,4787,478,batch-00478
10419211,1,4788,478,batch-00478
10419312,1,4789,478,batch-00478
10419797,1,4790,479,batch-00479
10420279,1,4791,479,batch-00479
10420301,1,4792,479,batch-00479
10422852,1,4793,479,batch-00479
10425070,2,4794,479,batch-00479
10426656,3,4795,479,batch-00479
10427700,1,4796,479,batch-00479
10453588,1,4797,479,batch-00479
10454313,1,4798,479,batch-00479
10454401,1,4799,479,batch-00479
10454632,1,4800,480,batch-00480
10459805,1,4801,480,batch-00480
10460984,4,4802,480,batch-00480
10461045,1,4803,480,batch-00480
10462462,1,4804,480,batch-00480
10462826,1,4805,480,batch-00480
10464050,1,4806,480,batch-00480
10464078,1,4807,480,batch-00480
10464666,1,4808,480,batch-00480
10468885,1,4809,480,batch-00480
10468940,2,4810,481,batch-00481
10470206,1,4811,481,batch-00481
10470616,1,4812,481,batch-00481
10470779,1,4813,481,batch-00481
10470882,1,4814,481,batch-00481
10470993,1,4815,481,batch-00481
10471005,1,4816,481,batch-00481
10471055,1,4817,481,batch-00481
10471090,1,4818,481,batch-00481
10471167,1,4819,481,batch-00481
10471174,1,4820,482,batch-00482
10471204,1,4821,482,batch-00482
10471243,1,4822,482,batch-00482
10471296,1,4823,482,batch-00482
10471345,1,4824,482,batch-00482
10471515,1,4825,482,batch-00482
10473272,1,4826,482,batch-00482
10480915,1,4827,482,batch-00482
10480921,1,4828,482,batch-00482
10480952,1,4829,482,batch-00482
10480982,2,4830,483,batch-00483
10481045,1,4831,483,batch-00483
10481054,1,4832,483,batch-00483
10482160,1,4833,483,batch-00483
10483644,1,4834,483,batch-00483
10484409,1,4835,483,batch-00483
10485179,1,4836,483,batch-00483
10485250,1,4837,483,batch-00483
10486425,1,4838,483,batch-00483
10487119,1,4839,483,batch-00483
10488450,1,4840,484,batch-00484
10489206,2,4841,484,batch-00484
10489345,1,4842,484,batch-00484
10489521,1,4843,484,batch-00484
10489525,1,4844,484,batch-00484
10489539,1,4845,484,batch-00484
10490960,1,4846,484,batch-00484
10491031,1,4847,484,batch-00484
10491044,1,4848,484,batch-00484
10491062,1,4849,484,batch-00484
10491525,1,4850,485,batch-00485
10491544,1,4851,485,batch-00485
10491554,1,4852,485,batch-00485
10493253,1,4853,485,batch-00485
10513530,2,4854,485,batch-00485
10514429,1,4855,485,batch-00485
10514430,1,4856,485,batch-00485
10514770,1,4857,485,batch-00485
10518399,1,4858,485,batch-00485
10518424,1,4859,485,batch-00485
10518725,1,4860,486,batch-00486
10518735,1,4861,486,batch-00486
10519701,1,4862,486,batch-00486
10525027,1,4863,486,batch-00486
10525049,1,4864,486,batch-00486
10526549,1,4865,486,batch-00486
10526887,1,4866,486,batch-00486
10527135,1,4867,486,batch-00486
10528068,1,4868,486,batch-00486
10531955,1,4869,486,batch-00486
10532751,1,4870,487,batch-00487
10535708,1,4871,487,batch-00487
10535807,1,4872,487,batch-00487
10535858,1,4873,487,batch-00487
10535886,1,4874,487,batch-00487
10535897,1,4875,487,batch-00487
10535926,1,4876,487,batch-00487
10535991,1,4877,487,batch-00487
10536177,1,4878,487,batch-00487
10538176,2,4879,487,batch-00487
10544677,1,4880,488,batch-00488
10545066,1,4881,488,batch-00488
10547378,1,4882,488,batch-00488
10547685,1,4883,488,batch-00488
10549023,1,4884,488,batch-00488
10549562,1,4885,488,batch-00488
10549576,1,4886,488,batch-00488
10549924,1,4887,488,batch-00488
10551346,1,4888,488,batch-00488
10552151,1,4889,488,batch-00488
10552611,2,4890,489,batch-00489
10552700,1,4891,489,batch-00489
10554967,1,4892,489,batch-00489
10554999,2,4893,489,batch-00489
10555375,1,4894,489,batch-00489
10556578,1,4895,489,batch-00489
10577994,2,4896,489,batch-00489
10581918,1,4897,489,batch-00489
10583066,1,4898,489,batch-00489
10583180,1,4899,489,batch-00489
10583181,1,4900,490,batch-00490
10583225,1,4901,490,batch-00490
10583761,1,4902,490,batch-00490
10585738,1,4903,490,batch-00490
10585852,1,4904,490,batch-00490
10585887,1,4905,490,batch-00490
10586004,2,4906,490,batch-00490
10586208,1,4907,490,batch-00490
10587105,3,4908,490,batch-00490
10591855,1,4909,490,batch-00490
10592163,1,4910,491,batch-00491
10593535,1,4911,491,batch-00491
10593626,1,4912,491,batch-00491
10593759,1,4913,491,batch-00491
10599206,1,4914,491,batch-00491
10600261,3,4915,491,batch-00491
10600955,1,4916,491,batch-00491
10601284,3,4917,491,batch-00491
10601538,1,4918,491,batch-00491
10601549,1,4919,491,batch-00491
10601579,1,4920,492,batch-00492
10602291,1,4921,492,batch-00492
10604335,1,4922,492,batch-00492
10604592,1,4923,492,batch-00492
10611420,1,4924,492,batch-00492
10613718,1,4925,492,batch-00492
10614158,1,4926,492,batch-00492
10614845,1,4927,492,batch-00492
10615440,1,4928,492,batch-00492
10616415,1,4929,492,batch-00492
10616571,1,4930,493,batch-00493
10616656,1,4931,493,batch-00493
10616679,1,4932,493,batch-00493
10616829,1,4933,493,batch-00493
10617017,1,4934,493,batch-00493
10617638,1,4935,493,batch-00493
10619109,1,4936,493,batch-00493
10619142,1,4937,493,batch-00493
10619192,1,4938,493,batch-00493
10620329,1,4939,493,batch-00493
10621666,1,4940,494,batch-00494
10646620,1,4941,494,batch-00494
10649230,1,4942,494,batch-00494
10651816,1,4943,494,batch-00494
10651945,1,4944,494,batch-00494
10653179,1,4945,494,batch-00494
10656823,2,4946,494,batch-00494
10657406,2,4947,494,batch-00494
10657664,1,4948,494,batch-00494
10659313,1,4949,494,batch-00494
10661679,1,4950,495,batch-00495
10661718,1,4951,495,batch-00495
10661771,1,4952,495,batch-00495
10661778,1,4953,495,batch-00495
10661913,1,4954,495,batch-00495
10661917,1,4955,495,batch-00495
10661976,1,4956,495,batch-00495
10662021,1,4957,495,batch-00495
10662202,1,4958,495,batch-00495
10663396,1,4959,495,batch-00495
10664150,1,4960,496,batch-00496
10664416,1,4961,496,batch-00496
10666230,1,4962,496,batch-00496
10666242,1,4963,496,batch-00496
10666592,1,4964,496,batch-00496
10668665,1,4965,496,batch-00496
10669994,1,4966,496,batch-00496
10670119,2,4967,496,batch-00496
10676014,1,4968,496,batch-00496
10676824,1,4969,496,batch-00496
10676923,1,4970,497,batch-00497
10676927,1,4971,497,batch-00497
10677186,1,4972,497,batch-00497
10679583,1,4973,497,batch-00497
10682541,1,4974,497,batch-00497
10684670,1,4975,497,batch-00497
10685175,1,4976,497,batch-00497
10686814,1,4977,497,batch-00497
10686864,1,4978,497,batch-00497
10686876,1,4979,497,batch-00497
10686909,1,4980,498,batch-00498
10686930,1,4981,498,batch-00498
10709622,1,4982,498,batch-00498
10710755,1,4983,498,batch-00498
10711551,1,4984,498,batch-00498
10711913,1,4985,498,batch-00498
10713616,1,4986,498,batch-00498
10714072,1,4987,498,batch-00498
10717220,1,4988,498,batch-00498
10717241,1,4989,498,batch-00498
10718726,1,4990,499,batch-00499
10722485,1,4991,499,batch-00499
10723367,2,4992,499,batch-00499
10723750,2,4993,499,batch-00499
10724369,1,4994,499,batch-00499
10724569,1,4995,499,batch-00499
10727668,1,4996,499,batch-00499
10728219,1,4997,499,batch-00499
10729472,1,4998,499,batch-00499
10730034,2,4999,499,batch-00499
10730070,1,5000,500,batch-00500
10730250,1,5001,500,batch-00500
10730703,1,5002,500,batch-00500
10732401,1,5003,500,batch-00500
10733174,1,5004,500,batch-00500
10735331,1,5005,500,batch-00500
10735519,1,5006,500,batch-00500
10735564,1,5007,500,batch-00500
10735575,1,5008,500,batch-00500
10736179,1,5009,500,batch-00500
10736223,1,5010,501,batch-00501
10736489,1,5011,501,batch-00501
10743597,1,5012,501,batch-00501
10743600,1,5013,501,batch-00501
10744335,1,5014,501,batch-00501
10747439,1,5015,501,batch-00501
10747445,1,5016,501,batch-00501
10748390,1,5017,501,batch-00501
10748393,2,5018,501,batch-00501
10748621,1,5019,501,batch-00501
10751515,1,5020,502,batch-00502
10753394,1,5021,502,batch-00502
10753734,1,5022,502,batch-00502
10753922,1,5023,502,batch-00502
10777591,1,5024,502,batch-00502
10779233,1,5025,502,batch-00502
10785538,1,5026,502,batch-00502
10788461,3,5027,502,batch-00502
10790387,1,5028,502,batch-00502
10793172,2,5029,502,batch-00502
10794087,1,5030,503,batch-00503
10794242,1,5031,503,batch-00503
10794405,1,5032,503,batch-00503
10795103,1,5033,503,batch-00503
10797460,2,5034,503,batch-00503
10798605,1,5035,503,batch-00503
10798838,1,5036,503,batch-00503
10799735,1,5037,503,batch-00503
10801100,1,5038,503,batch-00503
10801249,1,5039,503,batch-00503
10801951,1,5040,504,batch-00504
10809677,1,5041,504,batch-00504
10810838,1,5042,504,batch-00504
10811496,1,5043,504,batch-00504
10812504,1,5044,504,batch-00504
10813132,1,5045,504,batch-00504
10815916,1,5046,504,batch-00504
10816107,1,5047,504,batch-00504
10817600,1,5048,504,batch-00504
10842192,1,5049,504,batch-00504
10843203,1,5050,505,batch-00505
10843431,1,5051,505,batch-00505
10843590,2,5052,505,batch-00505
10845188,1,5053,505,batch-00505
10847907,1,5054,505,batch-00505
10848459,1,5055,505,batch-00505
10849244,1,5056,505,batch-00505
10854546,1,5057,505,batch-00505
10854555,1,5058,505,batch-00505
10854768,1,5059,505,batch-00505
10855545,1,5060,506,batch-00506
10857342,1,5061,506,batch-00506
10857519,1,5062,506,batch-00506
10857589,1,5063,506,batch-00506
10858691,4,5064,506,batch-00506
10858737,1,5065,506,batch-00506
10858785,1,5066,506,batch-00506
10858803,1,5067,506,batch-00506
10858832,1,5068,506,batch-00506
10862284,1,5069,506,batch-00506
10863608,1,5070,507,batch-00507
10864531,2,5071,507,batch-00507
10864656,1,5072,507,batch-00507
10867017,1,5073,507,batch-00507
10872983,3,5074,507,batch-00507
10873260,1,5075,507,batch-00507
10874215,1,5076,507,batch-00507
10874226,1,5077,507,batch-00507
10874614,1,5078,507,batch-00507
10874926,1,5079,507,batch-00507
10875245,4,5080,508,batch-00508
10875937,1,5081,508,batch-00508
10876237,1,5082,508,batch-00508
10877024,1,5083,508,batch-00508
10878263,2,5084,508,batch-00508
10879038,1,5085,508,batch-00508
10879208,1,5086,508,batch-00508
10879213,1,5087,508,batch-00508
10879656,1,5088,508,batch-00508
10880507,1,5089,508,batch-00508
10881457,1,5090,509,batch-00509
10904857,1,5091,509,batch-00509
10905239,2,5092,509,batch-00509
10905641,1,5093,509,batch-00509
10905746,1,5094,509,batch-00509
10905911,1,5095,509,batch-00509
10907307,1,5096,509,batch-00509
10908248,1,5097,509,batch-00509
10909127,1,5098,509,batch-00509
10909274,1,5099,509,batch-00509
10910878,3,5100,510,batch-00510
10916600,1,5101,510,batch-00510
10920086,1,5102,510,batch-00510
10920420,1,5103,510,batch-00510
10920813,1,5104,510,batch-00510
10922659,1,5105,510,batch-00510
10923260,1,5106,510,batch-00510
10924340,1,5107,510,batch-00510
10924400,1,5108,510,batch-00510
10924562,1,5109,510,batch-00510
10924853,1,5110,511,batch-00511
10925104,3,5111,511,batch-00511
10925113,1,5112,511,batch-00511
10933561,2,5113,511,batch-00511
10934313,1,5114,511,batch-00511
10934674,1,5115,511,batch-00511
10935310,1,5116,511,batch-00511
10936427,1,5117,511,batch-00511
10936786,1,5118,511,batch-00511
10937029,2,5119,511,batch-00511
10937609,1,5120,512,batch-00512
10960993,1,5121,512,batch-00512
10960995,1,5122,512,batch-00512
10963065,1,5123,512,batch-00512
10963242,1,5124,512,batch-00512
10964265,1,5125,512,batch-00512
10964440,1,5126,512,batch-00512
10965008,1,5127,512,batch-00512
10965588,1,5128,512,batch-00512
10965740,1,5129,512,batch-00512
10965963,1,5130,513,batch-00513
10973583,1,5131,513,batch-00513
10973664,3,5132,513,batch-00513
10973814,2,5133,513,batch-00513
10975146,1,5134,513,batch-00513
10977671,1,5135,513,batch-00513
10978763,3,5136,513,batch-00513
10979716,1,5137,513,batch-00513
10982373,1,5138,513,batch-00513
10982872,3,5139,513,batch-00513
10984090,2,5140,514,batch-00514
10987439,1,5141,514,batch-00514
10987985,1,5142,514,batch-00514
10989032,1,5143,514,batch-00514
10989274,1,5144,514,batch-00514
10990886,1,5145,514,batch-00514
10990917,1,5146,514,batch-00514
10991989,1,5147,514,batch-00514
10992011,1,5148,514,batch-00514
10992733,1,5149,514,batch-00514
11013201,1,5150,515,batch-00515
11014932,4,5151,515,batch-00515
11015108,1,5152,515,batch-00515
11015323,1,5153,515,batch-00515
11017094,1,5154,515,batch-00515
11017901,1,5155,515,batch-00515
11018648,2,5156,515,batch-00515
11019987,1,5157,515,batch-00515
11021252,1,5158,515,batch-00515
11027624,1,5159,515,batch-00515
11027722,1,5160,516,batch-00516
11029877,1,5161,516,batch-00516
11030475,1,5162,516,batch-00516
11030711,1,5163,516,batch-00516
11032227,1,5164,516,batch-00516
11037128,1,5165,516,batch-00516
11037335,2,5166,516,batch-00516
11037511,1,5167,516,batch-00516
11037818,1,5168,516,batch-00516
11043136,1,5169,516,batch-00516
11043167,1,5170,517,batch-00517
11044770,1,5171,517,batch-00517
11044779,1,5172,517,batch-00517
11045383,1,5173,517,batch-00517
11046025,1,5174,517,batch-00517
11046458,1,5175,517,batch-00517
11046870,1,5176,517,batch-00517
11069176,2,5177,517,batch-00517
11071207,1,5178,517,batch-00517
11073223,1,5179,517,batch-00517
11073351,1,5180,518,batch-00518
11074178,2,5181,518,batch-00518
11074541,1,5182,518,batch-00518
11074835,1,5183,518,batch-00518
11075429,1,5184,518,batch-00518
11075737,1,5185,518,batch-00518
11076176,1,5186,518,batch-00518
11076276,1,5187,518,batch-00518
11076279,1,5188,518,batch-00518
11080405,2,5189,518,batch-00518
11081512,1,5190,519,batch-00519
11086270,1,5191,519,batch-00519
11087662,1,5192,519,batch-00519
11090556,2,5193,519,batch-00519
11090561,1,5194,519,batch-00519
11090765,1,5195,519,batch-00519
11093538,1,5196,519,batch-00519
11098004,1,5197,519,batch-00519
11099109,1,5198,519,batch-00519
11099351,1,5199,519,batch-00519
11100383,1,5200,520,batch-00520
11100657,1,5201,520,batch-00520
11100670,1,5202,520,batch-00520
11121752,2,5203,520,batch-00520
11122894,3,5204,520,batch-00520
11124353,1,5205,520,batch-00520
11124509,1,5206,520,batch-00520
11125613,3,5207,520,batch-00520
11125797,1,5208,520,batch-00520
11125936,1,5209,520,batch-00520
11126381,1,5210,521,batch-00521
11127479,1,5211,521,batch-00521
11129258,1,5212,521,batch-00521
11129738,1,5213,521,batch-00521
11133306,1,5214,521,batch-00521
11134879,1,5215,521,batch-00521
11135119,1,5216,521,batch-00521
11135308,1,5217,521,batch-00521
11137065,1,5218,521,batch-00521
11137180,1,5219,521,batch-00521
11138155,1,5220,522,batch-00522
11144439,1,5221,522,batch-00522
11145726,1,5222,522,batch-00522
11145831,1,5223,522,batch-00522
11147276,1,5224,522,batch-00522
11147460,1,5225,522,batch-00522
11147814,1,5226,522,batch-00522
11151677,1,5227,522,batch-00522
11152159,1,5228,522,batch-00522
11152950,1,5229,522,batch-00522
11153121,2,5230,523,batch-00523
11153539,1,5231,523,batch-00523
11154043,1,5232,523,batch-00523
11176127,3,5233,523,batch-00523
11176166,2,5234,523,batch-00523
11177543,1,5235,523,batch-00523
11177676,1,5236,523,batch-00523
11177707,1,5237,523,batch-00523
11179076,1,5238,523,batch-00523
11182260,1,5239,523,batch-00523
11187436,1,5240,524,batch-00524
11187837,1,5241,524,batch-00524
11188249,1,5242,524,batch-00524
11189311,1,5243,524,batch-00524
11192235,1,5244,524,batch-00524
11192998,3,5245,524,batch-00524
11193263,1,5246,524,batch-00524
11194032,1,5247,524,batch-00524
11197126,1,5248,524,batch-00524
11198723,1,5249,524,batch-00524
11199725,1,5250,525,batch-00525
11200405,1,5251,525,batch-00525
11200415,1,5252,525,batch-00525
11200767,1,5253,525,batch-00525
11200773,1,5254,525,batch-00525
11228612,1,5255,525,batch-00525
11231334,1,5256,525,batch-00525
11232745,1,5257,525,batch-00525
11233911,1,5258,525,batch-00525
11234677,1,5259,525,batch-00525
11235323,1,5260,526,batch-00526
11236244,1,5261,526,batch-00526
11240948,1,5262,526,batch-00526
11241814,1,5263,526,batch-00526
11241912,1,5264,526,batch-00526
11242721,1,5265,526,batch-00526
11243547,1,5266,526,batch-00526
11244137,1,5267,526,batch-00526
11244682,1,5268,526,batch-00526
11249624,1,5269,526,batch-00526
11250587,1,5270,527,batch-00527
11250867,1,5271,527,batch-00527
11251058,1,5272,527,batch-00527
11252617,2,5273,527,batch-00527
11253711,1,5274,527,batch-00527
11253827,2,5275,527,batch-00527
11254382,1,5276,527,batch-00527
11255231,1,5277,527,batch-00527
11255761,1,5278,527,batch-00527
11259686,1,5279,527,batch-00527
11283615,1,5280,528,batch-00528
11284772,1,5281,528,batch-00528
11285136,1,5282,528,batch-00528
11285625,1,5283,528,batch-00528
11285870,1,5284,528,batch-00528
11287726,1,5285,528,batch-00528
11288051,3,5286,528,batch-00528
11288505,1,5287,528,batch-00528
11295085,1,5288,528,batch-00528
11295426,2,5289,528,batch-00528
11297236,1,5290,529,batch-00529
11298298,1,5291,529,batch-00529
11298815,1,5292,529,batch-00529
11303322,1,5293,529,batch-00529
11303811,1,5294,529,batch-00529
11303815,1,5295,529,batch-00529
11304958,1,5296,529,batch-00529
11304987,1,5297,529,batch-00529
11308499,2,5298,529,batch-00529
11336883,1,5299,529,batch-00529
11337141,1,5300,530,batch-00530
11337372,2,5301,530,batch-00530
11337566,1,5302,530,batch-00530
11337833,1,5303,530,batch-00530
11338091,1,5304,530,batch-00530
11341314,1,5305,530,batch-00530
11342416,1,5306,530,batch-00530
11342573,1,5307,530,batch-00530
11348086,1,5308,530,batch-00530
11348997,1,5309,530,batch-00530
11350389,1,5310,531,batch-00531
11356260,1,5311,531,batch-00531
11356602,1,5312,531,batch-00531
11357185,1,5313,531,batch-00531
11357192,1,5314,531,batch-00531
11358389,2,5315,531,batch-00531
11358392,1,5316,531,batch-00531
11359305,1,5317,531,batch-00531
11359879,1,5318,531,batch-00531
11360571,1,5319,531,batch-00531
11360805,1,5320,532,batch-00532
11361646,2,5321,532,batch-00532
11389771,3,5322,532,batch-00532
11391018,1,5323,532,batch-00532
11391181,1,5324,532,batch-00532
11391667,1,5325,532,batch-00532
11391957,1,5326,532,batch-00532
11392017,1,5327,532,batch-00532
11392618,1,5328,532,batch-00532
11394027,1,5329,532,batch-00532
11400356,1,5330,533,batch-00533
11401182,1,5331,533,batch-00533
11401755,1,5332,533,batch-00533
11401767,3,5333,533,batch-00533
11401822,1,5334,533,batch-00533
11401845,1,5335,533,batch-00533
11401869,1,5336,533,batch-00533
11402995,1,5337,533,batch-00533
11403044,1,5338,533,batch-00533
11403216,1,5339,533,batch-00533
11403339,1,5340,534,batch-00534
11403389,1,5341,534,batch-00534
11403530,1,5342,534,batch-00534
11404644,1,5343,534,batch-00534
11408935,1,5344,534,batch-00534
11409698,1,5345,534,batch-00534
11410904,1,5346,534,batch-00534
11413812,1,5347,534,batch-00534
11414465,1,5348,534,batch-00534
11414511,1,5349,534,batch-00534
11415243,1,5350,535,batch-00535
11442465,1,5351,535,batch-00535
11442793,6,5352,535,batch-00535
11444514,1,5353,535,batch-00535
11444952,1,5354,535,batch-00535
11446443,1,5355,535,batch-00535
11449696,1,5356,535,batch-00535
11449844,1,5357,535,batch-00535
11450414,2,5358,535,batch-00535
11453592,1,5359,535,batch-00535
11455181,1,5360,536,batch-00536
11455428,1,5361,536,batch-00536
11455484,1,5362,536,batch-00536
11455491,1,5363,536,batch-00536
11456382,1,5364,536,batch-00536
11456405,1,5365,536,batch-00536
11456839,1,5366,536,batch-00536
11457191,1,5367,536,batch-00536
11457726,1,5368,536,batch-00536
11460018,1,5369,536,batch-00536
11460462,1,5370,537,batch-00537
11461433,1,5371,537,batch-00537
11461844,1,5372,537,batch-00537
11463211,1,5373,537,batch-00537
11463950,1,5374,537,batch-00537
11465651,1,5375,537,batch-00537
11465813,1,5376,537,batch-00537
11465950,1,5377,537,batch-00537
11466960,1,5378,537,batch-00537
11493431,1,5379,537,batch-00537
11493732,1,5380,538,batch-00538
11494130,1,5381,538,batch-00538
11495458,1,5382,538,batch-00538
11497958,5,5383,538,batch-00538
11497977,1,5384,538,batch-00538
11498128,1,5385,538,batch-00538
11499192,1,5386,538,batch-00538
11499228,1,5387,538,batch-00538
11499263,1,5388,538,batch-00538
11499757,1,5389,538,batch-00538
11501492,1,5390,539,batch-00539
11502172,1,5391,539,batch-00539
11502218,1,5392,539,batch-00539
11502867,1,5393,539,batch-00539
11506235,1,5394,539,batch-00539
11506938,1,5395,539,batch-00539
11507101,1,5396,539,batch-00539
11508644,1,5397,539,batch-00539
11509504,1,5398,539,batch-00539
11512246,3,5399,539,batch-00539
11513441,1,5400,540,batch-00540
11513486,1,5401,540,batch-00540
11516930,1,5402,540,batch-00540
11517719,1,5403,540,batch-00540
11518142,1,5404,540,batch-00540
11519134,1,5405,540,batch-00540
11519226,1,5406,540,batch-00540
11521048,1,5407,540,batch-00540
11521793,2,5408,540,batch-00540
11546211,1,5409,540,batch-00540
11547505,1,5410,541,batch-00541
11547513,2,5411,541,batch-00541
11547869,1,5412,541,batch-00541
11548140,1,5413,541,batch-00541
11551692,3,5414,541,batch-00541
11553706,1,5415,541,batch-00541
11554435,1,5416,541,batch-00541
11558217,1,5417,541,batch-00541
11558882,1,5418,541,batch-00541
11560037,1,5419,541,batch-00541
11560382,1,5420,542,batch-00542
11560397,1,5421,542,batch-00542
11560431,1,5422,542,batch-00542
11560447,1,5423,542,batch-00542
11560897,2,5424,542,batch-00542
11564013,1,5425,542,batch-00542
11565903,1,5426,542,batch-00542
11565924,1,5427,542,batch-00542
11566064,1,5428,542,batch-00542
11566256,1,5429,542,batch-00542
11568224,1,5430,543,batch-00543
11568987,2,5431,543,batch-00543
11569475,1,5432,543,batch-00543
11569782,1,5433,543,batch-00543
11572193,1,5434,543,batch-00543
11599038,3,5435,543,batch-00543
11599264,1,5436,543,batch-00543
11599937,1,5437,543,batch-00543
11600889,1,5438,543,batch-00543
11601357,1,5439,543,batch-00543
11601584,4,5440,544,batch-00544
11601597,1,5441,544,batch-00544
11601972,1,5442,544,batch-00544
11607176,1,5443,544,batch-00544
11607193,1,5444,544,batch-00544
11611275,1,5445,544,batch-00544
11611600,1,5446,544,batch-00544
11612241,1,5447,544,batch-00544
11612280,1,5448,544,batch-00544
11614528,1,5449,544,batch-00544
11614617,1,5450,545,batch-00545
11615258,1,5451,545,batch-00545
11615481,1,5452,545,batch-00545
11616200,1,5453,545,batch-00545
11616596,1,5454,545,batch-00545
11616631,1,5455,545,batch-00545
11616663,1,5456,545,batch-00545
11618601,2,5457,545,batch-00545
11619964,1,5458,545,batch-00545
11621223,1,5459,545,batch-00545
11621897,1,5460,546,batch-00546
11622600,1,5461,546,batch-00546
11623629,1,5462,546,batch-00546
11624249,1,5463,546,batch-00546
11649292,1,5464,546,batch-00546
11650401,1,5465,546,batch-00546
11651105,1,5466,546,batch-00546
11651712,1,5467,546,batch-00546
11656246,1,5468,546,batch-00546
11656302,1,5469,546,batch-00546
11656721,1,5470,547,batch-00547
11656840,1,5471,547,batch-00547
11656918,1,5472,547,batch-00547
11657614,1,5473,547,batch-00547
11657891,1,5474,547,batch-00547
11661803,2,5475,547,batch-00547
11662184,1,5476,547,batch-00547
11662440,1,5477,547,batch-00547
11666881,1,5478,547,batch-00547
11667548,1,5479,547,batch-00547
11669125,1,5480,548,batch-00548
11669239,2,5481,548,batch-00548
11670125,1,5482,548,batch-00548
11670599,1,5483,548,batch-00548
11671429,1,5484,548,batch-00548
11671579,1,5485,548,batch-00548
11673674,1,5486,548,batch-00548
11673686,1,5487,548,batch-00548
11673802,1,5488,548,batch-00548
11701407,1,5489,548,batch-00548
11702948,1,5490,549,batch-00549
11704044,1,5491,549,batch-00549
11705004,1,5492,549,batch-00549
11706658,1,5493,549,batch-00549
11709022,1,5494,549,batch-00549
11709124,5,5495,549,batch-00549
11709244,3,5496,549,batch-00549
11709423,1,5497,549,batch-00549
11714231,1,5498,549,batch-00549
11718144,1,5499,549,batch-00549
11718389,1,5500,550,batch-00550
11720424,1,5501,550,batch-00550
11724091,1,5502,550,batch-00550
11724094,1,5503,550,batch-00550
11724210,1,5504,550,batch-00550
11752632,1,5505,550,batch-00550
11752906,2,5506,550,batch-00550
11752908,1,5507,550,batch-00550
11754430,2,5508,550,batch-00550
11754553,3,5509,550,batch-00550
11756821,1,5510,551,batch-00551
11757422,1,5511,551,batch-00551
11757451,1,5512,551,batch-00551
11758544,1,5513,551,batch-00551
11760231,1,5514,551,batch-00551
11760860,1,5515,551,batch-00551
11760931,1,5516,551,batch-00551
11760959,1,5517,551,batch-00551
11761199,1,5518,551,batch-00551
11763910,1,5519,551,batch-00551
11764462,1,5520,552,batch-00552
11768142,1,5521,552,batch-00552
11768970,1,5522,552,batch-00552
11769146,1,5523,552,batch-00552
11769801,1,5524,552,batch-00552
11769890,1,5525,552,batch-00552
11771430,1,5526,552,batch-00552
11773022,3,5527,552,batch-00552
11774303,1,5528,552,batch-00552
11774383,1,5529,552,batch-00552
11774387,1,5530,553,batch-00553
11774991,1,5531,553,batch-00553
11775507,1,5532,553,batch-00553
11802615,1,5533,553,batch-00553
11804465,1,5534,553,batch-00553
11804952,1,5535,553,batch-00553
11807274,2,5536,553,batch-00553
11810124,2,5537,553,batch-00553
11811193,1,5538,553,batch-00553
11811454,1,5539,553,batch-00553
11812062,1,5540,554,batch-00554
11812199,1,5541,554,batch-00554
11817750,1,5542,554,batch-00554
11818607,1,5543,554,batch-00554
11818872,1,5544,554,batch-00554
11819135,1,5545,554,batch-00554
11821363,1,5546,554,batch-00554
11823054,2,5547,554,batch-00554
11824218,1,5548,554,batch-00554
11824222,1,5549,554,batch-00554
11824786,1,5550,555,batch-00555
11825057,1,5551,555,batch-00555
11826400,1,5552,555,batch-00555
11852982,1,5553,555,batch-00555
11853255,1,5554,555,batch-00555
11853878,3,5555,555,batch-00555
11853905,1,5556,555,batch-00555
11854061,1,5557,555,batch-00555
11854636,1,5558,555,batch-00555
11855538,1,5559,555,batch-00555
11858541,1,5560,556,batch-00556
11858741,1,5561,556,batch-00556
11858748,1,5562,556,batch-00556
11858979,1,5563,556,batch-00556
11860395,1,5564,556,batch-00556
11867071,1,5565,556,batch-00556
11867733,1,5566,556,batch-00556
11868122,1,5567,556,batch-00556
11872139,1,5568,556,batch-00556
11873166,1,5569,556,batch-00556
11873171,1,5570,557,batch-00557
11874338,1,5571,557,batch-00557
11874577,1,5572,557,batch-00557
11875511,1,5573,557,batch-00557
11875734,1,5574,557,batch-00557
11904151,1,5575,557,batch-00557
11905011,1,5576,557,batch-00557
11905398,1,5577,557,batch-00557
11906217,1,5578,557,batch-00557
11909686,1,5579,557,batch-00557
11909839,1,5580,558,batch-00558
11911580,1,5581,558,batch-00558
11912911,1,5582,558,batch-00558
11912916,1,5583,558,batch-00558
11912932,1,5584,558,batch-00558
11912941,1,5585,558,batch-00558
11912987,1,5586,558,batch-00558
11913012,1,5587,558,batch-00558
11913013,1,5588,558,batch-00558
11913052,1,5589,558,batch-00558
11913071,1,5590,559,batch-00559
11913072,1,5591,559,batch-00559
11913073,1,5592,559,batch-00559
11918099,1,5593,559,batch-00559
11918793,1,5594,559,batch-00559
11922290,1,5595,559,batch-00559
11922648,1,5596,559,batch-00559
11922678,1,5597,559,batch-00559
11922722,1,5598,559,batch-00559
11922782,1,5599,559,batch-00559
11923074,1,5600,560,batch-00560
11923270,1,5601,560,batch-00560
11923284,1,5602,560,batch-00560
11923819,1,5603,560,batch-00560
11924426,1,5604,560,batch-00560
11954842,1,5605,560,batch-00560
11955499,1,5606,560,batch-00560
11959569,1,5607,560,batch-00560
11960862,1,5608,560,batch-00560
11962284,1,5609,560,batch-00560
11963206,1,5610,561,batch-00561
11966253,1,5611,561,batch-00561
11966557,1,5612,561,batch-00561
11966668,1,5613,561,batch-00561
11967004,1,5614,561,batch-00561
11967872,1,5615,561,batch-00561
11968463,5,5616,561,batch-00561
11968490,1,5617,561,batch-00561
11968513,1,5618,561,batch-00561
11968514,1,5619,561,batch-00561
11969092,1,5620,562,batch-00562
11970288,1,5621,562,batch-00562
11972666,1,5622,562,batch-00562
11972872,1,5623,562,batch-00562
11974540,1,5624,562,batch-00562
11975363,1,5625,562,batch-00562
12004656,1,5626,562,batch-00562
12004679,1,5627,562,batch-00562
12004680,1,5628,562,batch-00562
12008872,1,5629,562,batch-00562
12008916,1,5630,563,batch-00563
12009347,1,5631,563,batch-00563
12010534,1,5632,563,batch-00563
12012872,1,5633,563,batch-00563
12013615,1,5634,563,batch-00563
12017109,1,5635,563,batch-00563
12017140,1,5636,563,batch-00563
12019440,1,5637,563,batch-00563
12020218,1,5638,563,batch-00563
12020329,1,5639,563,batch-00563
12021625,1,5640,564,batch-00564
12021811,1,5641,564,batch-00564
12021943,1,5642,564,batch-00564
12022517,1,5643,564,batch-00564
12022718,1,5644,564,batch-00564
12023078,1,5645,564,batch-00564
12024120,1,5646,564,batch-00564
12055539,1,5647,564,batch-00564
12056139,1,5648,564,batch-00564
12058147,1,5649,564,batch-00564
12058204,2,5650,565,batch-00565
12058931,2,5651,565,batch-00565
12061222,1,5652,565,batch-00565
12061238,1,5653,565,batch-00565
12061969,1,5654,565,batch-00565
12062660,1,5655,565,batch-00565
12062667,1,5656,565,batch-00565
12066335,2,5657,565,batch-00565
12066569,1,5658,565,batch-00565
12068975,4,5659,565,batch-00565
12069319,1,5660,566,batch-00566
12069414,1,5661,566,batch-00566
12070811,1,5662,566,batch-00566
12071006,1,5663,566,batch-00566
12071037,1,5664,566,batch-00566
12105785,1,5665,566,batch-00566
12106929,1,5666,566,batch-00566
12106934,1,5667,566,batch-00566
12107008,1,5668,566,batch-00566
12107021,1,5669,566,batch-00566
12108293,1,5670,567,batch-00567
12108312,1,5671,567,batch-00567
12108364,1,5672,567,batch-00567
12109845,1,5673,567,batch-00567
12110786,1,5674,567,batch-00567
12110942,1,5675,567,batch-00567
12115188,1,5676,567,batch-00567
12116380,1,5677,567,batch-00567
12116489,2,5678,567,batch-00567
12117215,1,5679,567,batch-00567
12120307,3,5680,568,batch-00568
12120484,1,5681,568,batch-00568
12121118,1,5682,568,batch-00568
12121470,1,5683,568,batch-00568
12121570,1,5684,568,batch-00568
12154526,2,5685,568,batch-00568
12156174,1,5686,568,batch-00568
12156347,1,5687,568,batch-00568
12157983,1,5688,568,batch-00568
12159249,1,5689,568,batch-00568
12164564,1,5690,569,batch-00569
12164634,1,5691,569,batch-00569
12164751,1,5692,569,batch-00569
12164770,1,5693,569,batch-00569
12167361,1,5694,569,batch-00569
12168280,1,5695,569,batch-00569
12170648,1,5696,569,batch-00569
12206313,3,5697,569,batch-00569
12207117,1,5698,569,batch-00569
12208887,1,5699,569,batch-00569
12216278,1,5700,570,batch-00570
12216706,1,5701,570,batch-00570
12217907,1,5702,570,batch-00570
12251650,1,5703,570,batch-00570
12251779,1,5704,570,batch-00570
12252424,2,5705,570,batch-00570
12252732,1,5706,570,batch-00570
12253490,1,5707,570,batch-00570
12254378,1,5708,570,batch-00570
12254688,1,5709,570,batch-00570
12254792,1,5710,571,batch-00571
12254909,1,5711,571,batch-00571
12255382,1,5712,571,batch-00571
12256520,1,5713,571,batch-00571
12257851,1,5714,571,batch-00571
12257886,1,5715,571,batch-00571
12265150,1,5716,571,batch-00571
12266636,1,5717,571,batch-00571
12268220,1,5718,571,batch-00571
12301181,1,5719,571,batch-00571
12302391,1,5720,572,batch-00572
12302530,2,5721,572,batch-00572
12306058,2,5722,572,batch-00572
12306699,1,5723,572,batch-00572
12306808,2,5724,572,batch-00572
12314973,3,5725,572,batch-00572
12316431,1,5726,572,batch-00572
12316447,1,5727,572,batch-00572
12351927,1,5728,572,batch-00572
12352520,1,5729,572,batch-00572
12353633,1,5730,573,batch-00573
12353720,1,5731,573,batch-00573
12356746,1,5732,573,batch-00573
12356914,1,5733,573,batch-00573
12365000,1,5734,573,batch-00573
12365015,1,5735,573,batch-00573
12365184,1,5736,573,batch-00573
12366084,2,5737,573,batch-00573
12367017,1,5738,573,batch-00573
12367310,1,5739,573,batch-00573
12400538,1,5740,574,batch-00574
12401863,1,5741,574,batch-00574
12403119,1,5742,574,batch-00574
12403968,1,5743,574,batch-00574
12404086,1,5744,574,batch-00574
12404305,1,5745,574,batch-00574
12404954,1,5746,574,batch-00574
12405333,1,5747,574,batch-00574
12405950,1,5748,574,batch-00574
12406749,1,5749,574,batch-00574
12406807,1,5750,575,batch-00575
12407623,1,5751,575,batch-00575
12416661,1,5752,575,batch-00575
12416987,1,5753,575,batch-00575
12418662,1,5754,575,batch-00575
12418724,1,5755,575,batch-00575
12418816,1,5756,575,batch-00575
12418891,1,5757,575,batch-00575
12419303,1,5758,575,batch-00575
12453581,1,5759,575,batch-00575
12453855,1,5760,576,batch-00576
12454461,1,5761,576,batch-00576
12456601,1,5762,576,batch-00576
12459731,1,5763,576,batch-00576
12459808,1,5764,576,batch-00576
12459913,1,5765,576,batch-00576
12469800,1,5766,576,batch-00576
12470041,1,5767,576,batch-00576
12470530,1,5768,576,batch-00576
12470844,2,5769,576,batch-00576
12470954,1,5770,577,batch-00577
12504988,1,5771,577,batch-00577
12505076,1,5772,577,batch-00577
12505503,1,5773,577,batch-00577
12505654,1,5774,577,batch-00577
12506342,1,5775,577,batch-00577
12506351,1,5776,577,batch-00577
12506770,1,5777,577,batch-00577
12508335,1,5778,577,batch-00577
12509829,1,5779,577,batch-00577
12554051,1,5780,578,batch-00578
12555140,1,5781,578,batch-00578
12557548,1,5782,578,batch-00578
12557713,1,5783,578,batch-00578
12600735,1,5784,578,batch-00578
12602568,1,5785,578,batch-00578
12643582,1,5786,578,batch-00578
12643589,2,5787,578,batch-00578
12644020,1,5788,578,batch-00578
12644769,1,5789,578,batch-00578
12644774,1,5790,579,batch-00579
12644822,1,5791,579,batch-00579
12645761,1,5792,579,batch-00579
12647110,1,5793,579,batch-00579
12691412,1,5794,579,batch-00579
12734396,1,5795,579,batch-00579
12735740,1,5796,579,batch-00579
12735830,1,5797,579,batch-00579
12736658,1,5798,579,batch-00579
12784167,1,5799,579,batch-00579
12785320,1,5800,580,batch-00580
12834874,1,5801,580,batch-00580
12885212,1,5802,580,batch-00580
12935144,1,5803,580,batch-00580
